meter_id,service_addr,customer,acct,read_dt,reading,units,diag,route,comment
M-1001,"107 County Rd 10, Wiley, CO 81092",Resident 1001,A-20001,2025/01/12,371863,gal,,R2,
M-1001,"107 County Rd 10, Wiley, CO 81092",Resident 1001,A-20001,2025/02/13,377842,gal,,R2,
M-1001,"107 County Rd 10, Wiley, CO 81092",Resident 1001,A-20001,2025/03/14,385799,gal,,R2,
M-1001,"107 County Rd 10, Wiley, CO 81092",Resident 1001,A-20001,2025/04/15,393023,gal,,R2,
M-1001,"107 County Rd 10, Wiley, CO 81092",Resident 1001,A-20001,2025/05/16,400673,gal,,R2,
M-1001,"107 County Rd 10, Wiley, CO 81092",Resident 1001,A-20001,2025/06/12,409479,gal,,R2,
M-1002,"114 County Rd 14, Wiley, CO 81092",Resident 1002,A-20002,2025/01/12,303050,gal,,R3,
M-1002,"114 County Rd 14, Wiley, CO 81092",Resident 1002,A-20002,2025/02/13,305255,gal,,R3,
M-1002,"114 County Rd 14, Wiley, CO 81092",Resident 1002,A-20002,2025/03/14,308582,gal,,R3,
M-1002,"114 County Rd 14, Wiley, CO 81092",Resident 1002,A-20002,2025/04/15,311649,gal,,R3,
M-1002,"114 County Rd 14, Wiley, CO 81092",Resident 1002,A-20002,2025/05/16,315322,gal,,R3,
M-1002,"114 County Rd 14, Wiley, CO 81092",Resident 1002,A-20002,2025/06/12,319537,gal,,R3,
M-1003,"121 Highway 287, Wiley, CO 81092",Resident 1003,A-20003,2025/01/12,137020,gal,,R4,
M-1003,"121 Highway 287, Wiley, CO 81092",Resident 1003,A-20003,2025/02/13,138610,gal,,R4,
M-1003,"121 Highway 287, Wiley, CO 81092",Resident 1003,A-20003,2025/03/14,140984,gal,,R4,
M-1003,"121 Highway 287, Wiley, CO 81092",Resident 1003,A-20003,2025/04/15,143566,gal,,R4,
M-1003,"121 Highway 287, Wiley, CO 81092",Resident 1003,A-20003,2025/05/16,146544,gal,,R4,
M-1003,"121 Highway 287, Wiley, CO 81092",Resident 1003,A-20003,2025/06/12,150007,gal,,R4,
M-1004,"128 Maple Ave, Wiley, CO 81092",Resident 1004,A-20004,2025/01/12,321001,gal,,R5,
M-1004,"128 Maple Ave, Wiley, CO 81092",Resident 1004,A-20004,2025/02/13,326285,gal,,R5,
M-1004,"128 Maple Ave, Wiley, CO 81092",Resident 1004,A-20004,2025/03/14,334966,gal,,R5,
M-1004,"128 Maple Ave, Wiley, CO 81092",Resident 1004,A-20004,2025/04/15,342619,gal,,R5,
M-1004,"128 Maple Ave, Wiley, CO 81092",Resident 1004,A-20004,2025/05/16,353389,gal,,R5,
M-1004,"128 Maple Ave, Wiley, CO 81092",Resident 1004,A-20004,2025/06/12,363222,gal,,R5,
M-1005,"135 Oak St, Wiley, CO 81092",Resident 1005,A-20005,2025/01/12,171997,gal,,R6,
M-1005,"135 Oak St, Wiley, CO 81092",Resident 1005,A-20005,2025/02/13,175144,gal,,R6,
M-1005,"135 Oak St, Wiley, CO 81092",Resident 1005,A-20005,2025/03/14,179407,gal,,R6,
M-1005,"135 Oak St, Wiley, CO 81092",Resident 1005,A-20005,2025/04/15,183809,gal,,R6,
M-1005,"135 Oak St, Wiley, CO 81092",Resident 1005,A-20005,2025/05/16,189582,gal,,R6,
M-1005,"135 Oak St, Wiley, CO 81092",Resident 1005,A-20005,2025/06/12,195153,gal,,R6,
M-1006,"142 Elm St, Wiley, CO 81092",Resident 1006,A-20006,2025/01/12,220059,gal,,R1,
M-1006,"142 Elm St, Wiley, CO 81092",Resident 1006,A-20006,2025/02/13,223080,gal,,R1,
M-1006,"142 Elm St, Wiley, CO 81092",Resident 1006,A-20006,2025/03/14,226735,gal,,R1,
M-1006,"142 Elm St, Wiley, CO 81092",Resident 1006,A-20006,2025/04/15,231324,gal,,R1,
M-1006,"142 Elm St, Wiley, CO 81092",Resident 1006,A-20006,2025/05/16,236251,gal,,R1,
M-1006,"142 Elm St, Wiley, CO 81092",Resident 1006,A-20006,2025/06/12,241471,gal,,R1,
M-1007,"149 3rd Ave, Wiley, CO 81092",Resident 1007,A-20007,2025/01/12,315353,gal,,R2,
M-1007,"149 3rd Ave, Wiley, CO 81092",Resident 1007,A-20007,2025/02/13,318165,gal,,R2,
M-1007,"149 3rd Ave, Wiley, CO 81092",Resident 1007,A-20007,2025/03/14,322234,gal,,R2,
M-1007,"149 3rd Ave, Wiley, CO 81092",Resident 1007,A-20007,2025/04/15,325826,gal,,R2,
M-1007,"149 3rd Ave, Wiley, CO 81092",Resident 1007,A-20007,2025/05/16,329903,gal,,R2,
M-1007,"149 3rd Ave, Wiley, CO 81092",Resident 1007,A-20007,2025/06/12,336137,gal,,R2,
M-1008,"156 5th St, Wiley, CO 81092",Resident 1008,A-20008,2025/01/12,200183,gal,,R3,
M-1008,"156 5th St, Wiley, CO 81092",Resident 1008,A-20008,2025/02/13,202413,gal,,R3,
M-1008,"156 5th St, Wiley, CO 81092",Resident 1008,A-20008,2025/03/14,205473,gal,,R3,
M-1008,"156 5th St, Wiley, CO 81092",Resident 1008,A-20008,2025/04/15,208326,gal,,R3,
M-1008,"156 5th St, Wiley, CO 81092",Resident 1008,A-20008,2025/05/16,211923,gal,,R3,
M-1008,"156 5th St, Wiley, CO 81092",Resident 1008,A-20008,2025/06/12,216159,gal,,R3,
M-1009,"163 Ranch Rd, Wiley, CO 81092",Resident 1009,A-20009,2025/01/12,136870,gal,,R4,
M-1009,"163 Ranch Rd, Wiley, CO 81092",Resident 1009,A-20009,2025/02/13,142465,gal,,R4,
M-1009,"163 Ranch Rd, Wiley, CO 81092",Resident 1009,A-20009,2025/03/14,150524,gal,,R4,
M-1009,"163 Ranch Rd, Wiley, CO 81092",Resident 1009,A-20009,2025/04/15,159572,gal,,R4,
M-1009,"163 Ranch Rd, Wiley, CO 81092",Resident 1009,A-20009,2025/05/16,169141,gal,,R4,
M-1009,"163 Ranch Rd, Wiley, CO 81092",Resident 1009,A-20009,2025/06/12,180136,gal,,R4,
M-1010,"170 Irrigation Ln, Wiley, CO 81092",Resident 1010,A-20010,2025/01/12,299187,gal,,R5,
M-1010,"170 Irrigation Ln, Wiley, CO 81092",Resident 1010,A-20010,2025/02/13,301431,gal,,R5,
M-1010,"170 Irrigation Ln, Wiley, CO 81092",Resident 1010,A-20010,2025/03/14,304207,gal,,R5,
M-1010,"170 Irrigation Ln, Wiley, CO 81092",Resident 1010,A-20010,2025/04/15,307685,gal,,R5,
M-1010,"170 Irrigation Ln, Wiley, CO 81092",Resident 1010,A-20010,2025/05/16,311016,gal,,R5,
M-1010,"170 Irrigation Ln, Wiley, CO 81092",Resident 1010,A-20010,2025/06/12,314626,gal,,R5,
M-1011,"177 North Frontage, Wiley, CO 81092",Resident 1011,A-20011,2025/01/12,381661,gal,,R6,
M-1011,"177 North Frontage, Wiley, CO 81092",Resident 1011,A-20011,2025/02/13,387563,gal,,R6,
M-1011,"177 North Frontage, Wiley, CO 81092",Resident 1011,A-20011,2025/03/14,394768,gal,,R6,
M-1011,"177 North Frontage, Wiley, CO 81092",Resident 1011,A-20011,2025/04/15,401653,gal,,R6,
M-1011,"177 North Frontage, Wiley, CO 81092",Resident 1011,A-20011,2025/05/16,410319,gal,,R6,
M-1011,"177 North Frontage, Wiley, CO 81092",Resident 1011,A-20011,2025/06/12,419751,gal,,R6,
M-1012,"184 South Loop, Wiley, CO 81092",Resident 1012,A-20012,2025/01/12,150872,gal,,R1,
M-1012,"184 South Loop, Wiley, CO 81092",Resident 1012,A-20012,2025/02/13,156901,gal,,R1,
M-1012,"184 South Loop, Wiley, CO 81092",Resident 1012,A-20012,2025/03/14,165982,gal,,R1,
M-1012,"184 South Loop, Wiley, CO 81092",Resident 1012,A-20012,2025/04/15,175051,gal,,R1,
M-1012,"184 South Loop, Wiley, CO 81092",Resident 1012,A-20012,2025/05/16,184224,gal,,R1,
M-1012,"184 South Loop, Wiley, CO 81092",Resident 1012,A-20012,2025/06/12,193842,gal,,R1,
M-1013,"191 Pioneer Rd, Wiley, CO 81092",Resident 1013,A-20013,2025/01/12,113777,gal,,R2,
M-1013,"191 Pioneer Rd, Wiley, CO 81092",Resident 1013,A-20013,2025/02/13,118066,gal,,R2,
M-1013,"191 Pioneer Rd, Wiley, CO 81092",Resident 1013,A-20013,2025/03/14,124408,gal,,R2,
M-1013,"191 Pioneer Rd, Wiley, CO 81092",Resident 1013,A-20013,2025/04/15,130819,gal,,R2,
M-1013,"191 Pioneer Rd, Wiley, CO 81092",Resident 1013,A-20013,2025/05/16,138452,gal,,R2,
M-1013,"191 Pioneer Rd, Wiley, CO 81092",Resident 1013,A-20013,2025/06/12,146886,gal,,R2,
M-1014,"198 Cottonwood Dr, Wiley, CO 81092",Resident 1014,A-20014,2025/01/12,408407,gal,,R3,
M-1014,"198 Cottonwood Dr, Wiley, CO 81092",Resident 1014,A-20014,2025/02/13,410495,gal,,R3,
M-1014,"198 Cottonwood Dr, Wiley, CO 81092",Resident 1014,A-20014,2025/03/14,413475,gal,,R3,
M-1014,"198 Cottonwood Dr, Wiley, CO 81092",Resident 1014,A-20014,2025/04/15,416500,gal,,R3,
M-1014,"198 Cottonwood Dr, Wiley, CO 81092",Resident 1014,A-20014,2025/05/16,419958,gal,,R3,
M-1014,"198 Cottonwood Dr, Wiley, CO 81092",Resident 1014,A-20014,2025/06/12,424244,gal,,R3,
M-1015,"205 Sand Creek Rd, Wiley, CO 81092",Resident 1015,A-20015,2025/01/12,373862,gal,,R4,
M-1015,"205 Sand Creek Rd, Wiley, CO 81092",Resident 1015,A-20015,2025/02/13,378495,gal,,R4,
M-1015,"205 Sand Creek Rd, Wiley, CO 81092",Resident 1015,A-20015,2025/03/14,385671,gal,,R4,
M-1015,"205 Sand Creek Rd, Wiley, CO 81092",Resident 1015,A-20015,2025/04/15,393013,gal,,R4,
M-1015,"205 Sand Creek Rd, Wiley, CO 81092",Resident 1015,A-20015,2025/05/16,399982,gal,,R4,
M-1015,"205 Sand Creek Rd, Wiley, CO 81092",Resident 1015,A-20015,2025/06/12,408948,gal,,R4,
M-1016,"212 Prairie View, Wiley, CO 81092",Resident 1016,A-20016,2025/01/12,90027,gal,,R5,
M-1016,"212 Prairie View, Wiley, CO 81092",Resident 1016,A-20016,2025/02/13,94393,gal,,R5,
M-1016,"212 Prairie View, Wiley, CO 81092",Resident 1016,A-20016,2025/03/14,100024,gal,,R5,
M-1016,"212 Prairie View, Wiley, CO 81092",Resident 1016,A-20016,2025/04/15,105819,gal,,R5,
M-1016,"212 Prairie View, Wiley, CO 81092",Resident 1016,A-20016,2025/05/16,111885,gal,,R5,
M-1016,"212 Prairie View, Wiley, CO 81092",Resident 1016,A-20016,2025/06/12,120067,gal,,R5,
M-1017,"219 School House Rd, Wiley, CO 81092",Resident 1017,A-20017,2025/01/12,112889,gal,,R6,
M-1017,"219 School House Rd, Wiley, CO 81092",Resident 1017,A-20017,2025/02/13,114636,gal,,R6,
M-1017,"219 School House Rd, Wiley, CO 81092",Resident 1017,A-20017,2025/03/14,116980,gal,,R6,
M-1017,"219 School House Rd, Wiley, CO 81092",Resident 1017,A-20017,2025/04/15,119262,gal,,R6,
M-1017,"219 School House Rd, Wiley, CO 81092",Resident 1017,A-20017,2025/05/16,121788,gal,,R6,
M-1017,"219 School House Rd, Wiley, CO 81092",Resident 1017,A-20017,2025/06/12,124705,gal,,R6,
M-1018,"226 Cemetery Rd, Wiley, CO 81092",Resident 1018,A-20018,2025/01/12,187785,gal,,R1,
M-1018,"226 Cemetery Rd, Wiley, CO 81092",Resident 1018,A-20018,2025/02/13,189554,gal,,R1,
M-1018,"226 Cemetery Rd, Wiley, CO 81092",Resident 1018,A-20018,2025/03/14,192131,gal,,R1,
M-1018,"226 Cemetery Rd, Wiley, CO 81092",Resident 1018,A-20018,2025/04/15,194804,gal,,R1,
M-1018,"226 Cemetery Rd, Wiley, CO 81092",Resident 1018,A-20018,2025/05/16,197706,gal,,R1,
M-1018,"226 Cemetery Rd, Wiley, CO 81092",Resident 1018,A-20018,2025/06/12,201260,gal,,R1,
M-1019,"233 Grain Elevator Rd, Wiley, CO 81092",Resident 1019,A-20019,2025/01/12,153874,gal,,R2,
M-1019,"233 Grain Elevator Rd, Wiley, CO 81092",Resident 1019,A-20019,2025/02/13,155960,gal,,R2,
M-1019,"233 Grain Elevator Rd, Wiley, CO 81092",Resident 1019,A-20019,2025/03/14,158525,gal,,R2,
M-1019,"233 Grain Elevator Rd, Wiley, CO 81092",Resident 1019,A-20019,2025/04/15,161066,gal,,R2,
M-1019,"233 Grain Elevator Rd, Wiley, CO 81092",Resident 1019,A-20019,2025/05/16,164676,gal,,R2,
M-1019,"233 Grain Elevator Rd, Wiley, CO 81092",Resident 1019,A-20019,2025/06/12,168135,gal,,R2,
M-1020,"240 Main St, Wiley, CO 81092",Resident 1020,A-20020,2025/01/12,285288,gal,,R3,
M-1020,"240 Main St, Wiley, CO 81092",Resident 1020,A-20020,2025/02/13,288180,gal,,R3,
M-1020,"240 Main St, Wiley, CO 81092",Resident 1020,A-20020,2025/03/14,291691,gal,,R3,
M-1020,"240 Main St, Wiley, CO 81092",Resident 1020,A-20020,2025/04/15,295160,gal,,R3,
M-1020,"240 Main St, Wiley, CO 81092",Resident 1020,A-20020,2025/05/16,299114,gal,,R3,
M-1020,"240 Main St, Wiley, CO 81092",Resident 1020,A-20020,2025/06/12,305070,gal,,R3,
M-1021,"247 County Rd 10, Wiley, CO 81092",Resident 1021,A-20021,2025/01/12,327990,gal,,R4,
M-1021,"247 County Rd 10, Wiley, CO 81092",Resident 1021,A-20021,2025/02/13,330685,gal,,R4,
M-1021,"247 County Rd 10, Wiley, CO 81092",Resident 1021,A-20021,2025/03/14,335139,gal,,R4,
M-1021,"247 County Rd 10, Wiley, CO 81092",Resident 1021,A-20021,2025/04/15,339739,gal,,R4,
M-1021,"247 County Rd 10, Wiley, CO 81092",Resident 1021,A-20021,2025/05/16,345011,gal,,R4,
M-1021,"247 County Rd 10, Wiley, CO 81092",Resident 1021,A-20021,2025/06/12,350824,gal,,R4,
M-1022,"254 County Rd 14, Wiley, CO 81092",Resident 1022,A-20022,2025/01/12,337586,gal,,R5,
M-1022,"254 County Rd 14, Wiley, CO 81092",Resident 1022,A-20022,2025/02/13,342912,gal,,R5,
M-1022,"254 County Rd 14, Wiley, CO 81092",Resident 1022,A-20022,2025/03/14,349174,gal,,R5,
M-1022,"254 County Rd 14, Wiley, CO 81092",Resident 1022,A-20022,2025/04/15,355405,gal,,R5,
M-1022,"254 County Rd 14, Wiley, CO 81092",Resident 1022,A-20022,2025/05/16,362326,gal,,R5,
M-1022,"254 County Rd 14, Wiley, CO 81092",Resident 1022,A-20022,2025/06/12,370037,gal,,R5,
M-1023,"261 Highway 287, Wiley, CO 81092",Resident 1023,A-20023,2025/01/12,204021,gal,,R6,
M-1023,"261 Highway 287, Wiley, CO 81092",Resident 1023,A-20023,2025/02/13,210019,gal,,R6,
M-1023,"261 Highway 287, Wiley, CO 81092",Resident 1023,A-20023,2025/03/14,216346,gal,,R6,
M-1023,"261 Highway 287, Wiley, CO 81092",Resident 1023,A-20023,2025/04/15,222682,gal,,R6,
M-1023,"261 Highway 287, Wiley, CO 81092",Resident 1023,A-20023,2025/05/16,230237,gal,,R6,
M-1023,"261 Highway 287, Wiley, CO 81092",Resident 1023,A-20023,2025/06/12,239452,gal,,R6,
M-1024,"268 Maple Ave, Wiley, CO 81092",Resident 1024,A-20024,2025/01/12,274855,gal,,R1,
M-1024,"268 Maple Ave, Wiley, CO 81092",Resident 1024,A-20024,2025/02/13,276927,gal,,R1,
M-1024,"268 Maple Ave, Wiley, CO 81092",Resident 1024,A-20024,2025/03/14,279603,gal,,R1,
M-1024,"268 Maple Ave, Wiley, CO 81092",Resident 1024,A-20024,2025/04/15,282313,gal,,R1,
M-1024,"268 Maple Ave, Wiley, CO 81092",Resident 1024,A-20024,2025/05/16,285297,gal,,R1,
M-1024,"268 Maple Ave, Wiley, CO 81092",Resident 1024,A-20024,2025/06/12,288498,gal,,R1,
M-1025,"275 Oak St, Wiley, CO 81092",Resident 1025,A-20025,2025/01/12,120447,gal,,R2,
M-1025,"275 Oak St, Wiley, CO 81092",Resident 1025,A-20025,2025/02/13,125654,gal,,R2,
M-1025,"275 Oak St, Wiley, CO 81092",Resident 1025,A-20025,2025/03/14,132331,gal,,R2,
M-1025,"275 Oak St, Wiley, CO 81092",Resident 1025,A-20025,2025/04/15,139799,gal,,R2,
M-1025,"275 Oak St, Wiley, CO 81092",Resident 1025,A-20025,2025/05/16,148602,gal,,R2,
M-1025,"275 Oak St, Wiley, CO 81092",Resident 1025,A-20025,2025/06/12,158113,gal,,R2,
M-1026,"282 Elm St, Wiley, CO 81092",Resident 1026,A-20026,2025/01/12,159455,gal,,R3,
M-1026,"282 Elm St, Wiley, CO 81092",Resident 1026,A-20026,2025/02/13,162041,gal,,R3,
M-1026,"282 Elm St, Wiley, CO 81092",Resident 1026,A-20026,2025/03/14,165295,gal,,R3,
M-1026,"282 Elm St, Wiley, CO 81092",Resident 1026,A-20026,2025/04/15,168929,gal,,R3,
M-1026,"282 Elm St, Wiley, CO 81092",Resident 1026,A-20026,2025/05/16,173855,gal,,R3,
M-1026,"282 Elm St, Wiley, CO 81092",Resident 1026,A-20026,2025/06/12,179609,gal,,R3,
M-1027,"289 3rd Ave, Wiley, CO 81092",Resident 1027,A-20027,2025/01/12,297086,gal,,R4,
M-1027,"289 3rd Ave, Wiley, CO 81092",Resident 1027,A-20027,2025/02/13,302918,gal,,R4,
M-1027,"289 3rd Ave, Wiley, CO 81092",Resident 1027,A-20027,2025/03/14,312091,gal,,R4,
M-1027,"289 3rd Ave, Wiley, CO 81092",Resident 1027,A-20027,2025/04/15,319049,gal,,R4,
M-1027,"289 3rd Ave, Wiley, CO 81092",Resident 1027,A-20027,2025/05/16,326988,gal,,R4,
M-1027,"289 3rd Ave, Wiley, CO 81092",Resident 1027,A-20027,2025/06/12,336546,gal,,R4,
M-1028,"296 5th St, Wiley, CO 81092",Resident 1028,A-20028,2025/01/12,95749,gal,,R5,
M-1028,"296 5th St, Wiley, CO 81092",Resident 1028,A-20028,2025/02/13,100779,gal,,R5,
M-1028,"296 5th St, Wiley, CO 81092",Resident 1028,A-20028,2025/03/14,107630,gal,,R5,
M-1028,"296 5th St, Wiley, CO 81092",Resident 1028,A-20028,2025/04/15,115064,gal,,R5,
M-1028,"296 5th St, Wiley, CO 81092",Resident 1028,A-20028,2025/05/16,124539,gal,,R5,
M-1028,"296 5th St, Wiley, CO 81092",Resident 1028,A-20028,2025/06/12,135654,gal,,R5,
M-1029,"303 Ranch Rd, Wiley, CO 81092",Resident 1029,A-20029,2025/01/12,302238,gal,,R6,
M-1029,"303 Ranch Rd, Wiley, CO 81092",Resident 1029,A-20029,2025/02/13,307841,gal,,R6,
M-1029,"303 Ranch Rd, Wiley, CO 81092",Resident 1029,A-20029,2025/03/14,316235,gal,,R6,
M-1029,"303 Ranch Rd, Wiley, CO 81092",Resident 1029,A-20029,2025/04/15,323388,gal,,R6,
M-1029,"303 Ranch Rd, Wiley, CO 81092",Resident 1029,A-20029,2025/05/16,331984,gal,,R6,
M-1029,"303 Ranch Rd, Wiley, CO 81092",Resident 1029,A-20029,2025/06/12,341689,gal,,R6,
M-1030,"310 Irrigation Ln, Wiley, CO 81092",Resident 1030,A-20030,2025/01/12,228590,gal,,R1,
M-1030,"310 Irrigation Ln, Wiley, CO 81092",Resident 1030,A-20030,2025/02/13,233577,gal,,R1,
M-1030,"310 Irrigation Ln, Wiley, CO 81092",Resident 1030,A-20030,2025/03/14,239505,gal,,R1,
M-1030,"310 Irrigation Ln, Wiley, CO 81092",Resident 1030,A-20030,2025/04/15,246316,gal,,R1,
M-1030,"310 Irrigation Ln, Wiley, CO 81092",Resident 1030,A-20030,2025/05/16,253474,gal,,R1,
M-1030,"310 Irrigation Ln, Wiley, CO 81092",Resident 1030,A-20030,2025/06/12,262202,gal,,R1,
M-1031,"317 North Frontage, Wiley, CO 81092",Resident 1031,A-20031,2025/01/12,322368,gal,,R2,
M-1031,"317 North Frontage, Wiley, CO 81092",Resident 1031,A-20031,2025/02/13,326041,gal,,R2,
M-1031,"317 North Frontage, Wiley, CO 81092",Resident 1031,A-20031,2025/03/14,331930,gal,,R2,
M-1031,"317 North Frontage, Wiley, CO 81092",Resident 1031,A-20031,2025/04/15,338109,gal,,R2,
M-1031,"317 North Frontage, Wiley, CO 81092",Resident 1031,A-20031,2025/05/16,344574,gal,,R2,
M-1031,"317 North Frontage, Wiley, CO 81092",Resident 1031,A-20031,2025/06/12,353237,gal,,R2,
M-1032,"324 South Loop, Wiley, CO 81092",Resident 1032,A-20032,2025/01/12,221866,gal,,R3,
M-1032,"324 South Loop, Wiley, CO 81092",Resident 1032,A-20032,2025/02/13,224810,gal,,R3,
M-1032,"324 South Loop, Wiley, CO 81092",Resident 1032,A-20032,2025/03/14,228405,gal,,R3,
M-1032,"324 South Loop, Wiley, CO 81092",Resident 1032,A-20032,2025/04/15,232283,gal,,R3,
M-1032,"324 South Loop, Wiley, CO 81092",Resident 1032,A-20032,2025/05/16,237159,gal,,R3,
M-1032,"324 South Loop, Wiley, CO 81092",Resident 1032,A-20032,2025/06/12,242195,gal,,R3,
M-1033,"331 Pioneer Rd, Wiley, CO 81092",Resident 1033,A-20033,2025/01/12,421336,gal,,R4,
M-1033,"331 Pioneer Rd, Wiley, CO 81092",Resident 1033,A-20033,2025/02/13,439905,gal,,R4,
M-1033,"331 Pioneer Rd, Wiley, CO 81092",Resident 1033,A-20033,2025/03/14,468556,gal,,R4,
M-1033,"331 Pioneer Rd, Wiley, CO 81092",Resident 1033,A-20033,2025/04/15,490335,gal,,R4,
M-1033,"331 Pioneer Rd, Wiley, CO 81092",Resident 1033,A-20033,2025/05/16,515982,gal,,R4,
M-1033,"331 Pioneer Rd, Wiley, CO 81092",Resident 1033,A-20033,2025/06/12,549042,gal,,R4,
M-1034,"338 Cottonwood Dr, Wiley, CO 81092",Resident 1034,A-20034,2025/01/12,384427,gal,,R5,
M-1034,"338 Cottonwood Dr, Wiley, CO 81092",Resident 1034,A-20034,2025/02/13,389672,gal,,R5,
M-1034,"338 Cottonwood Dr, Wiley, CO 81092",Resident 1034,A-20034,2025/03/14,396222,gal,,R5,
M-1034,"338 Cottonwood Dr, Wiley, CO 81092",Resident 1034,A-20034,2025/04/15,403635,gal,,R5,
M-1034,"338 Cottonwood Dr, Wiley, CO 81092",Resident 1034,A-20034,2025/05/16,412610,gal,,R5,
M-1034,"338 Cottonwood Dr, Wiley, CO 81092",Resident 1034,A-20034,2025/06/12,423094,gal,,R5,
M-1035,"345 Sand Creek Rd, Wiley, CO 81092",Resident 1035,A-20035,2025/01/12,423489,gal,,R6,
M-1035,"345 Sand Creek Rd, Wiley, CO 81092",Resident 1035,A-20035,2025/02/13,426421,gal,,R6,
M-1035,"345 Sand Creek Rd, Wiley, CO 81092",Resident 1035,A-20035,2025/03/14,431106,gal,,R6,
M-1035,"345 Sand Creek Rd, Wiley, CO 81092",Resident 1035,A-20035,2025/04/15,435144,gal,,R6,
M-1035,"345 Sand Creek Rd, Wiley, CO 81092",Resident 1035,A-20035,2025/05/16,439728,gal,,R6,
M-1035,"345 Sand Creek Rd, Wiley, CO 81092",Resident 1035,A-20035,2025/06/12,446317,gal,,R6,
M-1036,"352 Prairie View, Wiley, CO 81092",Resident 1036,A-20036,2025/01/12,318049,gal,,R1,
M-1036,"352 Prairie View, Wiley, CO 81092",Resident 1036,A-20036,2025/02/13,319612,gal,,R1,
M-1036,"352 Prairie View, Wiley, CO 81092",Resident 1036,A-20036,2025/03/14,321696,gal,,R1,
M-1036,"352 Prairie View, Wiley, CO 81092",Resident 1036,A-20036,2025/04/15,323756,gal,,R1,
M-1036,"352 Prairie View, Wiley, CO 81092",Resident 1036,A-20036,2025/05/16,326715,gal,,R1,
M-1036,"352 Prairie View, Wiley, CO 81092",Resident 1036,A-20036,2025/06/12,329892,gal,,R1,
M-1037,"359 School House Rd, Wiley, CO 81092",Resident 1037,A-20037,2025/01/12,182163,gal,,R2,
M-1037,"359 School House Rd, Wiley, CO 81092",Resident 1037,A-20037,2025/02/13,187995,gal,,R2,
M-1037,"359 School House Rd, Wiley, CO 81092",Resident 1037,A-20037,2025/03/14,196087,gal,,R2,
M-1037,"359 School House Rd, Wiley, CO 81092",Resident 1037,A-20037,2025/04/15,203713,gal,,R2,
M-1037,"359 School House Rd, Wiley, CO 81092",Resident 1037,A-20037,2025/05/16,213226,gal,,R2,
M-1037,"359 School House Rd, Wiley, CO 81092",Resident 1037,A-20037,2025/06/12,225599,gal,,R2,
M-1038,"366 Cemetery Rd, Wiley, CO 81092",Resident 1038,A-20038,2025/01/12,169240,gal,,R3,
M-1038,"366 Cemetery Rd, Wiley, CO 81092",Resident 1038,A-20038,2025/02/13,171968,gal,,R3,
M-1038,"366 Cemetery Rd, Wiley, CO 81092",Resident 1038,A-20038,2025/03/14,175899,gal,,R3,
M-1038,"366 Cemetery Rd, Wiley, CO 81092",Resident 1038,A-20038,2025/04/15,179174,gal,,R3,
M-1038,"366 Cemetery Rd, Wiley, CO 81092",Resident 1038,A-20038,2025/05/16,183601,gal,,R3,
M-1038,"366 Cemetery Rd, Wiley, CO 81092",Resident 1038,A-20038,2025/06/12,187785,gal,,R3,
M-1039,"373 Grain Elevator Rd, Wiley, CO 81092",Resident 1039,A-20039,2025/01/12,250652,gal,,R4,
M-1039,"373 Grain Elevator Rd, Wiley, CO 81092",Resident 1039,A-20039,2025/02/13,256758,gal,,R4,
M-1039,"373 Grain Elevator Rd, Wiley, CO 81092",Resident 1039,A-20039,2025/03/14,263882,gal,,R4,
M-1039,"373 Grain Elevator Rd, Wiley, CO 81092",Resident 1039,A-20039,2025/04/15,272711,gal,,R4,
M-1039,"373 Grain Elevator Rd, Wiley, CO 81092",Resident 1039,A-20039,2025/05/16,281187,gal,,R4,
M-1039,"373 Grain Elevator Rd, Wiley, CO 81092",Resident 1039,A-20039,2025/06/12,292506,gal,,R4,
M-1040,"380 Main St, Wiley, CO 81092",Resident 1040,A-20040,2025/01/12,196022,gal,,R5,
M-1040,"380 Main St, Wiley, CO 81092",Resident 1040,A-20040,2025/02/13,199880,gal,,R5,
M-1040,"380 Main St, Wiley, CO 81092",Resident 1040,A-20040,2025/03/14,205365,gal,,R5,
M-1040,"380 Main St, Wiley, CO 81092",Resident 1040,A-20040,2025/04/15,210236,gal,,R5,
M-1040,"380 Main St, Wiley, CO 81092",Resident 1040,A-20040,2025/05/16,216584,gal,,R5,
M-1040,"380 Main St, Wiley, CO 81092",Resident 1040,A-20040,2025/06/12,223215,gal,,R5,
M-1041,"387 County Rd 10, Wiley, CO 81092",Resident 1041,A-20041,2025/01/12,110283,gal,,R6,
M-1041,"387 County Rd 10, Wiley, CO 81092",Resident 1041,A-20041,2025/02/13,113582,gal,,R6,
M-1041,"387 County Rd 10, Wiley, CO 81092",Resident 1041,A-20041,2025/03/14,118278,gal,,R6,
M-1041,"387 County Rd 10, Wiley, CO 81092",Resident 1041,A-20041,2025/04/15,123443,gal,,R6,
M-1041,"387 County Rd 10, Wiley, CO 81092",Resident 1041,A-20041,2025/05/16,129428,gal,,R6,
M-1041,"387 County Rd 10, Wiley, CO 81092",Resident 1041,A-20041,2025/06/12,137054,gal,,R6,
M-1042,"394 County Rd 14, Wiley, CO 81092",Resident 1042,A-20042,2025/01/12,379044,gal,,R1,
M-1042,"394 County Rd 14, Wiley, CO 81092",Resident 1042,A-20042,2025/02/13,382204,gal,,R1,
M-1042,"394 County Rd 14, Wiley, CO 81092",Resident 1042,A-20042,2025/03/14,386947,gal,,R1,
M-1042,"394 County Rd 14, Wiley, CO 81092",Resident 1042,A-20042,2025/04/15,391081,gal,,R1,
M-1042,"394 County Rd 14, Wiley, CO 81092",Resident 1042,A-20042,2025/05/16,395746,gal,,R1,
M-1042,"394 County Rd 14, Wiley, CO 81092",Resident 1042,A-20042,2025/06/12,401171,gal,,R1,
M-1043,"401 Highway 287, Wiley, CO 81092",Resident 1043,A-20043,2025/01/12,354211,gal,,R2,
M-1043,"401 Highway 287, Wiley, CO 81092",Resident 1043,A-20043,2025/02/13,357166,gal,,R2,
M-1043,"401 Highway 287, Wiley, CO 81092",Resident 1043,A-20043,2025/03/14,360362,gal,,R2,
M-1043,"401 Highway 287, Wiley, CO 81092",Resident 1043,A-20043,2025/04/15,363621,gal,,R2,
M-1043,"401 Highway 287, Wiley, CO 81092",Resident 1043,A-20043,2025/05/16,367269,gal,,R2,
M-1043,"401 Highway 287, Wiley, CO 81092",Resident 1043,A-20043,2025/06/12,371839,gal,,R2,
M-1044,"408 Maple Ave, Wiley, CO 81092",Resident 1044,A-20044,2025/01/12,103675,gal,,R3,
M-1044,"408 Maple Ave, Wiley, CO 81092",Resident 1044,A-20044,2025/02/13,106497,gal,,R3,
M-1044,"408 Maple Ave, Wiley, CO 81092",Resident 1044,A-20044,2025/03/14,110644,gal,,R3,
M-1044,"408 Maple Ave, Wiley, CO 81092",Resident 1044,A-20044,2025/04/15,114502,gal,,R3,
M-1044,"408 Maple Ave, Wiley, CO 81092",Resident 1044,A-20044,2025/05/16,119502,gal,,R3,
M-1044,"408 Maple Ave, Wiley, CO 81092",Resident 1044,A-20044,2025/06/12,124997,gal,,R3,
M-1045,"415 Oak St, Wiley, CO 81092",Resident 1045,A-20045,2025/01/12,261420,gal,,R4,
M-1045,"415 Oak St, Wiley, CO 81092",Resident 1045,A-20045,2025/02/13,267989,gal,,R4,
M-1045,"415 Oak St, Wiley, CO 81092",Resident 1045,A-20045,2025/03/14,276959,gal,,R4,
M-1045,"415 Oak St, Wiley, CO 81092",Resident 1045,A-20045,2025/04/15,285541,gal,,R4,
M-1045,"415 Oak St, Wiley, CO 81092",Resident 1045,A-20045,2025/05/16,295965,gal,,R4,
M-1045,"415 Oak St, Wiley, CO 81092",Resident 1045,A-20045,2025/06/12,308412,gal,,R4,
M-1046,"422 Elm St, Wiley, CO 81092",Resident 1046,A-20046,2025/01/12,106798,gal,,R5,
M-1046,"422 Elm St, Wiley, CO 81092",Resident 1046,A-20046,2025/02/13,110854,gal,,R5,
M-1046,"422 Elm St, Wiley, CO 81092",Resident 1046,A-20046,2025/03/14,115069,gal,,R5,
M-1046,"422 Elm St, Wiley, CO 81092",Resident 1046,A-20046,2025/04/15,119373,gal,,R5,
M-1046,"422 Elm St, Wiley, CO 81092",Resident 1046,A-20046,2025/05/16,125517,gal,,R5,
M-1046,"422 Elm St, Wiley, CO 81092",Resident 1046,A-20046,2025/06/12,132567,gal,,R5,
M-1047,"429 3rd Ave, Wiley, CO 81092",Resident 1047,A-20047,2025/01/12,93750,gal,,R6,
M-1047,"429 3rd Ave, Wiley, CO 81092",Resident 1047,A-20047,2025/02/13,95911,gal,,R6,
M-1047,"429 3rd Ave, Wiley, CO 81092",Resident 1047,A-20047,2025/03/14,98926,gal,,R6,
M-1047,"429 3rd Ave, Wiley, CO 81092",Resident 1047,A-20047,2025/04/15,101762,gal,,R6,
M-1047,"429 3rd Ave, Wiley, CO 81092",Resident 1047,A-20047,2025/05/16,105639,gal,,R6,
M-1047,"429 3rd Ave, Wiley, CO 81092",Resident 1047,A-20047,2025/06/12,109346,gal,,R6,
M-1048,"436 5th St, Wiley, CO 81092",Resident 1048,A-20048,2025/01/12,373224,gal,,R1,
M-1048,"436 5th St, Wiley, CO 81092",Resident 1048,A-20048,2025/02/13,375333,gal,,R1,
M-1048,"436 5th St, Wiley, CO 81092",Resident 1048,A-20048,2025/03/14,377965,gal,,R1,
M-1048,"436 5th St, Wiley, CO 81092",Resident 1048,A-20048,2025/04/15,380601,gal,,R1,
M-1048,"436 5th St, Wiley, CO 81092",Resident 1048,A-20048,2025/05/16,384331,gal,,R1,
M-1048,"436 5th St, Wiley, CO 81092",Resident 1048,A-20048,2025/06/12,388181,gal,,R1,
M-1049,"443 Ranch Rd, Wiley, CO 81092",Resident 1049,A-20049,2025/01/12,330744,gal,,R2,
M-1049,"443 Ranch Rd, Wiley, CO 81092",Resident 1049,A-20049,2025/02/13,335105,gal,,R2,
M-1049,"443 Ranch Rd, Wiley, CO 81092",Resident 1049,A-20049,2025/03/14,339980,gal,,R2,
M-1049,"443 Ranch Rd, Wiley, CO 81092",Resident 1049,A-20049,2025/04/15,344813,gal,,R2,
M-1049,"443 Ranch Rd, Wiley, CO 81092",Resident 1049,A-20049,2025/05/16,350949,gal,,R2,
M-1049,"443 Ranch Rd, Wiley, CO 81092",Resident 1049,A-20049,2025/06/12,357815,gal,,R2,
M-1050,"450 Irrigation Ln, Wiley, CO 81092",Resident 1050,A-20050,2025/01/12,331283,gal,,R3,
M-1050,"450 Irrigation Ln, Wiley, CO 81092",Resident 1050,A-20050,2025/02/13,333769,gal,,R3,
M-1050,"450 Irrigation Ln, Wiley, CO 81092",Resident 1050,A-20050,2025/03/14,336922,gal,,R3,
M-1050,"450 Irrigation Ln, Wiley, CO 81092",Resident 1050,A-20050,2025/04/15,340259,gal,,R3,
M-1050,"450 Irrigation Ln, Wiley, CO 81092",Resident 1050,A-20050,2025/05/16,343347,gal,,R3,
M-1050,"450 Irrigation Ln, Wiley, CO 81092",Resident 1050,A-20050,2025/06/12,346815,gal,,R3,
M-1051,"457 North Frontage, Wiley, CO 81092",Resident 1051,A-20051,2025/01/12,357181,gal,,R4,
M-1051,"457 North Frontage, Wiley, CO 81092",Resident 1051,A-20051,2025/02/13,361584,gal,,R4,
M-1051,"457 North Frontage, Wiley, CO 81092",Resident 1051,A-20051,2025/03/14,365967,gal,,R4,
M-1051,"457 North Frontage, Wiley, CO 81092",Resident 1051,A-20051,2025/04/15,371146,gal,,R4,
M-1051,"457 North Frontage, Wiley, CO 81092",Resident 1051,A-20051,2025/05/16,376722,gal,,R4,
M-1051,"457 North Frontage, Wiley, CO 81092",Resident 1051,A-20051,2025/06/12,384044,gal,,R4,
M-1052,"464 South Loop, Wiley, CO 81092",Resident 1052,A-20052,2025/01/12,162785,gal,,R5,
M-1052,"464 South Loop, Wiley, CO 81092",Resident 1052,A-20052,2025/02/13,166136,gal,,R5,
M-1052,"464 South Loop, Wiley, CO 81092",Resident 1052,A-20052,2025/03/14,171447,gal,,R5,
M-1052,"464 South Loop, Wiley, CO 81092",Resident 1052,A-20052,2025/04/15,176660,gal,,R5,
M-1052,"464 South Loop, Wiley, CO 81092",Resident 1052,A-20052,2025/05/16,182441,gal,,R5,
M-1052,"464 South Loop, Wiley, CO 81092",Resident 1052,A-20052,2025/06/12,189901,gal,,R5,
M-1053,"471 Pioneer Rd, Wiley, CO 81092",Resident 1053,A-20053,2025/01/12,120050,gal,,R6,
M-1053,"471 Pioneer Rd, Wiley, CO 81092",Resident 1053,A-20053,2025/02/13,125120,gal,,R6,
M-1053,"471 Pioneer Rd, Wiley, CO 81092",Resident 1053,A-20053,2025/03/14,132944,gal,,R6,
M-1053,"471 Pioneer Rd, Wiley, CO 81092",Resident 1053,A-20053,2025/04/15,140736,gal,,R6,
M-1053,"471 Pioneer Rd, Wiley, CO 81092",Resident 1053,A-20053,2025/05/16,148054,gal,,R6,
M-1053,"471 Pioneer Rd, Wiley, CO 81092",Resident 1053,A-20053,2025/06/12,159069,gal,,R6,
M-1054,"478 Cottonwood Dr, Wiley, CO 81092",Resident 1054,A-20054,2025/01/12,341730,gal,,R1,
M-1054,"478 Cottonwood Dr, Wiley, CO 81092",Resident 1054,A-20054,2025/02/13,345443,gal,,R1,
M-1054,"478 Cottonwood Dr, Wiley, CO 81092",Resident 1054,A-20054,2025/03/14,350448,gal,,R1,
M-1054,"478 Cottonwood Dr, Wiley, CO 81092",Resident 1054,A-20054,2025/04/15,355200,gal,,R1,
M-1054,"478 Cottonwood Dr, Wiley, CO 81092",Resident 1054,A-20054,2025/05/16,360750,gal,,R1,
M-1054,"478 Cottonwood Dr, Wiley, CO 81092",Resident 1054,A-20054,2025/06/12,365991,gal,,R1,
M-1055,"485 Sand Creek Rd, Wiley, CO 81092",Resident 1055,A-20055,2025/01/12,106556,gal,,R2,
M-1055,"485 Sand Creek Rd, Wiley, CO 81092",Resident 1055,A-20055,2025/02/13,108300,gal,,R2,
M-1055,"485 Sand Creek Rd, Wiley, CO 81092",Resident 1055,A-20055,2025/03/14,110795,gal,,R2,
M-1055,"485 Sand Creek Rd, Wiley, CO 81092",Resident 1055,A-20055,2025/06/12,114679,gal,,R2,
M-1056,"492 Prairie View, Wiley, CO 81092",Resident 1056,A-20056,2025/01/12,191531,gal,,R3,
M-1056,"492 Prairie View, Wiley, CO 81092",Resident 1056,A-20056,2025/02/13,197321,gal,,R3,
M-1056,"492 Prairie View, Wiley, CO 81092",Resident 1056,A-20056,2025/03/14,204595,gal,,R3,
M-1056,"492 Prairie View, Wiley, CO 81092",Resident 1056,A-20056,2025/04/15,213972,gal,,R3,
M-1056,"492 Prairie View, Wiley, CO 81092",Resident 1056,A-20056,2025/05/16,224445,gal,,R3,
M-1056,"492 Prairie View, Wiley, CO 81092",Resident 1056,A-20056,2025/06/12,234202,gal,,R3,
M-1057,"499 School House Rd, Wiley, CO 81092",Resident 1057,A-20057,2025/01/12,120119,gal,,R4,
M-1057,"499 School House Rd, Wiley, CO 81092",Resident 1057,A-20057,2025/02/13,125214,gal,,R4,
M-1057,"499 School House Rd, Wiley, CO 81092",Resident 1057,A-20057,2025/03/14,130409,gal,,R4,
M-1057,"499 School House Rd, Wiley, CO 81092",Resident 1057,A-20057,2025/04/15,136876,gal,,R4,
M-1057,"499 School House Rd, Wiley, CO 81092",Resident 1057,A-20057,2025/05/16,142764,gal,,R4,
M-1057,"499 School House Rd, Wiley, CO 81092",Resident 1057,A-20057,2025/06/12,150599,gal,,R4,
M-1058,"506 Cemetery Rd, Wiley, CO 81092",Resident 1058,A-20058,2025/01/12,400459,gal,,R5,
M-1058,"506 Cemetery Rd, Wiley, CO 81092",Resident 1058,A-20058,2025/02/13,406098,gal,,R5,
M-1058,"506 Cemetery Rd, Wiley, CO 81092",Resident 1058,A-20058,2025/03/14,412458,gal,,R5,
M-1058,"506 Cemetery Rd, Wiley, CO 81092",Resident 1058,A-20058,2025/04/15,418771,gal,,R5,
M-1058,"506 Cemetery Rd, Wiley, CO 81092",Resident 1058,A-20058,2025/05/16,425653,gal,,R5,
M-1058,"506 Cemetery Rd, Wiley, CO 81092",Resident 1058,A-20058,2025/06/12,433340,gal,,R5,
M-1059,"513 Grain Elevator Rd, Wiley, CO 81092",Resident 1059,A-20059,2025/01/12,105009,gal,,R6,
M-1059,"513 Grain Elevator Rd, Wiley, CO 81092",Resident 1059,A-20059,2025/02/13,107274,gal,,R6,
M-1059,"513 Grain Elevator Rd, Wiley, CO 81092",Resident 1059,A-20059,2025/03/14,110719,gal,,R6,
M-1059,"513 Grain Elevator Rd, Wiley, CO 81092",Resident 1059,A-20059,2025/04/15,113984,gal,,R6,
M-1059,"513 Grain Elevator Rd, Wiley, CO 81092",Resident 1059,A-20059,2025/05/16,118059,gal,,R6,
M-1059,"513 Grain Elevator Rd, Wiley, CO 81092",Resident 1059,A-20059,2025/06/12,122097,gal,,R6,
M-1060,"520 Main St, Wiley, CO 81092",Resident 1060,A-20060,2025/01/12,206071,gal,,R1,
M-1060,"520 Main St, Wiley, CO 81092",Resident 1060,A-20060,2025/02/13,210278,gal,,R1,
M-1060,"520 Main St, Wiley, CO 81092",Resident 1060,A-20060,2025/03/14,214945,gal,,R1,
M-1060,"520 Main St, Wiley, CO 81092",Resident 1060,A-20060,2025/04/15,220220,gal,,R1,
M-1060,"520 Main St, Wiley, CO 81092",Resident 1060,A-20060,2025/05/16,226931,gal,,R1,
M-1060,"520 Main St, Wiley, CO 81092",Resident 1060,A-20060,2025/06/12,233687,gal,,R1,
M-1061,"527 County Rd 10, Wiley, CO 81092",Resident 1061,A-20061,2025/01/12,278254,gal,,R2,
M-1061,"527 County Rd 10, Wiley, CO 81092",Resident 1061,A-20061,2025/02/13,280381,gal,,R2,
M-1061,"527 County Rd 10, Wiley, CO 81092",Resident 1061,A-20061,2025/03/14,283066,gal,,R2,
M-1061,"527 County Rd 10, Wiley, CO 81092",Resident 1061,A-20061,2025/04/15,286263,gal,,R2,
M-1061,"527 County Rd 10, Wiley, CO 81092",Resident 1061,A-20061,2025/05/16,289288,gal,,R2,
M-1061,"527 County Rd 10, Wiley, CO 81092",Resident 1061,A-20061,2025/06/12,293364,gal,,R2,
M-1062,"534 County Rd 14, Wiley, CO 81092",Resident 1062,A-20062,2025/01/12,148961,gal,,R3,
M-1062,"534 County Rd 14, Wiley, CO 81092",Resident 1062,A-20062,2025/02/13,154117,gal,,R3,
M-1062,"534 County Rd 14, Wiley, CO 81092",Resident 1062,A-20062,2025/03/14,161607,gal,,R3,
M-1062,"534 County Rd 14, Wiley, CO 81092",Resident 1062,A-20062,2025/04/15,168333,gal,,R3,
M-1062,"534 County Rd 14, Wiley, CO 81092",Resident 1062,A-20062,2025/05/16,175962,gal,,R3,
M-1062,"534 County Rd 14, Wiley, CO 81092",Resident 1062,A-20062,2025/06/12,185521,gal,,R3,
M-1063,"541 Highway 287, Wiley, CO 81092",Resident 1063,A-20063,2025/01/12,375401,gal,,R4,
M-1063,"541 Highway 287, Wiley, CO 81092",Resident 1063,A-20063,2025/02/13,378585,gal,,R4,
M-1063,"541 Highway 287, Wiley, CO 81092",Resident 1063,A-20063,2025/03/14,382685,gal,,R4,
M-1063,"541 Highway 287, Wiley, CO 81092",Resident 1063,A-20063,2025/04/15,387131,gal,,R4,
M-1063,"541 Highway 287, Wiley, CO 81092",Resident 1063,A-20063,2025/05/16,393085,gal,,R4,
M-1063,"541 Highway 287, Wiley, CO 81092",Resident 1063,A-20063,2025/06/12,399794,gal,,R4,
M-1064,"548 Maple Ave, Wiley, CO 81092",Resident 1064,A-20064,2025/01/12,219494,gal,,R5,
M-1064,"548 Maple Ave, Wiley, CO 81092",Resident 1064,A-20064,2025/02/13,224800,gal,,R5,
M-1064,"548 Maple Ave, Wiley, CO 81092",Resident 1064,A-20064,2025/03/14,232751,gal,,R5,
M-1064,"548 Maple Ave, Wiley, CO 81092",Resident 1064,A-20064,2025/04/15,239394,gal,,R5,
M-1064,"548 Maple Ave, Wiley, CO 81092",Resident 1064,A-20064,2025/05/16,248364,gal,,R5,
M-1064,"548 Maple Ave, Wiley, CO 81092",Resident 1064,A-20064,2025/06/12,258513,gal,,R5,
M-1065,"555 Oak St, Wiley, CO 81092",Resident 1065,A-20065,2025/01/12,395096,gal,,R6,
M-1065,"555 Oak St, Wiley, CO 81092",Resident 1065,A-20065,2025/02/13,401062,gal,,R6,
M-1065,"555 Oak St, Wiley, CO 81092",Resident 1065,A-20065,2025/03/14,408879,gal,,R6,
M-1065,"555 Oak St, Wiley, CO 81092",Resident 1065,A-20065,2025/04/15,415750,gal,,R6,
M-1065,"555 Oak St, Wiley, CO 81092",Resident 1065,A-20065,2025/05/16,423539,gal,,R6,
M-1065,"555 Oak St, Wiley, CO 81092",Resident 1065,A-20065,2025/06/12,433539,gal,,R6,
M-1066,"562 Elm St, Wiley, CO 81092",Resident 1066,A-20066,2025/01/12,392993,gal,,R1,
M-1066,"562 Elm St, Wiley, CO 81092",Resident 1066,A-20066,2025/02/13,396740,gal,,R1,
M-1066,"562 Elm St, Wiley, CO 81092",Resident 1066,A-20066,2025/03/14,401333,gal,,R1,
M-1066,"562 Elm St, Wiley, CO 81092",Resident 1066,A-20066,2025/04/15,406059,gal,,R1,
M-1066,"562 Elm St, Wiley, CO 81092",Resident 1066,A-20066,2025/05/16,412571,gal,,R1,
M-1066,"562 Elm St, Wiley, CO 81092",Resident 1066,A-20066,2025/06/12,420538,gal,,R1,
M-1067,"569 3rd Ave, Wiley, CO 81092",Resident 1067,A-20067,2025/01/12,109963,gal,,R2,
M-1067,"569 3rd Ave, Wiley, CO 81092",Resident 1067,A-20067,2025/02/13,114557,gal,,R2,
M-1067,"569 3rd Ave, Wiley, CO 81092",Resident 1067,A-20067,2025/03/14,122510,gal,,R2,
M-1067,"569 3rd Ave, Wiley, CO 81092",Resident 1067,A-20067,2025/04/15,130261,gal,,R2,
M-1067,"569 3rd Ave, Wiley, CO 81092",Resident 1067,A-20067,2025/05/16,138241,gal,,R2,
M-1067,"569 3rd Ave, Wiley, CO 81092",Resident 1067,A-20067,2025/06/12,148071,gal,,R2,
M-1068,"576 5th St, Wiley, CO 81092",Resident 1068,A-20068,2025/01/12,396808,gal,,R3,
M-1068,"576 5th St, Wiley, CO 81092",Resident 1068,A-20068,2025/02/13,399693,gal,,R3,
M-1068,"576 5th St, Wiley, CO 81092",Resident 1068,A-20068,2025/03/14,403063,gal,,R3,
M-1068,"576 5th St, Wiley, CO 81092",Resident 1068,A-20068,2025/04/15,407153,gal,,R3,
M-1068,"576 5th St, Wiley, CO 81092",Resident 1068,A-20068,2025/05/16,411670,gal,,R3,
M-1068,"576 5th St, Wiley, CO 81092",Resident 1068,A-20068,2025/06/12,416519,gal,,R3,
M-1069,"583 Ranch Rd, Wiley, CO 81092",Resident 1069,A-20069,2025/01/12,140964,gal,,R4,
M-1069,"583 Ranch Rd, Wiley, CO 81092",Resident 1069,A-20069,2025/02/13,147107,gal,,R4,
M-1069,"583 Ranch Rd, Wiley, CO 81092",Resident 1069,A-20069,2025/03/14,155150,gal,,R4,
M-1069,"583 Ranch Rd, Wiley, CO 81092",Resident 1069,A-20069,2025/04/15,162065,gal,,R4,
M-1069,"583 Ranch Rd, Wiley, CO 81092",Resident 1069,A-20069,2025/05/16,170197,gal,,R4,
M-1069,"583 Ranch Rd, Wiley, CO 81092",Resident 1069,A-20069,2025/06/12,181032,gal,,R4,
M-1070,"590 Irrigation Ln, Wiley, CO 81092",Resident 1070,A-20070,2025/01/12,285773,gal,,R5,
M-1070,"590 Irrigation Ln, Wiley, CO 81092",Resident 1070,A-20070,2025/02/13,287878,gal,,R5,
M-1070,"590 Irrigation Ln, Wiley, CO 81092",Resident 1070,A-20070,2025/03/14,290238,gal,,R5,
M-1070,"590 Irrigation Ln, Wiley, CO 81092",Resident 1070,A-20070,2025/04/15,293415,gal,,R5,
M-1070,"590 Irrigation Ln, Wiley, CO 81092",Resident 1070,A-20070,2025/05/16,296150,gal,,R5,
M-1070,"590 Irrigation Ln, Wiley, CO 81092",Resident 1070,A-20070,2025/06/12,300113,gal,,R5,
M-1071,"597 North Frontage, Wiley, CO 81092",Resident 1071,A-20071,2025/01/12,409249,gal,,R6,
M-1071,"597 North Frontage, Wiley, CO 81092",Resident 1071,A-20071,2025/02/13,411285,gal,,R6,
M-1071,"597 North Frontage, Wiley, CO 81092",Resident 1071,A-20071,2025/03/14,413975,gal,,R6,
M-1071,"597 North Frontage, Wiley, CO 81092",Resident 1071,A-20071,2025/04/15,416572,gal,,R6,
M-1071,"597 North Frontage, Wiley, CO 81092",Resident 1071,A-20071,2025/05/16,419419,gal,,R6,
M-1071,"597 North Frontage, Wiley, CO 81092",Resident 1071,A-20071,2025/06/12,422473,gal,,R6,
M-1072,"604 South Loop, Wiley, CO 81092",Resident 1072,A-20072,2025/01/12,399726,gal,,R1,
M-1072,"604 South Loop, Wiley, CO 81092",Resident 1072,A-20072,2025/02/13,405524,gal,,R1,
M-1072,"604 South Loop, Wiley, CO 81092",Resident 1072,A-20072,2025/03/14,413004,gal,,R1,
M-1072,"604 South Loop, Wiley, CO 81092",Resident 1072,A-20072,2025/04/15,421230,gal,,R1,
M-1072,"604 South Loop, Wiley, CO 81092",Resident 1072,A-20072,2025/05/16,430236,gal,,R1,
M-1072,"604 South Loop, Wiley, CO 81092",Resident 1072,A-20072,2025/06/12,441017,gal,,R1,
M-1073,"611 Pioneer Rd, Wiley, CO 81092",Resident 1073,A-20073,2025/01/12,370313,gal,,R2,
M-1073,"611 Pioneer Rd, Wiley, CO 81092",Resident 1073,A-20073,2025/02/13,373776,gal,,R2,
M-1073,"611 Pioneer Rd, Wiley, CO 81092",Resident 1073,A-20073,2025/03/14,378113,gal,,R2,
M-1073,"611 Pioneer Rd, Wiley, CO 81092",Resident 1073,A-20073,2025/04/15,382788,gal,,R2,
M-1073,"611 Pioneer Rd, Wiley, CO 81092",Resident 1073,A-20073,2025/05/16,387011,gal,,R2,
M-1073,"611 Pioneer Rd, Wiley, CO 81092",Resident 1073,A-20073,2025/06/12,392086,gal,,R2,
M-1074,"618 Cottonwood Dr, Wiley, CO 81092",Resident 1074,A-20074,2025/01/12,349020,gal,,R3,
M-1074,"618 Cottonwood Dr, Wiley, CO 81092",Resident 1074,A-20074,2025/02/13,352408,gal,,R3,
M-1074,"618 Cottonwood Dr, Wiley, CO 81092",Resident 1074,A-20074,2025/03/14,357153,gal,,R3,
M-1074,"618 Cottonwood Dr, Wiley, CO 81092",Resident 1074,A-20074,2025/04/15,362372,gal,,R3,
M-1074,"618 Cottonwood Dr, Wiley, CO 81092",Resident 1074,A-20074,2025/05/16,368211,gal,,R3,
M-1074,"618 Cottonwood Dr, Wiley, CO 81092",Resident 1074,A-20074,2025/06/12,374095,gal,,R3,
M-1075,"625 Sand Creek Rd, Wiley, CO 81092",Resident 1075,A-20075,2025/01/12,232254,gal,,R4,
M-1075,"625 Sand Creek Rd, Wiley, CO 81092",Resident 1075,A-20075,2025/02/13,234527,gal,,R4,
M-1075,"625 Sand Creek Rd, Wiley, CO 81092",Resident 1075,A-20075,2025/03/14,237081,gal,,R4,
M-1075,"625 Sand Creek Rd, Wiley, CO 81092",Resident 1075,A-20075,2025/04/15,239591,gal,,R4,
M-1075,"625 Sand Creek Rd, Wiley, CO 81092",Resident 1075,A-20075,2025/05/16,242957,gal,,R4,
M-1075,"625 Sand Creek Rd, Wiley, CO 81092",Resident 1075,A-20075,2025/06/12,247012,gal,,R4,
M-1076,"632 Prairie View, Wiley, CO 81092",Resident 1076,A-20076,2025/01/12,209634,gal,,R5,
M-1076,"632 Prairie View, Wiley, CO 81092",Resident 1076,A-20076,2025/02/13,212657,gal,,R5,
M-1076,"632 Prairie View, Wiley, CO 81092",Resident 1076,A-20076,2025/03/14,216655,gal,,R5,
M-1076,"632 Prairie View, Wiley, CO 81092",Resident 1076,A-20076,2025/04/15,220955,gal,,R5,
M-1076,"632 Prairie View, Wiley, CO 81092",Resident 1076,A-20076,2025/05/16,225465,gal,,R5,
M-1076,"632 Prairie View, Wiley, CO 81092",Resident 1076,A-20076,2025/06/12,230817,gal,,R5,
M-1077,"639 School House Rd, Wiley, CO 81092",Resident 1077,A-20077,2025/01/12,174077,gal,,R6,
M-1077,"639 School House Rd, Wiley, CO 81092",Resident 1077,A-20077,2025/02/13,176205,gal,,R6,
M-1077,"639 School House Rd, Wiley, CO 81092",Resident 1077,A-20077,2025/03/14,179401,gal,,R6,
M-1077,"639 School House Rd, Wiley, CO 81092",Resident 1077,A-20077,2025/04/15,182215,gal,,R6,
M-1077,"639 School House Rd, Wiley, CO 81092",Resident 1077,A-20077,2025/05/16,185344,gal,,R6,
M-1077,"639 School House Rd, Wiley, CO 81092",Resident 1077,A-20077,2025/06/12,189846,gal,,R6,
M-1078,"646 Cemetery Rd, Wiley, CO 81092",Resident 1078,A-20078,2025/01/12,245866,gal,,R1,
M-1078,"646 Cemetery Rd, Wiley, CO 81092",Resident 1078,A-20078,2025/02/13,250081,gal,,R1,
M-1078,"646 Cemetery Rd, Wiley, CO 81092",Resident 1078,A-20078,2025/03/14,255967,gal,,R1,
M-1078,"646 Cemetery Rd, Wiley, CO 81092",Resident 1078,A-20078,2025/04/15,261784,gal,,R1,
M-1078,"646 Cemetery Rd, Wiley, CO 81092",Resident 1078,A-20078,2025/05/16,268617,gal,,R1,
M-1078,"646 Cemetery Rd, Wiley, CO 81092",Resident 1078,A-20078,2025/06/12,275915,gal,,R1,
M-1079,"653 Grain Elevator Rd, Wiley, CO 81092",Resident 1079,A-20079,2025/01/12,200956,gal,,R2,
M-1079,"653 Grain Elevator Rd, Wiley, CO 81092",Resident 1079,A-20079,2025/02/13,204635,gal,,R2,
M-1079,"653 Grain Elevator Rd, Wiley, CO 81092",Resident 1079,A-20079,2025/03/14,208556,gal,,R2,
M-1079,"653 Grain Elevator Rd, Wiley, CO 81092",Resident 1079,A-20079,2025/04/15,213593,gal,,R2,
M-1079,"653 Grain Elevator Rd, Wiley, CO 81092",Resident 1079,A-20079,2025/05/16,219126,gal,,R2,
M-1079,"653 Grain Elevator Rd, Wiley, CO 81092",Resident 1079,A-20079,2025/06/12,226054,gal,,R2,
M-1080,"660 Main St, Wiley, CO 81092",Resident 1080,A-20080,2025/01/12,223490,gal,,R3,
M-1080,"660 Main St, Wiley, CO 81092",Resident 1080,A-20080,2025/02/13,228318,gal,,R3,
M-1080,"660 Main St, Wiley, CO 81092",Resident 1080,A-20080,2025/03/14,233523,gal,,R3,
M-1080,"660 Main St, Wiley, CO 81092",Resident 1080,A-20080,2025/04/15,238649,gal,,R3,
M-1080,"660 Main St, Wiley, CO 81092",Resident 1080,A-20080,2025/05/16,245835,gal,,R3,
M-1080,"660 Main St, Wiley, CO 81092",Resident 1080,A-20080,2025/06/12,252752,gal,,R3,
M-1081,"667 County Rd 10, Wiley, CO 81092",Resident 1081,A-20081,2025/01/12,299216,gal,,R4,
M-1081,"667 County Rd 10, Wiley, CO 81092",Resident 1081,A-20081,2025/02/13,304619,gal,,R4,
M-1081,"667 County Rd 10, Wiley, CO 81092",Resident 1081,A-20081,2025/03/14,312586,gal,,R4,
M-1081,"667 County Rd 10, Wiley, CO 81092",Resident 1081,A-20081,2025/04/15,321096,gal,,R4,
M-1081,"667 County Rd 10, Wiley, CO 81092",Resident 1081,A-20081,2025/05/16,329064,gal,,R4,
M-1081,"667 County Rd 10, Wiley, CO 81092",Resident 1081,A-20081,2025/06/12,339493,gal,,R4,
M-1082,"674 County Rd 14, Wiley, CO 81092",Resident 1082,A-20082,2025/01/12,147802,gal,,R5,
M-1082,"674 County Rd 14, Wiley, CO 81092",Resident 1082,A-20082,2025/02/13,151692,gal,,R5,
M-1082,"674 County Rd 14, Wiley, CO 81092",Resident 1082,A-20082,2025/03/14,157019,gal,,R5,
M-1082,"674 County Rd 14, Wiley, CO 81092",Resident 1082,A-20082,2025/04/15,161770,gal,,R5,
M-1082,"674 County Rd 14, Wiley, CO 81092",Resident 1082,A-20082,2025/05/16,167533,gal,,R5,
M-1082,"674 County Rd 14, Wiley, CO 81092",Resident 1082,A-20082,2025/06/12,173815,gal,,R5,
M-1083,"681 Highway 287, Wiley, CO 81092",Resident 1083,A-20083,2025/01/12,408107,gal,,R6,
M-1083,"681 Highway 287, Wiley, CO 81092",Resident 1083,A-20083,2025/02/13,410861,gal,,R6,
M-1083,"681 Highway 287, Wiley, CO 81092",Resident 1083,A-20083,2025/03/14,414270,gal,,R6,
M-1083,"681 Highway 287, Wiley, CO 81092",Resident 1083,A-20083,2025/04/15,418169,gal,,R6,
M-1083,"681 Highway 287, Wiley, CO 81092",Resident 1083,A-20083,2025/05/16,421820,gal,,R6,
M-1083,"681 Highway 287, Wiley, CO 81092",Resident 1083,A-20083,2025/06/12,427087,gal,,R6,
M-1084,"688 Maple Ave, Wiley, CO 81092",Resident 1084,A-20084,2025/01/12,235081,gal,,R1,
M-1084,"688 Maple Ave, Wiley, CO 81092",Resident 1084,A-20084,2025/02/13,238701,gal,,R1,
M-1084,"688 Maple Ave, Wiley, CO 81092",Resident 1084,A-20084,2025/03/14,244660,gal,,R1,
M-1084,"688 Maple Ave, Wiley, CO 81092",Resident 1084,A-20084,2025/04/15,250358,gal,,R1,
M-1084,"688 Maple Ave, Wiley, CO 81092",Resident 1084,A-20084,2025/05/16,256505,gal,,R1,
M-1084,"688 Maple Ave, Wiley, CO 81092",Resident 1084,A-20084,2025/06/12,264313,gal,,R1,
M-1085,"695 Oak St, Wiley, CO 81092",Resident 1085,A-20085,2025/01/12,318195,gal,,R2,
M-1085,"695 Oak St, Wiley, CO 81092",Resident 1085,A-20085,2025/02/13,322209,gal,,R2,
M-1085,"695 Oak St, Wiley, CO 81092",Resident 1085,A-20085,2025/03/14,327034,gal,,R2,
M-1085,"695 Oak St, Wiley, CO 81092",Resident 1085,A-20085,2025/04/15,331921,gal,,R2,
M-1085,"695 Oak St, Wiley, CO 81092",Resident 1085,A-20085,2025/05/16,338617,gal,,R2,
M-1085,"695 Oak St, Wiley, CO 81092",Resident 1085,A-20085,2025/06/12,346280,gal,,R2,
M-1086,"702 Elm St, Wiley, CO 81092",Resident 1086,A-20086,2025/01/12,239434,gal,,R3,
M-1086,"702 Elm St, Wiley, CO 81092",Resident 1086,A-20086,2025/02/13,242560,gal,,R3,
M-1086,"702 Elm St, Wiley, CO 81092",Resident 1086,A-20086,2025/03/14,246052,gal,,R3,
M-1086,"702 Elm St, Wiley, CO 81092",Resident 1086,A-20086,2025/04/15,250366,gal,,R3,
M-1086,"702 Elm St, Wiley, CO 81092",Resident 1086,A-20086,2025/05/16,255351,gal,,R3,
M-1086,"702 Elm St, Wiley, CO 81092",Resident 1086,A-20086,2025/06/12,259963,gal,,R3,
M-1087,"709 3rd Ave, Wiley, CO 81092",Resident 1087,A-20087,2025/01/12,129907,gal,,R4,
M-1087,"709 3rd Ave, Wiley, CO 81092",Resident 1087,A-20087,2025/02/13,136174,gal,,R4,
M-1087,"709 3rd Ave, Wiley, CO 81092",Resident 1087,A-20087,2025/03/14,143349,gal,,R4,
M-1087,"709 3rd Ave, Wiley, CO 81092",Resident 1087,A-20087,2025/04/15,151835,gal,,R4,
M-1087,"709 3rd Ave, Wiley, CO 81092",Resident 1087,A-20087,2025/05/16,161069,gal,,R4,
M-1087,"709 3rd Ave, Wiley, CO 81092",Resident 1087,A-20087,2025/06/12,171424,gal,,R4,
M-1088,"716 5th St, Wiley, CO 81092",Resident 1088,A-20088,2025/01/12,80855,gal,,R5,
M-1088,"716 5th St, Wiley, CO 81092",Resident 1088,A-20088,2025/02/13,83724,gal,,R5,
M-1088,"716 5th St, Wiley, CO 81092",Resident 1088,A-20088,2025/03/14,87563,gal,,R5,
M-1088,"716 5th St, Wiley, CO 81092",Resident 1088,A-20088,2025/04/15,91523,gal,,R5,
M-1088,"716 5th St, Wiley, CO 81092",Resident 1088,A-20088,2025/05/16,96836,gal,,R5,
M-1088,"716 5th St, Wiley, CO 81092",Resident 1088,A-20088,2025/06/12,102298,gal,,R5,
M-1089,"723 Ranch Rd, Wiley, CO 81092",Resident 1089,A-20089,2025/01/12,403607,gal,,R6,
M-1089,"723 Ranch Rd, Wiley, CO 81092",Resident 1089,A-20089,2025/02/13,420100,gal,,R6,
M-1089,"723 Ranch Rd, Wiley, CO 81092",Resident 1089,A-20089,2025/03/14,439576,gal,,R6,
M-1089,"723 Ranch Rd, Wiley, CO 81092",Resident 1089,A-20089,2025/04/15,459277,gal,,R6,
M-1089,"723 Ranch Rd, Wiley, CO 81092",Resident 1089,A-20089,2025/05/16,479794,gal,,R6,
M-1089,"723 Ranch Rd, Wiley, CO 81092",Resident 1089,A-20089,2025/06/12,509322,gal,,R6,
M-1090,"730 Irrigation Ln, Wiley, CO 81092",Resident 1090,A-20090,2025/01/12,418017,gal,,R1,
M-1090,"730 Irrigation Ln, Wiley, CO 81092",Resident 1090,A-20090,2025/02/13,423375,gal,,R1,
M-1090,"730 Irrigation Ln, Wiley, CO 81092",Resident 1090,A-20090,2025/03/14,430780,gal,,R1,
M-1090,"730 Irrigation Ln, Wiley, CO 81092",Resident 1090,A-20090,2025/04/15,438630,gal,,R1,
M-1090,"730 Irrigation Ln, Wiley, CO 81092",Resident 1090,A-20090,2025/05/16,446674,gal,,R1,
M-1090,"730 Irrigation Ln, Wiley, CO 81092",Resident 1090,A-20090,2025/06/12,455071,gal,,R1,
M-1091,"737 North Frontage, Wiley, CO 81092",Resident 1091,A-20091,2025/01/12,385862,gal,,R2,
M-1091,"737 North Frontage, Wiley, CO 81092",Resident 1091,A-20091,2025/02/13,391247,gal,,R2,
M-1091,"737 North Frontage, Wiley, CO 81092",Resident 1091,A-20091,2025/03/14,398886,gal,,R2,
M-1091,"737 North Frontage, Wiley, CO 81092",Resident 1091,A-20091,2025/04/15,406725,gal,,R2,
M-1091,"737 North Frontage, Wiley, CO 81092",Resident 1091,A-20091,2025/05/16,414010,gal,,R2,
M-1091,"737 North Frontage, Wiley, CO 81092",Resident 1091,A-20091,2025/06/12,423170,gal,,R2,
M-1092,"744 South Loop, Wiley, CO 81092",Resident 1092,A-20092,2025/01/12,123058,gal,,R3,
M-1092,"744 South Loop, Wiley, CO 81092",Resident 1092,A-20092,2025/02/13,125764,gal,,R3,
M-1092,"744 South Loop, Wiley, CO 81092",Resident 1092,A-20092,2025/03/14,129666,gal,,R3,
M-1092,"744 South Loop, Wiley, CO 81092",Resident 1092,A-20092,2025/04/15,133714,gal,,R3,
M-1092,"744 South Loop, Wiley, CO 81092",Resident 1092,A-20092,2025/05/16,138203,gal,,R3,
M-1092,"744 South Loop, Wiley, CO 81092",Resident 1092,A-20092,2025/06/12,143273,gal,,R3,
M-1093,"751 Pioneer Rd, Wiley, CO 81092",Resident 1093,A-20093,2025/01/12,125156,gal,,R4,
M-1093,"751 Pioneer Rd, Wiley, CO 81092",Resident 1093,A-20093,2025/02/13,130709,gal,,R4,
M-1093,"751 Pioneer Rd, Wiley, CO 81092",Resident 1093,A-20093,2025/03/14,137659,gal,,R4,
M-1093,"751 Pioneer Rd, Wiley, CO 81092",Resident 1093,A-20093,2025/04/15,143303,gal,,R4,
M-1093,"751 Pioneer Rd, Wiley, CO 81092",Resident 1093,A-20093,2025/05/16,151471,gal,,R4,
M-1093,"751 Pioneer Rd, Wiley, CO 81092",Resident 1093,A-20093,2025/06/12,160089,gal,,R4,
M-1094,"758 Cottonwood Dr, Wiley, CO 81092",Resident 1094,A-20094,2025/01/12,377684,gal,,R5,
M-1094,"758 Cottonwood Dr, Wiley, CO 81092",Resident 1094,A-20094,2025/02/13,384166,gal,,R5,
M-1094,"758 Cottonwood Dr, Wiley, CO 81092",Resident 1094,A-20094,2025/03/14,393191,gal,,R5,
M-1094,"758 Cottonwood Dr, Wiley, CO 81092",Resident 1094,A-20094,2025/04/15,401855,gal,,R5,
M-1094,"758 Cottonwood Dr, Wiley, CO 81092",Resident 1094,A-20094,2025/05/16,409869,gal,,R5,
M-1094,"758 Cottonwood Dr, Wiley, CO 81092",Resident 1094,A-20094,2025/06/12,420025,gal,,R5,
M-1095,"765 Sand Creek Rd, Wiley, CO 81092",Resident 1095,A-20095,2025/01/12,186282,gal,,R6,
M-1095,"765 Sand Creek Rd, Wiley, CO 81092",Resident 1095,A-20095,2025/02/13,189477,gal,,R6,
M-1095,"765 Sand Creek Rd, Wiley, CO 81092",Resident 1095,A-20095,2025/03/14,193881,gal,,R6,
M-1095,"765 Sand Creek Rd, Wiley, CO 81092",Resident 1095,A-20095,2025/04/15,198650,gal,,R6,
M-1095,"765 Sand Creek Rd, Wiley, CO 81092",Resident 1095,A-20095,2025/05/16,204082,gal,,R6,
M-1095,"765 Sand Creek Rd, Wiley, CO 81092",Resident 1095,A-20095,2025/06/12,209689,gal,,R6,
M-1096,"772 Prairie View, Wiley, CO 81092",Resident 1096,A-20096,2025/01/12,335823,gal,,R1,
M-1096,"772 Prairie View, Wiley, CO 81092",Resident 1096,A-20096,2025/02/13,338707,gal,,R1,
M-1096,"772 Prairie View, Wiley, CO 81092",Resident 1096,A-20096,2025/03/14,342034,gal,,R1,
M-1096,"772 Prairie View, Wiley, CO 81092",Resident 1096,A-20096,2025/04/15,345639,gal,,R1,
M-1096,"772 Prairie View, Wiley, CO 81092",Resident 1096,A-20096,2025/05/16,349887,gal,,R1,
M-1096,"772 Prairie View, Wiley, CO 81092",Resident 1096,A-20096,2025/06/12,355094,gal,,R1,
M-1097,"779 School House Rd, Wiley, CO 81092",Resident 1097,A-20097,2025/01/12,223373,gal,,R2,
M-1097,"779 School House Rd, Wiley, CO 81092",Resident 1097,A-20097,2025/02/13,227673,gal,,R2,
M-1097,"779 School House Rd, Wiley, CO 81092",Resident 1097,A-20097,2025/03/14,233690,gal,,R2,
M-1097,"779 School House Rd, Wiley, CO 81092",Resident 1097,A-20097,2025/04/15,239789,gal,,R2,
M-1097,"779 School House Rd, Wiley, CO 81092",Resident 1097,A-20097,2025/05/16,246881,gal,,R2,
M-1097,"779 School House Rd, Wiley, CO 81092",Resident 1097,A-20097,2025/06/12,254836,gal,,R2,
M-1098,"786 Cemetery Rd, Wiley, CO 81092",Resident 1098,A-20098,2025/01/12,150630,gal,,R3,
M-1098,"786 Cemetery Rd, Wiley, CO 81092",Resident 1098,A-20098,2025/02/13,155083,gal,,R3,
M-1098,"786 Cemetery Rd, Wiley, CO 81092",Resident 1098,A-20098,2025/03/14,160406,gal,,R3,
M-1098,"786 Cemetery Rd, Wiley, CO 81092",Resident 1098,A-20098,2025/04/15,165217,gal,,R3,
M-1098,"786 Cemetery Rd, Wiley, CO 81092",Resident 1098,A-20098,2025/05/16,170421,gal,,R3,
M-1098,"786 Cemetery Rd, Wiley, CO 81092",Resident 1098,A-20098,2025/06/12,178353,gal,,R3,
M-1099,"793 Grain Elevator Rd, Wiley, CO 81092",Resident 1099,A-20099,2025/01/12,258699,gal,,R4,
M-1099,"793 Grain Elevator Rd, Wiley, CO 81092",Resident 1099,A-20099,2025/02/13,262043,gal,,R4,
M-1099,"793 Grain Elevator Rd, Wiley, CO 81092",Resident 1099,A-20099,2025/03/14,266781,gal,,R4,
M-1099,"793 Grain Elevator Rd, Wiley, CO 81092",Resident 1099,A-20099,2025/04/15,271837,gal,,R4,
M-1099,"793 Grain Elevator Rd, Wiley, CO 81092",Resident 1099,A-20099,2025/05/16,276532,gal,,R4,
M-1099,"793 Grain Elevator Rd, Wiley, CO 81092",Resident 1099,A-20099,2025/06/12,282392,gal,,R4,
M-1100,"800 Main St, Wiley, CO 81092",Resident 1100,A-20100,2025/01/12,125868,gal,,R5,
M-1100,"800 Main St, Wiley, CO 81092",Resident 1100,A-20100,2025/02/13,131680,gal,,R5,
M-1100,"800 Main St, Wiley, CO 81092",Resident 1100,A-20100,2025/03/14,138665,gal,,R5,
M-1100,"800 Main St, Wiley, CO 81092",Resident 1100,A-20100,2025/04/15,146959,gal,,R5,
M-1100,"800 Main St, Wiley, CO 81092",Resident 1100,A-20100,2025/05/16,156300,gal,,R5,
M-1100,"800 Main St, Wiley, CO 81092",Resident 1100,A-20100,2025/06/12,165197,gal,,R5,
M-1101,"807 County Rd 10, Wiley, CO 81092",Resident 1101,A-20101,2025/01/12,223588,gal,,R6,
M-1101,"807 County Rd 10, Wiley, CO 81092",Resident 1101,A-20101,2025/02/13,228733,gal,,R6,
M-1101,"807 County Rd 10, Wiley, CO 81092",Resident 1101,A-20101,2025/03/14,235522,gal,,R6,
M-1101,"807 County Rd 10, Wiley, CO 81092",Resident 1101,A-20101,2025/04/15,243340,gal,,R6,
M-1101,"807 County Rd 10, Wiley, CO 81092",Resident 1101,A-20101,2025/05/16,251826,gal,,R6,
M-1101,"807 County Rd 10, Wiley, CO 81092",Resident 1101,A-20101,2025/06/12,262397,gal,,R6,
M-1102,"814 County Rd 14, Wiley, CO 81092",Resident 1102,A-20102,2025/01/12,283899,gal,,R1,
M-1102,"814 County Rd 14, Wiley, CO 81092",Resident 1102,A-20102,2025/02/13,289379,gal,,R1,
M-1102,"814 County Rd 14, Wiley, CO 81092",Resident 1102,A-20102,2025/03/14,296948,gal,,R1,
M-1102,"814 County Rd 14, Wiley, CO 81092",Resident 1102,A-20102,2025/04/15,303322,gal,,R1,
M-1102,"814 County Rd 14, Wiley, CO 81092",Resident 1102,A-20102,2025/05/16,312187,gal,,R1,
M-1102,"814 County Rd 14, Wiley, CO 81092",Resident 1102,A-20102,2025/06/12,321735,gal,,R1,
M-1103,"821 Highway 287, Wiley, CO 81092",Resident 1103,A-20103,2025/01/12,224229,gal,,R2,
M-1103,"821 Highway 287, Wiley, CO 81092",Resident 1103,A-20103,2025/02/13,227370,gal,,R2,
M-1103,"821 Highway 287, Wiley, CO 81092",Resident 1103,A-20103,2025/03/14,231914,gal,,R2,
M-1103,"821 Highway 287, Wiley, CO 81092",Resident 1103,A-20103,2025/04/15,235901,gal,,R2,
M-1103,"821 Highway 287, Wiley, CO 81092",Resident 1103,A-20103,2025/05/16,240696,gal,,R2,
M-1103,"821 Highway 287, Wiley, CO 81092",Resident 1103,A-20103,2025/06/12,245451,gal,,R2,
M-1104,"828 Maple Ave, Wiley, CO 81092",Resident 1104,A-20104,2025/01/12,177722,gal,,R3,
M-1104,"828 Maple Ave, Wiley, CO 81092",Resident 1104,A-20104,2025/02/13,183323,gal,,R3,
M-1104,"828 Maple Ave, Wiley, CO 81092",Resident 1104,A-20104,2025/03/14,191119,gal,,R3,
M-1104,"828 Maple Ave, Wiley, CO 81092",Resident 1104,A-20104,2025/04/15,197967,gal,,R3,
M-1104,"828 Maple Ave, Wiley, CO 81092",Resident 1104,A-20104,2025/05/16,206740,gal,,R3,
M-1104,"828 Maple Ave, Wiley, CO 81092",Resident 1104,A-20104,2025/06/12,217003,gal,,R3,
M-1105,"835 Oak St, Wiley, CO 81092",Resident 1105,A-20105,2025/01/12,308974,gal,,R4,
M-1105,"835 Oak St, Wiley, CO 81092",Resident 1105,A-20105,2025/02/13,312776,gal,,R4,
M-1105,"835 Oak St, Wiley, CO 81092",Resident 1105,A-20105,2025/03/14,317067,gal,,R4,
M-1105,"835 Oak St, Wiley, CO 81092",Resident 1105,A-20105,2025/04/15,321533,gal,,R4,
M-1105,"835 Oak St, Wiley, CO 81092",Resident 1105,A-20105,2025/05/16,326910,gal,,R4,
M-1105,"835 Oak St, Wiley, CO 81092",Resident 1105,A-20105,2025/06/12,333577,gal,,R4,
M-1106,"842 Elm St, Wiley, CO 81092",Resident 1106,A-20106,2025/01/12,387230,gal,,R5,
M-1106,"842 Elm St, Wiley, CO 81092",Resident 1106,A-20106,2025/02/13,392729,gal,,R5,
M-1106,"842 Elm St, Wiley, CO 81092",Resident 1106,A-20106,2025/03/14,401221,gal,,R5,
M-1106,"842 Elm St, Wiley, CO 81092",Resident 1106,A-20106,2025/04/15,408998,gal,,R5,
M-1106,"842 Elm St, Wiley, CO 81092",Resident 1106,A-20106,2025/05/16,418322,gal,,R5,
M-1106,"842 Elm St, Wiley, CO 81092",Resident 1106,A-20106,2025/06/12,428069,gal,,R5,
M-1107,"849 3rd Ave, Wiley, CO 81092",Resident 1107,A-20107,2025/01/12,224890,gal,,R6,
M-1107,"849 3rd Ave, Wiley, CO 81092",Resident 1107,A-20107,2025/02/13,227172,gal,,R6,
M-1107,"849 3rd Ave, Wiley, CO 81092",Resident 1107,A-20107,2025/03/14,229904,gal,,R6,
M-1107,"849 3rd Ave, Wiley, CO 81092",Resident 1107,A-20107,2025/04/15,232583,gal,,R6,
M-1107,"849 3rd Ave, Wiley, CO 81092",Resident 1107,A-20107,2025/05/16,235412,gal,,R6,
M-1107,"849 3rd Ave, Wiley, CO 81092",Resident 1107,A-20107,2025/06/12,238559,gal,,R6,
M-1108,"856 5th St, Wiley, CO 81092",Resident 1108,A-20108,2025/01/12,394569,gal,,R1,
M-1108,"856 5th St, Wiley, CO 81092",Resident 1108,A-20108,2025/02/13,397788,gal,,R1,
M-1108,"856 5th St, Wiley, CO 81092",Resident 1108,A-20108,2025/03/14,401898,gal,,R1,
M-1108,"856 5th St, Wiley, CO 81092",Resident 1108,A-20108,2025/04/15,405363,gal,,R1,
M-1108,"856 5th St, Wiley, CO 81092",Resident 1108,A-20108,2025/05/16,410003,gal,,R1,
M-1108,"856 5th St, Wiley, CO 81092",Resident 1108,A-20108,2025/06/12,415677,gal,,R1,
M-1109,"863 Ranch Rd, Wiley, CO 81092",Resident 1109,A-20109,2025/01/12,407550,gal,,R2,
M-1109,"863 Ranch Rd, Wiley, CO 81092",Resident 1109,A-20109,2025/02/13,409340,gal,,R2,
M-1109,"863 Ranch Rd, Wiley, CO 81092",Resident 1109,A-20109,2025/03/14,412154,gal,,R2,
M-1109,"863 Ranch Rd, Wiley, CO 81092",Resident 1109,A-20109,2025/04/15,414924,gal,,R2,
M-1109,"863 Ranch Rd, Wiley, CO 81092",Resident 1109,A-20109,2025/05/16,417905,gal,,R2,
M-1109,"863 Ranch Rd, Wiley, CO 81092",Resident 1109,A-20109,2025/06/12,421347,gal,,R2,
M-1110,"870 Irrigation Ln, Wiley, CO 81092",Resident 1110,A-20110,2025/01/12,355975,gal,,R3,
M-1110,"870 Irrigation Ln, Wiley, CO 81092",Resident 1110,A-20110,2025/02/13,359834,gal,,R3,
M-1110,"870 Irrigation Ln, Wiley, CO 81092",Resident 1110,A-20110,2025/03/14,365316,gal,,R3,
M-1110,"870 Irrigation Ln, Wiley, CO 81092",Resident 1110,A-20110,2025/04/15,369671,gal,,R3,
M-1110,"870 Irrigation Ln, Wiley, CO 81092",Resident 1110,A-20110,2025/05/16,375707,gal,,R3,
M-1110,"870 Irrigation Ln, Wiley, CO 81092",Resident 1110,A-20110,2025/06/12,381786,gal,,R3,
M-1111,"877 North Frontage, Wiley, CO 81092",Resident 1111,A-20111,2025/01/12,84235,gal,,R4,
M-1111,"877 North Frontage, Wiley, CO 81092",Resident 1111,A-20111,2025/02/13,88924,gal,,R4,
M-1111,"877 North Frontage, Wiley, CO 81092",Resident 1111,A-20111,2025/03/14,95124,gal,,R4,
M-1111,"877 North Frontage, Wiley, CO 81092",Resident 1111,A-20111,2025/04/15,100001,gal,,R4,
M-1111,"877 North Frontage, Wiley, CO 81092",Resident 1111,A-20111,2025/05/16,106115,gal,,R4,
M-1111,"877 North Frontage, Wiley, CO 81092",Resident 1111,A-20111,2025/06/12,113539,gal,,R4,
M-1112,"884 South Loop, Wiley, CO 81092",Resident 1112,A-20112,2025/01/12,364384,gal,,R5,
M-1112,"884 South Loop, Wiley, CO 81092",Resident 1112,A-20112,2025/02/13,367610,gal,,R5,
M-1112,"884 South Loop, Wiley, CO 81092",Resident 1112,A-20112,2025/03/14,371517,gal,,R5,
M-1112,"884 South Loop, Wiley, CO 81092",Resident 1112,A-20112,2025/04/15,376195,gal,,R5,
M-1112,"884 South Loop, Wiley, CO 81092",Resident 1112,A-20112,2025/05/16,380644,gal,,R5,
M-1112,"884 South Loop, Wiley, CO 81092",Resident 1112,A-20112,2025/06/12,386052,gal,,R5,
M-1113,"891 Pioneer Rd, Wiley, CO 81092",Resident 1113,A-20113,2025/01/12,222928,gal,,R6,
M-1113,"891 Pioneer Rd, Wiley, CO 81092",Resident 1113,A-20113,2025/02/13,224682,gal,,R6,
M-1113,"891 Pioneer Rd, Wiley, CO 81092",Resident 1113,A-20113,2025/03/14,227720,gal,,R6,
M-1113,"891 Pioneer Rd, Wiley, CO 81092",Resident 1113,A-20113,2025/04/15,230806,gal,,R6,
M-1113,"891 Pioneer Rd, Wiley, CO 81092",Resident 1113,A-20113,2025/05/16,233970,gal,,R6,
M-1113,"891 Pioneer Rd, Wiley, CO 81092",Resident 1113,A-20113,2025/06/12,237862,gal,,R6,
M-1114,"898 Cottonwood Dr, Wiley, CO 81092",Resident 1114,A-20114,2025/01/12,420058,gal,,R1,
M-1114,"898 Cottonwood Dr, Wiley, CO 81092",Resident 1114,A-20114,2025/02/13,422790,gal,,R1,
M-1114,"898 Cottonwood Dr, Wiley, CO 81092",Resident 1114,A-20114,2025/03/14,426798,gal,,R1,
M-1114,"898 Cottonwood Dr, Wiley, CO 81092",Resident 1114,A-20114,2025/04/15,431131,gal,,R1,
M-1114,"898 Cottonwood Dr, Wiley, CO 81092",Resident 1114,A-20114,2025/05/16,435868,gal,,R1,
M-1114,"898 Cottonwood Dr, Wiley, CO 81092",Resident 1114,A-20114,2025/06/12,441887,gal,,R1,
M-1115,"905 Sand Creek Rd, Wiley, CO 81092",Resident 1115,A-20115,2025/01/12,144692,gal,,R2,
M-1115,"905 Sand Creek Rd, Wiley, CO 81092",Resident 1115,A-20115,2025/02/13,149842,gal,,R2,
M-1115,"905 Sand Creek Rd, Wiley, CO 81092",Resident 1115,A-20115,2025/03/14,156411,gal,,R2,
M-1115,"905 Sand Creek Rd, Wiley, CO 81092",Resident 1115,A-20115,2025/04/15,162894,gal,,R2,
M-1115,"905 Sand Creek Rd, Wiley, CO 81092",Resident 1115,A-20115,2025/05/16,171577,gal,,R2,
M-1115,"905 Sand Creek Rd, Wiley, CO 81092",Resident 1115,A-20115,2025/06/12,180440,gal,,R2,
M-1116,"912 Prairie View, Wiley, CO 81092",Resident 1116,A-20116,2025/01/12,164990,gal,,R3,
M-1116,"912 Prairie View, Wiley, CO 81092",Resident 1116,A-20116,2025/02/13,171084,gal,,R3,
M-1116,"912 Prairie View, Wiley, CO 81092",Resident 1116,A-20116,2025/03/14,179608,gal,,R3,
M-1116,"912 Prairie View, Wiley, CO 81092",Resident 1116,A-20116,2025/04/15,186529,gal,,R3,
M-1116,"912 Prairie View, Wiley, CO 81092",Resident 1116,A-20116,2025/05/16,195471,gal,,R3,
M-1116,"912 Prairie View, Wiley, CO 81092",Resident 1116,A-20116,2025/06/12,204921,gal,,R3,
M-1117,"919 School House Rd, Wiley, CO 81092",Resident 1117,A-20117,2025/01/12,218262,gal,,R4,
M-1117,"919 School House Rd, Wiley, CO 81092",Resident 1117,A-20117,2025/02/13,221931,gal,,R4,
M-1117,"919 School House Rd, Wiley, CO 81092",Resident 1117,A-20117,2025/03/14,227084,gal,,R4,
M-1117,"919 School House Rd, Wiley, CO 81092",Resident 1117,A-20117,2025/04/15,231985,gal,,R4,
M-1117,"919 School House Rd, Wiley, CO 81092",Resident 1117,A-20117,2025/05/16,237721,gal,,R4,
M-1117,"919 School House Rd, Wiley, CO 81092",Resident 1117,A-20117,2025/06/12,243633,gal,,R4,
M-1118,"926 Cemetery Rd, Wiley, CO 81092",Resident 1118,A-20118,2025/01/12,132989,gal,,R5,
M-1118,"926 Cemetery Rd, Wiley, CO 81092",Resident 1118,A-20118,2025/02/13,136011,gal,,R5,
M-1118,"926 Cemetery Rd, Wiley, CO 81092",Resident 1118,A-20118,2025/03/14,140489,gal,,R5,
M-1118,"926 Cemetery Rd, Wiley, CO 81092",Resident 1118,A-20118,2025/04/15,144923,gal,,R5,
M-1118,"926 Cemetery Rd, Wiley, CO 81092",Resident 1118,A-20118,2025/05/16,149603,gal,,R5,
M-1118,"926 Cemetery Rd, Wiley, CO 81092",Resident 1118,A-20118,2025/06/12,154850,gal,,R5,
M-1119,"933 Grain Elevator Rd, Wiley, CO 81092",Resident 1119,A-20119,2025/01/12,149657,gal,,R6,
M-1119,"933 Grain Elevator Rd, Wiley, CO 81092",Resident 1119,A-20119,2025/02/13,155241,gal,,R6,
M-1119,"933 Grain Elevator Rd, Wiley, CO 81092",Resident 1119,A-20119,2025/03/14,163423,gal,,R6,
M-1119,"933 Grain Elevator Rd, Wiley, CO 81092",Resident 1119,A-20119,2025/04/15,171615,gal,,R6,
M-1119,"933 Grain Elevator Rd, Wiley, CO 81092",Resident 1119,A-20119,2025/05/16,179793,gal,,R6,
M-1119,"933 Grain Elevator Rd, Wiley, CO 81092",Resident 1119,A-20119,2025/06/12,190195,gal,,R6,
M-1120,"940 Main St, Wiley, CO 81092",Resident 1120,A-20120,2025/01/12,373419,gal,,R1,
M-1120,"940 Main St, Wiley, CO 81092",Resident 1120,A-20120,2025/02/13,377981,gal,,R1,
M-1120,"940 Main St, Wiley, CO 81092",Resident 1120,A-20120,2025/03/14,383358,gal,,R1,
M-1120,"940 Main St, Wiley, CO 81092",Resident 1120,A-20120,2025/04/15,390300,gal,,R1,
M-1120,"940 Main St, Wiley, CO 81092",Resident 1120,A-20120,2025/05/16,396682,gal,,R1,
M-1120,"940 Main St, Wiley, CO 81092",Resident 1120,A-20120,2025/06/12,405477,gal,,R1,
M-1121,"947 County Rd 10, Wiley, CO 81092",Resident 1121,A-20121,2025/01/12,162672,gal,,R2,
M-1121,"947 County Rd 10, Wiley, CO 81092",Resident 1121,A-20121,2025/02/13,167086,gal,,R2,
M-1121,"947 County Rd 10, Wiley, CO 81092",Resident 1121,A-20121,2025/03/14,171821,gal,,R2,
M-1121,"947 County Rd 10, Wiley, CO 81092",Resident 1121,A-20121,2025/04/15,177850,gal,,R2,
M-1121,"947 County Rd 10, Wiley, CO 81092",Resident 1121,A-20121,2025/05/16,183288,gal,,R2,
M-1121,"947 County Rd 10, Wiley, CO 81092",Resident 1121,A-20121,2025/06/12,190574,gal,,R2,
M-1122,"954 County Rd 14, Wiley, CO 81092",Resident 1122,A-20122,2025/01/12,235212,gal,,R3,
M-1122,"954 County Rd 14, Wiley, CO 81092",Resident 1122,A-20122,2025/02/13,240960,gal,,R3,
M-1122,"954 County Rd 14, Wiley, CO 81092",Resident 1122,A-20122,2025/03/14,247893,gal,,R3,
M-1122,"954 County Rd 14, Wiley, CO 81092",Resident 1122,A-20122,2025/04/15,256390,gal,,R3,
M-1122,"954 County Rd 14, Wiley, CO 81092",Resident 1122,A-20122,2025/05/16,266233,gal,,R3,
M-1122,"954 County Rd 14, Wiley, CO 81092",Resident 1122,A-20122,2025/06/12,276787,gal,,R3,
M-1123,"961 Highway 287, Wiley, CO 81092",Resident 1123,A-20123,2025/01/12,232089,gal,,R4,
M-1123,"961 Highway 287, Wiley, CO 81092",Resident 1123,A-20123,2025/02/13,236558,gal,,R4,
M-1123,"961 Highway 287, Wiley, CO 81092",Resident 1123,A-20123,2025/03/14,241693,gal,,R4,
M-1123,"961 Highway 287, Wiley, CO 81092",Resident 1123,A-20123,2025/04/15,247425,gal,,R4,
M-1123,"961 Highway 287, Wiley, CO 81092",Resident 1123,A-20123,2025/05/16,254565,gal,,R4,
M-1123,"961 Highway 287, Wiley, CO 81092",Resident 1123,A-20123,2025/06/12,263129,gal,,R4,
M-1124,"968 Maple Ave, Wiley, CO 81092",Resident 1124,A-20124,2025/01/12,387688,gal,,R5,
M-1124,"968 Maple Ave, Wiley, CO 81092",Resident 1124,A-20124,2025/02/13,390097,gal,,R5,
M-1124,"968 Maple Ave, Wiley, CO 81092",Resident 1124,A-20124,2025/03/14,393022,gal,,R5,
M-1124,"968 Maple Ave, Wiley, CO 81092",Resident 1124,A-20124,2025/04/15,396838,gal,,R5,
M-1124,"968 Maple Ave, Wiley, CO 81092",Resident 1124,A-20124,2025/05/16,401133,gal,,R5,
M-1124,"968 Maple Ave, Wiley, CO 81092",Resident 1124,A-20124,2025/06/12,405155,gal,,R5,
M-1125,"975 Oak St, Wiley, CO 81092",Resident 1125,A-20125,2025/01/12,184546,gal,,R6,
M-1125,"975 Oak St, Wiley, CO 81092",Resident 1125,A-20125,2025/02/13,187355,gal,,R6,
M-1125,"975 Oak St, Wiley, CO 81092",Resident 1125,A-20125,2025/03/14,192103,gal,,R6,
M-1125,"975 Oak St, Wiley, CO 81092",Resident 1125,A-20125,2025/04/15,196335,gal,,R6,
M-1125,"975 Oak St, Wiley, CO 81092",Resident 1125,A-20125,2025/05/16,200999,gal,,R6,
M-1125,"975 Oak St, Wiley, CO 81092",Resident 1125,A-20125,2025/06/12,207356,gal,,R6,
M-1126,"982 Elm St, Wiley, CO 81092",Resident 1126,A-20126,2025/01/12,249143,gal,,R1,
M-1126,"982 Elm St, Wiley, CO 81092",Resident 1126,A-20126,2025/02/13,251352,gal,,R1,
M-1126,"982 Elm St, Wiley, CO 81092",Resident 1126,A-20126,2025/03/14,254701,gal,,R1,
M-1126,"982 Elm St, Wiley, CO 81092",Resident 1126,A-20126,2025/04/15,257643,gal,,R1,
M-1126,"982 Elm St, Wiley, CO 81092",Resident 1126,A-20126,2025/05/16,261730,gal,,R1,
M-1126,"982 Elm St, Wiley, CO 81092",Resident 1126,A-20126,2025/06/12,265866,gal,,R1,
M-1127,"989 3rd Ave, Wiley, CO 81092",Resident 1127,A-20127,2025/01/12,181769,gal,,R2,
M-1127,"989 3rd Ave, Wiley, CO 81092",Resident 1127,A-20127,2025/02/13,184854,gal,,R2,
M-1127,"989 3rd Ave, Wiley, CO 81092",Resident 1127,A-20127,2025/03/14,189236,gal,,R2,
M-1127,"989 3rd Ave, Wiley, CO 81092",Resident 1127,A-20127,2025/04/15,193205,gal,,R2,
M-1127,"989 3rd Ave, Wiley, CO 81092",Resident 1127,A-20127,2025/05/16,198629,gal,,R2,
M-1127,"989 3rd Ave, Wiley, CO 81092",Resident 1127,A-20127,2025/06/12,204054,gal,,R2,
M-1128,"996 5th St, Wiley, CO 81092",Resident 1128,A-20128,2025/01/12,433821,gal,,R3,
M-1128,"996 5th St, Wiley, CO 81092",Resident 1128,A-20128,2025/02/13,440909,gal,,R3,
M-1128,"996 5th St, Wiley, CO 81092",Resident 1128,A-20128,2025/03/14,449213,gal,,R3,
M-1128,"996 5th St, Wiley, CO 81092",Resident 1128,A-20128,2025/04/15,456609,gal,,R3,
M-1128,"996 5th St, Wiley, CO 81092",Resident 1128,A-20128,2025/05/16,465579,gal,,R3,
M-1128,"996 5th St, Wiley, CO 81092",Resident 1128,A-20128,2025/06/12,477895,gal,,R3,
M-1129,"1003 Ranch Rd, Wiley, CO 81092",Resident 1129,A-20129,2025/01/12,228694,gal,,R4,
M-1129,"1003 Ranch Rd, Wiley, CO 81092",Resident 1129,A-20129,2025/02/13,233205,gal,,R4,
M-1129,"1003 Ranch Rd, Wiley, CO 81092",Resident 1129,A-20129,2025/03/14,239830,gal,,R4,
M-1129,"1003 Ranch Rd, Wiley, CO 81092",Resident 1129,A-20129,2025/04/15,245929,gal,,R4,
M-1129,"1003 Ranch Rd, Wiley, CO 81092",Resident 1129,A-20129,2025/05/16,252925,gal,,R4,
M-1129,"1003 Ranch Rd, Wiley, CO 81092",Resident 1129,A-20129,2025/06/12,263380,gal,,R4,
M-1130,"1010 Irrigation Ln, Wiley, CO 81092",Resident 1130,A-20130,2025/01/12,352761,gal,,R5,
M-1130,"1010 Irrigation Ln, Wiley, CO 81092",Resident 1130,A-20130,2025/02/13,358378,gal,,R5,
M-1130,"1010 Irrigation Ln, Wiley, CO 81092",Resident 1130,A-20130,2025/03/14,365393,gal,,R5,
M-1130,"1010 Irrigation Ln, Wiley, CO 81092",Resident 1130,A-20130,2025/04/15,372898,gal,,R5,
M-1130,"1010 Irrigation Ln, Wiley, CO 81092",Resident 1130,A-20130,2025/05/16,381111,gal,,R5,
M-1130,"1010 Irrigation Ln, Wiley, CO 81092",Resident 1130,A-20130,2025/06/12,389483,gal,,R5,
M-1131,"1017 North Frontage, Wiley, CO 81092",Resident 1131,A-20131,2025/01/12,330759,gal,,R6,
M-1131,"1017 North Frontage, Wiley, CO 81092",Resident 1131,A-20131,2025/02/13,333672,gal,,R6,
M-1131,"1017 North Frontage, Wiley, CO 81092",Resident 1131,A-20131,2025/03/14,337478,gal,,R6,
M-1131,"1017 North Frontage, Wiley, CO 81092",Resident 1131,A-20131,2025/04/15,342211,gal,,R6,
M-1131,"1017 North Frontage, Wiley, CO 81092",Resident 1131,A-20131,2025/05/16,347815,gal,,R6,
M-1131,"1017 North Frontage, Wiley, CO 81092",Resident 1131,A-20131,2025/06/12,353728,gal,,R6,
M-1132,"1024 South Loop, Wiley, CO 81092",Resident 1132,A-20132,2025/01/12,227611,gal,,R1,
M-1132,"1024 South Loop, Wiley, CO 81092",Resident 1132,A-20132,2025/02/13,233498,gal,,R1,
M-1132,"1024 South Loop, Wiley, CO 81092",Resident 1132,A-20132,2025/03/14,241908,gal,,R1,
M-1132,"1024 South Loop, Wiley, CO 81092",Resident 1132,A-20132,2025/04/15,251376,gal,,R1,
M-1132,"1024 South Loop, Wiley, CO 81092",Resident 1132,A-20132,2025/05/16,261819,gal,,R1,
M-1132,"1024 South Loop, Wiley, CO 81092",Resident 1132,A-20132,2025/06/12,273730,gal,,R1,
M-1133,"1031 Pioneer Rd, Wiley, CO 81092",Resident 1133,A-20133,2025/01/12,115774,gal,,R2,
M-1133,"1031 Pioneer Rd, Wiley, CO 81092",Resident 1133,A-20133,2025/02/13,120944,gal,,R2,
M-1133,"1031 Pioneer Rd, Wiley, CO 81092",Resident 1133,A-20133,2025/03/14,128175,gal,,R2,
M-1133,"1031 Pioneer Rd, Wiley, CO 81092",Resident 1133,A-20133,2025/04/15,135475,gal,,R2,
M-1133,"1031 Pioneer Rd, Wiley, CO 81092",Resident 1133,A-20133,2025/05/16,144240,gal,,R2,
M-1133,"1031 Pioneer Rd, Wiley, CO 81092",Resident 1133,A-20133,2025/06/12,152388,gal,,R2,
M-1134,"1038 Cottonwood Dr, Wiley, CO 81092",Resident 1134,A-20134,2025/01/12,131180,gal,,R3,
M-1134,"1038 Cottonwood Dr, Wiley, CO 81092",Resident 1134,A-20134,2025/02/13,135085,gal,,R3,
M-1134,"1038 Cottonwood Dr, Wiley, CO 81092",Resident 1134,A-20134,2025/03/14,140412,gal,,R3,
M-1134,"1038 Cottonwood Dr, Wiley, CO 81092",Resident 1134,A-20134,2025/04/15,145563,gal,,R3,
M-1134,"1038 Cottonwood Dr, Wiley, CO 81092",Resident 1134,A-20134,2025/05/16,152325,gal,,R3,
M-1134,"1038 Cottonwood Dr, Wiley, CO 81092",Resident 1134,A-20134,2025/06/12,159255,gal,,R3,
M-1135,"1045 Sand Creek Rd, Wiley, CO 81092",Resident 1135,A-20135,2025/01/12,420925,gal,,R4,
M-1135,"1045 Sand Creek Rd, Wiley, CO 81092",Resident 1135,A-20135,2025/02/13,426133,gal,,R4,
M-1135,"1045 Sand Creek Rd, Wiley, CO 81092",Resident 1135,A-20135,2025/03/14,432714,gal,,R4,
M-1135,"1045 Sand Creek Rd, Wiley, CO 81092",Resident 1135,A-20135,2025/04/15,440675,gal,,R4,
M-1135,"1045 Sand Creek Rd, Wiley, CO 81092",Resident 1135,A-20135,2025/05/16,449088,gal,,R4,
M-1135,"1045 Sand Creek Rd, Wiley, CO 81092",Resident 1135,A-20135,2025/06/12,457494,gal,,R4,
M-1136,"1052 Prairie View, Wiley, CO 81092",Resident 1136,A-20136,2025/01/12,303840,gal,,R5,
M-1136,"1052 Prairie View, Wiley, CO 81092",Resident 1136,A-20136,2025/02/13,307913,gal,,R5,
M-1136,"1052 Prairie View, Wiley, CO 81092",Resident 1136,A-20136,2025/03/14,313402,gal,,R5,
M-1136,"1052 Prairie View, Wiley, CO 81092",Resident 1136,A-20136,2025/04/15,319190,gal,,R5,
M-1136,"1052 Prairie View, Wiley, CO 81092",Resident 1136,A-20136,2025/05/16,325822,gal,,R5,
M-1136,"1052 Prairie View, Wiley, CO 81092",Resident 1136,A-20136,2025/06/12,333688,gal,,R5,
M-1137,"1059 School House Rd, Wiley, CO 81092",Resident 1137,A-20137,2025/01/12,226707,gal,,R6,
M-1137,"1059 School House Rd, Wiley, CO 81092",Resident 1137,A-20137,2025/02/13,230508,gal,,R6,
M-1137,"1059 School House Rd, Wiley, CO 81092",Resident 1137,A-20137,2025/03/14,235213,gal,,R6,
M-1137,"1059 School House Rd, Wiley, CO 81092",Resident 1137,A-20137,2025/04/15,241042,gal,,R6,
M-1137,"1059 School House Rd, Wiley, CO 81092",Resident 1137,A-20137,2025/05/16,247376,gal,,R6,
M-1137,"1059 School House Rd, Wiley, CO 81092",Resident 1137,A-20137,2025/06/12,254812,gal,,R6,
M-1138,"1066 Cemetery Rd, Wiley, CO 81092",Resident 1138,A-20138,2025/01/12,97711,gal,,R1,
M-1138,"1066 Cemetery Rd, Wiley, CO 81092",Resident 1138,A-20138,2025/02/13,100884,gal,,R1,
M-1138,"1066 Cemetery Rd, Wiley, CO 81092",Resident 1138,A-20138,2025/03/14,105249,gal,,R1,
M-1138,"1066 Cemetery Rd, Wiley, CO 81092",Resident 1138,A-20138,2025/04/15,109589,gal,,R1,
M-1138,"1066 Cemetery Rd, Wiley, CO 81092",Resident 1138,A-20138,2025/05/16,114398,gal,,R1,
M-1138,"1066 Cemetery Rd, Wiley, CO 81092",Resident 1138,A-20138,2025/06/12,119156,gal,,R1,
M-1139,"1073 Grain Elevator Rd, Wiley, CO 81092",Resident 1139,A-20139,2025/01/12,70456,gal,,R2,
M-1139,"1073 Grain Elevator Rd, Wiley, CO 81092",Resident 1139,A-20139,2025/02/13,72819,gal,,R2,
M-1139,"1073 Grain Elevator Rd, Wiley, CO 81092",Resident 1139,A-20139,2025/03/14,76188,gal,,R2,
M-1139,"1073 Grain Elevator Rd, Wiley, CO 81092",Resident 1139,A-20139,2025/04/15,79244,gal,,R2,
M-1139,"1073 Grain Elevator Rd, Wiley, CO 81092",Resident 1139,A-20139,2025/05/16,83648,gal,,R2,
M-1139,"1073 Grain Elevator Rd, Wiley, CO 81092",Resident 1139,A-20139,2025/06/12,88297,gal,,R2,
M-1140,"1080 Main St, Wiley, CO 81092",Resident 1140,A-20140,2025/01/12,261783,gal,,R3,
M-1140,"1080 Main St, Wiley, CO 81092",Resident 1140,A-20140,2025/02/13,266277,gal,,R3,
M-1140,"1080 Main St, Wiley, CO 81092",Resident 1140,A-20140,2025/03/14,272442,gal,,R3,
M-1140,"1080 Main St, Wiley, CO 81092",Resident 1140,A-20140,2025/04/15,278986,gal,,R3,
M-1140,"1080 Main St, Wiley, CO 81092",Resident 1140,A-20140,2025/05/16,285787,gal,,R3,
M-1140,"1080 Main St, Wiley, CO 81092",Resident 1140,A-20140,2025/06/12,293585,gal,,R3,
M-1141,"1087 County Rd 10, Wiley, CO 81092",Resident 1141,A-20141,2025/01/12,155126,gal,,R4,
M-1141,"1087 County Rd 10, Wiley, CO 81092",Resident 1141,A-20141,2025/02/13,160243,gal,,R4,
M-1141,"1087 County Rd 10, Wiley, CO 81092",Resident 1141,A-20141,2025/03/14,166736,gal,,R4,
M-1141,"1087 County Rd 10, Wiley, CO 81092",Resident 1141,A-20141,2025/04/15,172370,gal,,R4,
M-1141,"1087 County Rd 10, Wiley, CO 81092",Resident 1141,A-20141,2025/05/16,179372,gal,,R4,
M-1141,"1087 County Rd 10, Wiley, CO 81092",Resident 1141,A-20141,2025/06/12,188886,gal,,R4,
M-1142,"1094 County Rd 14, Wiley, CO 81092",Resident 1142,A-20142,2025/01/12,400784,gal,,R5,
M-1142,"1094 County Rd 14, Wiley, CO 81092",Resident 1142,A-20142,2025/02/13,402737,gal,,R5,
M-1142,"1094 County Rd 14, Wiley, CO 81092",Resident 1142,A-20142,2025/03/14,405976,gal,,R5,
M-1142,"1094 County Rd 14, Wiley, CO 81092",Resident 1142,A-20142,2025/04/15,408749,gal,,R5,
M-1142,"1094 County Rd 14, Wiley, CO 81092",Resident 1142,A-20142,2025/05/16,412021,gal,,R5,
M-1142,"1094 County Rd 14, Wiley, CO 81092",Resident 1142,A-20142,2025/06/12,415867,gal,,R5,
M-1143,"1101 Highway 287, Wiley, CO 81092",Resident 1143,A-20143,2025/01/12,236343,gal,,R6,
M-1143,"1101 Highway 287, Wiley, CO 81092",Resident 1143,A-20143,2025/02/13,243295,gal,,R6,
M-1143,"1101 Highway 287, Wiley, CO 81092",Resident 1143,A-20143,2025/03/14,252141,gal,,R6,
M-1143,"1101 Highway 287, Wiley, CO 81092",Resident 1143,A-20143,2025/04/15,261006,gal,,R6,
M-1143,"1101 Highway 287, Wiley, CO 81092",Resident 1143,A-20143,2025/05/16,269310,gal,,R6,
M-1143,"1101 Highway 287, Wiley, CO 81092",Resident 1143,A-20143,2025/06/12,280491,gal,,R6,
M-1144,"1108 Maple Ave, Wiley, CO 81092",Resident 1144,A-20144,2025/01/12,149658,gal,,R1,
M-1144,"1108 Maple Ave, Wiley, CO 81092",Resident 1144,A-20144,2025/02/13,151682,gal,,R1,
M-1144,"1108 Maple Ave, Wiley, CO 81092",Resident 1144,A-20144,2025/03/14,153930,gal,,R1,
M-1144,"1108 Maple Ave, Wiley, CO 81092",Resident 1144,A-20144,2025/04/15,156226,gal,,R1,
M-1144,"1108 Maple Ave, Wiley, CO 81092",Resident 1144,A-20144,2025/05/16,159384,gal,,R1,
M-1144,"1108 Maple Ave, Wiley, CO 81092",Resident 1144,A-20144,2025/06/12,163168,gal,,R1,
M-1145,"1115 Oak St, Wiley, CO 81092",Resident 1145,A-20145,2025/01/12,300089,gal,,R2,
M-1145,"1115 Oak St, Wiley, CO 81092",Resident 1145,A-20145,2025/02/13,302535,gal,,R2,
M-1145,"1115 Oak St, Wiley, CO 81092",Resident 1145,A-20145,2025/03/14,305817,gal,,R2,
M-1145,"1115 Oak St, Wiley, CO 81092",Resident 1145,A-20145,2025/04/15,309127,gal,,R2,
M-1145,"1115 Oak St, Wiley, CO 81092",Resident 1145,A-20145,2025/05/16,312766,gal,,R2,
M-1145,"1115 Oak St, Wiley, CO 81092",Resident 1145,A-20145,2025/06/12,317220,gal,,R2,
M-1146,"1122 Elm St, Wiley, CO 81092",Resident 1146,A-20146,2025/01/12,358987,gal,,R3,
M-1146,"1122 Elm St, Wiley, CO 81092",Resident 1146,A-20146,2025/02/13,361315,gal,,R3,
M-1146,"1122 Elm St, Wiley, CO 81092",Resident 1146,A-20146,2025/03/14,365005,gal,,R3,
M-1146,"1122 Elm St, Wiley, CO 81092",Resident 1146,A-20146,2025/04/15,368921,gal,,R3,
M-1146,"1122 Elm St, Wiley, CO 81092",Resident 1146,A-20146,2025/05/16,372521,gal,,R3,
M-1146,"1122 Elm St, Wiley, CO 81092",Resident 1146,A-20146,2025/06/12,376632,gal,,R3,
M-1147,"1129 3rd Ave, Wiley, CO 81092",Resident 1147,A-20147,2025/01/12,315420,gal,,R4,
M-1147,"1129 3rd Ave, Wiley, CO 81092",Resident 1147,A-20147,2025/02/13,321724,gal,,R4,
M-1147,"1129 3rd Ave, Wiley, CO 81092",Resident 1147,A-20147,2025/03/14,329826,gal,,R4,
M-1147,"1129 3rd Ave, Wiley, CO 81092",Resident 1147,A-20147,2025/04/15,338154,gal,,R4,
M-1147,"1129 3rd Ave, Wiley, CO 81092",Resident 1147,A-20147,2025/05/16,347168,gal,,R4,
M-1147,"1129 3rd Ave, Wiley, CO 81092",Resident 1147,A-20147,2025/06/12,356822,gal,,R4,
M-1148,"1136 5th St, Wiley, CO 81092",Resident 1148,A-20148,2025/01/12,364348,gal,,R5,
M-1148,"1136 5th St, Wiley, CO 81092",Resident 1148,A-20148,2025/02/13,366778,gal,,R5,
M-1148,"1136 5th St, Wiley, CO 81092",Resident 1148,A-20148,2025/03/14,369822,gal,,R5,
M-1148,"1136 5th St, Wiley, CO 81092",Resident 1148,A-20148,2025/04/15,373217,gal,,R5,
M-1148,"1136 5th St, Wiley, CO 81092",Resident 1148,A-20148,2025/05/16,376917,gal,,R5,
M-1148,"1136 5th St, Wiley, CO 81092",Resident 1148,A-20148,2025/06/12,382261,gal,,R5,
M-1149,"1143 Ranch Rd, Wiley, CO 81092",Resident 1149,A-20149,2025/01/12,97947,gal,,R6,
M-1149,"1143 Ranch Rd, Wiley, CO 81092",Resident 1149,A-20149,2025/02/13,103208,gal,,R6,
M-1149,"1143 Ranch Rd, Wiley, CO 81092",Resident 1149,A-20149,2025/03/14,110016,gal,,R6,
M-1149,"1143 Ranch Rd, Wiley, CO 81092",Resident 1149,A-20149,2025/04/15,118942,gal,,R6,
M-1149,"1143 Ranch Rd, Wiley, CO 81092",Resident 1149,A-20149,2025/05/16,127974,gal,,R6,
M-1149,"1143 Ranch Rd, Wiley, CO 81092",Resident 1149,A-20149,2025/06/12,139531,gal,,R6,
M-1150,"1150 Irrigation Ln, Wiley, CO 81092",Resident 1150,A-20150,2025/01/12,143074,gal,,R1,
M-1150,"1150 Irrigation Ln, Wiley, CO 81092",Resident 1150,A-20150,2025/02/13,146884,gal,,R1,
M-1150,"1150 Irrigation Ln, Wiley, CO 81092",Resident 1150,A-20150,2025/03/14,152430,gal,,R1,
M-1150,"1150 Irrigation Ln, Wiley, CO 81092",Resident 1150,A-20150,2025/04/15,158877,gal,,R1,
M-1150,"1150 Irrigation Ln, Wiley, CO 81092",Resident 1150,A-20150,2025/05/16,165939,gal,,R1,
M-1150,"1150 Irrigation Ln, Wiley, CO 81092",Resident 1150,A-20150,2025/06/12,173780,gal,,R1,
M-1151,"1157 North Frontage, Wiley, CO 81092",Resident 1151,A-20151,2025/01/12,128327,gal,,R2,
M-1151,"1157 North Frontage, Wiley, CO 81092",Resident 1151,A-20151,2025/02/13,133736,gal,,R2,
M-1151,"1157 North Frontage, Wiley, CO 81092",Resident 1151,A-20151,2025/03/14,140721,gal,,R2,
M-1151,"1157 North Frontage, Wiley, CO 81092",Resident 1151,A-20151,2025/04/15,146812,gal,,R2,
M-1151,"1157 North Frontage, Wiley, CO 81092",Resident 1151,A-20151,2025/05/16,155953,gal,,R2,
M-1151,"1157 North Frontage, Wiley, CO 81092",Resident 1151,A-20151,2025/06/12,166298,gal,,R2,
M-1152,"1164 South Loop, Wiley, CO 81092",Resident 1152,A-20152,2025/01/12,144109,gal,,R3,
M-1152,"1164 South Loop, Wiley, CO 81092",Resident 1152,A-20152,2025/02/13,146429,gal,,R3,
M-1152,"1164 South Loop, Wiley, CO 81092",Resident 1152,A-20152,2025/03/14,149237,gal,,R3,
M-1152,"1164 South Loop, Wiley, CO 81092",Resident 1152,A-20152,2025/04/15,152040,gal,,R3,
M-1152,"1164 South Loop, Wiley, CO 81092",Resident 1152,A-20152,2025/05/16,155329,gal,,R3,
M-1152,"1164 South Loop, Wiley, CO 81092",Resident 1152,A-20152,2025/06/12,158946,gal,,R3,
M-1153,"1171 Pioneer Rd, Wiley, CO 81092",Resident 1153,A-20153,2025/01/12,367106,gal,,R4,
M-1153,"1171 Pioneer Rd, Wiley, CO 81092",Resident 1153,A-20153,2025/02/13,370797,gal,,R4,
M-1153,"1171 Pioneer Rd, Wiley, CO 81092",Resident 1153,A-20153,2025/03/14,375842,gal,,R4,
M-1153,"1171 Pioneer Rd, Wiley, CO 81092",Resident 1153,A-20153,2025/04/15,381870,gal,,R4,
M-1153,"1171 Pioneer Rd, Wiley, CO 81092",Resident 1153,A-20153,2025/05/16,388038,gal,,R4,
M-1153,"1171 Pioneer Rd, Wiley, CO 81092",Resident 1153,A-20153,2025/06/12,395606,gal,,R4,
M-1154,"1178 Cottonwood Dr, Wiley, CO 81092",Resident 1154,A-20154,2025/01/12,99977,gal,,R5,
M-1154,"1178 Cottonwood Dr, Wiley, CO 81092",Resident 1154,A-20154,2025/02/13,103857,gal,,R5,
M-1154,"1178 Cottonwood Dr, Wiley, CO 81092",Resident 1154,A-20154,2025/03/14,109569,gal,,R5,
M-1154,"1178 Cottonwood Dr, Wiley, CO 81092",Resident 1154,A-20154,2025/04/15,115642,gal,,R5,
M-1154,"1178 Cottonwood Dr, Wiley, CO 81092",Resident 1154,A-20154,2025/05/16,122401,gal,,R5,
M-1154,"1178 Cottonwood Dr, Wiley, CO 81092",Resident 1154,A-20154,2025/06/12,130575,gal,,R5,
M-1155,"1185 Sand Creek Rd, Wiley, CO 81092",Resident 1155,A-20155,2025/01/12,283996,gal,,R6,
M-1155,"1185 Sand Creek Rd, Wiley, CO 81092",Resident 1155,A-20155,2025/02/13,288804,gal,,R6,
M-1155,"1185 Sand Creek Rd, Wiley, CO 81092",Resident 1155,A-20155,2025/03/14,296396,gal,,R6,
M-1155,"1185 Sand Creek Rd, Wiley, CO 81092",Resident 1155,A-20155,2025/04/15,302884,gal,,R6,
M-1155,"1185 Sand Creek Rd, Wiley, CO 81092",Resident 1155,A-20155,2025/05/16,311859,gal,,R6,
M-1155,"1185 Sand Creek Rd, Wiley, CO 81092",Resident 1155,A-20155,2025/06/12,320370,gal,,R6,
M-1156,"1192 Prairie View, Wiley, CO 81092",Resident 1156,A-20156,2025/01/12,503607,gal,,R1,
M-1156,"1192 Prairie View, Wiley, CO 81092",Resident 1156,A-20156,2025/02/13,523669,gal,,R1,
M-1156,"1192 Prairie View, Wiley, CO 81092",Resident 1156,A-20156,2025/03/14,546406,gal,,R1,
M-1156,"1192 Prairie View, Wiley, CO 81092",Resident 1156,A-20156,2025/04/15,572578,gal,,R1,
M-1156,"1192 Prairie View, Wiley, CO 81092",Resident 1156,A-20156,2025/05/16,605430,gal,,R1,
M-1156,"1192 Prairie View, Wiley, CO 81092",Resident 1156,A-20156,2025/06/12,640069,gal,,R1,
M-1157,"1199 School House Rd, Wiley, CO 81092",Resident 1157,A-20157,2025/01/12,377052,gal,,R2,
M-1157,"1199 School House Rd, Wiley, CO 81092",Resident 1157,A-20157,2025/02/13,381852,gal,,R2,
M-1157,"1199 School House Rd, Wiley, CO 81092",Resident 1157,A-20157,2025/03/14,388793,gal,,R2,
M-1157,"1199 School House Rd, Wiley, CO 81092",Resident 1157,A-20157,2025/04/15,396182,gal,,R2,
M-1157,"1199 School House Rd, Wiley, CO 81092",Resident 1157,A-20157,2025/05/16,402977,gal,,R2,
M-1157,"1199 School House Rd, Wiley, CO 81092",Resident 1157,A-20157,2025/06/12,411878,gal,,R2,
M-1158,"1206 Cemetery Rd, Wiley, CO 81092",Resident 1158,A-20158,2025/01/12,153784,gal,,R3,
M-1158,"1206 Cemetery Rd, Wiley, CO 81092",Resident 1158,A-20158,2025/02/13,156527,gal,,R3,
M-1158,"1206 Cemetery Rd, Wiley, CO 81092",Resident 1158,A-20158,2025/03/14,161043,gal,,R3,
M-1158,"1206 Cemetery Rd, Wiley, CO 81092",Resident 1158,A-20158,2025/04/15,164842,gal,,R3,
M-1158,"1206 Cemetery Rd, Wiley, CO 81092",Resident 1158,A-20158,2025/05/16,169148,gal,,R3,
M-1158,"1206 Cemetery Rd, Wiley, CO 81092",Resident 1158,A-20158,2025/06/12,174118,gal,,R3,
M-1159,"1213 Grain Elevator Rd, Wiley, CO 81092",Resident 1159,A-20159,2025/01/12,312463,gal,,R4,
M-1159,"1213 Grain Elevator Rd, Wiley, CO 81092",Resident 1159,A-20159,2025/02/13,317684,gal,,R4,
M-1159,"1213 Grain Elevator Rd, Wiley, CO 81092",Resident 1159,A-20159,2025/03/14,323737,gal,,R4,
M-1159,"1213 Grain Elevator Rd, Wiley, CO 81092",Resident 1159,A-20159,2025/04/15,330964,gal,,R4,
M-1159,"1213 Grain Elevator Rd, Wiley, CO 81092",Resident 1159,A-20159,2025/05/16,337841,gal,,R4,
M-1159,"1213 Grain Elevator Rd, Wiley, CO 81092",Resident 1159,A-20159,2025/06/12,348116,gal,,R4,
M-1160,"1220 Main St, Wiley, CO 81092",Resident 1160,A-20160,2025/01/12,129639,gal,,R5,
M-1160,"1220 Main St, Wiley, CO 81092",Resident 1160,A-20160,2025/02/13,131203,gal,,R5,
M-1160,"1220 Main St, Wiley, CO 81092",Resident 1160,A-20160,2025/03/14,133808,gal,,R5,
M-1160,"1220 Main St, Wiley, CO 81092",Resident 1160,A-20160,2025/04/15,135921,gal,,R5,
M-1160,"1220 Main St, Wiley, CO 81092",Resident 1160,A-20160,2025/05/16,138368,gal,,R5,
M-1160,"1220 Main St, Wiley, CO 81092",Resident 1160,A-20160,2025/06/12,141779,gal,,R5,
M-1161,"1227 County Rd 10, Wiley, CO 81092",Resident 1161,A-20161,2025/01/12,116000,gal,,R6,
M-1161,"1227 County Rd 10, Wiley, CO 81092",Resident 1161,A-20161,2025/02/13,121990,gal,,R6,
M-1161,"1227 County Rd 10, Wiley, CO 81092",Resident 1161,A-20161,2025/03/14,129815,gal,,R6,
M-1161,"1227 County Rd 10, Wiley, CO 81092",Resident 1161,A-20161,2025/04/15,138711,gal,,R6,
M-1161,"1227 County Rd 10, Wiley, CO 81092",Resident 1161,A-20161,2025/05/16,148475,gal,,R6,
M-1161,"1227 County Rd 10, Wiley, CO 81092",Resident 1161,A-20161,2025/06/12,158913,gal,,R6,
M-1162,"1234 County Rd 14, Wiley, CO 81092",Resident 1162,A-20162,2025/01/12,260021,gal,,R1,
M-1162,"1234 County Rd 14, Wiley, CO 81092",Resident 1162,A-20162,2025/02/13,265896,gal,,R1,
M-1162,"1234 County Rd 14, Wiley, CO 81092",Resident 1162,A-20162,2025/03/14,274687,gal,,R1,
M-1162,"1234 County Rd 14, Wiley, CO 81092",Resident 1162,A-20162,2025/04/15,281983,gal,,R1,
M-1162,"1234 County Rd 14, Wiley, CO 81092",Resident 1162,A-20162,2025/05/16,292037,gal,,R1,
M-1162,"1234 County Rd 14, Wiley, CO 81092",Resident 1162,A-20162,2025/06/12,303004,gal,,R1,
M-1163,"1241 Highway 287, Wiley, CO 81092",Resident 1163,A-20163,2025/01/12,259402,gal,,R2,
M-1163,"1241 Highway 287, Wiley, CO 81092",Resident 1163,A-20163,2025/02/13,261900,gal,,R2,
M-1163,"1241 Highway 287, Wiley, CO 81092",Resident 1163,A-20163,2025/03/14,265245,gal,,R2,
M-1163,"1241 Highway 287, Wiley, CO 81092",Resident 1163,A-20163,2025/04/15,268745,gal,,R2,
M-1163,"1241 Highway 287, Wiley, CO 81092",Resident 1163,A-20163,2025/05/16,272010,gal,,R2,
M-1163,"1241 Highway 287, Wiley, CO 81092",Resident 1163,A-20163,2025/06/12,276781,gal,,R2,
M-1164,"1248 Maple Ave, Wiley, CO 81092",Resident 1164,A-20164,2025/01/12,116938,gal,,R3,
M-1164,"1248 Maple Ave, Wiley, CO 81092",Resident 1164,A-20164,2025/02/13,122260,gal,,R3,
M-1164,"1248 Maple Ave, Wiley, CO 81092",Resident 1164,A-20164,2025/03/14,129266,gal,,R3,
M-1164,"1248 Maple Ave, Wiley, CO 81092",Resident 1164,A-20164,2025/04/15,136089,gal,,R3,
M-1164,"1248 Maple Ave, Wiley, CO 81092",Resident 1164,A-20164,2025/05/16,145523,gal,,R3,
M-1164,"1248 Maple Ave, Wiley, CO 81092",Resident 1164,A-20164,2025/06/12,155013,gal,,R3,
M-1165,"1255 Oak St, Wiley, CO 81092",Resident 1165,A-20165,2025/01/12,273986,gal,,R4,
M-1165,"1255 Oak St, Wiley, CO 81092",Resident 1165,A-20165,2025/02/13,279309,gal,,R4,
M-1165,"1255 Oak St, Wiley, CO 81092",Resident 1165,A-20165,2025/03/14,285168,gal,,R4,
M-1165,"1255 Oak St, Wiley, CO 81092",Resident 1165,A-20165,2025/04/15,292179,gal,,R4,
M-1165,"1255 Oak St, Wiley, CO 81092",Resident 1165,A-20165,2025/05/16,299392,gal,,R4,
M-1165,"1255 Oak St, Wiley, CO 81092",Resident 1165,A-20165,2025/06/12,308509,gal,,R4,
M-1166,"1262 Elm St, Wiley, CO 81092",Resident 1166,A-20166,2025/01/12,209096,gal,,R5,
M-1166,"1262 Elm St, Wiley, CO 81092",Resident 1166,A-20166,2025/02/13,215939,gal,,R5,
M-1166,"1262 Elm St, Wiley, CO 81092",Resident 1166,A-20166,2025/03/14,224994,gal,,R5,
M-1166,"1262 Elm St, Wiley, CO 81092",Resident 1166,A-20166,2025/04/15,233693,gal,,R5,
M-1166,"1262 Elm St, Wiley, CO 81092",Resident 1166,A-20166,2025/05/16,242113,gal,,R5,
M-1166,"1262 Elm St, Wiley, CO 81092",Resident 1166,A-20166,2025/06/12,254166,gal,,R5,
M-1167,"1269 3rd Ave, Wiley, CO 81092",Resident 1167,A-20167,2025/01/12,206202,gal,,R6,
M-1167,"1269 3rd Ave, Wiley, CO 81092",Resident 1167,A-20167,2025/02/13,209059,gal,,R6,
M-1167,"1269 3rd Ave, Wiley, CO 81092",Resident 1167,A-20167,2025/03/14,213139,gal,,R6,
M-1167,"1269 3rd Ave, Wiley, CO 81092",Resident 1167,A-20167,2025/04/15,218032,gal,,R6,
M-1167,"1269 3rd Ave, Wiley, CO 81092",Resident 1167,A-20167,2025/05/16,222855,gal,,R6,
M-1167,"1269 3rd Ave, Wiley, CO 81092",Resident 1167,A-20167,2025/06/12,228114,gal,,R6,
M-1168,"1276 5th St, Wiley, CO 81092",Resident 1168,A-20168,2025/01/12,447355,gal,,R1,
M-1168,"1276 5th St, Wiley, CO 81092",Resident 1168,A-20168,2025/02/13,452965,gal,,R1,
M-1168,"1276 5th St, Wiley, CO 81092",Resident 1168,A-20168,2025/03/14,462445,gal,,R1,
M-1168,"1276 5th St, Wiley, CO 81092",Resident 1168,A-20168,2025/04/15,470804,gal,,R1,
M-1168,"1276 5th St, Wiley, CO 81092",Resident 1168,A-20168,2025/05/16,481290,gal,,R1,
M-1168,"1276 5th St, Wiley, CO 81092",Resident 1168,A-20168,2025/06/12,492372,gal,,R1,
M-1169,"1283 Ranch Rd, Wiley, CO 81092",Resident 1169,A-20169,2025/01/12,146918,gal,,R2,
M-1169,"1283 Ranch Rd, Wiley, CO 81092",Resident 1169,A-20169,2025/02/13,153129,gal,,R2,
M-1169,"1283 Ranch Rd, Wiley, CO 81092",Resident 1169,A-20169,2025/03/14,161185,gal,,R2,
M-1169,"1283 Ranch Rd, Wiley, CO 81092",Resident 1169,A-20169,2025/04/15,168110,gal,,R2,
M-1169,"1283 Ranch Rd, Wiley, CO 81092",Resident 1169,A-20169,2025/05/16,176181,gal,,R2,
M-1169,"1283 Ranch Rd, Wiley, CO 81092",Resident 1169,A-20169,2025/06/12,186541,gal,,R2,
M-1170,"1290 Irrigation Ln, Wiley, CO 81092",Resident 1170,A-20170,2025/01/12,264973,gal,,R3,
M-1170,"1290 Irrigation Ln, Wiley, CO 81092",Resident 1170,A-20170,2025/02/13,268361,gal,,R3,
M-1170,"1290 Irrigation Ln, Wiley, CO 81092",Resident 1170,A-20170,2025/03/14,272643,gal,,R3,
M-1170,"1290 Irrigation Ln, Wiley, CO 81092",Resident 1170,A-20170,2025/06/12,280146,gal,,R3,
M-1171,"1297 North Frontage, Wiley, CO 81092",Resident 1171,A-20171,2025/01/12,361174,gal,,R4,
M-1171,"1297 North Frontage, Wiley, CO 81092",Resident 1171,A-20171,2025/02/13,363386,gal,,R4,
M-1171,"1297 North Frontage, Wiley, CO 81092",Resident 1171,A-20171,2025/03/14,366785,gal,,R4,
M-1171,"1297 North Frontage, Wiley, CO 81092",Resident 1171,A-20171,2025/04/15,369664,gal,,R4,
M-1171,"1297 North Frontage, Wiley, CO 81092",Resident 1171,A-20171,2025/05/16,373553,gal,,R4,
M-1171,"1297 North Frontage, Wiley, CO 81092",Resident 1171,A-20171,2025/06/12,377760,gal,,R4,
M-1172,"1304 South Loop, Wiley, CO 81092",Resident 1172,A-20172,2025/01/12,287911,gal,,R5,
M-1172,"1304 South Loop, Wiley, CO 81092",Resident 1172,A-20172,2025/02/13,291320,gal,,R5,
M-1172,"1304 South Loop, Wiley, CO 81092",Resident 1172,A-20172,2025/03/14,295609,gal,,R5,
M-1172,"1304 South Loop, Wiley, CO 81092",Resident 1172,A-20172,2025/04/15,299616,gal,,R5,
M-1172,"1304 South Loop, Wiley, CO 81092",Resident 1172,A-20172,2025/05/16,304642,gal,,R5,
M-1172,"1304 South Loop, Wiley, CO 81092",Resident 1172,A-20172,2025/06/12,310642,gal,,R5,
M-1173,"1311 Pioneer Rd, Wiley, CO 81092",Resident 1173,A-20173,2025/01/12,410855,gal,,R6,
M-1173,"1311 Pioneer Rd, Wiley, CO 81092",Resident 1173,A-20173,2025/02/13,414867,gal,,R6,
M-1173,"1311 Pioneer Rd, Wiley, CO 81092",Resident 1173,A-20173,2025/03/14,419874,gal,,R6,
M-1173,"1311 Pioneer Rd, Wiley, CO 81092",Resident 1173,A-20173,2025/04/15,425214,gal,,R6,
M-1173,"1311 Pioneer Rd, Wiley, CO 81092",Resident 1173,A-20173,2025/05/16,431363,gal,,R6,
M-1173,"1311 Pioneer Rd, Wiley, CO 81092",Resident 1173,A-20173,2025/06/12,440259,gal,,R6,
M-1174,"1318 Cottonwood Dr, Wiley, CO 81092",Resident 1174,A-20174,2025/01/12,150511,gal,,R1,
M-1174,"1318 Cottonwood Dr, Wiley, CO 81092",Resident 1174,A-20174,2025/02/13,153417,gal,,R1,
M-1174,"1318 Cottonwood Dr, Wiley, CO 81092",Resident 1174,A-20174,2025/03/14,157134,gal,,R1,
M-1174,"1318 Cottonwood Dr, Wiley, CO 81092",Resident 1174,A-20174,2025/04/15,160218,gal,,R1,
M-1174,"1318 Cottonwood Dr, Wiley, CO 81092",Resident 1174,A-20174,2025/05/16,163988,gal,,R1,
M-1174,"1318 Cottonwood Dr, Wiley, CO 81092",Resident 1174,A-20174,2025/06/12,169294,gal,,R1,
M-1175,"1325 Sand Creek Rd, Wiley, CO 81092",Resident 1175,A-20175,2025/01/12,207153,gal,,R2,
M-1175,"1325 Sand Creek Rd, Wiley, CO 81092",Resident 1175,A-20175,2025/02/13,211626,gal,,R2,
M-1175,"1325 Sand Creek Rd, Wiley, CO 81092",Resident 1175,A-20175,2025/03/14,217678,gal,,R2,
M-1175,"1325 Sand Creek Rd, Wiley, CO 81092",Resident 1175,A-20175,2025/04/15,222708,gal,,R2,
M-1175,"1325 Sand Creek Rd, Wiley, CO 81092",Resident 1175,A-20175,2025/05/16,230228,gal,,R2,
M-1175,"1325 Sand Creek Rd, Wiley, CO 81092",Resident 1175,A-20175,2025/06/12,238843,gal,,R2,
M-1176,"1332 Prairie View, Wiley, CO 81092",Resident 1176,A-20176,2025/01/12,148307,gal,,R3,
M-1176,"1332 Prairie View, Wiley, CO 81092",Resident 1176,A-20176,2025/02/13,150046,gal,,R3,
M-1176,"1332 Prairie View, Wiley, CO 81092",Resident 1176,A-20176,2025/03/14,151989,gal,,R3,
M-1176,"1332 Prairie View, Wiley, CO 81092",Resident 1176,A-20176,2025/04/15,154138,gal,,R3,
M-1176,"1332 Prairie View, Wiley, CO 81092",Resident 1176,A-20176,2025/05/16,156675,gal,,R3,
M-1176,"1332 Prairie View, Wiley, CO 81092",Resident 1176,A-20176,2025/06/12,159475,gal,,R3,
M-1177,"1339 School House Rd, Wiley, CO 81092",Resident 1177,A-20177,2025/01/12,188320,gal,,R4,
M-1177,"1339 School House Rd, Wiley, CO 81092",Resident 1177,A-20177,2025/02/13,194583,gal,,R4,
M-1177,"1339 School House Rd, Wiley, CO 81092",Resident 1177,A-20177,2025/03/14,202588,gal,,R4,
M-1177,"1339 School House Rd, Wiley, CO 81092",Resident 1177,A-20177,2025/04/15,211269,gal,,R4,
M-1177,"1339 School House Rd, Wiley, CO 81092",Resident 1177,A-20177,2025/05/16,221627,gal,,R4,
M-1177,"1339 School House Rd, Wiley, CO 81092",Resident 1177,A-20177,2025/06/12,234105,gal,,R4,
M-1178,"1346 Cemetery Rd, Wiley, CO 81092",Resident 1178,A-20178,2025/01/12,315054,gal,,R5,
M-1178,"1346 Cemetery Rd, Wiley, CO 81092",Resident 1178,A-20178,2025/02/13,321327,gal,,R5,
M-1178,"1346 Cemetery Rd, Wiley, CO 81092",Resident 1178,A-20178,2025/03/14,329082,gal,,R5,
M-1178,"1346 Cemetery Rd, Wiley, CO 81092",Resident 1178,A-20178,2025/04/15,338316,gal,,R5,
M-1178,"1346 Cemetery Rd, Wiley, CO 81092",Resident 1178,A-20178,2025/05/16,347858,gal,,R5,
M-1178,"1346 Cemetery Rd, Wiley, CO 81092",Resident 1178,A-20178,2025/06/12,360328,gal,,R5,
M-1179,"1353 Grain Elevator Rd, Wiley, CO 81092",Resident 1179,A-20179,2025/01/12,87902,gal,,R6,
M-1179,"1353 Grain Elevator Rd, Wiley, CO 81092",Resident 1179,A-20179,2025/02/13,91255,gal,,R6,
M-1179,"1353 Grain Elevator Rd, Wiley, CO 81092",Resident 1179,A-20179,2025/03/14,95611,gal,,R6,
M-1179,"1353 Grain Elevator Rd, Wiley, CO 81092",Resident 1179,A-20179,2025/04/15,100470,gal,,R6,
M-1179,"1353 Grain Elevator Rd, Wiley, CO 81092",Resident 1179,A-20179,2025/05/16,106148,gal,,R6,
M-1179,"1353 Grain Elevator Rd, Wiley, CO 81092",Resident 1179,A-20179,2025/06/12,111946,gal,,R6,
M-1180,"1360 Main St, Wiley, CO 81092",Resident 1180,A-20180,2025/01/12,180374,gal,,R1,
M-1180,"1360 Main St, Wiley, CO 81092",Resident 1180,A-20180,2025/02/13,184883,gal,,R1,
M-1180,"1360 Main St, Wiley, CO 81092",Resident 1180,A-20180,2025/03/14,191309,gal,,R1,
M-1180,"1360 Main St, Wiley, CO 81092",Resident 1180,A-20180,2025/04/15,197595,gal,,R1,
M-1180,"1360 Main St, Wiley, CO 81092",Resident 1180,A-20180,2025/05/16,203908,gal,,R1,
M-1180,"1360 Main St, Wiley, CO 81092",Resident 1180,A-20180,2025/06/12,211477,gal,,R1,
M-1181,"1367 County Rd 10, Wiley, CO 81092",Resident 1181,A-20181,2025/01/12,271519,gal,,R2,
M-1181,"1367 County Rd 10, Wiley, CO 81092",Resident 1181,A-20181,2025/02/13,278505,gal,,R2,
M-1181,"1367 County Rd 10, Wiley, CO 81092",Resident 1181,A-20181,2025/03/14,286610,gal,,R2,
M-1181,"1367 County Rd 10, Wiley, CO 81092",Resident 1181,A-20181,2025/04/15,294743,gal,,R2,
M-1181,"1367 County Rd 10, Wiley, CO 81092",Resident 1181,A-20181,2025/05/16,305584,gal,,R2,
M-1181,"1367 County Rd 10, Wiley, CO 81092",Resident 1181,A-20181,2025/06/12,316681,gal,,R2,
M-1182,"1374 County Rd 14, Wiley, CO 81092",Resident 1182,A-20182,2025/01/12,287953,gal,,R3,
M-1182,"1374 County Rd 14, Wiley, CO 81092",Resident 1182,A-20182,2025/02/13,290796,gal,,R3,
M-1182,"1374 County Rd 14, Wiley, CO 81092",Resident 1182,A-20182,2025/03/14,294189,gal,,R3,
M-1182,"1374 County Rd 14, Wiley, CO 81092",Resident 1182,A-20182,2025/04/15,297902,gal,,R3,
M-1182,"1374 County Rd 14, Wiley, CO 81092",Resident 1182,A-20182,2025/05/16,302115,gal,,R3,
M-1182,"1374 County Rd 14, Wiley, CO 81092",Resident 1182,A-20182,2025/06/12,307356,gal,,R3,
M-1183,"1381 Highway 287, Wiley, CO 81092",Resident 1183,A-20183,2025/01/12,217699,gal,,R4,
M-1183,"1381 Highway 287, Wiley, CO 81092",Resident 1183,A-20183,2025/02/13,222916,gal,,R4,
M-1183,"1381 Highway 287, Wiley, CO 81092",Resident 1183,A-20183,2025/03/14,228516,gal,,R4,
M-1183,"1381 Highway 287, Wiley, CO 81092",Resident 1183,A-20183,2025/04/15,234113,gal,,R4,
M-1183,"1381 Highway 287, Wiley, CO 81092",Resident 1183,A-20183,2025/05/16,242230,gal,,R4,
M-1183,"1381 Highway 287, Wiley, CO 81092",Resident 1183,A-20183,2025/06/12,251452,gal,,R4,
M-1184,"1388 Maple Ave, Wiley, CO 81092",Resident 1184,A-20184,2025/01/12,207865,gal,,R5,
M-1184,"1388 Maple Ave, Wiley, CO 81092",Resident 1184,A-20184,2025/02/13,210310,gal,,R5,
M-1184,"1388 Maple Ave, Wiley, CO 81092",Resident 1184,A-20184,2025/03/14,213449,gal,,R5,
M-1184,"1388 Maple Ave, Wiley, CO 81092",Resident 1184,A-20184,2025/04/15,216501,gal,,R5,
M-1184,"1388 Maple Ave, Wiley, CO 81092",Resident 1184,A-20184,2025/05/16,219907,gal,,R5,
M-1184,"1388 Maple Ave, Wiley, CO 81092",Resident 1184,A-20184,2025/06/12,223802,gal,,R5,
M-1185,"1395 Oak St, Wiley, CO 81092",Resident 1185,A-20185,2025/01/12,174879,gal,,R6,
M-1185,"1395 Oak St, Wiley, CO 81092",Resident 1185,A-20185,2025/02/13,180036,gal,,R6,
M-1185,"1395 Oak St, Wiley, CO 81092",Resident 1185,A-20185,2025/03/14,187847,gal,,R6,
M-1185,"1395 Oak St, Wiley, CO 81092",Resident 1185,A-20185,2025/04/15,195968,gal,,R6,
M-1185,"1395 Oak St, Wiley, CO 81092",Resident 1185,A-20185,2025/05/16,203878,gal,,R6,
M-1185,"1395 Oak St, Wiley, CO 81092",Resident 1185,A-20185,2025/06/12,214360,gal,,R6,
M-1186,"1402 Elm St, Wiley, CO 81092",Resident 1186,A-20186,2025/01/12,133680,gal,,R1,
M-1186,"1402 Elm St, Wiley, CO 81092",Resident 1186,A-20186,2025/02/13,137282,gal,,R1,
M-1186,"1402 Elm St, Wiley, CO 81092",Resident 1186,A-20186,2025/03/14,141547,gal,,R1,
M-1186,"1402 Elm St, Wiley, CO 81092",Resident 1186,A-20186,2025/04/15,146401,gal,,R1,
M-1186,"1402 Elm St, Wiley, CO 81092",Resident 1186,A-20186,2025/05/16,151027,gal,,R1,
M-1186,"1402 Elm St, Wiley, CO 81092",Resident 1186,A-20186,2025/06/12,157974,gal,,R1,
M-1187,"1409 3rd Ave, Wiley, CO 81092",Resident 1187,A-20187,2025/01/12,294482,gal,,R2,
M-1187,"1409 3rd Ave, Wiley, CO 81092",Resident 1187,A-20187,2025/02/13,299362,gal,,R2,
M-1187,"1409 3rd Ave, Wiley, CO 81092",Resident 1187,A-20187,2025/03/14,306815,gal,,R2,
M-1187,"1409 3rd Ave, Wiley, CO 81092",Resident 1187,A-20187,2025/04/15,314666,gal,,R2,
M-1187,"1409 3rd Ave, Wiley, CO 81092",Resident 1187,A-20187,2025/05/16,324123,gal,,R2,
M-1187,"1409 3rd Ave, Wiley, CO 81092",Resident 1187,A-20187,2025/06/12,334796,gal,,R2,
M-1188,"1416 5th St, Wiley, CO 81092",Resident 1188,A-20188,2025/01/12,106417,gal,,R3,
M-1188,"1416 5th St, Wiley, CO 81092",Resident 1188,A-20188,2025/02/13,110661,gal,,R3,
M-1188,"1416 5th St, Wiley, CO 81092",Resident 1188,A-20188,2025/03/14,116149,gal,,R3,
M-1188,"1416 5th St, Wiley, CO 81092",Resident 1188,A-20188,2025/04/15,121863,gal,,R3,
M-1188,"1416 5th St, Wiley, CO 81092",Resident 1188,A-20188,2025/05/16,128379,gal,,R3,
M-1188,"1416 5th St, Wiley, CO 81092",Resident 1188,A-20188,2025/06/12,138083,gal,,R3,
M-1189,"1423 Ranch Rd, Wiley, CO 81092",Resident 1189,A-20189,2025/01/12,338203,gal,,R4,
M-1189,"1423 Ranch Rd, Wiley, CO 81092",Resident 1189,A-20189,2025/02/13,342975,gal,,R4,
M-1189,"1423 Ranch Rd, Wiley, CO 81092",Resident 1189,A-20189,2025/03/14,350945,gal,,R4,
M-1189,"1423 Ranch Rd, Wiley, CO 81092",Resident 1189,A-20189,2025/04/15,357213,gal,,R4,
M-1189,"1423 Ranch Rd, Wiley, CO 81092",Resident 1189,A-20189,2025/05/16,364735,gal,,R4,
M-1189,"1423 Ranch Rd, Wiley, CO 81092",Resident 1189,A-20189,2025/06/12,374824,gal,,R4,
M-1190,"1430 Irrigation Ln, Wiley, CO 81092",Resident 1190,A-20190,2025/01/12,189260,gal,,R5,
M-1190,"1430 Irrigation Ln, Wiley, CO 81092",Resident 1190,A-20190,2025/02/13,191964,gal,,R5,
M-1190,"1430 Irrigation Ln, Wiley, CO 81092",Resident 1190,A-20190,2025/03/14,195499,gal,,R5,
M-1190,"1430 Irrigation Ln, Wiley, CO 81092",Resident 1190,A-20190,2025/04/15,199725,gal,,R5,
M-1190,"1430 Irrigation Ln, Wiley, CO 81092",Resident 1190,A-20190,2025/05/16,204008,gal,,R5,
M-1190,"1430 Irrigation Ln, Wiley, CO 81092",Resident 1190,A-20190,2025/06/12,208713,gal,,R5,
M-1191,"1437 North Frontage, Wiley, CO 81092",Resident 1191,A-20191,2025/01/12,172897,gal,,R6,
M-1191,"1437 North Frontage, Wiley, CO 81092",Resident 1191,A-20191,2025/02/13,175239,gal,,R6,
M-1191,"1437 North Frontage, Wiley, CO 81092",Resident 1191,A-20191,2025/03/14,178661,gal,,R6,
M-1191,"1437 North Frontage, Wiley, CO 81092",Resident 1191,A-20191,2025/04/15,181900,gal,,R6,
M-1191,"1437 North Frontage, Wiley, CO 81092",Resident 1191,A-20191,2025/05/16,185952,gal,,R6,
M-1191,"1437 North Frontage, Wiley, CO 81092",Resident 1191,A-20191,2025/06/12,190785,gal,,R6,
M-1192,"1444 South Loop, Wiley, CO 81092",Resident 1192,A-20192,2025/01/12,321981,gal,,R1,
M-1192,"1444 South Loop, Wiley, CO 81092",Resident 1192,A-20192,2025/02/13,326157,gal,,R1,
M-1192,"1444 South Loop, Wiley, CO 81092",Resident 1192,A-20192,2025/03/14,331235,gal,,R1,
M-1192,"1444 South Loop, Wiley, CO 81092",Resident 1192,A-20192,2025/04/15,336211,gal,,R1,
M-1192,"1444 South Loop, Wiley, CO 81092",Resident 1192,A-20192,2025/05/16,343001,gal,,R1,
M-1192,"1444 South Loop, Wiley, CO 81092",Resident 1192,A-20192,2025/06/12,349659,gal,,R1,
M-1193,"1451 Pioneer Rd, Wiley, CO 81092",Resident 1193,A-20193,2025/01/12,280993,gal,,R2,
M-1193,"1451 Pioneer Rd, Wiley, CO 81092",Resident 1193,A-20193,2025/02/13,287348,gal,,R2,
M-1193,"1451 Pioneer Rd, Wiley, CO 81092",Resident 1193,A-20193,2025/03/14,294907,gal,,R2,
M-1193,"1451 Pioneer Rd, Wiley, CO 81092",Resident 1193,A-20193,2025/04/15,304497,gal,,R2,
M-1193,"1451 Pioneer Rd, Wiley, CO 81092",Resident 1193,A-20193,2025/05/16,314086,gal,,R2,
M-1193,"1451 Pioneer Rd, Wiley, CO 81092",Resident 1193,A-20193,2025/06/12,324958,gal,,R2,
M-1194,"1458 Cottonwood Dr, Wiley, CO 81092",Resident 1194,A-20194,2025/01/12,231079,gal,,R3,
M-1194,"1458 Cottonwood Dr, Wiley, CO 81092",Resident 1194,A-20194,2025/02/13,233656,gal,,R3,
M-1194,"1458 Cottonwood Dr, Wiley, CO 81092",Resident 1194,A-20194,2025/03/14,237634,gal,,R3,
M-1194,"1458 Cottonwood Dr, Wiley, CO 81092",Resident 1194,A-20194,2025/04/15,240706,gal,,R3,
M-1194,"1458 Cottonwood Dr, Wiley, CO 81092",Resident 1194,A-20194,2025/05/16,244534,gal,,R3,
M-1194,"1458 Cottonwood Dr, Wiley, CO 81092",Resident 1194,A-20194,2025/06/12,249535,gal,,R3,
M-1195,"1465 Sand Creek Rd, Wiley, CO 81092",Resident 1195,A-20195,2025/01/12,208010,gal,,R4,
M-1195,"1465 Sand Creek Rd, Wiley, CO 81092",Resident 1195,A-20195,2025/02/13,212434,gal,,R4,
M-1195,"1465 Sand Creek Rd, Wiley, CO 81092",Resident 1195,A-20195,2025/03/14,219761,gal,,R4,
M-1195,"1465 Sand Creek Rd, Wiley, CO 81092",Resident 1195,A-20195,2025/04/15,225724,gal,,R4,
M-1195,"1465 Sand Creek Rd, Wiley, CO 81092",Resident 1195,A-20195,2025/05/16,233827,gal,,R4,
M-1195,"1465 Sand Creek Rd, Wiley, CO 81092",Resident 1195,A-20195,2025/06/12,244051,gal,,R4,
M-1196,"1472 Prairie View, Wiley, CO 81092",Resident 1196,A-20196,2025/01/12,205445,gal,,R5,
M-1196,"1472 Prairie View, Wiley, CO 81092",Resident 1196,A-20196,2025/02/13,210181,gal,,R5,
M-1196,"1472 Prairie View, Wiley, CO 81092",Resident 1196,A-20196,2025/03/14,216828,gal,,R5,
M-1196,"1472 Prairie View, Wiley, CO 81092",Resident 1196,A-20196,2025/04/15,223127,gal,,R5,
M-1196,"1472 Prairie View, Wiley, CO 81092",Resident 1196,A-20196,2025/05/16,231282,gal,,R5,
M-1196,"1472 Prairie View, Wiley, CO 81092",Resident 1196,A-20196,2025/06/12,240514,gal,,R5,
M-1197,"1479 School House Rd, Wiley, CO 81092",Resident 1197,A-20197,2025/01/12,75061,gal,,R6,
M-1197,"1479 School House Rd, Wiley, CO 81092",Resident 1197,A-20197,2025/02/13,76558,gal,,R6,
M-1197,"1479 School House Rd, Wiley, CO 81092",Resident 1197,A-20197,2025/03/14,79035,gal,,R6,
M-1197,"1479 School House Rd, Wiley, CO 81092",Resident 1197,A-20197,2025/04/15,81392,gal,,R6,
M-1197,"1479 School House Rd, Wiley, CO 81092",Resident 1197,A-20197,2025/05/16,83917,gal,,R6,
M-1197,"1479 School House Rd, Wiley, CO 81092",Resident 1197,A-20197,2025/06/12,87301,gal,,R6,
M-1198,"1486 Cemetery Rd, Wiley, CO 81092",Resident 1198,A-20198,2025/01/12,438357,gal,,R1,
M-1198,"1486 Cemetery Rd, Wiley, CO 81092",Resident 1198,A-20198,2025/02/13,443903,gal,,R1,
M-1198,"1486 Cemetery Rd, Wiley, CO 81092",Resident 1198,A-20198,2025/03/14,451522,gal,,R1,
M-1198,"1486 Cemetery Rd, Wiley, CO 81092",Resident 1198,A-20198,2025/04/15,458728,gal,,R1,
M-1198,"1486 Cemetery Rd, Wiley, CO 81092",Resident 1198,A-20198,2025/05/16,467221,gal,,R1,
M-1198,"1486 Cemetery Rd, Wiley, CO 81092",Resident 1198,A-20198,2025/06/12,476825,gal,,R1,
M-1199,"1493 Grain Elevator Rd, Wiley, CO 81092",Resident 1199,A-20199,2025/01/12,180407,gal,,R2,
M-1199,"1493 Grain Elevator Rd, Wiley, CO 81092",Resident 1199,A-20199,2025/02/13,184259,gal,,R2,
M-1199,"1493 Grain Elevator Rd, Wiley, CO 81092",Resident 1199,A-20199,2025/03/14,188996,gal,,R2,
M-1199,"1493 Grain Elevator Rd, Wiley, CO 81092",Resident 1199,A-20199,2025/04/15,194430,gal,,R2,
M-1199,"1493 Grain Elevator Rd, Wiley, CO 81092",Resident 1199,A-20199,2025/05/16,199471,gal,,R2,
M-1199,"1493 Grain Elevator Rd, Wiley, CO 81092",Resident 1199,A-20199,2025/06/12,206407,gal,,R2,
M-1200,"1500 Main St, Wiley, CO 81092",Resident 1200,A-20200,2025/01/12,294319,gal,,R3,
M-1200,"1500 Main St, Wiley, CO 81092",Resident 1200,A-20200,2025/02/13,299173,gal,,R3,
M-1200,"1500 Main St, Wiley, CO 81092",Resident 1200,A-20200,2025/03/14,305043,gal,,R3,
M-1200,"1500 Main St, Wiley, CO 81092",Resident 1200,A-20200,2025/04/15,310487,gal,,R3,
M-1200,"1500 Main St, Wiley, CO 81092",Resident 1200,A-20200,2025/05/16,317907,gal,,R3,
M-1200,"1500 Main St, Wiley, CO 81092",Resident 1200,A-20200,2025/06/12,325833,gal,,R3,
M-1201,"1507 County Rd 10, Wiley, CO 81092",Resident 1201,A-20201,2025/01/12,235906,gal,,R4,
M-1201,"1507 County Rd 10, Wiley, CO 81092",Resident 1201,A-20201,2025/02/13,237940,gal,,R4,
M-1201,"1507 County Rd 10, Wiley, CO 81092",Resident 1201,A-20201,2025/03/14,240239,gal,,R4,
M-1201,"1507 County Rd 10, Wiley, CO 81092",Resident 1201,A-20201,2025/04/15,242664,gal,,R4,
M-1201,"1507 County Rd 10, Wiley, CO 81092",Resident 1201,A-20201,2025/05/16,244973,gal,,R4,
M-1201,"1507 County Rd 10, Wiley, CO 81092",Resident 1201,A-20201,2025/06/12,247790,gal,,R4,
M-1202,"1514 County Rd 14, Wiley, CO 81092",Resident 1202,A-20202,2025/01/12,213456,gal,,R5,
M-1202,"1514 County Rd 14, Wiley, CO 81092",Resident 1202,A-20202,2025/02/13,215831,gal,,R5,
M-1202,"1514 County Rd 14, Wiley, CO 81092",Resident 1202,A-20202,2025/03/14,219152,gal,,R5,
M-1202,"1514 County Rd 14, Wiley, CO 81092",Resident 1202,A-20202,2025/04/15,222374,gal,,R5,
M-1202,"1514 County Rd 14, Wiley, CO 81092",Resident 1202,A-20202,2025/05/16,225713,gal,,R5,
M-1202,"1514 County Rd 14, Wiley, CO 81092",Resident 1202,A-20202,2025/06/12,229733,gal,,R5,
M-1203,"1521 Highway 287, Wiley, CO 81092",Resident 1203,A-20203,2025/01/12,115281,gal,,R6,
M-1203,"1521 Highway 287, Wiley, CO 81092",Resident 1203,A-20203,2025/02/13,119148,gal,,R6,
M-1203,"1521 Highway 287, Wiley, CO 81092",Resident 1203,A-20203,2025/03/14,123966,gal,,R6,
M-1203,"1521 Highway 287, Wiley, CO 81092",Resident 1203,A-20203,2025/04/15,129112,gal,,R6,
M-1203,"1521 Highway 287, Wiley, CO 81092",Resident 1203,A-20203,2025/05/16,135527,gal,,R6,
M-1203,"1521 Highway 287, Wiley, CO 81092",Resident 1203,A-20203,2025/06/12,142469,gal,,R6,
M-1204,"1528 Maple Ave, Wiley, CO 81092",Resident 1204,A-20204,2025/01/12,223348,gal,,R1,
M-1204,"1528 Maple Ave, Wiley, CO 81092",Resident 1204,A-20204,2025/02/13,226505,gal,,R1,
M-1204,"1528 Maple Ave, Wiley, CO 81092",Resident 1204,A-20204,2025/03/14,230626,gal,,R1,
M-1204,"1528 Maple Ave, Wiley, CO 81092",Resident 1204,A-20204,2025/04/15,234681,gal,,R1,
M-1204,"1528 Maple Ave, Wiley, CO 81092",Resident 1204,A-20204,2025/05/16,239568,gal,,R1,
M-1204,"1528 Maple Ave, Wiley, CO 81092",Resident 1204,A-20204,2025/06/12,246073,gal,,R1,
M-1205,"1535 Oak St, Wiley, CO 81092",Resident 1205,A-20205,2025/01/12,257857,gal,,R2,
M-1205,"1535 Oak St, Wiley, CO 81092",Resident 1205,A-20205,2025/02/13,260804,gal,,R2,
M-1205,"1535 Oak St, Wiley, CO 81092",Resident 1205,A-20205,2025/03/14,264806,gal,,R2,
M-1205,"1535 Oak St, Wiley, CO 81092",Resident 1205,A-20205,2025/04/15,269519,gal,,R2,
M-1205,"1535 Oak St, Wiley, CO 81092",Resident 1205,A-20205,2025/05/16,274683,gal,,R2,
M-1205,"1535 Oak St, Wiley, CO 81092",Resident 1205,A-20205,2025/06/12,280582,gal,,R2,
M-1206,"1542 Elm St, Wiley, CO 81092",Resident 1206,A-20206,2025/01/12,401675,gal,,R3,
M-1206,"1542 Elm St, Wiley, CO 81092",Resident 1206,A-20206,2025/02/13,403651,gal,,R3,
M-1206,"1542 Elm St, Wiley, CO 81092",Resident 1206,A-20206,2025/03/14,406326,gal,,R3,
M-1206,"1542 Elm St, Wiley, CO 81092",Resident 1206,A-20206,2025/04/15,408731,gal,,R3,
M-1206,"1542 Elm St, Wiley, CO 81092",Resident 1206,A-20206,2025/05/16,411796,gal,,R3,
M-1206,"1542 Elm St, Wiley, CO 81092",Resident 1206,A-20206,2025/06/12,415316,gal,,R3,
M-1207,"1549 3rd Ave, Wiley, CO 81092",Resident 1207,A-20207,2025/01/12,341750,gal,,R4,
M-1207,"1549 3rd Ave, Wiley, CO 81092",Resident 1207,A-20207,2025/02/13,344460,gal,,R4,
M-1207,"1549 3rd Ave, Wiley, CO 81092",Resident 1207,A-20207,2025/03/14,349136,gal,,R4,
M-1207,"1549 3rd Ave, Wiley, CO 81092",Resident 1207,A-20207,2025/04/15,353796,gal,,R4,
M-1207,"1549 3rd Ave, Wiley, CO 81092",Resident 1207,A-20207,2025/05/16,358974,gal,,R4,
M-1207,"1549 3rd Ave, Wiley, CO 81092",Resident 1207,A-20207,2025/06/12,365026,gal,,R4,
M-1208,"1556 5th St, Wiley, CO 81092",Resident 1208,A-20208,2025/01/12,299506,gal,,R5,
M-1208,"1556 5th St, Wiley, CO 81092",Resident 1208,A-20208,2025/02/13,304424,gal,,R5,
M-1208,"1556 5th St, Wiley, CO 81092",Resident 1208,A-20208,2025/03/14,310612,gal,,R5,
M-1208,"1556 5th St, Wiley, CO 81092",Resident 1208,A-20208,2025/04/15,316754,gal,,R5,
M-1208,"1556 5th St, Wiley, CO 81092",Resident 1208,A-20208,2025/05/16,323654,gal,,R5,
M-1208,"1556 5th St, Wiley, CO 81092",Resident 1208,A-20208,2025/06/12,333844,gal,,R5,
M-1209,"1563 Ranch Rd, Wiley, CO 81092",Resident 1209,A-20209,2025/01/12,347066,gal,,R6,
M-1209,"1563 Ranch Rd, Wiley, CO 81092",Resident 1209,A-20209,2025/02/13,348885,gal,,R6,
M-1209,"1563 Ranch Rd, Wiley, CO 81092",Resident 1209,A-20209,2025/03/14,351989,gal,,R6,
M-1209,"1563 Ranch Rd, Wiley, CO 81092",Resident 1209,A-20209,2025/04/15,354493,gal,,R6,
M-1209,"1563 Ranch Rd, Wiley, CO 81092",Resident 1209,A-20209,2025/05/16,357877,gal,,R6,
M-1209,"1563 Ranch Rd, Wiley, CO 81092",Resident 1209,A-20209,2025/06/12,361471,gal,,R6,
M-1210,"1570 Irrigation Ln, Wiley, CO 81092",Resident 1210,A-20210,2025/01/12,240105,gal,,R1,
M-1210,"1570 Irrigation Ln, Wiley, CO 81092",Resident 1210,A-20210,2025/02/13,242043,gal,,R1,
M-1210,"1570 Irrigation Ln, Wiley, CO 81092",Resident 1210,A-20210,2025/03/14,245362,gal,,R1,
M-1210,"1570 Irrigation Ln, Wiley, CO 81092",Resident 1210,A-20210,2025/04/15,248006,gal,,R1,
M-1210,"1570 Irrigation Ln, Wiley, CO 81092",Resident 1210,A-20210,2025/05/16,251475,gal,,R1,
M-1210,"1570 Irrigation Ln, Wiley, CO 81092",Resident 1210,A-20210,2025/06/12,255799,gal,,R1,
M-1211,"1577 North Frontage, Wiley, CO 81092",Resident 1211,A-20211,2025/01/12,113064,gal,,R2,
M-1211,"1577 North Frontage, Wiley, CO 81092",Resident 1211,A-20211,2025/02/13,119791,gal,,R2,
M-1211,"1577 North Frontage, Wiley, CO 81092",Resident 1211,A-20211,2025/03/14,129102,gal,,R2,
M-1211,"1577 North Frontage, Wiley, CO 81092",Resident 1211,A-20211,2025/04/15,136534,gal,,R2,
M-1211,"1577 North Frontage, Wiley, CO 81092",Resident 1211,A-20211,2025/05/16,145685,gal,,R2,
M-1211,"1577 North Frontage, Wiley, CO 81092",Resident 1211,A-20211,2025/06/12,157771,gal,,R2,
M-1212,"1584 South Loop, Wiley, CO 81092",Resident 1212,A-20212,2025/01/12,148293,gal,,R3,
M-1212,"1584 South Loop, Wiley, CO 81092",Resident 1212,A-20212,2025/02/13,153573,gal,,R3,
M-1212,"1584 South Loop, Wiley, CO 81092",Resident 1212,A-20212,2025/03/14,158954,gal,,R3,
M-1212,"1584 South Loop, Wiley, CO 81092",Resident 1212,A-20212,2025/04/15,165500,gal,,R3,
M-1212,"1584 South Loop, Wiley, CO 81092",Resident 1212,A-20212,2025/05/16,173600,gal,,R3,
M-1212,"1584 South Loop, Wiley, CO 81092",Resident 1212,A-20212,2025/06/12,182001,gal,,R3,
M-1213,"1591 Pioneer Rd, Wiley, CO 81092",Resident 1213,A-20213,2025/01/12,203303,gal,,R4,
M-1213,"1591 Pioneer Rd, Wiley, CO 81092",Resident 1213,A-20213,2025/02/13,205380,gal,,R4,
M-1213,"1591 Pioneer Rd, Wiley, CO 81092",Resident 1213,A-20213,2025/03/14,208117,gal,,R4,
M-1213,"1591 Pioneer Rd, Wiley, CO 81092",Resident 1213,A-20213,2025/04/15,211067,gal,,R4,
M-1213,"1591 Pioneer Rd, Wiley, CO 81092",Resident 1213,A-20213,2025/05/16,214136,gal,,R4,
M-1213,"1591 Pioneer Rd, Wiley, CO 81092",Resident 1213,A-20213,2025/06/12,217338,gal,,R4,
M-1214,"1598 Cottonwood Dr, Wiley, CO 81092",Resident 1214,A-20214,2025/01/12,193272,gal,,R5,
M-1214,"1598 Cottonwood Dr, Wiley, CO 81092",Resident 1214,A-20214,2025/02/13,199584,gal,,R5,
M-1214,"1598 Cottonwood Dr, Wiley, CO 81092",Resident 1214,A-20214,2025/03/14,207463,gal,,R5,
M-1214,"1598 Cottonwood Dr, Wiley, CO 81092",Resident 1214,A-20214,2025/04/15,216474,gal,,R5,
M-1214,"1598 Cottonwood Dr, Wiley, CO 81092",Resident 1214,A-20214,2025/05/16,224824,gal,,R5,
M-1214,"1598 Cottonwood Dr, Wiley, CO 81092",Resident 1214,A-20214,2025/06/12,234993,gal,,R5,
M-1215,"1605 Sand Creek Rd, Wiley, CO 81092",Resident 1215,A-20215,2025/01/12,391101,gal,,R6,
M-1215,"1605 Sand Creek Rd, Wiley, CO 81092",Resident 1215,A-20215,2025/02/13,396295,gal,,R6,
M-1215,"1605 Sand Creek Rd, Wiley, CO 81092",Resident 1215,A-20215,2025/03/14,403536,gal,,R6,
M-1215,"1605 Sand Creek Rd, Wiley, CO 81092",Resident 1215,A-20215,2025/04/15,409636,gal,,R6,
M-1215,"1605 Sand Creek Rd, Wiley, CO 81092",Resident 1215,A-20215,2025/05/16,416502,gal,,R6,
M-1215,"1605 Sand Creek Rd, Wiley, CO 81092",Resident 1215,A-20215,2025/06/12,425814,gal,,R6,
M-1216,"1612 Prairie View, Wiley, CO 81092",Resident 1216,A-20216,2025/01/12,235868,gal,,R1,
M-1216,"1612 Prairie View, Wiley, CO 81092",Resident 1216,A-20216,2025/02/13,242061,gal,,R1,
M-1216,"1612 Prairie View, Wiley, CO 81092",Resident 1216,A-20216,2025/03/14,250095,gal,,R1,
M-1216,"1612 Prairie View, Wiley, CO 81092",Resident 1216,A-20216,2025/04/15,258012,gal,,R1,
M-1216,"1612 Prairie View, Wiley, CO 81092",Resident 1216,A-20216,2025/05/16,267385,gal,,R1,
M-1216,"1612 Prairie View, Wiley, CO 81092",Resident 1216,A-20216,2025/06/12,277793,gal,,R1,
M-1217,"1619 School House Rd, Wiley, CO 81092",Resident 1217,A-20217,2025/01/12,88736,gal,,R2,
M-1217,"1619 School House Rd, Wiley, CO 81092",Resident 1217,A-20217,2025/02/13,91405,gal,,R2,
M-1217,"1619 School House Rd, Wiley, CO 81092",Resident 1217,A-20217,2025/03/14,94686,gal,,R2,
M-1217,"1619 School House Rd, Wiley, CO 81092",Resident 1217,A-20217,2025/04/15,97661,gal,,R2,
M-1217,"1619 School House Rd, Wiley, CO 81092",Resident 1217,A-20217,2025/05/16,100834,gal,,R2,
M-1217,"1619 School House Rd, Wiley, CO 81092",Resident 1217,A-20217,2025/06/12,105521,gal,,R2,
M-1218,"1626 Cemetery Rd, Wiley, CO 81092",Resident 1218,A-20218,2025/01/12,125614,gal,,R3,
M-1218,"1626 Cemetery Rd, Wiley, CO 81092",Resident 1218,A-20218,2025/02/13,128043,gal,,R3,
M-1218,"1626 Cemetery Rd, Wiley, CO 81092",Resident 1218,A-20218,2025/03/14,130814,gal,,R3,
M-1218,"1626 Cemetery Rd, Wiley, CO 81092",Resident 1218,A-20218,2025/04/15,133625,gal,,R3,
M-1218,"1626 Cemetery Rd, Wiley, CO 81092",Resident 1218,A-20218,2025/05/16,137164,gal,,R3,
M-1218,"1626 Cemetery Rd, Wiley, CO 81092",Resident 1218,A-20218,2025/06/12,141106,gal,,R3,
M-1219,"1633 Grain Elevator Rd, Wiley, CO 81092",Resident 1219,A-20219,2025/01/12,404987,gal,,R4,
M-1219,"1633 Grain Elevator Rd, Wiley, CO 81092",Resident 1219,A-20219,2025/02/13,409975,gal,,R4,
M-1219,"1633 Grain Elevator Rd, Wiley, CO 81092",Resident 1219,A-20219,2025/03/14,416896,gal,,R4,
M-1219,"1633 Grain Elevator Rd, Wiley, CO 81092",Resident 1219,A-20219,2025/04/15,424663,gal,,R4,
M-1219,"1633 Grain Elevator Rd, Wiley, CO 81092",Resident 1219,A-20219,2025/05/16,434281,gal,,R4,
M-1219,"1633 Grain Elevator Rd, Wiley, CO 81092",Resident 1219,A-20219,2025/06/12,443889,gal,,R4,
M-1220,"1640 Main St, Wiley, CO 81092",Resident 1220,A-20220,2025/01/12,312131,gal,,R5,
M-1220,"1640 Main St, Wiley, CO 81092",Resident 1220,A-20220,2025/02/13,316057,gal,,R5,
M-1220,"1640 Main St, Wiley, CO 81092",Resident 1220,A-20220,2025/03/14,322266,gal,,R5,
M-1220,"1640 Main St, Wiley, CO 81092",Resident 1220,A-20220,2025/04/15,328980,gal,,R5,
M-1220,"1640 Main St, Wiley, CO 81092",Resident 1220,A-20220,2025/05/16,335336,gal,,R5,
M-1220,"1640 Main St, Wiley, CO 81092",Resident 1220,A-20220,2025/06/12,342946,gal,,R5,
M-1221,"1647 County Rd 10, Wiley, CO 81092",Resident 1221,A-20221,2025/01/12,268868,gal,,R6,
M-1221,"1647 County Rd 10, Wiley, CO 81092",Resident 1221,A-20221,2025/02/13,274288,gal,,R6,
M-1221,"1647 County Rd 10, Wiley, CO 81092",Resident 1221,A-20221,2025/03/14,280596,gal,,R6,
M-1221,"1647 County Rd 10, Wiley, CO 81092",Resident 1221,A-20221,2025/04/15,286602,gal,,R6,
M-1221,"1647 County Rd 10, Wiley, CO 81092",Resident 1221,A-20221,2025/05/16,294719,gal,,R6,
M-1221,"1647 County Rd 10, Wiley, CO 81092",Resident 1221,A-20221,2025/06/12,304689,gal,,R6,
M-1222,"1654 County Rd 14, Wiley, CO 81092",Resident 1222,A-20222,2025/01/12,234445,gal,,R1,
M-1222,"1654 County Rd 14, Wiley, CO 81092",Resident 1222,A-20222,2025/02/13,236942,gal,,R1,
M-1222,"1654 County Rd 14, Wiley, CO 81092",Resident 1222,A-20222,2025/03/14,240624,gal,,R1,
M-1222,"1654 County Rd 14, Wiley, CO 81092",Resident 1222,A-20222,2025/04/15,244027,gal,,R1,
M-1222,"1654 County Rd 14, Wiley, CO 81092",Resident 1222,A-20222,2025/05/16,248267,gal,,R1,
M-1222,"1654 County Rd 14, Wiley, CO 81092",Resident 1222,A-20222,2025/06/12,253336,gal,,R1,
M-1223,"1661 Highway 287, Wiley, CO 81092",Resident 1223,A-20223,2025/01/12,304710,gal,,R2,
M-1223,"1661 Highway 287, Wiley, CO 81092",Resident 1223,A-20223,2025/02/13,307766,gal,,R2,
M-1223,"1661 Highway 287, Wiley, CO 81092",Resident 1223,A-20223,2025/03/14,312089,gal,,R2,
M-1223,"1661 Highway 287, Wiley, CO 81092",Resident 1223,A-20223,2025/04/15,316365,gal,,R2,
M-1223,"1661 Highway 287, Wiley, CO 81092",Resident 1223,A-20223,2025/05/16,321012,gal,,R2,
M-1223,"1661 Highway 287, Wiley, CO 81092",Resident 1223,A-20223,2025/06/12,326550,gal,,R2,
M-1224,"1668 Maple Ave, Wiley, CO 81092",Resident 1224,A-20224,2025/01/12,405989,gal,,R3,
M-1224,"1668 Maple Ave, Wiley, CO 81092",Resident 1224,A-20224,2025/02/13,410935,gal,,R3,
M-1224,"1668 Maple Ave, Wiley, CO 81092",Resident 1224,A-20224,2025/03/14,417636,gal,,R3,
M-1224,"1668 Maple Ave, Wiley, CO 81092",Resident 1224,A-20224,2025/04/15,423756,gal,,R3,
M-1224,"1668 Maple Ave, Wiley, CO 81092",Resident 1224,A-20224,2025/05/16,431691,gal,,R3,
M-1224,"1668 Maple Ave, Wiley, CO 81092",Resident 1224,A-20224,2025/06/12,441165,gal,,R3,
M-1225,"1675 Oak St, Wiley, CO 81092",Resident 1225,A-20225,2025/01/12,360889,gal,,R4,
M-1225,"1675 Oak St, Wiley, CO 81092",Resident 1225,A-20225,2025/02/13,365730,gal,,R4,
M-1225,"1675 Oak St, Wiley, CO 81092",Resident 1225,A-20225,2025/03/14,372884,gal,,R4,
M-1225,"1675 Oak St, Wiley, CO 81092",Resident 1225,A-20225,2025/04/15,380401,gal,,R4,
M-1225,"1675 Oak St, Wiley, CO 81092",Resident 1225,A-20225,2025/05/16,388260,gal,,R4,
M-1225,"1675 Oak St, Wiley, CO 81092",Resident 1225,A-20225,2025/06/12,396580,gal,,R4,
M-1226,"1682 Elm St, Wiley, CO 81092",Resident 1226,A-20226,2025/01/12,141838,gal,,R5,
M-1226,"1682 Elm St, Wiley, CO 81092",Resident 1226,A-20226,2025/02/13,146033,gal,,R5,
M-1226,"1682 Elm St, Wiley, CO 81092",Resident 1226,A-20226,2025/03/14,152162,gal,,R5,
M-1226,"1682 Elm St, Wiley, CO 81092",Resident 1226,A-20226,2025/04/15,157998,gal,,R5,
M-1226,"1682 Elm St, Wiley, CO 81092",Resident 1226,A-20226,2025/05/16,163788,gal,,R5,
M-1226,"1682 Elm St, Wiley, CO 81092",Resident 1226,A-20226,2025/06/12,172157,gal,,R5,
M-1227,"1689 3rd Ave, Wiley, CO 81092",Resident 1227,A-20227,2025/01/12,275010,gal,,R6,
M-1227,"1689 3rd Ave, Wiley, CO 81092",Resident 1227,A-20227,2025/02/13,278175,gal,,R6,
M-1227,"1689 3rd Ave, Wiley, CO 81092",Resident 1227,A-20227,2025/03/14,281750,gal,,R6,
M-1227,"1689 3rd Ave, Wiley, CO 81092",Resident 1227,A-20227,2025/04/15,285330,gal,,R6,
M-1227,"1689 3rd Ave, Wiley, CO 81092",Resident 1227,A-20227,2025/05/16,289697,gal,,R6,
M-1227,"1689 3rd Ave, Wiley, CO 81092",Resident 1227,A-20227,2025/06/12,294375,gal,,R6,
M-1228,"1696 5th St, Wiley, CO 81092",Resident 1228,A-20228,2025/01/12,391722,gal,,R1,
M-1228,"1696 5th St, Wiley, CO 81092",Resident 1228,A-20228,2025/02/13,397080,gal,,R1,
M-1228,"1696 5th St, Wiley, CO 81092",Resident 1228,A-20228,2025/03/14,404491,gal,,R1,
M-1228,"1696 5th St, Wiley, CO 81092",Resident 1228,A-20228,2025/04/15,410166,gal,,R1,
M-1228,"1696 5th St, Wiley, CO 81092",Resident 1228,A-20228,2025/05/16,417977,gal,,R1,
M-1228,"1696 5th St, Wiley, CO 81092",Resident 1228,A-20228,2025/06/12,427896,gal,,R1,
M-1229,"1703 Ranch Rd, Wiley, CO 81092",Resident 1229,A-20229,2025/01/12,200312,gal,,R2,
M-1229,"1703 Ranch Rd, Wiley, CO 81092",Resident 1229,A-20229,2025/02/13,206696,gal,,R2,
M-1229,"1703 Ranch Rd, Wiley, CO 81092",Resident 1229,A-20229,2025/03/14,215738,gal,,R2,
M-1229,"1703 Ranch Rd, Wiley, CO 81092",Resident 1229,A-20229,2025/04/15,223296,gal,,R2,
M-1229,"1703 Ranch Rd, Wiley, CO 81092",Resident 1229,A-20229,2025/05/16,231977,gal,,R2,
M-1229,"1703 Ranch Rd, Wiley, CO 81092",Resident 1229,A-20229,2025/06/12,244112,gal,,R2,
M-1230,"1710 Irrigation Ln, Wiley, CO 81092",Resident 1230,A-20230,2025/01/12,231182,gal,,R3,
M-1230,"1710 Irrigation Ln, Wiley, CO 81092",Resident 1230,A-20230,2025/02/13,236604,gal,,R3,
M-1230,"1710 Irrigation Ln, Wiley, CO 81092",Resident 1230,A-20230,2025/03/14,244157,gal,,R3,
M-1230,"1710 Irrigation Ln, Wiley, CO 81092",Resident 1230,A-20230,2025/04/15,251825,gal,,R3,
M-1230,"1710 Irrigation Ln, Wiley, CO 81092",Resident 1230,A-20230,2025/05/16,262144,gal,,R3,
M-1230,"1710 Irrigation Ln, Wiley, CO 81092",Resident 1230,A-20230,2025/06/12,274394,gal,,R3,
M-1231,"1717 North Frontage, Wiley, CO 81092",Resident 1231,A-20231,2025/01/12,120944,gal,,R4,
M-1231,"1717 North Frontage, Wiley, CO 81092",Resident 1231,A-20231,2025/02/13,126150,gal,,R4,
M-1231,"1717 North Frontage, Wiley, CO 81092",Resident 1231,A-20231,2025/03/14,132838,gal,,R4,
M-1231,"1717 North Frontage, Wiley, CO 81092",Resident 1231,A-20231,2025/04/15,139704,gal,,R4,
M-1231,"1717 North Frontage, Wiley, CO 81092",Resident 1231,A-20231,2025/05/16,148186,gal,,R4,
M-1231,"1717 North Frontage, Wiley, CO 81092",Resident 1231,A-20231,2025/06/12,159555,gal,,R4,
M-1232,"1724 South Loop, Wiley, CO 81092",Resident 1232,A-20232,2025/01/12,300730,gal,,R5,
M-1232,"1724 South Loop, Wiley, CO 81092",Resident 1232,A-20232,2025/02/13,303853,gal,,R5,
M-1232,"1724 South Loop, Wiley, CO 81092",Resident 1232,A-20232,2025/03/14,307596,gal,,R5,
M-1232,"1724 South Loop, Wiley, CO 81092",Resident 1232,A-20232,2025/04/15,311839,gal,,R5,
M-1232,"1724 South Loop, Wiley, CO 81092",Resident 1232,A-20232,2025/05/16,315985,gal,,R5,
M-1232,"1724 South Loop, Wiley, CO 81092",Resident 1232,A-20232,2025/06/12,321273,gal,,R5,
M-1233,"1731 Pioneer Rd, Wiley, CO 81092",Resident 1233,A-20233,2025/01/12,96963,gal,,R6,
M-1233,"1731 Pioneer Rd, Wiley, CO 81092",Resident 1233,A-20233,2025/02/13,103577,gal,,R6,
M-1233,"1731 Pioneer Rd, Wiley, CO 81092",Resident 1233,A-20233,2025/03/14,110972,gal,,R6,
M-1233,"1731 Pioneer Rd, Wiley, CO 81092",Resident 1233,A-20233,2025/04/15,118549,gal,,R6,
M-1233,"1731 Pioneer Rd, Wiley, CO 81092",Resident 1233,A-20233,2025/05/16,128426,gal,,R6,
M-1233,"1731 Pioneer Rd, Wiley, CO 81092",Resident 1233,A-20233,2025/06/12,138425,gal,,R6,
M-1234,"1738 Cottonwood Dr, Wiley, CO 81092",Resident 1234,A-20234,2025/01/12,349590,gal,,R1,
M-1234,"1738 Cottonwood Dr, Wiley, CO 81092",Resident 1234,A-20234,2025/02/13,353012,gal,,R1,
M-1234,"1738 Cottonwood Dr, Wiley, CO 81092",Resident 1234,A-20234,2025/03/14,357546,gal,,R1,
M-1234,"1738 Cottonwood Dr, Wiley, CO 81092",Resident 1234,A-20234,2025/04/15,362152,gal,,R1,
M-1234,"1738 Cottonwood Dr, Wiley, CO 81092",Resident 1234,A-20234,2025/05/16,367775,gal,,R1,
M-1234,"1738 Cottonwood Dr, Wiley, CO 81092",Resident 1234,A-20234,2025/06/12,374738,gal,,R1,
M-1235,"1745 Sand Creek Rd, Wiley, CO 81092",Resident 1235,A-20235,2025/01/12,364290,gal,,R2,
M-1235,"1745 Sand Creek Rd, Wiley, CO 81092",Resident 1235,A-20235,2025/02/13,368787,gal,,R2,
M-1235,"1745 Sand Creek Rd, Wiley, CO 81092",Resident 1235,A-20235,2025/03/14,374812,gal,,R2,
M-1235,"1745 Sand Creek Rd, Wiley, CO 81092",Resident 1235,A-20235,2025/04/15,380262,gal,,R2,
M-1235,"1745 Sand Creek Rd, Wiley, CO 81092",Resident 1235,A-20235,2025/05/16,386244,gal,,R2,
M-1235,"1745 Sand Creek Rd, Wiley, CO 81092",Resident 1235,A-20235,2025/06/12,394287,gal,,R2,
M-1236,"1752 Prairie View, Wiley, CO 81092",Resident 1236,A-20236,2025/01/12,198043,gal,,R3,
M-1236,"1752 Prairie View, Wiley, CO 81092",Resident 1236,A-20236,2025/02/13,203025,gal,,R3,
M-1236,"1752 Prairie View, Wiley, CO 81092",Resident 1236,A-20236,2025/03/14,211598,gal,,R3,
M-1236,"1752 Prairie View, Wiley, CO 81092",Resident 1236,A-20236,2025/04/15,219672,gal,,R3,
M-1236,"1752 Prairie View, Wiley, CO 81092",Resident 1236,A-20236,2025/05/16,229560,gal,,R3,
M-1236,"1752 Prairie View, Wiley, CO 81092",Resident 1236,A-20236,2025/06/12,239295,gal,,R3,
M-1237,"1759 School House Rd, Wiley, CO 81092",Resident 1237,A-20237,2025/01/12,285062,gal,,R4,
M-1237,"1759 School House Rd, Wiley, CO 81092",Resident 1237,A-20237,2025/02/13,291074,gal,,R4,
M-1237,"1759 School House Rd, Wiley, CO 81092",Resident 1237,A-20237,2025/03/14,299614,gal,,R4,
M-1237,"1759 School House Rd, Wiley, CO 81092",Resident 1237,A-20237,2025/04/15,306214,gal,,R4,
M-1237,"1759 School House Rd, Wiley, CO 81092",Resident 1237,A-20237,2025/05/16,316151,gal,,R4,
M-1237,"1759 School House Rd, Wiley, CO 81092",Resident 1237,A-20237,2025/06/12,326808,gal,,R4,
M-1238,"1766 Cemetery Rd, Wiley, CO 81092",Resident 1238,A-20238,2025/01/12,307021,gal,,R5,
M-1238,"1766 Cemetery Rd, Wiley, CO 81092",Resident 1238,A-20238,2025/02/13,311020,gal,,R5,
M-1238,"1766 Cemetery Rd, Wiley, CO 81092",Resident 1238,A-20238,2025/03/14,315492,gal,,R5,
M-1238,"1766 Cemetery Rd, Wiley, CO 81092",Resident 1238,A-20238,2025/04/15,320820,gal,,R5,
M-1238,"1766 Cemetery Rd, Wiley, CO 81092",Resident 1238,A-20238,2025/05/16,326582,gal,,R5,
M-1238,"1766 Cemetery Rd, Wiley, CO 81092",Resident 1238,A-20238,2025/06/12,334590,gal,,R5,
M-1239,"1773 Grain Elevator Rd, Wiley, CO 81092",Resident 1239,A-20239,2025/01/12,118165,gal,,R6,
M-1239,"1773 Grain Elevator Rd, Wiley, CO 81092",Resident 1239,A-20239,2025/02/13,123143,gal,,R6,
M-1239,"1773 Grain Elevator Rd, Wiley, CO 81092",Resident 1239,A-20239,2025/03/14,129204,gal,,R6,
M-1239,"1773 Grain Elevator Rd, Wiley, CO 81092",Resident 1239,A-20239,2025/04/15,134444,gal,,R6,
M-1239,"1773 Grain Elevator Rd, Wiley, CO 81092",Resident 1239,A-20239,2025/05/16,141901,gal,,R6,
M-1239,"1773 Grain Elevator Rd, Wiley, CO 81092",Resident 1239,A-20239,2025/06/12,149451,gal,,R6,
M-1240,"1780 Main St, Wiley, CO 81092",Resident 1240,A-20240,2025/01/12,436006,gal,,R1,
M-1240,"1780 Main St, Wiley, CO 81092",Resident 1240,A-20240,2025/02/13,440259,gal,,R1,
M-1240,"1780 Main St, Wiley, CO 81092",Resident 1240,A-20240,2025/03/14,447372,gal,,R1,
M-1240,"1780 Main St, Wiley, CO 81092",Resident 1240,A-20240,2025/04/15,454555,gal,,R1,
M-1240,"1780 Main St, Wiley, CO 81092",Resident 1240,A-20240,2025/05/16,461647,gal,,R1,
M-1240,"1780 Main St, Wiley, CO 81092",Resident 1240,A-20240,2025/06/12,471530,gal,,R1,
M-1241,"1787 County Rd 10, Wiley, CO 81092",Resident 1241,A-20241,2025/01/12,255942,gal,,R2,
M-1241,"1787 County Rd 10, Wiley, CO 81092",Resident 1241,A-20241,2025/02/13,260803,gal,,R2,
M-1241,"1787 County Rd 10, Wiley, CO 81092",Resident 1241,A-20241,2025/03/14,267103,gal,,R2,
M-1241,"1787 County Rd 10, Wiley, CO 81092",Resident 1241,A-20241,2025/04/15,272769,gal,,R2,
M-1241,"1787 County Rd 10, Wiley, CO 81092",Resident 1241,A-20241,2025/05/16,278917,gal,,R2,
M-1241,"1787 County Rd 10, Wiley, CO 81092",Resident 1241,A-20241,2025/06/12,288015,gal,,R2,
M-1242,"1794 County Rd 14, Wiley, CO 81092",Resident 1242,A-20242,2025/01/12,395531,gal,,R3,
M-1242,"1794 County Rd 14, Wiley, CO 81092",Resident 1242,A-20242,2025/02/13,398104,gal,,R3,
M-1242,"1794 County Rd 14, Wiley, CO 81092",Resident 1242,A-20242,2025/03/14,400915,gal,,R3,
M-1242,"1794 County Rd 14, Wiley, CO 81092",Resident 1242,A-20242,2025/04/15,404054,gal,,R3,
M-1242,"1794 County Rd 14, Wiley, CO 81092",Resident 1242,A-20242,2025/05/16,408216,gal,,R3,
M-1242,"1794 County Rd 14, Wiley, CO 81092",Resident 1242,A-20242,2025/06/12,412281,gal,,R3,
M-1243,"1801 Highway 287, Wiley, CO 81092",Resident 1243,A-20243,2025/01/12,238793,gal,,R4,
M-1243,"1801 Highway 287, Wiley, CO 81092",Resident 1243,A-20243,2025/02/13,241772,gal,,R4,
M-1243,"1801 Highway 287, Wiley, CO 81092",Resident 1243,A-20243,2025/03/14,246039,gal,,R4,
M-1243,"1801 Highway 287, Wiley, CO 81092",Resident 1243,A-20243,2025/04/15,249968,gal,,R4,
M-1243,"1801 Highway 287, Wiley, CO 81092",Resident 1243,A-20243,2025/05/16,255442,gal,,R4,
M-1243,"1801 Highway 287, Wiley, CO 81092",Resident 1243,A-20243,2025/06/12,261241,gal,,R4,
M-1244,"1808 Maple Ave, Wiley, CO 81092",Resident 1244,A-20244,2025/01/12,519287,gal,,R5,
M-1244,"1808 Maple Ave, Wiley, CO 81092",Resident 1244,A-20244,2025/02/13,537983,gal,,R5,
M-1244,"1808 Maple Ave, Wiley, CO 81092",Resident 1244,A-20244,2025/03/14,557960,gal,,R5,
M-1244,"1808 Maple Ave, Wiley, CO 81092",Resident 1244,A-20244,2025/04/15,579413,gal,,R5,
M-1244,"1808 Maple Ave, Wiley, CO 81092",Resident 1244,A-20244,2025/05/16,603623,gal,,R5,
M-1244,"1808 Maple Ave, Wiley, CO 81092",Resident 1244,A-20244,2025/06/12,628615,gal,,R5,
M-1245,"1815 Oak St, Wiley, CO 81092",Resident 1245,A-20245,2025/01/12,130735,gal,,R6,
M-1245,"1815 Oak St, Wiley, CO 81092",Resident 1245,A-20245,2025/02/13,132747,gal,,R6,
M-1245,"1815 Oak St, Wiley, CO 81092",Resident 1245,A-20245,2025/03/14,135464,gal,,R6,
M-1245,"1815 Oak St, Wiley, CO 81092",Resident 1245,A-20245,2025/04/15,137964,gal,,R6,
M-1245,"1815 Oak St, Wiley, CO 81092",Resident 1245,A-20245,2025/05/16,140841,gal,,R6,
M-1245,"1815 Oak St, Wiley, CO 81092",Resident 1245,A-20245,2025/06/12,144244,gal,,R6,
M-1246,"1822 Elm St, Wiley, CO 81092",Resident 1246,A-20246,2025/01/12,236259,gal,,R1,
M-1246,"1822 Elm St, Wiley, CO 81092",Resident 1246,A-20246,2025/02/13,239816,gal,,R1,
M-1246,"1822 Elm St, Wiley, CO 81092",Resident 1246,A-20246,2025/03/14,244128,gal,,R1,
M-1246,"1822 Elm St, Wiley, CO 81092",Resident 1246,A-20246,2025/04/15,248751,gal,,R1,
M-1246,"1822 Elm St, Wiley, CO 81092",Resident 1246,A-20246,2025/05/16,254854,gal,,R1,
M-1246,"1822 Elm St, Wiley, CO 81092",Resident 1246,A-20246,2025/06/12,261804,gal,,R1,
M-1247,"1829 3rd Ave, Wiley, CO 81092",Resident 1247,A-20247,2025/01/12,329631,gal,,R2,
M-1247,"1829 3rd Ave, Wiley, CO 81092",Resident 1247,A-20247,2025/02/13,331579,gal,,R2,
M-1247,"1829 3rd Ave, Wiley, CO 81092",Resident 1247,A-20247,2025/03/14,334304,gal,,R2,
M-1247,"1829 3rd Ave, Wiley, CO 81092",Resident 1247,A-20247,2025/04/15,336364,gal,,R2,
M-1247,"1829 3rd Ave, Wiley, CO 81092",Resident 1247,A-20247,2025/05/16,338790,gal,,R2,
M-1247,"1829 3rd Ave, Wiley, CO 81092",Resident 1247,A-20247,2025/06/12,342262,gal,,R2,
M-1248,"1836 5th St, Wiley, CO 81092",Resident 1248,A-20248,2025/01/12,253009,gal,,R3,
M-1248,"1836 5th St, Wiley, CO 81092",Resident 1248,A-20248,2025/02/13,258177,gal,,R3,
M-1248,"1836 5th St, Wiley, CO 81092",Resident 1248,A-20248,2025/03/14,265641,gal,,R3,
M-1248,"1836 5th St, Wiley, CO 81092",Resident 1248,A-20248,2025/04/15,273191,gal,,R3,
M-1248,"1836 5th St, Wiley, CO 81092",Resident 1248,A-20248,2025/05/16,281829,gal,,R3,
M-1248,"1836 5th St, Wiley, CO 81092",Resident 1248,A-20248,2025/06/12,292356,gal,,R3,
M-1249,"1843 Ranch Rd, Wiley, CO 81092",Resident 1249,A-20249,2025/01/12,437811,gal,,R4,
M-1249,"1843 Ranch Rd, Wiley, CO 81092",Resident 1249,A-20249,2025/02/13,443612,gal,,R4,
M-1249,"1843 Ranch Rd, Wiley, CO 81092",Resident 1249,A-20249,2025/03/14,449526,gal,,R4,
M-1249,"1843 Ranch Rd, Wiley, CO 81092",Resident 1249,A-20249,2025/04/15,456601,gal,,R4,
M-1249,"1843 Ranch Rd, Wiley, CO 81092",Resident 1249,A-20249,2025/05/16,464557,gal,,R4,
M-1249,"1843 Ranch Rd, Wiley, CO 81092",Resident 1249,A-20249,2025/06/12,474552,gal,,R4,
M-1250,"1850 Irrigation Ln, Wiley, CO 81092",Resident 1250,A-20250,2025/01/12,286886,gal,,R5,
M-1250,"1850 Irrigation Ln, Wiley, CO 81092",Resident 1250,A-20250,2025/02/13,290203,gal,,R5,
M-1250,"1850 Irrigation Ln, Wiley, CO 81092",Resident 1250,A-20250,2025/03/14,294804,gal,,R5,
M-1250,"1850 Irrigation Ln, Wiley, CO 81092",Resident 1250,A-20250,2025/04/15,298381,gal,,R5,
M-1250,"1850 Irrigation Ln, Wiley, CO 81092",Resident 1250,A-20250,2025/05/16,302612,gal,,R5,
M-1250,"1850 Irrigation Ln, Wiley, CO 81092",Resident 1250,A-20250,2025/06/12,308807,gal,,R5,
M-1251,"1857 North Frontage, Wiley, CO 81092",Resident 1251,A-20251,2025/01/12,260517,gal,,R6,
M-1251,"1857 North Frontage, Wiley, CO 81092",Resident 1251,A-20251,2025/02/13,265366,gal,,R6,
M-1251,"1857 North Frontage, Wiley, CO 81092",Resident 1251,A-20251,2025/03/14,273222,gal,,R6,
M-1251,"1857 North Frontage, Wiley, CO 81092",Resident 1251,A-20251,2025/04/15,279913,gal,,R6,
M-1251,"1857 North Frontage, Wiley, CO 81092",Resident 1251,A-20251,2025/05/16,287662,gal,,R6,
M-1251,"1857 North Frontage, Wiley, CO 81092",Resident 1251,A-20251,2025/06/12,297720,gal,,R6,
M-1252,"1864 South Loop, Wiley, CO 81092",Resident 1252,A-20252,2025/01/12,284173,gal,,R1,
M-1252,"1864 South Loop, Wiley, CO 81092",Resident 1252,A-20252,2025/02/13,287455,gal,,R1,
M-1252,"1864 South Loop, Wiley, CO 81092",Resident 1252,A-20252,2025/03/14,291482,gal,,R1,
M-1252,"1864 South Loop, Wiley, CO 81092",Resident 1252,A-20252,2025/04/15,295535,gal,,R1,
M-1252,"1864 South Loop, Wiley, CO 81092",Resident 1252,A-20252,2025/05/16,300347,gal,,R1,
M-1252,"1864 South Loop, Wiley, CO 81092",Resident 1252,A-20252,2025/06/12,305991,gal,,R1,
M-1253,"1871 Pioneer Rd, Wiley, CO 81092",Resident 1253,A-20253,2025/01/12,218249,gal,,R2,
M-1253,"1871 Pioneer Rd, Wiley, CO 81092",Resident 1253,A-20253,2025/02/13,219987,gal,,R2,
M-1253,"1871 Pioneer Rd, Wiley, CO 81092",Resident 1253,A-20253,2025/03/14,222381,gal,,R2,
M-1253,"1871 Pioneer Rd, Wiley, CO 81092",Resident 1253,A-20253,2025/04/15,224957,gal,,R2,
M-1253,"1871 Pioneer Rd, Wiley, CO 81092",Resident 1253,A-20253,2025/05/16,227193,gal,,R2,
M-1253,"1871 Pioneer Rd, Wiley, CO 81092",Resident 1253,A-20253,2025/06/12,230474,gal,,R2,
M-1254,"1878 Cottonwood Dr, Wiley, CO 81092",Resident 1254,A-20254,2025/01/12,357077,gal,,R3,
M-1254,"1878 Cottonwood Dr, Wiley, CO 81092",Resident 1254,A-20254,2025/02/13,359069,gal,,R3,
M-1254,"1878 Cottonwood Dr, Wiley, CO 81092",Resident 1254,A-20254,2025/03/14,361743,gal,,R3,
M-1254,"1878 Cottonwood Dr, Wiley, CO 81092",Resident 1254,A-20254,2025/04/15,364598,gal,,R3,
M-1254,"1878 Cottonwood Dr, Wiley, CO 81092",Resident 1254,A-20254,2025/05/16,368157,gal,,R3,
M-1254,"1878 Cottonwood Dr, Wiley, CO 81092",Resident 1254,A-20254,2025/06/12,371963,gal,,R3,
M-1255,"1885 Sand Creek Rd, Wiley, CO 81092",Resident 1255,A-20255,2025/01/12,163096,gal,,R4,
M-1255,"1885 Sand Creek Rd, Wiley, CO 81092",Resident 1255,A-20255,2025/02/13,169473,gal,,R4,
M-1255,"1885 Sand Creek Rd, Wiley, CO 81092",Resident 1255,A-20255,2025/03/14,178609,gal,,R4,
M-1255,"1885 Sand Creek Rd, Wiley, CO 81092",Resident 1255,A-20255,2025/04/15,186735,gal,,R4,
M-1255,"1885 Sand Creek Rd, Wiley, CO 81092",Resident 1255,A-20255,2025/05/16,195258,gal,,R4,
M-1255,"1885 Sand Creek Rd, Wiley, CO 81092",Resident 1255,A-20255,2025/06/12,206390,gal,,R4,
M-1256,"1892 Prairie View, Wiley, CO 81092",Resident 1256,A-20256,2025/01/12,194506,gal,,R5,
M-1256,"1892 Prairie View, Wiley, CO 81092",Resident 1256,A-20256,2025/02/13,200252,gal,,R5,
M-1256,"1892 Prairie View, Wiley, CO 81092",Resident 1256,A-20256,2025/03/14,206703,gal,,R5,
M-1256,"1892 Prairie View, Wiley, CO 81092",Resident 1256,A-20256,2025/04/15,214825,gal,,R5,
M-1256,"1892 Prairie View, Wiley, CO 81092",Resident 1256,A-20256,2025/05/16,223387,gal,,R5,
M-1256,"1892 Prairie View, Wiley, CO 81092",Resident 1256,A-20256,2025/06/12,234159,gal,,R5,
M-1257,"1899 School House Rd, Wiley, CO 81092",Resident 1257,A-20257,2025/01/12,285126,gal,,R6,
M-1257,"1899 School House Rd, Wiley, CO 81092",Resident 1257,A-20257,2025/02/13,286935,gal,,R6,
M-1257,"1899 School House Rd, Wiley, CO 81092",Resident 1257,A-20257,2025/03/14,289291,gal,,R6,
M-1257,"1899 School House Rd, Wiley, CO 81092",Resident 1257,A-20257,2025/04/15,292229,gal,,R6,
M-1257,"1899 School House Rd, Wiley, CO 81092",Resident 1257,A-20257,2025/05/16,294895,gal,,R6,
M-1257,"1899 School House Rd, Wiley, CO 81092",Resident 1257,A-20257,2025/06/12,299020,gal,,R6,
M-1258,"1906 Cemetery Rd, Wiley, CO 81092",Resident 1258,A-20258,2025/01/12,422894,gal,,R1,
M-1258,"1906 Cemetery Rd, Wiley, CO 81092",Resident 1258,A-20258,2025/02/13,425619,gal,,R1,
M-1258,"1906 Cemetery Rd, Wiley, CO 81092",Resident 1258,A-20258,2025/03/14,429245,gal,,R1,
M-1258,"1906 Cemetery Rd, Wiley, CO 81092",Resident 1258,A-20258,2025/04/15,433220,gal,,R1,
M-1258,"1906 Cemetery Rd, Wiley, CO 81092",Resident 1258,A-20258,2025/05/16,438601,gal,,R1,
M-1258,"1906 Cemetery Rd, Wiley, CO 81092",Resident 1258,A-20258,2025/06/12,443762,gal,,R1,
M-1259,"1913 Grain Elevator Rd, Wiley, CO 81092",Resident 1259,A-20259,2025/01/12,264740,gal,,R2,
M-1259,"1913 Grain Elevator Rd, Wiley, CO 81092",Resident 1259,A-20259,2025/02/13,266622,gal,,R2,
M-1259,"1913 Grain Elevator Rd, Wiley, CO 81092",Resident 1259,A-20259,2025/03/14,269638,gal,,R2,
M-1259,"1913 Grain Elevator Rd, Wiley, CO 81092",Resident 1259,A-20259,2025/04/15,272419,gal,,R2,
M-1259,"1913 Grain Elevator Rd, Wiley, CO 81092",Resident 1259,A-20259,2025/05/16,275737,gal,,R2,
M-1259,"1913 Grain Elevator Rd, Wiley, CO 81092",Resident 1259,A-20259,2025/06/12,279092,gal,,R2,
M-1260,"1920 Main St, Wiley, CO 81092",Resident 1260,A-20260,2025/01/12,156236,gal,,R3,
M-1260,"1920 Main St, Wiley, CO 81092",Resident 1260,A-20260,2025/02/13,157916,gal,,R3,
M-1260,"1920 Main St, Wiley, CO 81092",Resident 1260,A-20260,2025/03/14,160059,gal,,R3,
M-1260,"1920 Main St, Wiley, CO 81092",Resident 1260,A-20260,2025/04/15,162786,gal,,R3,
M-1260,"1920 Main St, Wiley, CO 81092",Resident 1260,A-20260,2025/05/16,165741,gal,,R3,
M-1260,"1920 Main St, Wiley, CO 81092",Resident 1260,A-20260,2025/06/12,169239,gal,,R3,
M-1261,"1927 County Rd 10, Wiley, CO 81092",Resident 1261,A-20261,2025/01/12,399890,gal,,R4,
M-1261,"1927 County Rd 10, Wiley, CO 81092",Resident 1261,A-20261,2025/02/13,403083,gal,,R4,
M-1261,"1927 County Rd 10, Wiley, CO 81092",Resident 1261,A-20261,2025/03/14,408088,gal,,R4,
M-1261,"1927 County Rd 10, Wiley, CO 81092",Resident 1261,A-20261,2025/04/15,412956,gal,,R4,
M-1261,"1927 County Rd 10, Wiley, CO 81092",Resident 1261,A-20261,2025/05/16,417785,gal,,R4,
M-1261,"1927 County Rd 10, Wiley, CO 81092",Resident 1261,A-20261,2025/06/12,423786,gal,,R4,
M-1262,"1934 County Rd 14, Wiley, CO 81092",Resident 1262,A-20262,2025/01/12,364254,gal,,R5,
M-1262,"1934 County Rd 14, Wiley, CO 81092",Resident 1262,A-20262,2025/02/13,366245,gal,,R5,
M-1262,"1934 County Rd 14, Wiley, CO 81092",Resident 1262,A-20262,2025/03/14,368970,gal,,R5,
M-1262,"1934 County Rd 14, Wiley, CO 81092",Resident 1262,A-20262,2025/04/15,372068,gal,,R5,
M-1262,"1934 County Rd 14, Wiley, CO 81092",Resident 1262,A-20262,2025/05/16,375446,gal,,R5,
M-1262,"1934 County Rd 14, Wiley, CO 81092",Resident 1262,A-20262,2025/06/12,378831,gal,,R5,
M-1263,"1941 Highway 287, Wiley, CO 81092",Resident 1263,A-20263,2025/01/12,242491,gal,,R6,
M-1263,"1941 Highway 287, Wiley, CO 81092",Resident 1263,A-20263,2025/02/13,246983,gal,,R6,
M-1263,"1941 Highway 287, Wiley, CO 81092",Resident 1263,A-20263,2025/03/14,254286,gal,,R6,
M-1263,"1941 Highway 287, Wiley, CO 81092",Resident 1263,A-20263,2025/04/15,260651,gal,,R6,
M-1263,"1941 Highway 287, Wiley, CO 81092",Resident 1263,A-20263,2025/05/16,267839,gal,,R6,
M-1263,"1941 Highway 287, Wiley, CO 81092",Resident 1263,A-20263,2025/06/12,276529,gal,,R6,
M-1264,"1948 Maple Ave, Wiley, CO 81092",Resident 1264,A-20264,2025/01/12,286298,gal,,R1,
M-1264,"1948 Maple Ave, Wiley, CO 81092",Resident 1264,A-20264,2025/02/13,289445,gal,,R1,
M-1264,"1948 Maple Ave, Wiley, CO 81092",Resident 1264,A-20264,2025/03/14,293266,gal,,R1,
M-1264,"1948 Maple Ave, Wiley, CO 81092",Resident 1264,A-20264,2025/04/15,296890,gal,,R1,
M-1264,"1948 Maple Ave, Wiley, CO 81092",Resident 1264,A-20264,2025/05/16,301489,gal,,R1,
M-1264,"1948 Maple Ave, Wiley, CO 81092",Resident 1264,A-20264,2025/06/12,306883,gal,,R1,
M-1265,"1955 Oak St, Wiley, CO 81092",Resident 1265,A-20265,2025/01/12,361812,gal,,R2,
M-1265,"1955 Oak St, Wiley, CO 81092",Resident 1265,A-20265,2025/02/13,364994,gal,,R2,
M-1265,"1955 Oak St, Wiley, CO 81092",Resident 1265,A-20265,2025/03/14,369153,gal,,R2,
M-1265,"1955 Oak St, Wiley, CO 81092",Resident 1265,A-20265,2025/04/15,374175,gal,,R2,
M-1265,"1955 Oak St, Wiley, CO 81092",Resident 1265,A-20265,2025/05/16,379401,gal,,R2,
M-1265,"1955 Oak St, Wiley, CO 81092",Resident 1265,A-20265,2025/06/12,385320,gal,,R2,
M-1266,"1962 Elm St, Wiley, CO 81092",Resident 1266,A-20266,2025/01/12,92708,gal,,R3,
M-1266,"1962 Elm St, Wiley, CO 81092",Resident 1266,A-20266,2025/02/13,98820,gal,,R3,
M-1266,"1962 Elm St, Wiley, CO 81092",Resident 1266,A-20266,2025/03/14,106073,gal,,R3,
M-1266,"1962 Elm St, Wiley, CO 81092",Resident 1266,A-20266,2025/04/15,114246,gal,,R3,
M-1266,"1962 Elm St, Wiley, CO 81092",Resident 1266,A-20266,2025/05/16,123010,gal,,R3,
M-1266,"1962 Elm St, Wiley, CO 81092",Resident 1266,A-20266,2025/06/12,133554,gal,,R3,
M-1267,"1969 3rd Ave, Wiley, CO 81092",Resident 1267,A-20267,2025/01/12,243460,gal,,R4,
M-1267,"1969 3rd Ave, Wiley, CO 81092",Resident 1267,A-20267,2025/02/13,247799,gal,,R4,
M-1267,"1969 3rd Ave, Wiley, CO 81092",Resident 1267,A-20267,2025/03/14,254532,gal,,R4,
M-1267,"1969 3rd Ave, Wiley, CO 81092",Resident 1267,A-20267,2025/04/15,260711,gal,,R4,
M-1267,"1969 3rd Ave, Wiley, CO 81092",Resident 1267,A-20267,2025/05/16,267074,gal,,R4,
M-1267,"1969 3rd Ave, Wiley, CO 81092",Resident 1267,A-20267,2025/06/12,274486,gal,,R4,
M-1268,"1976 5th St, Wiley, CO 81092",Resident 1268,A-20268,2025/01/12,223315,gal,,R5,
M-1268,"1976 5th St, Wiley, CO 81092",Resident 1268,A-20268,2025/02/13,226074,gal,,R5,
M-1268,"1976 5th St, Wiley, CO 81092",Resident 1268,A-20268,2025/03/14,230267,gal,,R5,
M-1268,"1976 5th St, Wiley, CO 81092",Resident 1268,A-20268,2025/04/15,234697,gal,,R5,
M-1268,"1976 5th St, Wiley, CO 81092",Resident 1268,A-20268,2025/05/16,239511,gal,,R5,
M-1268,"1976 5th St, Wiley, CO 81092",Resident 1268,A-20268,2025/06/12,244984,gal,,R5,
M-1269,"1983 Ranch Rd, Wiley, CO 81092",Resident 1269,A-20269,2025/01/12,200422,gal,,R6,
M-1269,"1983 Ranch Rd, Wiley, CO 81092",Resident 1269,A-20269,2025/02/13,205917,gal,,R6,
M-1269,"1983 Ranch Rd, Wiley, CO 81092",Resident 1269,A-20269,2025/03/14,213001,gal,,R6,
M-1269,"1983 Ranch Rd, Wiley, CO 81092",Resident 1269,A-20269,2025/04/15,220214,gal,,R6,
M-1269,"1983 Ranch Rd, Wiley, CO 81092",Resident 1269,A-20269,2025/05/16,228121,gal,,R6,
M-1269,"1983 Ranch Rd, Wiley, CO 81092",Resident 1269,A-20269,2025/06/12,236397,gal,,R6,
M-1270,"1990 Irrigation Ln, Wiley, CO 81092",Resident 1270,A-20270,2025/01/12,294449,gal,,R1,
M-1270,"1990 Irrigation Ln, Wiley, CO 81092",Resident 1270,A-20270,2025/02/13,297269,gal,,R1,
M-1270,"1990 Irrigation Ln, Wiley, CO 81092",Resident 1270,A-20270,2025/03/14,300372,gal,,R1,
M-1270,"1990 Irrigation Ln, Wiley, CO 81092",Resident 1270,A-20270,2025/04/15,303829,gal,,R1,
M-1270,"1990 Irrigation Ln, Wiley, CO 81092",Resident 1270,A-20270,2025/05/16,307379,gal,,R1,
M-1270,"1990 Irrigation Ln, Wiley, CO 81092",Resident 1270,A-20270,2025/06/12,311585,gal,,R1,
M-1271,"1997 North Frontage, Wiley, CO 81092",Resident 1271,A-20271,2025/01/12,399454,gal,,R2,
M-1271,"1997 North Frontage, Wiley, CO 81092",Resident 1271,A-20271,2025/02/13,405875,gal,,R2,
M-1271,"1997 North Frontage, Wiley, CO 81092",Resident 1271,A-20271,2025/03/14,413444,gal,,R2,
M-1271,"1997 North Frontage, Wiley, CO 81092",Resident 1271,A-20271,2025/04/15,421862,gal,,R2,
M-1271,"1997 North Frontage, Wiley, CO 81092",Resident 1271,A-20271,2025/05/16,431658,gal,,R2,
M-1271,"1997 North Frontage, Wiley, CO 81092",Resident 1271,A-20271,2025/06/12,443316,gal,,R2,
M-1272,"2004 South Loop, Wiley, CO 81092",Resident 1272,A-20272,2025/01/12,408535,gal,,R3,
M-1272,"2004 South Loop, Wiley, CO 81092",Resident 1272,A-20272,2025/02/13,413066,gal,,R3,
M-1272,"2004 South Loop, Wiley, CO 81092",Resident 1272,A-20272,2025/03/14,419065,gal,,R3,
M-1272,"2004 South Loop, Wiley, CO 81092",Resident 1272,A-20272,2025/04/15,425158,gal,,R3,
M-1272,"2004 South Loop, Wiley, CO 81092",Resident 1272,A-20272,2025/05/16,433452,gal,,R3,
M-1272,"2004 South Loop, Wiley, CO 81092",Resident 1272,A-20272,2025/06/12,441774,gal,,R3,
M-1273,"2011 Pioneer Rd, Wiley, CO 81092",Resident 1273,A-20273,2025/01/12,433055,gal,,R4,
M-1273,"2011 Pioneer Rd, Wiley, CO 81092",Resident 1273,A-20273,2025/02/13,438965,gal,,R4,
M-1273,"2011 Pioneer Rd, Wiley, CO 81092",Resident 1273,A-20273,2025/03/14,445267,gal,,R4,
M-1273,"2011 Pioneer Rd, Wiley, CO 81092",Resident 1273,A-20273,2025/04/15,452720,gal,,R4,
M-1273,"2011 Pioneer Rd, Wiley, CO 81092",Resident 1273,A-20273,2025/05/16,460128,gal,,R4,
M-1273,"2011 Pioneer Rd, Wiley, CO 81092",Resident 1273,A-20273,2025/06/12,468499,gal,,R4,
M-1274,"2018 Cottonwood Dr, Wiley, CO 81092",Resident 1274,A-20274,2025/01/12,252636,gal,,R5,
M-1274,"2018 Cottonwood Dr, Wiley, CO 81092",Resident 1274,A-20274,2025/02/13,257580,gal,,R5,
M-1274,"2018 Cottonwood Dr, Wiley, CO 81092",Resident 1274,A-20274,2025/03/14,264161,gal,,R5,
M-1274,"2018 Cottonwood Dr, Wiley, CO 81092",Resident 1274,A-20274,2025/04/15,269637,gal,,R5,
M-1274,"2018 Cottonwood Dr, Wiley, CO 81092",Resident 1274,A-20274,2025/05/16,276841,gal,,R5,
M-1274,"2018 Cottonwood Dr, Wiley, CO 81092",Resident 1274,A-20274,2025/06/12,284602,gal,,R5,
M-1275,"2025 Sand Creek Rd, Wiley, CO 81092",Resident 1275,A-20275,2025/01/12,319213,gal,,R6,
M-1275,"2025 Sand Creek Rd, Wiley, CO 81092",Resident 1275,A-20275,2025/02/13,322750,gal,,R6,
M-1275,"2025 Sand Creek Rd, Wiley, CO 81092",Resident 1275,A-20275,2025/03/14,327046,gal,,R6,
M-1275,"2025 Sand Creek Rd, Wiley, CO 81092",Resident 1275,A-20275,2025/04/15,331844,gal,,R6,
M-1275,"2025 Sand Creek Rd, Wiley, CO 81092",Resident 1275,A-20275,2025/05/16,336138,gal,,R6,
M-1275,"2025 Sand Creek Rd, Wiley, CO 81092",Resident 1275,A-20275,2025/06/12,341032,gal,,R6,
M-1276,"2032 Prairie View, Wiley, CO 81092",Resident 1276,A-20276,2025/01/12,317477,gal,,R1,
M-1276,"2032 Prairie View, Wiley, CO 81092",Resident 1276,A-20276,2025/02/13,322705,gal,,R1,
M-1276,"2032 Prairie View, Wiley, CO 81092",Resident 1276,A-20276,2025/03/14,328151,gal,,R1,
M-1276,"2032 Prairie View, Wiley, CO 81092",Resident 1276,A-20276,2025/04/15,335085,gal,,R1,
M-1276,"2032 Prairie View, Wiley, CO 81092",Resident 1276,A-20276,2025/05/16,342762,gal,,R1,
M-1276,"2032 Prairie View, Wiley, CO 81092",Resident 1276,A-20276,2025/06/12,352025,gal,,R1,
M-1277,"2039 School House Rd, Wiley, CO 81092",Resident 1277,A-20277,2025/01/12,314845,gal,,R2,
M-1277,"2039 School House Rd, Wiley, CO 81092",Resident 1277,A-20277,2025/02/13,319452,gal,,R2,
M-1277,"2039 School House Rd, Wiley, CO 81092",Resident 1277,A-20277,2025/03/14,324428,gal,,R2,
M-1277,"2039 School House Rd, Wiley, CO 81092",Resident 1277,A-20277,2025/04/15,330474,gal,,R2,
M-1277,"2039 School House Rd, Wiley, CO 81092",Resident 1277,A-20277,2025/05/16,336083,gal,,R2,
M-1277,"2039 School House Rd, Wiley, CO 81092",Resident 1277,A-20277,2025/06/12,343813,gal,,R2,
M-1278,"2046 Cemetery Rd, Wiley, CO 81092",Resident 1278,A-20278,2025/01/12,183355,gal,,R3,
M-1278,"2046 Cemetery Rd, Wiley, CO 81092",Resident 1278,A-20278,2025/02/13,185858,gal,,R3,
M-1278,"2046 Cemetery Rd, Wiley, CO 81092",Resident 1278,A-20278,2025/03/14,189578,gal,,R3,
M-1278,"2046 Cemetery Rd, Wiley, CO 81092",Resident 1278,A-20278,2025/04/15,192915,gal,,R3,
M-1278,"2046 Cemetery Rd, Wiley, CO 81092",Resident 1278,A-20278,2025/05/16,197521,gal,,R3,
M-1278,"2046 Cemetery Rd, Wiley, CO 81092",Resident 1278,A-20278,2025/06/12,202842,gal,,R3,
M-1279,"2053 Grain Elevator Rd, Wiley, CO 81092",Resident 1279,A-20279,2025/01/12,335283,gal,,R4,
M-1279,"2053 Grain Elevator Rd, Wiley, CO 81092",Resident 1279,A-20279,2025/02/13,337756,gal,,R4,
M-1279,"2053 Grain Elevator Rd, Wiley, CO 81092",Resident 1279,A-20279,2025/03/14,340644,gal,,R4,
M-1279,"2053 Grain Elevator Rd, Wiley, CO 81092",Resident 1279,A-20279,2025/04/15,343547,gal,,R4,
M-1279,"2053 Grain Elevator Rd, Wiley, CO 81092",Resident 1279,A-20279,2025/05/16,346572,gal,,R4,
M-1279,"2053 Grain Elevator Rd, Wiley, CO 81092",Resident 1279,A-20279,2025/06/12,350572,gal,,R4,
M-1280,"2060 Main St, Wiley, CO 81092",Resident 1280,A-20280,2025/01/12,315822,gal,,R5,
M-1280,"2060 Main St, Wiley, CO 81092",Resident 1280,A-20280,2025/02/13,317898,gal,,R5,
M-1280,"2060 Main St, Wiley, CO 81092",Resident 1280,A-20280,2025/03/14,320924,gal,,R5,
M-1280,"2060 Main St, Wiley, CO 81092",Resident 1280,A-20280,2025/04/15,324356,gal,,R5,
M-1280,"2060 Main St, Wiley, CO 81092",Resident 1280,A-20280,2025/05/16,327400,gal,,R5,
M-1280,"2060 Main St, Wiley, CO 81092",Resident 1280,A-20280,2025/06/12,331530,gal,,R5,
M-1281,"2067 County Rd 10, Wiley, CO 81092",Resident 1281,A-20281,2025/01/12,184384,gal,,R6,
M-1281,"2067 County Rd 10, Wiley, CO 81092",Resident 1281,A-20281,2025/02/13,190443,gal,,R6,
M-1281,"2067 County Rd 10, Wiley, CO 81092",Resident 1281,A-20281,2025/03/14,199100,gal,,R6,
M-1281,"2067 County Rd 10, Wiley, CO 81092",Resident 1281,A-20281,2025/04/15,206550,gal,,R6,
M-1281,"2067 County Rd 10, Wiley, CO 81092",Resident 1281,A-20281,2025/05/16,214255,gal,,R6,
M-1281,"2067 County Rd 10, Wiley, CO 81092",Resident 1281,A-20281,2025/06/12,224075,gal,,R6,
M-1282,"2074 County Rd 14, Wiley, CO 81092",Resident 1282,A-20282,2025/01/12,428762,gal,,R1,
M-1282,"2074 County Rd 14, Wiley, CO 81092",Resident 1282,A-20282,2025/02/13,433483,gal,,R1,
M-1282,"2074 County Rd 14, Wiley, CO 81092",Resident 1282,A-20282,2025/03/14,438711,gal,,R1,
M-1282,"2074 County Rd 14, Wiley, CO 81092",Resident 1282,A-20282,2025/04/15,445296,gal,,R1,
M-1282,"2074 County Rd 14, Wiley, CO 81092",Resident 1282,A-20282,2025/05/16,451290,gal,,R1,
M-1282,"2074 County Rd 14, Wiley, CO 81092",Resident 1282,A-20282,2025/06/12,459686,gal,,R1,
M-1283,"2081 Highway 287, Wiley, CO 81092",Resident 1283,A-20283,2025/01/12,124401,gal,,R2,
M-1283,"2081 Highway 287, Wiley, CO 81092",Resident 1283,A-20283,2025/02/13,128527,gal,,R2,
M-1283,"2081 Highway 287, Wiley, CO 81092",Resident 1283,A-20283,2025/03/14,133335,gal,,R2,
M-1283,"2081 Highway 287, Wiley, CO 81092",Resident 1283,A-20283,2025/04/15,138631,gal,,R2,
M-1283,"2081 Highway 287, Wiley, CO 81092",Resident 1283,A-20283,2025/05/16,143969,gal,,R2,
M-1283,"2081 Highway 287, Wiley, CO 81092",Resident 1283,A-20283,2025/06/12,150480,gal,,R2,
M-1284,"2088 Maple Ave, Wiley, CO 81092",Resident 1284,A-20284,2025/01/12,232252,gal,,R3,
M-1284,"2088 Maple Ave, Wiley, CO 81092",Resident 1284,A-20284,2025/02/13,236728,gal,,R3,
M-1284,"2088 Maple Ave, Wiley, CO 81092",Resident 1284,A-20284,2025/03/14,241997,gal,,R3,
M-1284,"2088 Maple Ave, Wiley, CO 81092",Resident 1284,A-20284,2025/04/15,248234,gal,,R3,
M-1284,"2088 Maple Ave, Wiley, CO 81092",Resident 1284,A-20284,2025/05/16,254289,gal,,R3,
M-1284,"2088 Maple Ave, Wiley, CO 81092",Resident 1284,A-20284,2025/06/12,261299,gal,,R3,
M-1285,"2095 Oak St, Wiley, CO 81092",Resident 1285,A-20285,2025/01/12,354006,gal,,R4,
M-1285,"2095 Oak St, Wiley, CO 81092",Resident 1285,A-20285,2025/02/13,358168,gal,,R4,
M-1285,"2095 Oak St, Wiley, CO 81092",Resident 1285,A-20285,2025/03/14,363100,gal,,R4,
M-1285,"2095 Oak St, Wiley, CO 81092",Resident 1285,A-20285,2025/04/15,368262,gal,,R4,
M-1285,"2095 Oak St, Wiley, CO 81092",Resident 1285,A-20285,2025/05/16,374708,gal,,R4,
M-1285,"2095 Oak St, Wiley, CO 81092",Resident 1285,A-20285,2025/06/12,381510,gal,,R4,
M-1286,"2102 Elm St, Wiley, CO 81092",Resident 1286,A-20286,2025/01/12,433469,gal,,R5,
M-1286,"2102 Elm St, Wiley, CO 81092",Resident 1286,A-20286,2025/02/13,438092,gal,,R5,
M-1286,"2102 Elm St, Wiley, CO 81092",Resident 1286,A-20286,2025/03/14,443498,gal,,R5,
M-1286,"2102 Elm St, Wiley, CO 81092",Resident 1286,A-20286,2025/04/15,450265,gal,,R5,
M-1286,"2102 Elm St, Wiley, CO 81092",Resident 1286,A-20286,2025/05/16,456573,gal,,R5,
M-1286,"2102 Elm St, Wiley, CO 81092",Resident 1286,A-20286,2025/06/12,463653,gal,,R5,
M-1287,"2109 3rd Ave, Wiley, CO 81092",Resident 1287,A-20287,2025/01/12,427858,gal,,R6,
M-1287,"2109 3rd Ave, Wiley, CO 81092",Resident 1287,A-20287,2025/02/13,433561,gal,,R6,
M-1287,"2109 3rd Ave, Wiley, CO 81092",Resident 1287,A-20287,2025/03/14,442189,gal,,R6,
M-1287,"2109 3rd Ave, Wiley, CO 81092",Resident 1287,A-20287,2025/04/15,451376,gal,,R6,
M-1287,"2109 3rd Ave, Wiley, CO 81092",Resident 1287,A-20287,2025/05/16,461347,gal,,R6,
M-1287,"2109 3rd Ave, Wiley, CO 81092",Resident 1287,A-20287,2025/06/12,472396,gal,,R6,
M-1288,"2116 5th St, Wiley, CO 81092",Resident 1288,A-20288,2025/01/12,389826,gal,,R1,
M-1288,"2116 5th St, Wiley, CO 81092",Resident 1288,A-20288,2025/02/13,391757,gal,,R1,
M-1288,"2116 5th St, Wiley, CO 81092",Resident 1288,A-20288,2025/03/14,394658,gal,,R1,
M-1288,"2116 5th St, Wiley, CO 81092",Resident 1288,A-20288,2025/06/12,398136,gal,,R1,
M-1289,"2123 Ranch Rd, Wiley, CO 81092",Resident 1289,A-20289,2025/01/12,270533,gal,,R2,
M-1289,"2123 Ranch Rd, Wiley, CO 81092",Resident 1289,A-20289,2025/02/13,276236,gal,,R2,
M-1289,"2123 Ranch Rd, Wiley, CO 81092",Resident 1289,A-20289,2025/03/14,284407,gal,,R2,
M-1289,"2123 Ranch Rd, Wiley, CO 81092",Resident 1289,A-20289,2025/04/15,291120,gal,,R2,
M-1289,"2123 Ranch Rd, Wiley, CO 81092",Resident 1289,A-20289,2025/05/16,299448,gal,,R2,
M-1289,"2123 Ranch Rd, Wiley, CO 81092",Resident 1289,A-20289,2025/06/12,309980,gal,,R2,
M-1290,"2130 Irrigation Ln, Wiley, CO 81092",Resident 1290,A-20290,2025/01/12,141987,gal,,R3,
M-1290,"2130 Irrigation Ln, Wiley, CO 81092",Resident 1290,A-20290,2025/02/13,147878,gal,,R3,
M-1290,"2130 Irrigation Ln, Wiley, CO 81092",Resident 1290,A-20290,2025/03/14,154389,gal,,R3,
M-1290,"2130 Irrigation Ln, Wiley, CO 81092",Resident 1290,A-20290,2025/04/15,161688,gal,,R3,
M-1290,"2130 Irrigation Ln, Wiley, CO 81092",Resident 1290,A-20290,2025/05/16,169173,gal,,R3,
M-1290,"2130 Irrigation Ln, Wiley, CO 81092",Resident 1290,A-20290,2025/06/12,178121,gal,,R3,
M-1291,"2137 North Frontage, Wiley, CO 81092",Resident 1291,A-20291,2025/01/12,214936,gal,,R4,
M-1291,"2137 North Frontage, Wiley, CO 81092",Resident 1291,A-20291,2025/02/13,221196,gal,,R4,
M-1291,"2137 North Frontage, Wiley, CO 81092",Resident 1291,A-20291,2025/03/14,229444,gal,,R4,
M-1291,"2137 North Frontage, Wiley, CO 81092",Resident 1291,A-20291,2025/04/15,236706,gal,,R4,
M-1291,"2137 North Frontage, Wiley, CO 81092",Resident 1291,A-20291,2025/05/16,245313,gal,,R4,
M-1291,"2137 North Frontage, Wiley, CO 81092",Resident 1291,A-20291,2025/06/12,254582,gal,,R4,
M-1292,"2144 South Loop, Wiley, CO 81092",Resident 1292,A-20292,2025/01/12,229236,gal,,R5,
M-1292,"2144 South Loop, Wiley, CO 81092",Resident 1292,A-20292,2025/02/13,231215,gal,,R5,
M-1292,"2144 South Loop, Wiley, CO 81092",Resident 1292,A-20292,2025/03/14,234065,gal,,R5,
M-1292,"2144 South Loop, Wiley, CO 81092",Resident 1292,A-20292,2025/04/15,236914,gal,,R5,
M-1292,"2144 South Loop, Wiley, CO 81092",Resident 1292,A-20292,2025/05/16,240067,gal,,R5,
M-1292,"2144 South Loop, Wiley, CO 81092",Resident 1292,A-20292,2025/06/12,243776,gal,,R5,
M-1293,"2151 Pioneer Rd, Wiley, CO 81092",Resident 1293,A-20293,2025/01/12,183211,gal,,R6,
M-1293,"2151 Pioneer Rd, Wiley, CO 81092",Resident 1293,A-20293,2025/02/13,185242,gal,,R6,
M-1293,"2151 Pioneer Rd, Wiley, CO 81092",Resident 1293,A-20293,2025/03/14,187607,gal,,R6,
M-1293,"2151 Pioneer Rd, Wiley, CO 81092",Resident 1293,A-20293,2025/04/15,190121,gal,,R6,
M-1293,"2151 Pioneer Rd, Wiley, CO 81092",Resident 1293,A-20293,2025/05/16,193624,gal,,R6,
M-1293,"2151 Pioneer Rd, Wiley, CO 81092",Resident 1293,A-20293,2025/06/12,197080,gal,,R6,
M-1294,"2158 Cottonwood Dr, Wiley, CO 81092",Resident 1294,A-20294,2025/01/12,186586,gal,,R1,
M-1294,"2158 Cottonwood Dr, Wiley, CO 81092",Resident 1294,A-20294,2025/02/13,190435,gal,,R1,
M-1294,"2158 Cottonwood Dr, Wiley, CO 81092",Resident 1294,A-20294,2025/03/14,195517,gal,,R1,
M-1294,"2158 Cottonwood Dr, Wiley, CO 81092",Resident 1294,A-20294,2025/04/15,200945,gal,,R1,
M-1294,"2158 Cottonwood Dr, Wiley, CO 81092",Resident 1294,A-20294,2025/05/16,206946,gal,,R1,
M-1294,"2158 Cottonwood Dr, Wiley, CO 81092",Resident 1294,A-20294,2025/06/12,214058,gal,,R1,
M-1295,"2165 Sand Creek Rd, Wiley, CO 81092",Resident 1295,A-20295,2025/01/12,177217,gal,,R2,
M-1295,"2165 Sand Creek Rd, Wiley, CO 81092",Resident 1295,A-20295,2025/02/13,184142,gal,,R2,
M-1295,"2165 Sand Creek Rd, Wiley, CO 81092",Resident 1295,A-20295,2025/03/14,191953,gal,,R2,
M-1295,"2165 Sand Creek Rd, Wiley, CO 81092",Resident 1295,A-20295,2025/04/15,201032,gal,,R2,
M-1295,"2165 Sand Creek Rd, Wiley, CO 81092",Resident 1295,A-20295,2025/05/16,209021,gal,,R2,
M-1295,"2165 Sand Creek Rd, Wiley, CO 81092",Resident 1295,A-20295,2025/06/12,219112,gal,,R2,
M-1296,"2172 Prairie View, Wiley, CO 81092",Resident 1296,A-20296,2025/01/12,90934,gal,,R3,
M-1296,"2172 Prairie View, Wiley, CO 81092",Resident 1296,A-20296,2025/02/13,94521,gal,,R3,
M-1296,"2172 Prairie View, Wiley, CO 81092",Resident 1296,A-20296,2025/03/14,99520,gal,,R3,
M-1296,"2172 Prairie View, Wiley, CO 81092",Resident 1296,A-20296,2025/04/15,104927,gal,,R3,
M-1296,"2172 Prairie View, Wiley, CO 81092",Resident 1296,A-20296,2025/05/16,110947,gal,,R3,
M-1296,"2172 Prairie View, Wiley, CO 81092",Resident 1296,A-20296,2025/06/12,118178,gal,,R3,
M-1297,"2179 School House Rd, Wiley, CO 81092",Resident 1297,A-20297,2025/01/12,91733,gal,,R4,
M-1297,"2179 School House Rd, Wiley, CO 81092",Resident 1297,A-20297,2025/02/13,94367,gal,,R4,
M-1297,"2179 School House Rd, Wiley, CO 81092",Resident 1297,A-20297,2025/03/14,97626,gal,,R4,
M-1297,"2179 School House Rd, Wiley, CO 81092",Resident 1297,A-20297,2025/04/15,100835,gal,,R4,
M-1297,"2179 School House Rd, Wiley, CO 81092",Resident 1297,A-20297,2025/05/16,104828,gal,,R4,
M-1297,"2179 School House Rd, Wiley, CO 81092",Resident 1297,A-20297,2025/06/12,109044,gal,,R4,
M-1298,"2186 Cemetery Rd, Wiley, CO 81092",Resident 1298,A-20298,2025/01/12,200604,gal,,R5,
M-1298,"2186 Cemetery Rd, Wiley, CO 81092",Resident 1298,A-20298,2025/02/13,203616,gal,,R5,
M-1298,"2186 Cemetery Rd, Wiley, CO 81092",Resident 1298,A-20298,2025/03/14,207547,gal,,R5,
M-1298,"2186 Cemetery Rd, Wiley, CO 81092",Resident 1298,A-20298,2025/04/15,211811,gal,,R5,
M-1298,"2186 Cemetery Rd, Wiley, CO 81092",Resident 1298,A-20298,2025/05/16,217172,gal,,R5,
M-1298,"2186 Cemetery Rd, Wiley, CO 81092",Resident 1298,A-20298,2025/06/12,223742,gal,,R5,
M-1299,"2193 Grain Elevator Rd, Wiley, CO 81092",Resident 1299,A-20299,2025/01/12,319037,gal,,R6,
M-1299,"2193 Grain Elevator Rd, Wiley, CO 81092",Resident 1299,A-20299,2025/02/13,321441,gal,,R6,
M-1299,"2193 Grain Elevator Rd, Wiley, CO 81092",Resident 1299,A-20299,2025/03/14,325764,gal,,R6,
M-1299,"2193 Grain Elevator Rd, Wiley, CO 81092",Resident 1299,A-20299,2025/04/15,329442,gal,,R6,
M-1299,"2193 Grain Elevator Rd, Wiley, CO 81092",Resident 1299,A-20299,2025/05/16,333996,gal,,R6,
M-1299,"2193 Grain Elevator Rd, Wiley, CO 81092",Resident 1299,A-20299,2025/06/12,339578,gal,,R6,
M-1300,"2200 Main St, Wiley, CO 81092",Resident 1300,A-20300,2025/01/12,392748,gal,,R1,
M-1300,"2200 Main St, Wiley, CO 81092",Resident 1300,A-20300,2025/02/13,395798,gal,,R1,
M-1300,"2200 Main St, Wiley, CO 81092",Resident 1300,A-20300,2025/03/14,399027,gal,,R1,
M-1300,"2200 Main St, Wiley, CO 81092",Resident 1300,A-20300,2025/04/15,402688,gal,,R1,
M-1300,"2200 Main St, Wiley, CO 81092",Resident 1300,A-20300,2025/05/16,406554,gal,,R1,
M-1300,"2200 Main St, Wiley, CO 81092",Resident 1300,A-20300,2025/06/12,412359,gal,,R1,
