Meter ID,Service Address,Occupant Name,Account Number,Reading Date,Cumulative Reading,Unit,Diagnostic Flag,Route,Notes
M-1001,"107 County Rd 10, Wiley, CO 81092",Resident 1001,A-20001,2025-01-12,371863,gallons,,R2,
M-1001,"107 County Rd 10, Wiley, CO 81092",Resident 1001,A-20001,2025-02-13,377842,gallons,,R2,
M-1001,"107 County Rd 10, Wiley, CO 81092",Resident 1001,A-20001,2025-03-14,385799,gallons,,R2,
M-1001,"107 County Rd 10, Wiley, CO 81092",Resident 1001,A-20001,2025-04-15,393023,gallons,,R2,
M-1001,"107 County Rd 10, Wiley, CO 81092",Resident 1001,A-20001,2025-05-16,400673,gallons,,R2,
M-1001,"107 County Rd 10, Wiley, CO 81092",Resident 1001,A-20001,2025-06-12,409479,gallons,,R2,
M-1002,"114 County Rd 14, Wiley, CO 81092",Resident 1002,A-20002,2025-01-12,303050,gallons,,R3,
M-1002,"114 County Rd 14, Wiley, CO 81092",Resident 1002,A-20002,2025-02-13,305255,gallons,,R3,
M-1002,"114 County Rd 14, Wiley, CO 81092",Resident 1002,A-20002,2025-03-14,308582,gallons,,R3,
M-1002,"114 County Rd 14, Wiley, CO 81092",Resident 1002,A-20002,2025-04-15,311649,gallons,,R3,
M-1002,"114 County Rd 14, Wiley, CO 81092",Resident 1002,A-20002,2025-05-16,315322,gallons,,R3,
M-1002,"114 County Rd 14, Wiley, CO 81092",Resident 1002,A-20002,2025-06-12,319537,gallons,,R3,
M-1003,"121 Highway 287, Wiley, CO 81092",Resident 1003,A-20003,2025-01-12,137020,gallons,,R4,
M-1003,"121 Highway 287, Wiley, CO 81092",Resident 1003,A-20003,2025-02-13,138610,gallons,,R4,
M-1003,"121 Highway 287, Wiley, CO 81092",Resident 1003,A-20003,2025-03-14,140984,gallons,,R4,
M-1003,"121 Highway 287, Wiley, CO 81092",Resident 1003,A-20003,2025-04-15,143566,gallons,,R4,
M-1003,"121 Highway 287, Wiley, CO 81092",Resident 1003,A-20003,2025-05-16,146544,gallons,,R4,
M-1003,"121 Highway 287, Wiley, CO 81092",Resident 1003,A-20003,2025-06-12,150007,gallons,,R4,
M-1004,"128 Maple Ave, Wiley, CO 81092",Resident 1004,A-20004,2025-01-12,321001,gallons,,R5,
M-1004,"128 Maple Ave, Wiley, CO 81092",Resident 1004,A-20004,2025-02-13,326285,gallons,,R5,
M-1004,"128 Maple Ave, Wiley, CO 81092",Resident 1004,A-20004,2025-03-14,334966,gallons,,R5,
M-1004,"128 Maple Ave, Wiley, CO 81092",Resident 1004,A-20004,2025-04-15,342619,gallons,,R5,
M-1004,"128 Maple Ave, Wiley, CO 81092",Resident 1004,A-20004,2025-05-16,353389,gallons,,R5,
M-1004,"128 Maple Ave, Wiley, CO 81092",Resident 1004,A-20004,2025-06-12,363222,gallons,,R5,
M-1005,"135 Oak St, Wiley, CO 81092",Resident 1005,A-20005,2025-01-12,171997,gallons,,R6,
M-1005,"135 Oak St, Wiley, CO 81092",Resident 1005,A-20005,2025-02-13,175144,gallons,,R6,
M-1005,"135 Oak St, Wiley, CO 81092",Resident 1005,A-20005,2025-03-14,179407,gallons,,R6,
M-1005,"135 Oak St, Wiley, CO 81092",Resident 1005,A-20005,2025-04-15,183809,gallons,,R6,
M-1005,"135 Oak St, Wiley, CO 81092",Resident 1005,A-20005,2025-05-16,189582,gallons,,R6,
M-1005,"135 Oak St, Wiley, CO 81092",Resident 1005,A-20005,2025-06-12,195153,gallons,,R6,
M-1006,"142 Elm St, Wiley, CO 81092",Resident 1006,A-20006,2025-01-12,220059,gallons,,R1,
M-1006,"142 Elm St, Wiley, CO 81092",Resident 1006,A-20006,2025-02-13,223080,gallons,,R1,
M-1006,"142 Elm St, Wiley, CO 81092",Resident 1006,A-20006,2025-03-14,226735,gallons,,R1,
M-1006,"142 Elm St, Wiley, CO 81092",Resident 1006,A-20006,2025-04-15,231324,gallons,,R1,
M-1006,"142 Elm St, Wiley, CO 81092",Resident 1006,A-20006,2025-05-16,236251,gallons,,R1,
M-1006,"142 Elm St, Wiley, CO 81092",Resident 1006,A-20006,2025-06-12,241471,gallons,,R1,
M-1007,"149 3rd Ave, Wiley, CO 81092",Resident 1007,A-20007,2025-01-12,315353,gallons,,R2,
M-1007,"149 3rd Ave, Wiley, CO 81092",Resident 1007,A-20007,2025-02-13,318165,gallons,,R2,
M-1007,"149 3rd Ave, Wiley, CO 81092",Resident 1007,A-20007,2025-03-14,322234,gallons,,R2,
M-1007,"149 3rd Ave, Wiley, CO 81092",Resident 1007,A-20007,2025-04-15,325826,gallons,,R2,
M-1007,"149 3rd Ave, Wiley, CO 81092",Resident 1007,A-20007,2025-05-16,329903,gallons,,R2,
M-1007,"149 3rd Ave, Wiley, CO 81092",Resident 1007,A-20007,2025-06-12,336137,gallons,,R2,
M-1008,"156 5th St, Wiley, CO 81092",Resident 1008,A-20008,2025-01-12,200183,gallons,,R3,
M-1008,"156 5th St, Wiley, CO 81092",Resident 1008,A-20008,2025-02-13,202413,gallons,,R3,
M-1008,"156 5th St, Wiley, CO 81092",Resident 1008,A-20008,2025-03-14,205473,gallons,,R3,
M-1008,"156 5th St, Wiley, CO 81092",Resident 1008,A-20008,2025-04-15,208326,gallons,,R3,
M-1008,"156 5th St, Wiley, CO 81092",Resident 1008,A-20008,2025-05-16,211923,gallons,,R3,
M-1008,"156 5th St, Wiley, CO 81092",Resident 1008,A-20008,2025-06-12,216159,gallons,,R3,
M-1009,"163 Ranch Rd, Wiley, CO 81092",Resident 1009,A-20009,2025-01-12,136870,gallons,,R4,
M-1009,"163 Ranch Rd, Wiley, CO 81092",Resident 1009,A-20009,2025-02-13,142465,gallons,,R4,
M-1009,"163 Ranch Rd, Wiley, CO 81092",Resident 1009,A-20009,2025-03-14,150524,gallons,,R4,
M-1009,"163 Ranch Rd, Wiley, CO 81092",Resident 1009,A-20009,2025-04-15,159572,gallons,,R4,
M-1009,"163 Ranch Rd, Wiley, CO 81092",Resident 1009,A-20009,2025-05-16,169141,gallons,,R4,
M-1009,"163 Ranch Rd, Wiley, CO 81092",Resident 1009,A-20009,2025-06-12,180136,gallons,,R4,
M-1010,"170 Irrigation Ln, Wiley, CO 81092",Resident 1010,A-20010,2025-01-12,299187,gallons,,R5,
M-1010,"170 Irrigation Ln, Wiley, CO 81092",Resident 1010,A-20010,2025-02-13,301431,gallons,,R5,
M-1010,"170 Irrigation Ln, Wiley, CO 81092",Resident 1010,A-20010,2025-03-14,304207,gallons,,R5,
M-1010,"170 Irrigation Ln, Wiley, CO 81092",Resident 1010,A-20010,2025-04-15,307685,gallons,,R5,
M-1010,"170 Irrigation Ln, Wiley, CO 81092",Resident 1010,A-20010,2025-05-16,311016,gallons,,R5,
M-1010,"170 Irrigation Ln, Wiley, CO 81092",Resident 1010,A-20010,2025-06-12,314626,gallons,,R5,
M-1011,"177 North Frontage, Wiley, CO 81092",Resident 1011,A-20011,2025-01-12,381661,gallons,,R6,
M-1011,"177 North Frontage, Wiley, CO 81092",Resident 1011,A-20011,2025-02-13,387563,gallons,,R6,
M-1011,"177 North Frontage, Wiley, CO 81092",Resident 1011,A-20011,2025-03-14,394768,gallons,,R6,
M-1011,"177 North Frontage, Wiley, CO 81092",Resident 1011,A-20011,2025-04-15,401653,gallons,,R6,
M-1011,"177 North Frontage, Wiley, CO 81092",Resident 1011,A-20011,2025-05-16,410319,gallons,,R6,
M-1011,"177 North Frontage, Wiley, CO 81092",Resident 1011,A-20011,2025-06-12,419751,gallons,,R6,
M-1012,"184 South Loop, Wiley, CO 81092",Resident 1012,A-20012,2025-01-12,150872,gallons,,R1,
M-1012,"184 South Loop, Wiley, CO 81092",Resident 1012,A-20012,2025-02-13,156901,gallons,,R1,
M-1012,"184 South Loop, Wiley, CO 81092",Resident 1012,A-20012,2025-03-14,165982,gallons,,R1,
M-1012,"184 South Loop, Wiley, CO 81092",Resident 1012,A-20012,2025-04-15,175051,gallons,,R1,
M-1012,"184 South Loop, Wiley, CO 81092",Resident 1012,A-20012,2025-05-16,184224,gallons,,R1,
M-1012,"184 South Loop, Wiley, CO 81092",Resident 1012,A-20012,2025-06-12,193842,gallons,,R1,
M-1013,"191 Pioneer Rd, Wiley, CO 81092",Resident 1013,A-20013,2025-01-12,113777,gallons,,R2,
M-1013,"191 Pioneer Rd, Wiley, CO 81092",Resident 1013,A-20013,2025-02-13,118066,gallons,,R2,
M-1013,"191 Pioneer Rd, Wiley, CO 81092",Resident 1013,A-20013,2025-03-14,124408,gallons,,R2,
M-1013,"191 Pioneer Rd, Wiley, CO 81092",Resident 1013,A-20013,2025-04-15,130819,gallons,,R2,
M-1013,"191 Pioneer Rd, Wiley, CO 81092",Resident 1013,A-20013,2025-05-16,138452,gallons,,R2,
M-1013,"191 Pioneer Rd, Wiley, CO 81092",Resident 1013,A-20013,2025-06-12,146886,gallons,,R2,
M-1014,"198 Cottonwood Dr, Wiley, CO 81092",Resident 1014,A-20014,2025-01-12,408407,gallons,,R3,
M-1014,"198 Cottonwood Dr, Wiley, CO 81092",Resident 1014,A-20014,2025-02-13,410495,gallons,,R3,
M-1014,"198 Cottonwood Dr, Wiley, CO 81092",Resident 1014,A-20014,2025-03-14,413475,gallons,,R3,
M-1014,"198 Cottonwood Dr, Wiley, CO 81092",Resident 1014,A-20014,2025-04-15,416500,gallons,,R3,
M-1014,"198 Cottonwood Dr, Wiley, CO 81092",Resident 1014,A-20014,2025-05-16,419958,gallons,,R3,
M-1014,"198 Cottonwood Dr, Wiley, CO 81092",Resident 1014,A-20014,2025-06-12,424244,gallons,,R3,
M-1015,"205 Sand Creek Rd, Wiley, CO 81092",Resident 1015,A-20015,2025-01-12,373862,gallons,,R4,
M-1015,"205 Sand Creek Rd, Wiley, CO 81092",Resident 1015,A-20015,2025-02-13,378495,gallons,,R4,
M-1015,"205 Sand Creek Rd, Wiley, CO 81092",Resident 1015,A-20015,2025-03-14,385671,gallons,,R4,
M-1015,"205 Sand Creek Rd, Wiley, CO 81092",Resident 1015,A-20015,2025-04-15,393013,gallons,,R4,
M-1015,"205 Sand Creek Rd, Wiley, CO 81092",Resident 1015,A-20015,2025-05-16,399982,gallons,,R4,
M-1015,"205 Sand Creek Rd, Wiley, CO 81092",Resident 1015,A-20015,2025-06-12,408948,gallons,,R4,
M-1016,"212 Prairie View, Wiley, CO 81092",Resident 1016,A-20016,2025-01-12,90027,gallons,,R5,
M-1016,"212 Prairie View, Wiley, CO 81092",Resident 1016,A-20016,2025-02-13,94393,gallons,,R5,
M-1016,"212 Prairie View, Wiley, CO 81092",Resident 1016,A-20016,2025-03-14,100024,gallons,,R5,
M-1016,"212 Prairie View, Wiley, CO 81092",Resident 1016,A-20016,2025-04-15,105819,gallons,,R5,
M-1016,"212 Prairie View, Wiley, CO 81092",Resident 1016,A-20016,2025-05-16,111885,gallons,,R5,
M-1016,"212 Prairie View, Wiley, CO 81092",Resident 1016,A-20016,2025-06-12,120067,gallons,,R5,
M-1017,"219 School House Rd, Wiley, CO 81092",Resident 1017,A-20017,2025-01-12,112889,gallons,,R6,
M-1017,"219 School House Rd, Wiley, CO 81092",Resident 1017,A-20017,2025-02-13,114636,gallons,,R6,
M-1017,"219 School House Rd, Wiley, CO 81092",Resident 1017,A-20017,2025-03-14,116980,gallons,,R6,
M-1017,"219 School House Rd, Wiley, CO 81092",Resident 1017,A-20017,2025-04-15,119262,gallons,,R6,
M-1017,"219 School House Rd, Wiley, CO 81092",Resident 1017,A-20017,2025-05-16,121788,gallons,,R6,
M-1017,"219 School House Rd, Wiley, CO 81092",Resident 1017,A-20017,2025-06-12,124705,gallons,,R6,
M-1018,"226 Cemetery Rd, Wiley, CO 81092",Resident 1018,A-20018,2025-01-12,187785,gallons,,R1,
M-1018,"226 Cemetery Rd, Wiley, CO 81092",Resident 1018,A-20018,2025-02-13,189554,gallons,,R1,
M-1018,"226 Cemetery Rd, Wiley, CO 81092",Resident 1018,A-20018,2025-03-14,192131,gallons,,R1,
M-1018,"226 Cemetery Rd, Wiley, CO 81092",Resident 1018,A-20018,2025-04-15,194804,gallons,,R1,
M-1018,"226 Cemetery Rd, Wiley, CO 81092",Resident 1018,A-20018,2025-05-16,197706,gallons,,R1,
M-1018,"226 Cemetery Rd, Wiley, CO 81092",Resident 1018,A-20018,2025-06-12,201260,gallons,,R1,
M-1019,"233 Grain Elevator Rd, Wiley, CO 81092",Resident 1019,A-20019,2025-01-12,153874,gallons,,R2,
M-1019,"233 Grain Elevator Rd, Wiley, CO 81092",Resident 1019,A-20019,2025-02-13,155960,gallons,,R2,
M-1019,"233 Grain Elevator Rd, Wiley, CO 81092",Resident 1019,A-20019,2025-03-14,158525,gallons,,R2,
M-1019,"233 Grain Elevator Rd, Wiley, CO 81092",Resident 1019,A-20019,2025-04-15,161066,gallons,,R2,
M-1019,"233 Grain Elevator Rd, Wiley, CO 81092",Resident 1019,A-20019,2025-05-16,164676,gallons,,R2,
M-1019,"233 Grain Elevator Rd, Wiley, CO 81092",Resident 1019,A-20019,2025-06-12,168135,gallons,,R2,
M-1020,"240 Main St, Wiley, CO 81092",Resident 1020,A-20020,2025-01-12,285288,gallons,,R3,
M-1020,"240 Main St, Wiley, CO 81092",Resident 1020,A-20020,2025-02-13,288180,gallons,,R3,
M-1020,"240 Main St, Wiley, CO 81092",Resident 1020,A-20020,2025-03-14,291691,gallons,,R3,
M-1020,"240 Main St, Wiley, CO 81092",Resident 1020,A-20020,2025-04-15,295160,gallons,,R3,
M-1020,"240 Main St, Wiley, CO 81092",Resident 1020,A-20020,2025-05-16,299114,gallons,,R3,
M-1020,"240 Main St, Wiley, CO 81092",Resident 1020,A-20020,2025-06-12,305070,gallons,,R3,
M-1021,"247 County Rd 10, Wiley, CO 81092",Resident 1021,A-20021,2025-01-12,327990,gallons,,R4,
M-1021,"247 County Rd 10, Wiley, CO 81092",Resident 1021,A-20021,2025-02-13,330685,gallons,,R4,
M-1021,"247 County Rd 10, Wiley, CO 81092",Resident 1021,A-20021,2025-03-14,335139,gallons,,R4,
M-1021,"247 County Rd 10, Wiley, CO 81092",Resident 1021,A-20021,2025-04-15,339739,gallons,,R4,
M-1021,"247 County Rd 10, Wiley, CO 81092",Resident 1021,A-20021,2025-05-16,345011,gallons,,R4,
M-1021,"247 County Rd 10, Wiley, CO 81092",Resident 1021,A-20021,2025-06-12,350824,gallons,,R4,
M-1022,"254 County Rd 14, Wiley, CO 81092",Resident 1022,A-20022,2025-01-12,337586,gallons,,R5,
M-1022,"254 County Rd 14, Wiley, CO 81092",Resident 1022,A-20022,2025-02-13,342912,gallons,,R5,
M-1022,"254 County Rd 14, Wiley, CO 81092",Resident 1022,A-20022,2025-03-14,349174,gallons,,R5,
M-1022,"254 County Rd 14, Wiley, CO 81092",Resident 1022,A-20022,2025-04-15,355405,gallons,,R5,
M-1022,"254 County Rd 14, Wiley, CO 81092",Resident 1022,A-20022,2025-05-16,362326,gallons,,R5,
M-1022,"254 County Rd 14, Wiley, CO 81092",Resident 1022,A-20022,2025-06-12,370037,gallons,,R5,
M-1023,"261 Highway 287, Wiley, CO 81092",Resident 1023,A-20023,2025-01-12,204021,gallons,,R6,
M-1023,"261 Highway 287, Wiley, CO 81092",Resident 1023,A-20023,2025-02-13,210019,gallons,,R6,
M-1023,"261 Highway 287, Wiley, CO 81092",Resident 1023,A-20023,2025-03-14,216346,gallons,,R6,
M-1023,"261 Highway 287, Wiley, CO 81092",Resident 1023,A-20023,2025-04-15,222682,gallons,,R6,
M-1023,"261 Highway 287, Wiley, CO 81092",Resident 1023,A-20023,2025-05-16,230237,gallons,,R6,
M-1023,"261 Highway 287, Wiley, CO 81092",Resident 1023,A-20023,2025-06-12,239452,gallons,,R6,
M-1024,"268 Maple Ave, Wiley, CO 81092",Resident 1024,A-20024,2025-01-12,274855,gallons,,R1,
M-1024,"268 Maple Ave, Wiley, CO 81092",Resident 1024,A-20024,2025-02-13,276927,gallons,,R1,
M-1024,"268 Maple Ave, Wiley, CO 81092",Resident 1024,A-20024,2025-03-14,279603,gallons,,R1,
M-1024,"268 Maple Ave, Wiley, CO 81092",Resident 1024,A-20024,2025-04-15,282313,gallons,,R1,
M-1024,"268 Maple Ave, Wiley, CO 81092",Resident 1024,A-20024,2025-05-16,285297,gallons,,R1,
M-1024,"268 Maple Ave, Wiley, CO 81092",Resident 1024,A-20024,2025-06-12,288498,gallons,,R1,
M-1025,"275 Oak St, Wiley, CO 81092",Resident 1025,A-20025,2025-01-12,120447,gallons,,R2,
M-1025,"275 Oak St, Wiley, CO 81092",Resident 1025,A-20025,2025-02-13,125654,gallons,,R2,
M-1025,"275 Oak St, Wiley, CO 81092",Resident 1025,A-20025,2025-03-14,132331,gallons,,R2,
M-1025,"275 Oak St, Wiley, CO 81092",Resident 1025,A-20025,2025-04-15,139799,gallons,,R2,
M-1025,"275 Oak St, Wiley, CO 81092",Resident 1025,A-20025,2025-05-16,148602,gallons,,R2,
M-1025,"275 Oak St, Wiley, CO 81092",Resident 1025,A-20025,2025-06-12,158113,gallons,,R2,
M-1026,"282 Elm St, Wiley, CO 81092",Resident 1026,A-20026,2025-01-12,159455,gallons,,R3,
M-1026,"282 Elm St, Wiley, CO 81092",Resident 1026,A-20026,2025-02-13,162041,gallons,,R3,
M-1026,"282 Elm St, Wiley, CO 81092",Resident 1026,A-20026,2025-03-14,165295,gallons,,R3,
M-1026,"282 Elm St, Wiley, CO 81092",Resident 1026,A-20026,2025-04-15,168929,gallons,,R3,
M-1026,"282 Elm St, Wiley, CO 81092",Resident 1026,A-20026,2025-05-16,173855,gallons,,R3,
M-1026,"282 Elm St, Wiley, CO 81092",Resident 1026,A-20026,2025-06-12,179609,gallons,,R3,
M-1027,"289 3rd Ave, Wiley, CO 81092",Resident 1027,A-20027,2025-01-12,297086,gallons,,R4,
M-1027,"289 3rd Ave, Wiley, CO 81092",Resident 1027,A-20027,2025-02-13,302918,gallons,,R4,
M-1027,"289 3rd Ave, Wiley, CO 81092",Resident 1027,A-20027,2025-03-14,312091,gallons,,R4,
M-1027,"289 3rd Ave, Wiley, CO 81092",Resident 1027,A-20027,2025-04-15,319049,gallons,,R4,
M-1027,"289 3rd Ave, Wiley, CO 81092",Resident 1027,A-20027,2025-05-16,326988,gallons,,R4,
M-1027,"289 3rd Ave, Wiley, CO 81092",Resident 1027,A-20027,2025-06-12,336546,gallons,,R4,
M-1028,"296 5th St, Wiley, CO 81092",Resident 1028,A-20028,2025-01-12,95749,gallons,,R5,
M-1028,"296 5th St, Wiley, CO 81092",Resident 1028,A-20028,2025-02-13,100779,gallons,,R5,
M-1028,"296 5th St, Wiley, CO 81092",Resident 1028,A-20028,2025-03-14,107630,gallons,,R5,
M-1028,"296 5th St, Wiley, CO 81092",Resident 1028,A-20028,2025-04-15,115064,gallons,,R5,
M-1028,"296 5th St, Wiley, CO 81092",Resident 1028,A-20028,2025-05-16,124539,gallons,,R5,
M-1028,"296 5th St, Wiley, CO 81092",Resident 1028,A-20028,2025-06-12,135654,gallons,,R5,
M-1029,"303 Ranch Rd, Wiley, CO 81092",Resident 1029,A-20029,2025-01-12,302238,gallons,,R6,
M-1029,"303 Ranch Rd, Wiley, CO 81092",Resident 1029,A-20029,2025-02-13,307841,gallons,,R6,
M-1029,"303 Ranch Rd, Wiley, CO 81092",Resident 1029,A-20029,2025-03-14,316235,gallons,,R6,
M-1029,"303 Ranch Rd, Wiley, CO 81092",Resident 1029,A-20029,2025-04-15,323388,gallons,,R6,
M-1029,"303 Ranch Rd, Wiley, CO 81092",Resident 1029,A-20029,2025-05-16,331984,gallons,,R6,
M-1029,"303 Ranch Rd, Wiley, CO 81092",Resident 1029,A-20029,2025-06-12,341689,gallons,,R6,
M-1030,"310 Irrigation Ln, Wiley, CO 81092",Resident 1030,A-20030,2025-01-12,228590,gallons,,R1,
M-1030,"310 Irrigation Ln, Wiley, CO 81092",Resident 1030,A-20030,2025-02-13,233577,gallons,,R1,
M-1030,"310 Irrigation Ln, Wiley, CO 81092",Resident 1030,A-20030,2025-03-14,239505,gallons,,R1,
M-1030,"310 Irrigation Ln, Wiley, CO 81092",Resident 1030,A-20030,2025-04-15,246316,gallons,,R1,
M-1030,"310 Irrigation Ln, Wiley, CO 81092",Resident 1030,A-20030,2025-05-16,253474,gallons,,R1,
M-1030,"310 Irrigation Ln, Wiley, CO 81092",Resident 1030,A-20030,2025-06-12,262202,gallons,,R1,
M-1031,"317 North Frontage, Wiley, CO 81092",Resident 1031,A-20031,2025-01-12,322368,gallons,,R2,
M-1031,"317 North Frontage, Wiley, CO 81092",Resident 1031,A-20031,2025-02-13,326041,gallons,,R2,
M-1031,"317 North Frontage, Wiley, CO 81092",Resident 1031,A-20031,2025-03-14,331930,gallons,,R2,
M-1031,"317 North Frontage, Wiley, CO 81092",Resident 1031,A-20031,2025-04-15,338109,gallons,,R2,
M-1031,"317 North Frontage, Wiley, CO 81092",Resident 1031,A-20031,2025-05-16,344574,gallons,,R2,
M-1031,"317 North Frontage, Wiley, CO 81092",Resident 1031,A-20031,2025-06-12,353237,gallons,,R2,
M-1032,"324 South Loop, Wiley, CO 81092",Resident 1032,A-20032,2025-01-12,221866,gallons,,R3,
M-1032,"324 South Loop, Wiley, CO 81092",Resident 1032,A-20032,2025-02-13,224810,gallons,,R3,
M-1032,"324 South Loop, Wiley, CO 81092",Resident 1032,A-20032,2025-03-14,228405,gallons,,R3,
M-1032,"324 South Loop, Wiley, CO 81092",Resident 1032,A-20032,2025-04-15,232283,gallons,,R3,
M-1032,"324 South Loop, Wiley, CO 81092",Resident 1032,A-20032,2025-05-16,237159,gallons,,R3,
M-1032,"324 South Loop, Wiley, CO 81092",Resident 1032,A-20032,2025-06-12,242195,gallons,,R3,
M-1033,"331 Pioneer Rd, Wiley, CO 81092",Resident 1033,A-20033,2025-01-12,421336,gallons,,R4,
M-1033,"331 Pioneer Rd, Wiley, CO 81092",Resident 1033,A-20033,2025-02-13,439905,gallons,,R4,
M-1033,"331 Pioneer Rd, Wiley, CO 81092",Resident 1033,A-20033,2025-03-14,468556,gallons,,R4,
M-1033,"331 Pioneer Rd, Wiley, CO 81092",Resident 1033,A-20033,2025-04-15,490335,gallons,,R4,
M-1033,"331 Pioneer Rd, Wiley, CO 81092",Resident 1033,A-20033,2025-05-16,515982,gallons,,R4,
M-1033,"331 Pioneer Rd, Wiley, CO 81092",Resident 1033,A-20033,2025-06-12,549042,gallons,,R4,
M-1034,"338 Cottonwood Dr, Wiley, CO 81092",Resident 1034,A-20034,2025-01-12,384427,gallons,,R5,
M-1034,"338 Cottonwood Dr, Wiley, CO 81092",Resident 1034,A-20034,2025-02-13,389672,gallons,,R5,
M-1034,"338 Cottonwood Dr, Wiley, CO 81092",Resident 1034,A-20034,2025-03-14,396222,gallons,,R5,
M-1034,"338 Cottonwood Dr, Wiley, CO 81092",Resident 1034,A-20034,2025-04-15,403635,gallons,,R5,
M-1034,"338 Cottonwood Dr, Wiley, CO 81092",Resident 1034,A-20034,2025-05-16,412610,gallons,,R5,
M-1034,"338 Cottonwood Dr, Wiley, CO 81092",Resident 1034,A-20034,2025-06-12,423094,gallons,,R5,
M-1035,"345 Sand Creek Rd, Wiley, CO 81092",Resident 1035,A-20035,2025-01-12,423489,gallons,,R6,
M-1035,"345 Sand Creek Rd, Wiley, CO 81092",Resident 1035,A-20035,2025-02-13,426421,gallons,,R6,
M-1035,"345 Sand Creek Rd, Wiley, CO 81092",Resident 1035,A-20035,2025-03-14,431106,gallons,,R6,
M-1035,"345 Sand Creek Rd, Wiley, CO 81092",Resident 1035,A-20035,2025-04-15,435144,gallons,,R6,
M-1035,"345 Sand Creek Rd, Wiley, CO 81092",Resident 1035,A-20035,2025-05-16,439728,gallons,,R6,
M-1035,"345 Sand Creek Rd, Wiley, CO 81092",Resident 1035,A-20035,2025-06-12,446317,gallons,,R6,
M-1036,"352 Prairie View, Wiley, CO 81092",Resident 1036,A-20036,2025-01-12,318049,gallons,,R1,
M-1036,"352 Prairie View, Wiley, CO 81092",Resident 1036,A-20036,2025-02-13,319612,gallons,,R1,
M-1036,"352 Prairie View, Wiley, CO 81092",Resident 1036,A-20036,2025-03-14,321696,gallons,,R1,
M-1036,"352 Prairie View, Wiley, CO 81092",Resident 1036,A-20036,2025-04-15,323756,gallons,,R1,
M-1036,"352 Prairie View, Wiley, CO 81092",Resident 1036,A-20036,2025-05-16,326715,gallons,,R1,
M-1036,"352 Prairie View, Wiley, CO 81092",Resident 1036,A-20036,2025-06-12,329892,gallons,,R1,
M-1037,"359 School House Rd, Wiley, CO 81092",Resident 1037,A-20037,2025-01-12,182163,gallons,,R2,
M-1037,"359 School House Rd, Wiley, CO 81092",Resident 1037,A-20037,2025-02-13,187995,gallons,,R2,
M-1037,"359 School House Rd, Wiley, CO 81092",Resident 1037,A-20037,2025-03-14,196087,gallons,,R2,
M-1037,"359 School House Rd, Wiley, CO 81092",Resident 1037,A-20037,2025-04-15,203713,gallons,,R2,
M-1037,"359 School House Rd, Wiley, CO 81092",Resident 1037,A-20037,2025-05-16,213226,gallons,,R2,
M-1037,"359 School House Rd, Wiley, CO 81092",Resident 1037,A-20037,2025-06-12,225599,gallons,,R2,
M-1038,"366 Cemetery Rd, Wiley, CO 81092",Resident 1038,A-20038,2025-01-12,169240,gallons,,R3,
M-1038,"366 Cemetery Rd, Wiley, CO 81092",Resident 1038,A-20038,2025-02-13,171968,gallons,,R3,
M-1038,"366 Cemetery Rd, Wiley, CO 81092",Resident 1038,A-20038,2025-03-14,175899,gallons,,R3,
M-1038,"366 Cemetery Rd, Wiley, CO 81092",Resident 1038,A-20038,2025-04-15,179174,gallons,,R3,
M-1038,"366 Cemetery Rd, Wiley, CO 81092",Resident 1038,A-20038,2025-05-16,183601,gallons,,R3,
M-1038,"366 Cemetery Rd, Wiley, CO 81092",Resident 1038,A-20038,2025-06-12,187785,gallons,,R3,
M-1039,"373 Grain Elevator Rd, Wiley, CO 81092",Resident 1039,A-20039,2025-01-12,250652,gallons,,R4,
M-1039,"373 Grain Elevator Rd, Wiley, CO 81092",Resident 1039,A-20039,2025-02-13,256758,gallons,,R4,
M-1039,"373 Grain Elevator Rd, Wiley, CO 81092",Resident 1039,A-20039,2025-03-14,263882,gallons,,R4,
M-1039,"373 Grain Elevator Rd, Wiley, CO 81092",Resident 1039,A-20039,2025-04-15,272711,gallons,,R4,
M-1039,"373 Grain Elevator Rd, Wiley, CO 81092",Resident 1039,A-20039,2025-05-16,281187,gallons,,R4,
M-1039,"373 Grain Elevator Rd, Wiley, CO 81092",Resident 1039,A-20039,2025-06-12,292506,gallons,,R4,
M-1040,"380 Main St, Wiley, CO 81092",Resident 1040,A-20040,2025-01-12,196022,gallons,,R5,
M-1040,"380 Main St, Wiley, CO 81092",Resident 1040,A-20040,2025-02-13,199880,gallons,,R5,
M-1040,"380 Main St, Wiley, CO 81092",Resident 1040,A-20040,2025-03-14,205365,gallons,,R5,
M-1040,"380 Main St, Wiley, CO 81092",Resident 1040,A-20040,2025-04-15,210236,gallons,,R5,
M-1040,"380 Main St, Wiley, CO 81092",Resident 1040,A-20040,2025-05-16,216584,gallons,,R5,
M-1040,"380 Main St, Wiley, CO 81092",Resident 1040,A-20040,2025-06-12,223215,gallons,,R5,
M-1041,"387 County Rd 10, Wiley, CO 81092",Resident 1041,A-20041,2025-01-12,110283,gallons,,R6,
M-1041,"387 County Rd 10, Wiley, CO 81092",Resident 1041,A-20041,2025-02-13,113582,gallons,,R6,
M-1041,"387 County Rd 10, Wiley, CO 81092",Resident 1041,A-20041,2025-03-14,118278,gallons,,R6,
M-1041,"387 County Rd 10, Wiley, CO 81092",Resident 1041,A-20041,2025-04-15,123443,gallons,,R6,
M-1041,"387 County Rd 10, Wiley, CO 81092",Resident 1041,A-20041,2025-05-16,129428,gallons,,R6,
M-1041,"387 County Rd 10, Wiley, CO 81092",Resident 1041,A-20041,2025-06-12,137054,gallons,,R6,
M-1042,"394 County Rd 14, Wiley, CO 81092",Resident 1042,A-20042,2025-01-12,379044,gallons,,R1,
M-1042,"394 County Rd 14, Wiley, CO 81092",Resident 1042,A-20042,2025-02-13,382204,gallons,,R1,
M-1042,"394 County Rd 14, Wiley, CO 81092",Resident 1042,A-20042,2025-03-14,386947,gallons,,R1,
M-1042,"394 County Rd 14, Wiley, CO 81092",Resident 1042,A-20042,2025-04-15,391081,gallons,,R1,
M-1042,"394 County Rd 14, Wiley, CO 81092",Resident 1042,A-20042,2025-05-16,395746,gallons,,R1,
M-1042,"394 County Rd 14, Wiley, CO 81092",Resident 1042,A-20042,2025-06-12,401171,gallons,,R1,
M-1043,"401 Highway 287, Wiley, CO 81092",Resident 1043,A-20043,2025-01-12,354211,gallons,,R2,
M-1043,"401 Highway 287, Wiley, CO 81092",Resident 1043,A-20043,2025-02-13,357166,gallons,,R2,
M-1043,"401 Highway 287, Wiley, CO 81092",Resident 1043,A-20043,2025-03-14,360362,gallons,,R2,
M-1043,"401 Highway 287, Wiley, CO 81092",Resident 1043,A-20043,2025-04-15,363621,gallons,,R2,
M-1043,"401 Highway 287, Wiley, CO 81092",Resident 1043,A-20043,2025-05-16,367269,gallons,,R2,
M-1043,"401 Highway 287, Wiley, CO 81092",Resident 1043,A-20043,2025-06-12,371839,gallons,,R2,
M-1044,"408 Maple Ave, Wiley, CO 81092",Resident 1044,A-20044,2025-01-12,103675,gallons,,R3,
M-1044,"408 Maple Ave, Wiley, CO 81092",Resident 1044,A-20044,2025-02-13,106497,gallons,,R3,
M-1044,"408 Maple Ave, Wiley, CO 81092",Resident 1044,A-20044,2025-03-14,110644,gallons,,R3,
M-1044,"408 Maple Ave, Wiley, CO 81092",Resident 1044,A-20044,2025-04-15,114502,gallons,,R3,
M-1044,"408 Maple Ave, Wiley, CO 81092",Resident 1044,A-20044,2025-05-16,119502,gallons,,R3,
M-1044,"408 Maple Ave, Wiley, CO 81092",Resident 1044,A-20044,2025-06-12,124997,gallons,,R3,
M-1045,"415 Oak St, Wiley, CO 81092",Resident 1045,A-20045,2025-01-12,261420,gallons,,R4,
M-1045,"415 Oak St, Wiley, CO 81092",Resident 1045,A-20045,2025-02-13,267989,gallons,,R4,
M-1045,"415 Oak St, Wiley, CO 81092",Resident 1045,A-20045,2025-03-14,276959,gallons,,R4,
M-1045,"415 Oak St, Wiley, CO 81092",Resident 1045,A-20045,2025-04-15,285541,gallons,,R4,
M-1045,"415 Oak St, Wiley, CO 81092",Resident 1045,A-20045,2025-05-16,295965,gallons,,R4,
M-1045,"415 Oak St, Wiley, CO 81092",Resident 1045,A-20045,2025-06-12,308412,gallons,,R4,
M-1046,"422 Elm St, Wiley, CO 81092",Resident 1046,A-20046,2025-01-12,106798,gallons,,R5,
M-1046,"422 Elm St, Wiley, CO 81092",Resident 1046,A-20046,2025-02-13,110854,gallons,,R5,
M-1046,"422 Elm St, Wiley, CO 81092",Resident 1046,A-20046,2025-03-14,115069,gallons,,R5,
M-1046,"422 Elm St, Wiley, CO 81092",Resident 1046,A-20046,2025-04-15,119373,gallons,,R5,
M-1046,"422 Elm St, Wiley, CO 81092",Resident 1046,A-20046,2025-05-16,125517,gallons,,R5,
M-1046,"422 Elm St, Wiley, CO 81092",Resident 1046,A-20046,2025-06-12,132567,gallons,,R5,
M-1047,"429 3rd Ave, Wiley, CO 81092",Resident 1047,A-20047,2025-01-12,93750,gallons,,R6,
M-1047,"429 3rd Ave, Wiley, CO 81092",Resident 1047,A-20047,2025-02-13,95911,gallons,,R6,
M-1047,"429 3rd Ave, Wiley, CO 81092",Resident 1047,A-20047,2025-03-14,98926,gallons,,R6,
M-1047,"429 3rd Ave, Wiley, CO 81092",Resident 1047,A-20047,2025-04-15,101762,gallons,,R6,
M-1047,"429 3rd Ave, Wiley, CO 81092",Resident 1047,A-20047,2025-05-16,105639,gallons,,R6,
M-1047,"429 3rd Ave, Wiley, CO 81092",Resident 1047,A-20047,2025-06-12,109346,gallons,,R6,
M-1048,"436 5th St, Wiley, CO 81092",Resident 1048,A-20048,2025-01-12,373224,gallons,,R1,
M-1048,"436 5th St, Wiley, CO 81092",Resident 1048,A-20048,2025-02-13,375333,gallons,,R1,
M-1048,"436 5th St, Wiley, CO 81092",Resident 1048,A-20048,2025-03-14,377965,gallons,,R1,
M-1048,"436 5th St, Wiley, CO 81092",Resident 1048,A-20048,2025-04-15,380601,gallons,,R1,
M-1048,"436 5th St, Wiley, CO 81092",Resident 1048,A-20048,2025-05-16,384331,gallons,,R1,
M-1048,"436 5th St, Wiley, CO 81092",Resident 1048,A-20048,2025-06-12,388181,gallons,,R1,
M-1049,"443 Ranch Rd, Wiley, CO 81092",Resident 1049,A-20049,2025-01-12,330744,gallons,,R2,
M-1049,"443 Ranch Rd, Wiley, CO 81092",Resident 1049,A-20049,2025-02-13,335105,gallons,,R2,
M-1049,"443 Ranch Rd, Wiley, CO 81092",Resident 1049,A-20049,2025-03-14,339980,gallons,,R2,
M-1049,"443 Ranch Rd, Wiley, CO 81092",Resident 1049,A-20049,2025-04-15,344813,gallons,,R2,
M-1049,"443 Ranch Rd, Wiley, CO 81092",Resident 1049,A-20049,2025-05-16,350949,gallons,,R2,
M-1049,"443 Ranch Rd, Wiley, CO 81092",Resident 1049,A-20049,2025-06-12,357815,gallons,,R2,
M-1050,"450 Irrigation Ln, Wiley, CO 81092",Resident 1050,A-20050,2025-01-12,331283,gallons,,R3,
M-1050,"450 Irrigation Ln, Wiley, CO 81092",Resident 1050,A-20050,2025-02-13,333769,gallons,,R3,
M-1050,"450 Irrigation Ln, Wiley, CO 81092",Resident 1050,A-20050,2025-03-14,336922,gallons,,R3,
M-1050,"450 Irrigation Ln, Wiley, CO 81092",Resident 1050,A-20050,2025-04-15,340259,gallons,,R3,
M-1050,"450 Irrigation Ln, Wiley, CO 81092",Resident 1050,A-20050,2025-05-16,343347,gallons,,R3,
M-1050,"450 Irrigation Ln, Wiley, CO 81092",Resident 1050,A-20050,2025-06-12,346815,gallons,,R3,
M-1051,"457 North Frontage, Wiley, CO 81092",Resident 1051,A-20051,2025-01-12,357181,gallons,,R4,
M-1051,"457 North Frontage, Wiley, CO 81092",Resident 1051,A-20051,2025-02-13,361584,gallons,,R4,
M-1051,"457 North Frontage, Wiley, CO 81092",Resident 1051,A-20051,2025-03-14,365967,gallons,,R4,
M-1051,"457 North Frontage, Wiley, CO 81092",Resident 1051,A-20051,2025-04-15,371146,gallons,,R4,
M-1051,"457 North Frontage, Wiley, CO 81092",Resident 1051,A-20051,2025-05-16,376722,gallons,,R4,
M-1051,"457 North Frontage, Wiley, CO 81092",Resident 1051,A-20051,2025-06-12,384044,gallons,,R4,
M-1052,"464 South Loop, Wiley, CO 81092",Resident 1052,A-20052,2025-01-12,162785,gallons,,R5,
M-1052,"464 South Loop, Wiley, CO 81092",Resident 1052,A-20052,2025-02-13,166136,gallons,,R5,
M-1052,"464 South Loop, Wiley, CO 81092",Resident 1052,A-20052,2025-03-14,171447,gallons,,R5,
M-1052,"464 South Loop, Wiley, CO 81092",Resident 1052,A-20052,2025-04-15,176660,gallons,,R5,
M-1052,"464 South Loop, Wiley, CO 81092",Resident 1052,A-20052,2025-05-16,182441,gallons,,R5,
M-1052,"464 South Loop, Wiley, CO 81092",Resident 1052,A-20052,2025-06-12,189901,gallons,,R5,
M-1053,"471 Pioneer Rd, Wiley, CO 81092",Resident 1053,A-20053,2025-01-12,120050,gallons,,R6,
M-1053,"471 Pioneer Rd, Wiley, CO 81092",Resident 1053,A-20053,2025-02-13,125120,gallons,,R6,
M-1053,"471 Pioneer Rd, Wiley, CO 81092",Resident 1053,A-20053,2025-03-14,132944,gallons,,R6,
M-1053,"471 Pioneer Rd, Wiley, CO 81092",Resident 1053,A-20053,2025-04-15,140736,gallons,,R6,
M-1053,"471 Pioneer Rd, Wiley, CO 81092",Resident 1053,A-20053,2025-05-16,148054,gallons,,R6,
M-1053,"471 Pioneer Rd, Wiley, CO 81092",Resident 1053,A-20053,2025-06-12,159069,gallons,,R6,
M-1054,"478 Cottonwood Dr, Wiley, CO 81092",Resident 1054,A-20054,2025-01-12,341730,gallons,,R1,
M-1054,"478 Cottonwood Dr, Wiley, CO 81092",Resident 1054,A-20054,2025-02-13,345443,gallons,,R1,
M-1054,"478 Cottonwood Dr, Wiley, CO 81092",Resident 1054,A-20054,2025-03-14,350448,gallons,,R1,
M-1054,"478 Cottonwood Dr, Wiley, CO 81092",Resident 1054,A-20054,2025-04-15,355200,gallons,,R1,
M-1054,"478 Cottonwood Dr, Wiley, CO 81092",Resident 1054,A-20054,2025-05-16,360750,gallons,,R1,
M-1054,"478 Cottonwood Dr, Wiley, CO 81092",Resident 1054,A-20054,2025-06-12,365991,gallons,,R1,
M-1055,"485 Sand Creek Rd, Wiley, CO 81092",Resident 1055,A-20055,2025-01-12,106556,gallons,,R2,
M-1055,"485 Sand Creek Rd, Wiley, CO 81092",Resident 1055,A-20055,2025-02-13,108300,gallons,,R2,
M-1055,"485 Sand Creek Rd, Wiley, CO 81092",Resident 1055,A-20055,2025-03-14,110795,gallons,,R2,
M-1055,"485 Sand Creek Rd, Wiley, CO 81092",Resident 1055,A-20055,2025-06-12,114679,gallons,,R2,
M-1056,"492 Prairie View, Wiley, CO 81092",Resident 1056,A-20056,2025-01-12,191531,gallons,,R3,
M-1056,"492 Prairie View, Wiley, CO 81092",Resident 1056,A-20056,2025-02-13,197321,gallons,,R3,
M-1056,"492 Prairie View, Wiley, CO 81092",Resident 1056,A-20056,2025-03-14,204595,gallons,,R3,
M-1056,"492 Prairie View, Wiley, CO 81092",Resident 1056,A-20056,2025-04-15,213972,gallons,,R3,
M-1056,"492 Prairie View, Wiley, CO 81092",Resident 1056,A-20056,2025-05-16,224445,gallons,,R3,
M-1056,"492 Prairie View, Wiley, CO 81092",Resident 1056,A-20056,2025-06-12,234202,gallons,,R3,
M-1057,"499 School House Rd, Wiley, CO 81092",Resident 1057,A-20057,2025-01-12,120119,gallons,,R4,
M-1057,"499 School House Rd, Wiley, CO 81092",Resident 1057,A-20057,2025-02-13,125214,gallons,,R4,
M-1057,"499 School House Rd, Wiley, CO 81092",Resident 1057,A-20057,2025-03-14,130409,gallons,,R4,
M-1057,"499 School House Rd, Wiley, CO 81092",Resident 1057,A-20057,2025-04-15,136876,gallons,,R4,
M-1057,"499 School House Rd, Wiley, CO 81092",Resident 1057,A-20057,2025-05-16,142764,gallons,,R4,
M-1057,"499 School House Rd, Wiley, CO 81092",Resident 1057,A-20057,2025-06-12,150599,gallons,,R4,
M-1058,"506 Cemetery Rd, Wiley, CO 81092",Resident 1058,A-20058,2025-01-12,400459,gallons,,R5,
M-1058,"506 Cemetery Rd, Wiley, CO 81092",Resident 1058,A-20058,2025-02-13,406098,gallons,,R5,
M-1058,"506 Cemetery Rd, Wiley, CO 81092",Resident 1058,A-20058,2025-03-14,412458,gallons,,R5,
M-1058,"506 Cemetery Rd, Wiley, CO 81092",Resident 1058,A-20058,2025-04-15,418771,gallons,,R5,
M-1058,"506 Cemetery Rd, Wiley, CO 81092",Resident 1058,A-20058,2025-05-16,425653,gallons,,R5,
M-1058,"506 Cemetery Rd, Wiley, CO 81092",Resident 1058,A-20058,2025-06-12,433340,gallons,,R5,
M-1059,"513 Grain Elevator Rd, Wiley, CO 81092",Resident 1059,A-20059,2025-01-12,105009,gallons,,R6,
M-1059,"513 Grain Elevator Rd, Wiley, CO 81092",Resident 1059,A-20059,2025-02-13,107274,gallons,,R6,
M-1059,"513 Grain Elevator Rd, Wiley, CO 81092",Resident 1059,A-20059,2025-03-14,110719,gallons,,R6,
M-1059,"513 Grain Elevator Rd, Wiley, CO 81092",Resident 1059,A-20059,2025-04-15,113984,gallons,,R6,
M-1059,"513 Grain Elevator Rd, Wiley, CO 81092",Resident 1059,A-20059,2025-05-16,118059,gallons,,R6,
M-1059,"513 Grain Elevator Rd, Wiley, CO 81092",Resident 1059,A-20059,2025-06-12,122097,gallons,,R6,
M-1060,"520 Main St, Wiley, CO 81092",Resident 1060,A-20060,2025-01-12,206071,gallons,,R1,
M-1060,"520 Main St, Wiley, CO 81092",Resident 1060,A-20060,2025-02-13,210278,gallons,,R1,
M-1060,"520 Main St, Wiley, CO 81092",Resident 1060,A-20060,2025-03-14,214945,gallons,,R1,
M-1060,"520 Main St, Wiley, CO 81092",Resident 1060,A-20060,2025-04-15,220220,gallons,,R1,
M-1060,"520 Main St, Wiley, CO 81092",Resident 1060,A-20060,2025-05-16,226931,gallons,,R1,
M-1060,"520 Main St, Wiley, CO 81092",Resident 1060,A-20060,2025-06-12,233687,gallons,,R1,
M-1061,"527 County Rd 10, Wiley, CO 81092",Resident 1061,A-20061,2025-01-12,278254,gallons,,R2,
M-1061,"527 County Rd 10, Wiley, CO 81092",Resident 1061,A-20061,2025-02-13,280381,gallons,,R2,
M-1061,"527 County Rd 10, Wiley, CO 81092",Resident 1061,A-20061,2025-03-14,283066,gallons,,R2,
M-1061,"527 County Rd 10, Wiley, CO 81092",Resident 1061,A-20061,2025-04-15,286263,gallons,,R2,
M-1061,"527 County Rd 10, Wiley, CO 81092",Resident 1061,A-20061,2025-05-16,289288,gallons,,R2,
M-1061,"527 County Rd 10, Wiley, CO 81092",Resident 1061,A-20061,2025-06-12,293364,gallons,,R2,
M-1062,"534 County Rd 14, Wiley, CO 81092",Resident 1062,A-20062,2025-01-12,148961,gallons,,R3,
M-1062,"534 County Rd 14, Wiley, CO 81092",Resident 1062,A-20062,2025-02-13,154117,gallons,,R3,
M-1062,"534 County Rd 14, Wiley, CO 81092",Resident 1062,A-20062,2025-03-14,161607,gallons,,R3,
M-1062,"534 County Rd 14, Wiley, CO 81092",Resident 1062,A-20062,2025-04-15,168333,gallons,,R3,
M-1062,"534 County Rd 14, Wiley, CO 81092",Resident 1062,A-20062,2025-05-16,175962,gallons,,R3,
M-1062,"534 County Rd 14, Wiley, CO 81092",Resident 1062,A-20062,2025-06-12,185521,gallons,,R3,
M-1063,"541 Highway 287, Wiley, CO 81092",Resident 1063,A-20063,2025-01-12,375401,gallons,,R4,
M-1063,"541 Highway 287, Wiley, CO 81092",Resident 1063,A-20063,2025-02-13,378585,gallons,,R4,
M-1063,"541 Highway 287, Wiley, CO 81092",Resident 1063,A-20063,2025-03-14,382685,gallons,,R4,
M-1063,"541 Highway 287, Wiley, CO 81092",Resident 1063,A-20063,2025-04-15,387131,gallons,,R4,
M-1063,"541 Highway 287, Wiley, CO 81092",Resident 1063,A-20063,2025-05-16,393085,gallons,,R4,
M-1063,"541 Highway 287, Wiley, CO 81092",Resident 1063,A-20063,2025-06-12,399794,gallons,,R4,
M-1064,"548 Maple Ave, Wiley, CO 81092",Resident 1064,A-20064,2025-01-12,219494,gallons,,R5,
M-1064,"548 Maple Ave, Wiley, CO 81092",Resident 1064,A-20064,2025-02-13,224800,gallons,,R5,
M-1064,"548 Maple Ave, Wiley, CO 81092",Resident 1064,A-20064,2025-03-14,232751,gallons,,R5,
M-1064,"548 Maple Ave, Wiley, CO 81092",Resident 1064,A-20064,2025-04-15,239394,gallons,,R5,
M-1064,"548 Maple Ave, Wiley, CO 81092",Resident 1064,A-20064,2025-05-16,248364,gallons,,R5,
M-1064,"548 Maple Ave, Wiley, CO 81092",Resident 1064,A-20064,2025-06-12,258513,gallons,,R5,
M-1065,"555 Oak St, Wiley, CO 81092",Resident 1065,A-20065,2025-01-12,395096,gallons,,R6,
M-1065,"555 Oak St, Wiley, CO 81092",Resident 1065,A-20065,2025-02-13,401062,gallons,,R6,
M-1065,"555 Oak St, Wiley, CO 81092",Resident 1065,A-20065,2025-03-14,408879,gallons,,R6,
M-1065,"555 Oak St, Wiley, CO 81092",Resident 1065,A-20065,2025-04-15,415750,gallons,,R6,
M-1065,"555 Oak St, Wiley, CO 81092",Resident 1065,A-20065,2025-05-16,423539,gallons,,R6,
M-1065,"555 Oak St, Wiley, CO 81092",Resident 1065,A-20065,2025-06-12,433539,gallons,,R6,
M-1066,"562 Elm St, Wiley, CO 81092",Resident 1066,A-20066,2025-01-12,392993,gallons,,R1,
M-1066,"562 Elm St, Wiley, CO 81092",Resident 1066,A-20066,2025-02-13,396740,gallons,,R1,
M-1066,"562 Elm St, Wiley, CO 81092",Resident 1066,A-20066,2025-03-14,401333,gallons,,R1,
M-1066,"562 Elm St, Wiley, CO 81092",Resident 1066,A-20066,2025-04-15,406059,gallons,,R1,
M-1066,"562 Elm St, Wiley, CO 81092",Resident 1066,A-20066,2025-05-16,412571,gallons,,R1,
M-1066,"562 Elm St, Wiley, CO 81092",Resident 1066,A-20066,2025-06-12,420538,gallons,,R1,
M-1067,"569 3rd Ave, Wiley, CO 81092",Resident 1067,A-20067,2025-01-12,109963,gallons,,R2,
M-1067,"569 3rd Ave, Wiley, CO 81092",Resident 1067,A-20067,2025-02-13,114557,gallons,,R2,
M-1067,"569 3rd Ave, Wiley, CO 81092",Resident 1067,A-20067,2025-03-14,122510,gallons,,R2,
M-1067,"569 3rd Ave, Wiley, CO 81092",Resident 1067,A-20067,2025-04-15,130261,gallons,,R2,
M-1067,"569 3rd Ave, Wiley, CO 81092",Resident 1067,A-20067,2025-05-16,138241,gallons,,R2,
M-1067,"569 3rd Ave, Wiley, CO 81092",Resident 1067,A-20067,2025-06-12,148071,gallons,,R2,
M-1068,"576 5th St, Wiley, CO 81092",Resident 1068,A-20068,2025-01-12,396808,gallons,,R3,
M-1068,"576 5th St, Wiley, CO 81092",Resident 1068,A-20068,2025-02-13,399693,gallons,,R3,
M-1068,"576 5th St, Wiley, CO 81092",Resident 1068,A-20068,2025-03-14,403063,gallons,,R3,
M-1068,"576 5th St, Wiley, CO 81092",Resident 1068,A-20068,2025-04-15,407153,gallons,,R3,
M-1068,"576 5th St, Wiley, CO 81092",Resident 1068,A-20068,2025-05-16,411670,gallons,,R3,
M-1068,"576 5th St, Wiley, CO 81092",Resident 1068,A-20068,2025-06-12,416519,gallons,,R3,
M-1069,"583 Ranch Rd, Wiley, CO 81092",Resident 1069,A-20069,2025-01-12,140964,gallons,,R4,
M-1069,"583 Ranch Rd, Wiley, CO 81092",Resident 1069,A-20069,2025-02-13,147107,gallons,,R4,
M-1069,"583 Ranch Rd, Wiley, CO 81092",Resident 1069,A-20069,2025-03-14,155150,gallons,,R4,
M-1069,"583 Ranch Rd, Wiley, CO 81092",Resident 1069,A-20069,2025-04-15,162065,gallons,,R4,
M-1069,"583 Ranch Rd, Wiley, CO 81092",Resident 1069,A-20069,2025-05-16,170197,gallons,,R4,
M-1069,"583 Ranch Rd, Wiley, CO 81092",Resident 1069,A-20069,2025-06-12,181032,gallons,,R4,
M-1070,"590 Irrigation Ln, Wiley, CO 81092",Resident 1070,A-20070,2025-01-12,285773,gallons,,R5,
M-1070,"590 Irrigation Ln, Wiley, CO 81092",Resident 1070,A-20070,2025-02-13,287878,gallons,,R5,
M-1070,"590 Irrigation Ln, Wiley, CO 81092",Resident 1070,A-20070,2025-03-14,290238,gallons,,R5,
M-1070,"590 Irrigation Ln, Wiley, CO 81092",Resident 1070,A-20070,2025-04-15,293415,gallons,,R5,
M-1070,"590 Irrigation Ln, Wiley, CO 81092",Resident 1070,A-20070,2025-05-16,296150,gallons,,R5,
M-1070,"590 Irrigation Ln, Wiley, CO 81092",Resident 1070,A-20070,2025-06-12,300113,gallons,,R5,
M-1071,"597 North Frontage, Wiley, CO 81092",Resident 1071,A-20071,2025-01-12,409249,gallons,,R6,
M-1071,"597 North Frontage, Wiley, CO 81092",Resident 1071,A-20071,2025-02-13,411285,gallons,,R6,
M-1071,"597 North Frontage, Wiley, CO 81092",Resident 1071,A-20071,2025-03-14,413975,gallons,,R6,
M-1071,"597 North Frontage, Wiley, CO 81092",Resident 1071,A-20071,2025-04-15,416572,gallons,,R6,
M-1071,"597 North Frontage, Wiley, CO 81092",Resident 1071,A-20071,2025-05-16,419419,gallons,,R6,
M-1071,"597 North Frontage, Wiley, CO 81092",Resident 1071,A-20071,2025-06-12,422473,gallons,,R6,
M-1072,"604 South Loop, Wiley, CO 81092",Resident 1072,A-20072,2025-01-12,399726,gallons,,R1,
M-1072,"604 South Loop, Wiley, CO 81092",Resident 1072,A-20072,2025-02-13,405524,gallons,,R1,
M-1072,"604 South Loop, Wiley, CO 81092",Resident 1072,A-20072,2025-03-14,413004,gallons,,R1,
M-1072,"604 South Loop, Wiley, CO 81092",Resident 1072,A-20072,2025-04-15,421230,gallons,,R1,
M-1072,"604 South Loop, Wiley, CO 81092",Resident 1072,A-20072,2025-05-16,430236,gallons,,R1,
M-1072,"604 South Loop, Wiley, CO 81092",Resident 1072,A-20072,2025-06-12,441017,gallons,,R1,
M-1073,"611 Pioneer Rd, Wiley, CO 81092",Resident 1073,A-20073,2025-01-12,370313,gallons,,R2,
M-1073,"611 Pioneer Rd, Wiley, CO 81092",Resident 1073,A-20073,2025-02-13,373776,gallons,,R2,
M-1073,"611 Pioneer Rd, Wiley, CO 81092",Resident 1073,A-20073,2025-03-14,378113,gallons,,R2,
M-1073,"611 Pioneer Rd, Wiley, CO 81092",Resident 1073,A-20073,2025-04-15,382788,gallons,,R2,
M-1073,"611 Pioneer Rd, Wiley, CO 81092",Resident 1073,A-20073,2025-05-16,387011,gallons,,R2,
M-1073,"611 Pioneer Rd, Wiley, CO 81092",Resident 1073,A-20073,2025-06-12,392086,gallons,,R2,
M-1074,"618 Cottonwood Dr, Wiley, CO 81092",Resident 1074,A-20074,2025-01-12,349020,gallons,,R3,
M-1074,"618 Cottonwood Dr, Wiley, CO 81092",Resident 1074,A-20074,2025-02-13,352408,gallons,,R3,
M-1074,"618 Cottonwood Dr, Wiley, CO 81092",Resident 1074,A-20074,2025-03-14,357153,gallons,,R3,
M-1074,"618 Cottonwood Dr, Wiley, CO 81092",Resident 1074,A-20074,2025-04-15,362372,gallons,,R3,
M-1074,"618 Cottonwood Dr, Wiley, CO 81092",Resident 1074,A-20074,2025-05-16,368211,gallons,,R3,
M-1074,"618 Cottonwood Dr, Wiley, CO 81092",Resident 1074,A-20074,2025-06-12,374095,gallons,,R3,
M-1075,"625 Sand Creek Rd, Wiley, CO 81092",Resident 1075,A-20075,2025-01-12,232254,gallons,,R4,
M-1075,"625 Sand Creek Rd, Wiley, CO 81092",Resident 1075,A-20075,2025-02-13,234527,gallons,,R4,
M-1075,"625 Sand Creek Rd, Wiley, CO 81092",Resident 1075,A-20075,2025-03-14,237081,gallons,,R4,
M-1075,"625 Sand Creek Rd, Wiley, CO 81092",Resident 1075,A-20075,2025-04-15,239591,gallons,,R4,
M-1075,"625 Sand Creek Rd, Wiley, CO 81092",Resident 1075,A-20075,2025-05-16,242957,gallons,,R4,
M-1075,"625 Sand Creek Rd, Wiley, CO 81092",Resident 1075,A-20075,2025-06-12,247012,gallons,,R4,
M-1076,"632 Prairie View, Wiley, CO 81092",Resident 1076,A-20076,2025-01-12,209634,gallons,,R5,
M-1076,"632 Prairie View, Wiley, CO 81092",Resident 1076,A-20076,2025-02-13,212657,gallons,,R5,
M-1076,"632 Prairie View, Wiley, CO 81092",Resident 1076,A-20076,2025-03-14,216655,gallons,,R5,
M-1076,"632 Prairie View, Wiley, CO 81092",Resident 1076,A-20076,2025-04-15,220955,gallons,,R5,
M-1076,"632 Prairie View, Wiley, CO 81092",Resident 1076,A-20076,2025-05-16,225465,gallons,,R5,
M-1076,"632 Prairie View, Wiley, CO 81092",Resident 1076,A-20076,2025-06-12,230817,gallons,,R5,
M-1077,"639 School House Rd, Wiley, CO 81092",Resident 1077,A-20077,2025-01-12,174077,gallons,,R6,
M-1077,"639 School House Rd, Wiley, CO 81092",Resident 1077,A-20077,2025-02-13,176205,gallons,,R6,
M-1077,"639 School House Rd, Wiley, CO 81092",Resident 1077,A-20077,2025-03-14,179401,gallons,,R6,
M-1077,"639 School House Rd, Wiley, CO 81092",Resident 1077,A-20077,2025-04-15,182215,gallons,,R6,
M-1077,"639 School House Rd, Wiley, CO 81092",Resident 1077,A-20077,2025-05-16,185344,gallons,,R6,
M-1077,"639 School House Rd, Wiley, CO 81092",Resident 1077,A-20077,2025-06-12,189846,gallons,,R6,
M-1078,"646 Cemetery Rd, Wiley, CO 81092",Resident 1078,A-20078,2025-01-12,245866,gallons,,R1,
M-1078,"646 Cemetery Rd, Wiley, CO 81092",Resident 1078,A-20078,2025-02-13,250081,gallons,,R1,
M-1078,"646 Cemetery Rd, Wiley, CO 81092",Resident 1078,A-20078,2025-03-14,255967,gallons,,R1,
M-1078,"646 Cemetery Rd, Wiley, CO 81092",Resident 1078,A-20078,2025-04-15,261784,gallons,,R1,
M-1078,"646 Cemetery Rd, Wiley, CO 81092",Resident 1078,A-20078,2025-05-16,268617,gallons,,R1,
M-1078,"646 Cemetery Rd, Wiley, CO 81092",Resident 1078,A-20078,2025-06-12,275915,gallons,,R1,
M-1079,"653 Grain Elevator Rd, Wiley, CO 81092",Resident 1079,A-20079,2025-01-12,200956,gallons,,R2,
M-1079,"653 Grain Elevator Rd, Wiley, CO 81092",Resident 1079,A-20079,2025-02-13,204635,gallons,,R2,
M-1079,"653 Grain Elevator Rd, Wiley, CO 81092",Resident 1079,A-20079,2025-03-14,208556,gallons,,R2,
M-1079,"653 Grain Elevator Rd, Wiley, CO 81092",Resident 1079,A-20079,2025-04-15,213593,gallons,,R2,
M-1079,"653 Grain Elevator Rd, Wiley, CO 81092",Resident 1079,A-20079,2025-05-16,219126,gallons,,R2,
M-1079,"653 Grain Elevator Rd, Wiley, CO 81092",Resident 1079,A-20079,2025-06-12,226054,gallons,,R2,
M-1080,"660 Main St, Wiley, CO 81092",Resident 1080,A-20080,2025-01-12,223490,gallons,,R3,
M-1080,"660 Main St, Wiley, CO 81092",Resident 1080,A-20080,2025-02-13,228318,gallons,,R3,
M-1080,"660 Main St, Wiley, CO 81092",Resident 1080,A-20080,2025-03-14,233523,gallons,,R3,
M-1080,"660 Main St, Wiley, CO 81092",Resident 1080,A-20080,2025-04-15,238649,gallons,,R3,
M-1080,"660 Main St, Wiley, CO 81092",Resident 1080,A-20080,2025-05-16,245835,gallons,,R3,
M-1080,"660 Main St, Wiley, CO 81092",Resident 1080,A-20080,2025-06-12,252752,gallons,,R3,
M-1081,"667 County Rd 10, Wiley, CO 81092",Resident 1081,A-20081,2025-01-12,299216,gallons,,R4,
M-1081,"667 County Rd 10, Wiley, CO 81092",Resident 1081,A-20081,2025-02-13,304619,gallons,,R4,
M-1081,"667 County Rd 10, Wiley, CO 81092",Resident 1081,A-20081,2025-03-14,312586,gallons,,R4,
M-1081,"667 County Rd 10, Wiley, CO 81092",Resident 1081,A-20081,2025-04-15,321096,gallons,,R4,
M-1081,"667 County Rd 10, Wiley, CO 81092",Resident 1081,A-20081,2025-05-16,329064,gallons,,R4,
M-1081,"667 County Rd 10, Wiley, CO 81092",Resident 1081,A-20081,2025-06-12,339493,gallons,,R4,
M-1082,"674 County Rd 14, Wiley, CO 81092",Resident 1082,A-20082,2025-01-12,147802,gallons,,R5,
M-1082,"674 County Rd 14, Wiley, CO 81092",Resident 1082,A-20082,2025-02-13,151692,gallons,,R5,
M-1082,"674 County Rd 14, Wiley, CO 81092",Resident 1082,A-20082,2025-03-14,157019,gallons,,R5,
M-1082,"674 County Rd 14, Wiley, CO 81092",Resident 1082,A-20082,2025-04-15,161770,gallons,,R5,
M-1082,"674 County Rd 14, Wiley, CO 81092",Resident 1082,A-20082,2025-05-16,167533,gallons,,R5,
M-1082,"674 County Rd 14, Wiley, CO 81092",Resident 1082,A-20082,2025-06-12,173815,gallons,,R5,
M-1083,"681 Highway 287, Wiley, CO 81092",Resident 1083,A-20083,2025-01-12,408107,gallons,,R6,
M-1083,"681 Highway 287, Wiley, CO 81092",Resident 1083,A-20083,2025-02-13,410861,gallons,,R6,
M-1083,"681 Highway 287, Wiley, CO 81092",Resident 1083,A-20083,2025-03-14,414270,gallons,,R6,
M-1083,"681 Highway 287, Wiley, CO 81092",Resident 1083,A-20083,2025-04-15,418169,gallons,,R6,
M-1083,"681 Highway 287, Wiley, CO 81092",Resident 1083,A-20083,2025-05-16,421820,gallons,,R6,
M-1083,"681 Highway 287, Wiley, CO 81092",Resident 1083,A-20083,2025-06-12,427087,gallons,,R6,
M-1084,"688 Maple Ave, Wiley, CO 81092",Resident 1084,A-20084,2025-01-12,235081,gallons,,R1,
M-1084,"688 Maple Ave, Wiley, CO 81092",Resident 1084,A-20084,2025-02-13,238701,gallons,,R1,
M-1084,"688 Maple Ave, Wiley, CO 81092",Resident 1084,A-20084,2025-03-14,244660,gallons,,R1,
M-1084,"688 Maple Ave, Wiley, CO 81092",Resident 1084,A-20084,2025-04-15,250358,gallons,,R1,
M-1084,"688 Maple Ave, Wiley, CO 81092",Resident 1084,A-20084,2025-05-16,256505,gallons,,R1,
M-1084,"688 Maple Ave, Wiley, CO 81092",Resident 1084,A-20084,2025-06-12,264313,gallons,,R1,
M-1085,"695 Oak St, Wiley, CO 81092",Resident 1085,A-20085,2025-01-12,318195,gallons,,R2,
M-1085,"695 Oak St, Wiley, CO 81092",Resident 1085,A-20085,2025-02-13,322209,gallons,,R2,
M-1085,"695 Oak St, Wiley, CO 81092",Resident 1085,A-20085,2025-03-14,327034,gallons,,R2,
M-1085,"695 Oak St, Wiley, CO 81092",Resident 1085,A-20085,2025-04-15,331921,gallons,,R2,
M-1085,"695 Oak St, Wiley, CO 81092",Resident 1085,A-20085,2025-05-16,338617,gallons,,R2,
M-1085,"695 Oak St, Wiley, CO 81092",Resident 1085,A-20085,2025-06-12,346280,gallons,,R2,
M-1086,"702 Elm St, Wiley, CO 81092",Resident 1086,A-20086,2025-01-12,239434,gallons,,R3,
M-1086,"702 Elm St, Wiley, CO 81092",Resident 1086,A-20086,2025-02-13,242560,gallons,,R3,
M-1086,"702 Elm St, Wiley, CO 81092",Resident 1086,A-20086,2025-03-14,246052,gallons,,R3,
M-1086,"702 Elm St, Wiley, CO 81092",Resident 1086,A-20086,2025-04-15,250366,gallons,,R3,
M-1086,"702 Elm St, Wiley, CO 81092",Resident 1086,A-20086,2025-05-16,255351,gallons,,R3,
M-1086,"702 Elm St, Wiley, CO 81092",Resident 1086,A-20086,2025-06-12,259963,gallons,,R3,
M-1087,"709 3rd Ave, Wiley, CO 81092",Resident 1087,A-20087,2025-01-12,129907,gallons,,R4,
M-1087,"709 3rd Ave, Wiley, CO 81092",Resident 1087,A-20087,2025-02-13,136174,gallons,,R4,
M-1087,"709 3rd Ave, Wiley, CO 81092",Resident 1087,A-20087,2025-03-14,143349,gallons,,R4,
M-1087,"709 3rd Ave, Wiley, CO 81092",Resident 1087,A-20087,2025-04-15,151835,gallons,,R4,
M-1087,"709 3rd Ave, Wiley, CO 81092",Resident 1087,A-20087,2025-05-16,161069,gallons,,R4,
M-1087,"709 3rd Ave, Wiley, CO 81092",Resident 1087,A-20087,2025-06-12,171424,gallons,,R4,
M-1088,"716 5th St, Wiley, CO 81092",Resident 1088,A-20088,2025-01-12,80855,gallons,,R5,
M-1088,"716 5th St, Wiley, CO 81092",Resident 1088,A-20088,2025-02-13,83724,gallons,,R5,
M-1088,"716 5th St, Wiley, CO 81092",Resident 1088,A-20088,2025-03-14,87563,gallons,,R5,
M-1088,"716 5th St, Wiley, CO 81092",Resident 1088,A-20088,2025-04-15,91523,gallons,,R5,
M-1088,"716 5th St, Wiley, CO 81092",Resident 1088,A-20088,2025-05-16,96836,gallons,,R5,
M-1088,"716 5th St, Wiley, CO 81092",Resident 1088,A-20088,2025-06-12,102298,gallons,,R5,
M-1089,"723 Ranch Rd, Wiley, CO 81092",Resident 1089,A-20089,2025-01-12,403607,gallons,,R6,
M-1089,"723 Ranch Rd, Wiley, CO 81092",Resident 1089,A-20089,2025-02-13,420100,gallons,,R6,
M-1089,"723 Ranch Rd, Wiley, CO 81092",Resident 1089,A-20089,2025-03-14,439576,gallons,,R6,
M-1089,"723 Ranch Rd, Wiley, CO 81092",Resident 1089,A-20089,2025-04-15,459277,gallons,,R6,
M-1089,"723 Ranch Rd, Wiley, CO 81092",Resident 1089,A-20089,2025-05-16,479794,gallons,,R6,
M-1089,"723 Ranch Rd, Wiley, CO 81092",Resident 1089,A-20089,2025-06-12,509322,gallons,,R6,
M-1090,"730 Irrigation Ln, Wiley, CO 81092",Resident 1090,A-20090,2025-01-12,418017,gallons,,R1,
M-1090,"730 Irrigation Ln, Wiley, CO 81092",Resident 1090,A-20090,2025-02-13,423375,gallons,,R1,
M-1090,"730 Irrigation Ln, Wiley, CO 81092",Resident 1090,A-20090,2025-03-14,430780,gallons,,R1,
M-1090,"730 Irrigation Ln, Wiley, CO 81092",Resident 1090,A-20090,2025-04-15,438630,gallons,,R1,
M-1090,"730 Irrigation Ln, Wiley, CO 81092",Resident 1090,A-20090,2025-05-16,446674,gallons,,R1,
M-1090,"730 Irrigation Ln, Wiley, CO 81092",Resident 1090,A-20090,2025-06-12,455071,gallons,,R1,
M-1091,"737 North Frontage, Wiley, CO 81092",Resident 1091,A-20091,2025-01-12,385862,gallons,,R2,
M-1091,"737 North Frontage, Wiley, CO 81092",Resident 1091,A-20091,2025-02-13,391247,gallons,,R2,
M-1091,"737 North Frontage, Wiley, CO 81092",Resident 1091,A-20091,2025-03-14,398886,gallons,,R2,
M-1091,"737 North Frontage, Wiley, CO 81092",Resident 1091,A-20091,2025-04-15,406725,gallons,,R2,
M-1091,"737 North Frontage, Wiley, CO 81092",Resident 1091,A-20091,2025-05-16,414010,gallons,,R2,
M-1091,"737 North Frontage, Wiley, CO 81092",Resident 1091,A-20091,2025-06-12,423170,gallons,,R2,
M-1092,"744 South Loop, Wiley, CO 81092",Resident 1092,A-20092,2025-01-12,123058,gallons,,R3,
M-1092,"744 South Loop, Wiley, CO 81092",Resident 1092,A-20092,2025-02-13,125764,gallons,,R3,
M-1092,"744 South Loop, Wiley, CO 81092",Resident 1092,A-20092,2025-03-14,129666,gallons,,R3,
M-1092,"744 South Loop, Wiley, CO 81092",Resident 1092,A-20092,2025-04-15,133714,gallons,,R3,
M-1092,"744 South Loop, Wiley, CO 81092",Resident 1092,A-20092,2025-05-16,138203,gallons,,R3,
M-1092,"744 South Loop, Wiley, CO 81092",Resident 1092,A-20092,2025-06-12,143273,gallons,,R3,
M-1093,"751 Pioneer Rd, Wiley, CO 81092",Resident 1093,A-20093,2025-01-12,125156,gallons,,R4,
M-1093,"751 Pioneer Rd, Wiley, CO 81092",Resident 1093,A-20093,2025-02-13,130709,gallons,,R4,
M-1093,"751 Pioneer Rd, Wiley, CO 81092",Resident 1093,A-20093,2025-03-14,137659,gallons,,R4,
M-1093,"751 Pioneer Rd, Wiley, CO 81092",Resident 1093,A-20093,2025-04-15,143303,gallons,,R4,
M-1093,"751 Pioneer Rd, Wiley, CO 81092",Resident 1093,A-20093,2025-05-16,151471,gallons,,R4,
M-1093,"751 Pioneer Rd, Wiley, CO 81092",Resident 1093,A-20093,2025-06-12,160089,gallons,,R4,
M-1094,"758 Cottonwood Dr, Wiley, CO 81092",Resident 1094,A-20094,2025-01-12,377684,gallons,,R5,
M-1094,"758 Cottonwood Dr, Wiley, CO 81092",Resident 1094,A-20094,2025-02-13,384166,gallons,,R5,
M-1094,"758 Cottonwood Dr, Wiley, CO 81092",Resident 1094,A-20094,2025-03-14,393191,gallons,,R5,
M-1094,"758 Cottonwood Dr, Wiley, CO 81092",Resident 1094,A-20094,2025-04-15,401855,gallons,,R5,
M-1094,"758 Cottonwood Dr, Wiley, CO 81092",Resident 1094,A-20094,2025-05-16,409869,gallons,,R5,
M-1094,"758 Cottonwood Dr, Wiley, CO 81092",Resident 1094,A-20094,2025-06-12,420025,gallons,,R5,
M-1095,"765 Sand Creek Rd, Wiley, CO 81092",Resident 1095,A-20095,2025-01-12,186282,gallons,,R6,
M-1095,"765 Sand Creek Rd, Wiley, CO 81092",Resident 1095,A-20095,2025-02-13,189477,gallons,,R6,
M-1095,"765 Sand Creek Rd, Wiley, CO 81092",Resident 1095,A-20095,2025-03-14,193881,gallons,,R6,
M-1095,"765 Sand Creek Rd, Wiley, CO 81092",Resident 1095,A-20095,2025-04-15,198650,gallons,,R6,
M-1095,"765 Sand Creek Rd, Wiley, CO 81092",Resident 1095,A-20095,2025-05-16,204082,gallons,,R6,
M-1095,"765 Sand Creek Rd, Wiley, CO 81092",Resident 1095,A-20095,2025-06-12,209689,gallons,,R6,
M-1096,"772 Prairie View, Wiley, CO 81092",Resident 1096,A-20096,2025-01-12,335823,gallons,,R1,
M-1096,"772 Prairie View, Wiley, CO 81092",Resident 1096,A-20096,2025-02-13,338707,gallons,,R1,
M-1096,"772 Prairie View, Wiley, CO 81092",Resident 1096,A-20096,2025-03-14,342034,gallons,,R1,
M-1096,"772 Prairie View, Wiley, CO 81092",Resident 1096,A-20096,2025-04-15,345639,gallons,,R1,
M-1096,"772 Prairie View, Wiley, CO 81092",Resident 1096,A-20096,2025-05-16,349887,gallons,,R1,
M-1096,"772 Prairie View, Wiley, CO 81092",Resident 1096,A-20096,2025-06-12,355094,gallons,,R1,
M-1097,"779 School House Rd, Wiley, CO 81092",Resident 1097,A-20097,2025-01-12,223373,gallons,,R2,
M-1097,"779 School House Rd, Wiley, CO 81092",Resident 1097,A-20097,2025-02-13,227673,gallons,,R2,
M-1097,"779 School House Rd, Wiley, CO 81092",Resident 1097,A-20097,2025-03-14,233690,gallons,,R2,
M-1097,"779 School House Rd, Wiley, CO 81092",Resident 1097,A-20097,2025-04-15,239789,gallons,,R2,
M-1097,"779 School House Rd, Wiley, CO 81092",Resident 1097,A-20097,2025-05-16,246881,gallons,,R2,
M-1097,"779 School House Rd, Wiley, CO 81092",Resident 1097,A-20097,2025-06-12,254836,gallons,,R2,
M-1098,"786 Cemetery Rd, Wiley, CO 81092",Resident 1098,A-20098,2025-01-12,150630,gallons,,R3,
M-1098,"786 Cemetery Rd, Wiley, CO 81092",Resident 1098,A-20098,2025-02-13,155083,gallons,,R3,
M-1098,"786 Cemetery Rd, Wiley, CO 81092",Resident 1098,A-20098,2025-03-14,160406,gallons,,R3,
M-1098,"786 Cemetery Rd, Wiley, CO 81092",Resident 1098,A-20098,2025-04-15,165217,gallons,,R3,
M-1098,"786 Cemetery Rd, Wiley, CO 81092",Resident 1098,A-20098,2025-05-16,170421,gallons,,R3,
M-1098,"786 Cemetery Rd, Wiley, CO 81092",Resident 1098,A-20098,2025-06-12,178353,gallons,,R3,
M-1099,"793 Grain Elevator Rd, Wiley, CO 81092",Resident 1099,A-20099,2025-01-12,258699,gallons,,R4,
M-1099,"793 Grain Elevator Rd, Wiley, CO 81092",Resident 1099,A-20099,2025-02-13,262043,gallons,,R4,
M-1099,"793 Grain Elevator Rd, Wiley, CO 81092",Resident 1099,A-20099,2025-03-14,266781,gallons,,R4,
M-1099,"793 Grain Elevator Rd, Wiley, CO 81092",Resident 1099,A-20099,2025-04-15,271837,gallons,,R4,
M-1099,"793 Grain Elevator Rd, Wiley, CO 81092",Resident 1099,A-20099,2025-05-16,276532,gallons,,R4,
M-1099,"793 Grain Elevator Rd, Wiley, CO 81092",Resident 1099,A-20099,2025-06-12,282392,gallons,,R4,
M-1100,"800 Main St, Wiley, CO 81092",Resident 1100,A-20100,2025-01-12,125868,gallons,,R5,
M-1100,"800 Main St, Wiley, CO 81092",Resident 1100,A-20100,2025-02-13,131680,gallons,,R5,
M-1100,"800 Main St, Wiley, CO 81092",Resident 1100,A-20100,2025-03-14,138665,gallons,,R5,
M-1100,"800 Main St, Wiley, CO 81092",Resident 1100,A-20100,2025-04-15,146959,gallons,,R5,
M-1100,"800 Main St, Wiley, CO 81092",Resident 1100,A-20100,2025-05-16,156300,gallons,,R5,
M-1100,"800 Main St, Wiley, CO 81092",Resident 1100,A-20100,2025-06-12,165197,gallons,,R5,
M-1101,"807 County Rd 10, Wiley, CO 81092",Resident 1101,A-20101,2025-01-12,223588,gallons,,R6,
M-1101,"807 County Rd 10, Wiley, CO 81092",Resident 1101,A-20101,2025-02-13,228733,gallons,,R6,
M-1101,"807 County Rd 10, Wiley, CO 81092",Resident 1101,A-20101,2025-03-14,235522,gallons,,R6,
M-1101,"807 County Rd 10, Wiley, CO 81092",Resident 1101,A-20101,2025-04-15,243340,gallons,,R6,
M-1101,"807 County Rd 10, Wiley, CO 81092",Resident 1101,A-20101,2025-05-16,251826,gallons,,R6,
M-1101,"807 County Rd 10, Wiley, CO 81092",Resident 1101,A-20101,2025-06-12,262397,gallons,,R6,
M-1102,"814 County Rd 14, Wiley, CO 81092",Resident 1102,A-20102,2025-01-12,283899,gallons,,R1,
M-1102,"814 County Rd 14, Wiley, CO 81092",Resident 1102,A-20102,2025-02-13,289379,gallons,,R1,
M-1102,"814 County Rd 14, Wiley, CO 81092",Resident 1102,A-20102,2025-03-14,296948,gallons,,R1,
M-1102,"814 County Rd 14, Wiley, CO 81092",Resident 1102,A-20102,2025-04-15,303322,gallons,,R1,
M-1102,"814 County Rd 14, Wiley, CO 81092",Resident 1102,A-20102,2025-05-16,312187,gallons,,R1,
M-1102,"814 County Rd 14, Wiley, CO 81092",Resident 1102,A-20102,2025-06-12,321735,gallons,,R1,
M-1103,"821 Highway 287, Wiley, CO 81092",Resident 1103,A-20103,2025-01-12,224229,gallons,,R2,
M-1103,"821 Highway 287, Wiley, CO 81092",Resident 1103,A-20103,2025-02-13,227370,gallons,,R2,
M-1103,"821 Highway 287, Wiley, CO 81092",Resident 1103,A-20103,2025-03-14,231914,gallons,,R2,
M-1103,"821 Highway 287, Wiley, CO 81092",Resident 1103,A-20103,2025-04-15,235901,gallons,,R2,
M-1103,"821 Highway 287, Wiley, CO 81092",Resident 1103,A-20103,2025-05-16,240696,gallons,,R2,
M-1103,"821 Highway 287, Wiley, CO 81092",Resident 1103,A-20103,2025-06-12,245451,gallons,,R2,
M-1104,"828 Maple Ave, Wiley, CO 81092",Resident 1104,A-20104,2025-01-12,177722,gallons,,R3,
M-1104,"828 Maple Ave, Wiley, CO 81092",Resident 1104,A-20104,2025-02-13,183323,gallons,,R3,
M-1104,"828 Maple Ave, Wiley, CO 81092",Resident 1104,A-20104,2025-03-14,191119,gallons,,R3,
M-1104,"828 Maple Ave, Wiley, CO 81092",Resident 1104,A-20104,2025-04-15,197967,gallons,,R3,
M-1104,"828 Maple Ave, Wiley, CO 81092",Resident 1104,A-20104,2025-05-16,206740,gallons,,R3,
M-1104,"828 Maple Ave, Wiley, CO 81092",Resident 1104,A-20104,2025-06-12,217003,gallons,,R3,
M-1105,"835 Oak St, Wiley, CO 81092",Resident 1105,A-20105,2025-01-12,308974,gallons,,R4,
M-1105,"835 Oak St, Wiley, CO 81092",Resident 1105,A-20105,2025-02-13,312776,gallons,,R4,
M-1105,"835 Oak St, Wiley, CO 81092",Resident 1105,A-20105,2025-03-14,317067,gallons,,R4,
M-1105,"835 Oak St, Wiley, CO 81092",Resident 1105,A-20105,2025-04-15,321533,gallons,,R4,
M-1105,"835 Oak St, Wiley, CO 81092",Resident 1105,A-20105,2025-05-16,326910,gallons,,R4,
M-1105,"835 Oak St, Wiley, CO 81092",Resident 1105,A-20105,2025-06-12,333577,gallons,,R4,
M-1106,"842 Elm St, Wiley, CO 81092",Resident 1106,A-20106,2025-01-12,387230,gallons,,R5,
M-1106,"842 Elm St, Wiley, CO 81092",Resident 1106,A-20106,2025-02-13,392729,gallons,,R5,
M-1106,"842 Elm St, Wiley, CO 81092",Resident 1106,A-20106,2025-03-14,401221,gallons,,R5,
M-1106,"842 Elm St, Wiley, CO 81092",Resident 1106,A-20106,2025-04-15,408998,gallons,,R5,
M-1106,"842 Elm St, Wiley, CO 81092",Resident 1106,A-20106,2025-05-16,418322,gallons,,R5,
M-1106,"842 Elm St, Wiley, CO 81092",Resident 1106,A-20106,2025-06-12,428069,gallons,,R5,
M-1107,"849 3rd Ave, Wiley, CO 81092",Resident 1107,A-20107,2025-01-12,224890,gallons,,R6,
M-1107,"849 3rd Ave, Wiley, CO 81092",Resident 1107,A-20107,2025-02-13,227172,gallons,,R6,
M-1107,"849 3rd Ave, Wiley, CO 81092",Resident 1107,A-20107,2025-03-14,229904,gallons,,R6,
M-1107,"849 3rd Ave, Wiley, CO 81092",Resident 1107,A-20107,2025-04-15,232583,gallons,,R6,
M-1107,"849 3rd Ave, Wiley, CO 81092",Resident 1107,A-20107,2025-05-16,235412,gallons,,R6,
M-1107,"849 3rd Ave, Wiley, CO 81092",Resident 1107,A-20107,2025-06-12,238559,gallons,,R6,
M-1108,"856 5th St, Wiley, CO 81092",Resident 1108,A-20108,2025-01-12,394569,gallons,,R1,
M-1108,"856 5th St, Wiley, CO 81092",Resident 1108,A-20108,2025-02-13,397788,gallons,,R1,
M-1108,"856 5th St, Wiley, CO 81092",Resident 1108,A-20108,2025-03-14,401898,gallons,,R1,
M-1108,"856 5th St, Wiley, CO 81092",Resident 1108,A-20108,2025-04-15,405363,gallons,,R1,
M-1108,"856 5th St, Wiley, CO 81092",Resident 1108,A-20108,2025-05-16,410003,gallons,,R1,
M-1108,"856 5th St, Wiley, CO 81092",Resident 1108,A-20108,2025-06-12,415677,gallons,,R1,
M-1109,"863 Ranch Rd, Wiley, CO 81092",Resident 1109,A-20109,2025-01-12,407550,gallons,,R2,
M-1109,"863 Ranch Rd, Wiley, CO 81092",Resident 1109,A-20109,2025-02-13,409340,gallons,,R2,
M-1109,"863 Ranch Rd, Wiley, CO 81092",Resident 1109,A-20109,2025-03-14,412154,gallons,,R2,
M-1109,"863 Ranch Rd, Wiley, CO 81092",Resident 1109,A-20109,2025-04-15,414924,gallons,,R2,
M-1109,"863 Ranch Rd, Wiley, CO 81092",Resident 1109,A-20109,2025-05-16,417905,gallons,,R2,
M-1109,"863 Ranch Rd, Wiley, CO 81092",Resident 1109,A-20109,2025-06-12,421347,gallons,,R2,
M-1110,"870 Irrigation Ln, Wiley, CO 81092",Resident 1110,A-20110,2025-01-12,355975,gallons,,R3,
M-1110,"870 Irrigation Ln, Wiley, CO 81092",Resident 1110,A-20110,2025-02-13,359834,gallons,,R3,
M-1110,"870 Irrigation Ln, Wiley, CO 81092",Resident 1110,A-20110,2025-03-14,365316,gallons,,R3,
M-1110,"870 Irrigation Ln, Wiley, CO 81092",Resident 1110,A-20110,2025-04-15,369671,gallons,,R3,
M-1110,"870 Irrigation Ln, Wiley, CO 81092",Resident 1110,A-20110,2025-05-16,375707,gallons,,R3,
M-1110,"870 Irrigation Ln, Wiley, CO 81092",Resident 1110,A-20110,2025-06-12,381786,gallons,,R3,
M-1111,"877 North Frontage, Wiley, CO 81092",Resident 1111,A-20111,2025-01-12,84235,gallons,,R4,
M-1111,"877 North Frontage, Wiley, CO 81092",Resident 1111,A-20111,2025-02-13,88924,gallons,,R4,
M-1111,"877 North Frontage, Wiley, CO 81092",Resident 1111,A-20111,2025-03-14,95124,gallons,,R4,
M-1111,"877 North Frontage, Wiley, CO 81092",Resident 1111,A-20111,2025-04-15,100001,gallons,,R4,
M-1111,"877 North Frontage, Wiley, CO 81092",Resident 1111,A-20111,2025-05-16,106115,gallons,,R4,
M-1111,"877 North Frontage, Wiley, CO 81092",Resident 1111,A-20111,2025-06-12,113539,gallons,,R4,
M-1112,"884 South Loop, Wiley, CO 81092",Resident 1112,A-20112,2025-01-12,364384,gallons,,R5,
M-1112,"884 South Loop, Wiley, CO 81092",Resident 1112,A-20112,2025-02-13,367610,gallons,,R5,
M-1112,"884 South Loop, Wiley, CO 81092",Resident 1112,A-20112,2025-03-14,371517,gallons,,R5,
M-1112,"884 South Loop, Wiley, CO 81092",Resident 1112,A-20112,2025-04-15,376195,gallons,,R5,
M-1112,"884 South Loop, Wiley, CO 81092",Resident 1112,A-20112,2025-05-16,380644,gallons,,R5,
M-1112,"884 South Loop, Wiley, CO 81092",Resident 1112,A-20112,2025-06-12,386052,gallons,,R5,
M-1113,"891 Pioneer Rd, Wiley, CO 81092",Resident 1113,A-20113,2025-01-12,222928,gallons,,R6,
M-1113,"891 Pioneer Rd, Wiley, CO 81092",Resident 1113,A-20113,2025-02-13,224682,gallons,,R6,
M-1113,"891 Pioneer Rd, Wiley, CO 81092",Resident 1113,A-20113,2025-03-14,227720,gallons,,R6,
M-1113,"891 Pioneer Rd, Wiley, CO 81092",Resident 1113,A-20113,2025-04-15,230806,gallons,,R6,
M-1113,"891 Pioneer Rd, Wiley, CO 81092",Resident 1113,A-20113,2025-05-16,233970,gallons,,R6,
M-1113,"891 Pioneer Rd, Wiley, CO 81092",Resident 1113,A-20113,2025-06-12,237862,gallons,,R6,
M-1114,"898 Cottonwood Dr, Wiley, CO 81092",Resident 1114,A-20114,2025-01-12,420058,gallons,,R1,
M-1114,"898 Cottonwood Dr, Wiley, CO 81092",Resident 1114,A-20114,2025-02-13,422790,gallons,,R1,
M-1114,"898 Cottonwood Dr, Wiley, CO 81092",Resident 1114,A-20114,2025-03-14,426798,gallons,,R1,
M-1114,"898 Cottonwood Dr, Wiley, CO 81092",Resident 1114,A-20114,2025-04-15,431131,gallons,,R1,
M-1114,"898 Cottonwood Dr, Wiley, CO 81092",Resident 1114,A-20114,2025-05-16,435868,gallons,,R1,
M-1114,"898 Cottonwood Dr, Wiley, CO 81092",Resident 1114,A-20114,2025-06-12,441887,gallons,,R1,
M-1115,"905 Sand Creek Rd, Wiley, CO 81092",Resident 1115,A-20115,2025-01-12,144692,gallons,,R2,
M-1115,"905 Sand Creek Rd, Wiley, CO 81092",Resident 1115,A-20115,2025-02-13,149842,gallons,,R2,
M-1115,"905 Sand Creek Rd, Wiley, CO 81092",Resident 1115,A-20115,2025-03-14,156411,gallons,,R2,
M-1115,"905 Sand Creek Rd, Wiley, CO 81092",Resident 1115,A-20115,2025-04-15,162894,gallons,,R2,
M-1115,"905 Sand Creek Rd, Wiley, CO 81092",Resident 1115,A-20115,2025-05-16,171577,gallons,,R2,
M-1115,"905 Sand Creek Rd, Wiley, CO 81092",Resident 1115,A-20115,2025-06-12,180440,gallons,,R2,
M-1116,"912 Prairie View, Wiley, CO 81092",Resident 1116,A-20116,2025-01-12,164990,gallons,,R3,
M-1116,"912 Prairie View, Wiley, CO 81092",Resident 1116,A-20116,2025-02-13,171084,gallons,,R3,
M-1116,"912 Prairie View, Wiley, CO 81092",Resident 1116,A-20116,2025-03-14,179608,gallons,,R3,
M-1116,"912 Prairie View, Wiley, CO 81092",Resident 1116,A-20116,2025-04-15,186529,gallons,,R3,
M-1116,"912 Prairie View, Wiley, CO 81092",Resident 1116,A-20116,2025-05-16,195471,gallons,,R3,
M-1116,"912 Prairie View, Wiley, CO 81092",Resident 1116,A-20116,2025-06-12,204921,gallons,,R3,
M-1117,"919 School House Rd, Wiley, CO 81092",Resident 1117,A-20117,2025-01-12,218262,gallons,,R4,
M-1117,"919 School House Rd, Wiley, CO 81092",Resident 1117,A-20117,2025-02-13,221931,gallons,,R4,
M-1117,"919 School House Rd, Wiley, CO 81092",Resident 1117,A-20117,2025-03-14,227084,gallons,,R4,
M-1117,"919 School House Rd, Wiley, CO 81092",Resident 1117,A-20117,2025-04-15,231985,gallons,,R4,
M-1117,"919 School House Rd, Wiley, CO 81092",Resident 1117,A-20117,2025-05-16,237721,gallons,,R4,
M-1117,"919 School House Rd, Wiley, CO 81092",Resident 1117,A-20117,2025-06-12,243633,gallons,,R4,
M-1118,"926 Cemetery Rd, Wiley, CO 81092",Resident 1118,A-20118,2025-01-12,132989,gallons,,R5,
M-1118,"926 Cemetery Rd, Wiley, CO 81092",Resident 1118,A-20118,2025-02-13,136011,gallons,,R5,
M-1118,"926 Cemetery Rd, Wiley, CO 81092",Resident 1118,A-20118,2025-03-14,140489,gallons,,R5,
M-1118,"926 Cemetery Rd, Wiley, CO 81092",Resident 1118,A-20118,2025-04-15,144923,gallons,,R5,
M-1118,"926 Cemetery Rd, Wiley, CO 81092",Resident 1118,A-20118,2025-05-16,149603,gallons,,R5,
M-1118,"926 Cemetery Rd, Wiley, CO 81092",Resident 1118,A-20118,2025-06-12,154850,gallons,,R5,
M-1119,"933 Grain Elevator Rd, Wiley, CO 81092",Resident 1119,A-20119,2025-01-12,149657,gallons,,R6,
M-1119,"933 Grain Elevator Rd, Wiley, CO 81092",Resident 1119,A-20119,2025-02-13,155241,gallons,,R6,
M-1119,"933 Grain Elevator Rd, Wiley, CO 81092",Resident 1119,A-20119,2025-03-14,163423,gallons,,R6,
M-1119,"933 Grain Elevator Rd, Wiley, CO 81092",Resident 1119,A-20119,2025-04-15,171615,gallons,,R6,
M-1119,"933 Grain Elevator Rd, Wiley, CO 81092",Resident 1119,A-20119,2025-05-16,179793,gallons,,R6,
M-1119,"933 Grain Elevator Rd, Wiley, CO 81092",Resident 1119,A-20119,2025-06-12,190195,gallons,,R6,
M-1120,"940 Main St, Wiley, CO 81092",Resident 1120,A-20120,2025-01-12,373419,gallons,,R1,
M-1120,"940 Main St, Wiley, CO 81092",Resident 1120,A-20120,2025-02-13,377981,gallons,,R1,
M-1120,"940 Main St, Wiley, CO 81092",Resident 1120,A-20120,2025-03-14,383358,gallons,,R1,
M-1120,"940 Main St, Wiley, CO 81092",Resident 1120,A-20120,2025-04-15,390300,gallons,,R1,
M-1120,"940 Main St, Wiley, CO 81092",Resident 1120,A-20120,2025-05-16,396682,gallons,,R1,
M-1120,"940 Main St, Wiley, CO 81092",Resident 1120,A-20120,2025-06-12,405477,gallons,,R1,
M-1121,"947 County Rd 10, Wiley, CO 81092",Resident 1121,A-20121,2025-01-12,162672,gallons,,R2,
M-1121,"947 County Rd 10, Wiley, CO 81092",Resident 1121,A-20121,2025-02-13,167086,gallons,,R2,
M-1121,"947 County Rd 10, Wiley, CO 81092",Resident 1121,A-20121,2025-03-14,171821,gallons,,R2,
M-1121,"947 County Rd 10, Wiley, CO 81092",Resident 1121,A-20121,2025-04-15,177850,gallons,,R2,
M-1121,"947 County Rd 10, Wiley, CO 81092",Resident 1121,A-20121,2025-05-16,183288,gallons,,R2,
M-1121,"947 County Rd 10, Wiley, CO 81092",Resident 1121,A-20121,2025-06-12,190574,gallons,,R2,
M-1122,"954 County Rd 14, Wiley, CO 81092",Resident 1122,A-20122,2025-01-12,235212,gallons,,R3,
M-1122,"954 County Rd 14, Wiley, CO 81092",Resident 1122,A-20122,2025-02-13,240960,gallons,,R3,
M-1122,"954 County Rd 14, Wiley, CO 81092",Resident 1122,A-20122,2025-03-14,247893,gallons,,R3,
M-1122,"954 County Rd 14, Wiley, CO 81092",Resident 1122,A-20122,2025-04-15,256390,gallons,,R3,
M-1122,"954 County Rd 14, Wiley, CO 81092",Resident 1122,A-20122,2025-05-16,266233,gallons,,R3,
M-1122,"954 County Rd 14, Wiley, CO 81092",Resident 1122,A-20122,2025-06-12,276787,gallons,,R3,
M-1123,"961 Highway 287, Wiley, CO 81092",Resident 1123,A-20123,2025-01-12,232089,gallons,,R4,
M-1123,"961 Highway 287, Wiley, CO 81092",Resident 1123,A-20123,2025-02-13,236558,gallons,,R4,
M-1123,"961 Highway 287, Wiley, CO 81092",Resident 1123,A-20123,2025-03-14,241693,gallons,,R4,
M-1123,"961 Highway 287, Wiley, CO 81092",Resident 1123,A-20123,2025-04-15,247425,gallons,,R4,
M-1123,"961 Highway 287, Wiley, CO 81092",Resident 1123,A-20123,2025-05-16,254565,gallons,,R4,
M-1123,"961 Highway 287, Wiley, CO 81092",Resident 1123,A-20123,2025-06-12,263129,gallons,,R4,
M-1124,"968 Maple Ave, Wiley, CO 81092",Resident 1124,A-20124,2025-01-12,387688,gallons,,R5,
M-1124,"968 Maple Ave, Wiley, CO 81092",Resident 1124,A-20124,2025-02-13,390097,gallons,,R5,
M-1124,"968 Maple Ave, Wiley, CO 81092",Resident 1124,A-20124,2025-03-14,393022,gallons,,R5,
M-1124,"968 Maple Ave, Wiley, CO 81092",Resident 1124,A-20124,2025-04-15,396838,gallons,,R5,
M-1124,"968 Maple Ave, Wiley, CO 81092",Resident 1124,A-20124,2025-05-16,401133,gallons,,R5,
M-1124,"968 Maple Ave, Wiley, CO 81092",Resident 1124,A-20124,2025-06-12,405155,gallons,,R5,
M-1125,"975 Oak St, Wiley, CO 81092",Resident 1125,A-20125,2025-01-12,184546,gallons,,R6,
M-1125,"975 Oak St, Wiley, CO 81092",Resident 1125,A-20125,2025-02-13,187355,gallons,,R6,
M-1125,"975 Oak St, Wiley, CO 81092",Resident 1125,A-20125,2025-03-14,192103,gallons,,R6,
M-1125,"975 Oak St, Wiley, CO 81092",Resident 1125,A-20125,2025-04-15,196335,gallons,,R6,
M-1125,"975 Oak St, Wiley, CO 81092",Resident 1125,A-20125,2025-05-16,200999,gallons,,R6,
M-1125,"975 Oak St, Wiley, CO 81092",Resident 1125,A-20125,2025-06-12,207356,gallons,,R6,
M-1126,"982 Elm St, Wiley, CO 81092",Resident 1126,A-20126,2025-01-12,249143,gallons,,R1,
M-1126,"982 Elm St, Wiley, CO 81092",Resident 1126,A-20126,2025-02-13,251352,gallons,,R1,
M-1126,"982 Elm St, Wiley, CO 81092",Resident 1126,A-20126,2025-03-14,254701,gallons,,R1,
M-1126,"982 Elm St, Wiley, CO 81092",Resident 1126,A-20126,2025-04-15,257643,gallons,,R1,
M-1126,"982 Elm St, Wiley, CO 81092",Resident 1126,A-20126,2025-05-16,261730,gallons,,R1,
M-1126,"982 Elm St, Wiley, CO 81092",Resident 1126,A-20126,2025-06-12,265866,gallons,,R1,
M-1127,"989 3rd Ave, Wiley, CO 81092",Resident 1127,A-20127,2025-01-12,181769,gallons,,R2,
M-1127,"989 3rd Ave, Wiley, CO 81092",Resident 1127,A-20127,2025-02-13,184854,gallons,,R2,
M-1127,"989 3rd Ave, Wiley, CO 81092",Resident 1127,A-20127,2025-03-14,189236,gallons,,R2,
M-1127,"989 3rd Ave, Wiley, CO 81092",Resident 1127,A-20127,2025-04-15,193205,gallons,,R2,
M-1127,"989 3rd Ave, Wiley, CO 81092",Resident 1127,A-20127,2025-05-16,198629,gallons,,R2,
M-1127,"989 3rd Ave, Wiley, CO 81092",Resident 1127,A-20127,2025-06-12,204054,gallons,,R2,
M-1128,"996 5th St, Wiley, CO 81092",Resident 1128,A-20128,2025-01-12,433821,gallons,,R3,
M-1128,"996 5th St, Wiley, CO 81092",Resident 1128,A-20128,2025-02-13,440909,gallons,,R3,
M-1128,"996 5th St, Wiley, CO 81092",Resident 1128,A-20128,2025-03-14,449213,gallons,,R3,
M-1128,"996 5th St, Wiley, CO 81092",Resident 1128,A-20128,2025-04-15,456609,gallons,,R3,
M-1128,"996 5th St, Wiley, CO 81092",Resident 1128,A-20128,2025-05-16,465579,gallons,,R3,
M-1128,"996 5th St, Wiley, CO 81092",Resident 1128,A-20128,2025-06-12,477895,gallons,,R3,
M-1129,"1003 Ranch Rd, Wiley, CO 81092",Resident 1129,A-20129,2025-01-12,228694,gallons,,R4,
M-1129,"1003 Ranch Rd, Wiley, CO 81092",Resident 1129,A-20129,2025-02-13,233205,gallons,,R4,
M-1129,"1003 Ranch Rd, Wiley, CO 81092",Resident 1129,A-20129,2025-03-14,239830,gallons,,R4,
M-1129,"1003 Ranch Rd, Wiley, CO 81092",Resident 1129,A-20129,2025-04-15,245929,gallons,,R4,
M-1129,"1003 Ranch Rd, Wiley, CO 81092",Resident 1129,A-20129,2025-05-16,252925,gallons,,R4,
M-1129,"1003 Ranch Rd, Wiley, CO 81092",Resident 1129,A-20129,2025-06-12,263380,gallons,,R4,
M-1130,"1010 Irrigation Ln, Wiley, CO 81092",Resident 1130,A-20130,2025-01-12,352761,gallons,,R5,
M-1130,"1010 Irrigation Ln, Wiley, CO 81092",Resident 1130,A-20130,2025-02-13,358378,gallons,,R5,
M-1130,"1010 Irrigation Ln, Wiley, CO 81092",Resident 1130,A-20130,2025-03-14,365393,gallons,,R5,
M-1130,"1010 Irrigation Ln, Wiley, CO 81092",Resident 1130,A-20130,2025-04-15,372898,gallons,,R5,
M-1130,"1010 Irrigation Ln, Wiley, CO 81092",Resident 1130,A-20130,2025-05-16,381111,gallons,,R5,
M-1130,"1010 Irrigation Ln, Wiley, CO 81092",Resident 1130,A-20130,2025-06-12,389483,gallons,,R5,
M-1131,"1017 North Frontage, Wiley, CO 81092",Resident 1131,A-20131,2025-01-12,330759,gallons,,R6,
M-1131,"1017 North Frontage, Wiley, CO 81092",Resident 1131,A-20131,2025-02-13,333672,gallons,,R6,
M-1131,"1017 North Frontage, Wiley, CO 81092",Resident 1131,A-20131,2025-03-14,337478,gallons,,R6,
M-1131,"1017 North Frontage, Wiley, CO 81092",Resident 1131,A-20131,2025-04-15,342211,gallons,,R6,
M-1131,"1017 North Frontage, Wiley, CO 81092",Resident 1131,A-20131,2025-05-16,347815,gallons,,R6,
M-1131,"1017 North Frontage, Wiley, CO 81092",Resident 1131,A-20131,2025-06-12,353728,gallons,,R6,
M-1132,"1024 South Loop, Wiley, CO 81092",Resident 1132,A-20132,2025-01-12,227611,gallons,,R1,
M-1132,"1024 South Loop, Wiley, CO 81092",Resident 1132,A-20132,2025-02-13,233498,gallons,,R1,
M-1132,"1024 South Loop, Wiley, CO 81092",Resident 1132,A-20132,2025-03-14,241908,gallons,,R1,
M-1132,"1024 South Loop, Wiley, CO 81092",Resident 1132,A-20132,2025-04-15,251376,gallons,,R1,
M-1132,"1024 South Loop, Wiley, CO 81092",Resident 1132,A-20132,2025-05-16,261819,gallons,,R1,
M-1132,"1024 South Loop, Wiley, CO 81092",Resident 1132,A-20132,2025-06-12,273730,gallons,,R1,
M-1133,"1031 Pioneer Rd, Wiley, CO 81092",Resident 1133,A-20133,2025-01-12,115774,gallons,,R2,
M-1133,"1031 Pioneer Rd, Wiley, CO 81092",Resident 1133,A-20133,2025-02-13,120944,gallons,,R2,
M-1133,"1031 Pioneer Rd, Wiley, CO 81092",Resident 1133,A-20133,2025-03-14,128175,gallons,,R2,
M-1133,"1031 Pioneer Rd, Wiley, CO 81092",Resident 1133,A-20133,2025-04-15,135475,gallons,,R2,
M-1133,"1031 Pioneer Rd, Wiley, CO 81092",Resident 1133,A-20133,2025-05-16,144240,gallons,,R2,
M-1133,"1031 Pioneer Rd, Wiley, CO 81092",Resident 1133,A-20133,2025-06-12,152388,gallons,,R2,
M-1134,"1038 Cottonwood Dr, Wiley, CO 81092",Resident 1134,A-20134,2025-01-12,131180,gallons,,R3,
M-1134,"1038 Cottonwood Dr, Wiley, CO 81092",Resident 1134,A-20134,2025-02-13,135085,gallons,,R3,
M-1134,"1038 Cottonwood Dr, Wiley, CO 81092",Resident 1134,A-20134,2025-03-14,140412,gallons,,R3,
M-1134,"1038 Cottonwood Dr, Wiley, CO 81092",Resident 1134,A-20134,2025-04-15,145563,gallons,,R3,
M-1134,"1038 Cottonwood Dr, Wiley, CO 81092",Resident 1134,A-20134,2025-05-16,152325,gallons,,R3,
M-1134,"1038 Cottonwood Dr, Wiley, CO 81092",Resident 1134,A-20134,2025-06-12,159255,gallons,,R3,
M-1135,"1045 Sand Creek Rd, Wiley, CO 81092",Resident 1135,A-20135,2025-01-12,420925,gallons,,R4,
M-1135,"1045 Sand Creek Rd, Wiley, CO 81092",Resident 1135,A-20135,2025-02-13,426133,gallons,,R4,
M-1135,"1045 Sand Creek Rd, Wiley, CO 81092",Resident 1135,A-20135,2025-03-14,432714,gallons,,R4,
M-1135,"1045 Sand Creek Rd, Wiley, CO 81092",Resident 1135,A-20135,2025-04-15,440675,gallons,,R4,
M-1135,"1045 Sand Creek Rd, Wiley, CO 81092",Resident 1135,A-20135,2025-05-16,449088,gallons,,R4,
M-1135,"1045 Sand Creek Rd, Wiley, CO 81092",Resident 1135,A-20135,2025-06-12,457494,gallons,,R4,
M-1136,"1052 Prairie View, Wiley, CO 81092",Resident 1136,A-20136,2025-01-12,303840,gallons,,R5,
M-1136,"1052 Prairie View, Wiley, CO 81092",Resident 1136,A-20136,2025-02-13,307913,gallons,,R5,
M-1136,"1052 Prairie View, Wiley, CO 81092",Resident 1136,A-20136,2025-03-14,313402,gallons,,R5,
M-1136,"1052 Prairie View, Wiley, CO 81092",Resident 1136,A-20136,2025-04-15,319190,gallons,,R5,
M-1136,"1052 Prairie View, Wiley, CO 81092",Resident 1136,A-20136,2025-05-16,325822,gallons,,R5,
M-1136,"1052 Prairie View, Wiley, CO 81092",Resident 1136,A-20136,2025-06-12,333688,gallons,,R5,
M-1137,"1059 School House Rd, Wiley, CO 81092",Resident 1137,A-20137,2025-01-12,226707,gallons,,R6,
M-1137,"1059 School House Rd, Wiley, CO 81092",Resident 1137,A-20137,2025-02-13,230508,gallons,,R6,
M-1137,"1059 School House Rd, Wiley, CO 81092",Resident 1137,A-20137,2025-03-14,235213,gallons,,R6,
M-1137,"1059 School House Rd, Wiley, CO 81092",Resident 1137,A-20137,2025-04-15,241042,gallons,,R6,
M-1137,"1059 School House Rd, Wiley, CO 81092",Resident 1137,A-20137,2025-05-16,247376,gallons,,R6,
M-1137,"1059 School House Rd, Wiley, CO 81092",Resident 1137,A-20137,2025-06-12,254812,gallons,,R6,
M-1138,"1066 Cemetery Rd, Wiley, CO 81092",Resident 1138,A-20138,2025-01-12,97711,gallons,,R1,
M-1138,"1066 Cemetery Rd, Wiley, CO 81092",Resident 1138,A-20138,2025-02-13,100884,gallons,,R1,
M-1138,"1066 Cemetery Rd, Wiley, CO 81092",Resident 1138,A-20138,2025-03-14,105249,gallons,,R1,
M-1138,"1066 Cemetery Rd, Wiley, CO 81092",Resident 1138,A-20138,2025-04-15,109589,gallons,,R1,
M-1138,"1066 Cemetery Rd, Wiley, CO 81092",Resident 1138,A-20138,2025-05-16,114398,gallons,,R1,
M-1138,"1066 Cemetery Rd, Wiley, CO 81092",Resident 1138,A-20138,2025-06-12,119156,gallons,,R1,
M-1139,"1073 Grain Elevator Rd, Wiley, CO 81092",Resident 1139,A-20139,2025-01-12,70456,gallons,,R2,
M-1139,"1073 Grain Elevator Rd, Wiley, CO 81092",Resident 1139,A-20139,2025-02-13,72819,gallons,,R2,
M-1139,"1073 Grain Elevator Rd, Wiley, CO 81092",Resident 1139,A-20139,2025-03-14,76188,gallons,,R2,
M-1139,"1073 Grain Elevator Rd, Wiley, CO 81092",Resident 1139,A-20139,2025-04-15,79244,gallons,,R2,
M-1139,"1073 Grain Elevator Rd, Wiley, CO 81092",Resident 1139,A-20139,2025-05-16,83648,gallons,,R2,
M-1139,"1073 Grain Elevator Rd, Wiley, CO 81092",Resident 1139,A-20139,2025-06-12,88297,gallons,,R2,
M-1140,"1080 Main St, Wiley, CO 81092",Resident 1140,A-20140,2025-01-12,261783,gallons,,R3,
M-1140,"1080 Main St, Wiley, CO 81092",Resident 1140,A-20140,2025-02-13,266277,gallons,,R3,
M-1140,"1080 Main St, Wiley, CO 81092",Resident 1140,A-20140,2025-03-14,272442,gallons,,R3,
M-1140,"1080 Main St, Wiley, CO 81092",Resident 1140,A-20140,2025-04-15,278986,gallons,,R3,
M-1140,"1080 Main St, Wiley, CO 81092",Resident 1140,A-20140,2025-05-16,285787,gallons,,R3,
M-1140,"1080 Main St, Wiley, CO 81092",Resident 1140,A-20140,2025-06-12,293585,gallons,,R3,
M-1141,"1087 County Rd 10, Wiley, CO 81092",Resident 1141,A-20141,2025-01-12,155126,gallons,,R4,
M-1141,"1087 County Rd 10, Wiley, CO 81092",Resident 1141,A-20141,2025-02-13,160243,gallons,,R4,
M-1141,"1087 County Rd 10, Wiley, CO 81092",Resident 1141,A-20141,2025-03-14,166736,gallons,,R4,
M-1141,"1087 County Rd 10, Wiley, CO 81092",Resident 1141,A-20141,2025-04-15,172370,gallons,,R4,
M-1141,"1087 County Rd 10, Wiley, CO 81092",Resident 1141,A-20141,2025-05-16,179372,gallons,,R4,
M-1141,"1087 County Rd 10, Wiley, CO 81092",Resident 1141,A-20141,2025-06-12,188886,gallons,,R4,
M-1142,"1094 County Rd 14, Wiley, CO 81092",Resident 1142,A-20142,2025-01-12,400784,gallons,,R5,
M-1142,"1094 County Rd 14, Wiley, CO 81092",Resident 1142,A-20142,2025-02-13,402737,gallons,,R5,
M-1142,"1094 County Rd 14, Wiley, CO 81092",Resident 1142,A-20142,2025-03-14,405976,gallons,,R5,
M-1142,"1094 County Rd 14, Wiley, CO 81092",Resident 1142,A-20142,2025-04-15,408749,gallons,,R5,
M-1142,"1094 County Rd 14, Wiley, CO 81092",Resident 1142,A-20142,2025-05-16,412021,gallons,,R5,
M-1142,"1094 County Rd 14, Wiley, CO 81092",Resident 1142,A-20142,2025-06-12,415867,gallons,,R5,
M-1143,"1101 Highway 287, Wiley, CO 81092",Resident 1143,A-20143,2025-01-12,236343,gallons,,R6,
M-1143,"1101 Highway 287, Wiley, CO 81092",Resident 1143,A-20143,2025-02-13,243295,gallons,,R6,
M-1143,"1101 Highway 287, Wiley, CO 81092",Resident 1143,A-20143,2025-03-14,252141,gallons,,R6,
M-1143,"1101 Highway 287, Wiley, CO 81092",Resident 1143,A-20143,2025-04-15,261006,gallons,,R6,
M-1143,"1101 Highway 287, Wiley, CO 81092",Resident 1143,A-20143,2025-05-16,269310,gallons,,R6,
M-1143,"1101 Highway 287, Wiley, CO 81092",Resident 1143,A-20143,2025-06-12,280491,gallons,,R6,
M-1144,"1108 Maple Ave, Wiley, CO 81092",Resident 1144,A-20144,2025-01-12,149658,gallons,,R1,
M-1144,"1108 Maple Ave, Wiley, CO 81092",Resident 1144,A-20144,2025-02-13,151682,gallons,,R1,
M-1144,"1108 Maple Ave, Wiley, CO 81092",Resident 1144,A-20144,2025-03-14,153930,gallons,,R1,
M-1144,"1108 Maple Ave, Wiley, CO 81092",Resident 1144,A-20144,2025-04-15,156226,gallons,,R1,
M-1144,"1108 Maple Ave, Wiley, CO 81092",Resident 1144,A-20144,2025-05-16,159384,gallons,,R1,
M-1144,"1108 Maple Ave, Wiley, CO 81092",Resident 1144,A-20144,2025-06-12,163168,gallons,,R1,
M-1145,"1115 Oak St, Wiley, CO 81092",Resident 1145,A-20145,2025-01-12,300089,gallons,,R2,
M-1145,"1115 Oak St, Wiley, CO 81092",Resident 1145,A-20145,2025-02-13,302535,gallons,,R2,
M-1145,"1115 Oak St, Wiley, CO 81092",Resident 1145,A-20145,2025-03-14,305817,gallons,,R2,
M-1145,"1115 Oak St, Wiley, CO 81092",Resident 1145,A-20145,2025-04-15,309127,gallons,,R2,
M-1145,"1115 Oak St, Wiley, CO 81092",Resident 1145,A-20145,2025-05-16,312766,gallons,,R2,
M-1145,"1115 Oak St, Wiley, CO 81092",Resident 1145,A-20145,2025-06-12,317220,gallons,,R2,
M-1146,"1122 Elm St, Wiley, CO 81092",Resident 1146,A-20146,2025-01-12,358987,gallons,,R3,
M-1146,"1122 Elm St, Wiley, CO 81092",Resident 1146,A-20146,2025-02-13,361315,gallons,,R3,
M-1146,"1122 Elm St, Wiley, CO 81092",Resident 1146,A-20146,2025-03-14,365005,gallons,,R3,
M-1146,"1122 Elm St, Wiley, CO 81092",Resident 1146,A-20146,2025-04-15,368921,gallons,,R3,
M-1146,"1122 Elm St, Wiley, CO 81092",Resident 1146,A-20146,2025-05-16,372521,gallons,,R3,
M-1146,"1122 Elm St, Wiley, CO 81092",Resident 1146,A-20146,2025-06-12,376632,gallons,,R3,
M-1147,"1129 3rd Ave, Wiley, CO 81092",Resident 1147,A-20147,2025-01-12,315420,gallons,,R4,
M-1147,"1129 3rd Ave, Wiley, CO 81092",Resident 1147,A-20147,2025-02-13,321724,gallons,,R4,
M-1147,"1129 3rd Ave, Wiley, CO 81092",Resident 1147,A-20147,2025-03-14,329826,gallons,,R4,
M-1147,"1129 3rd Ave, Wiley, CO 81092",Resident 1147,A-20147,2025-04-15,338154,gallons,,R4,
M-1147,"1129 3rd Ave, Wiley, CO 81092",Resident 1147,A-20147,2025-05-16,347168,gallons,,R4,
M-1147,"1129 3rd Ave, Wiley, CO 81092",Resident 1147,A-20147,2025-06-12,356822,gallons,,R4,
M-1148,"1136 5th St, Wiley, CO 81092",Resident 1148,A-20148,2025-01-12,364348,gallons,,R5,
M-1148,"1136 5th St, Wiley, CO 81092",Resident 1148,A-20148,2025-02-13,366778,gallons,,R5,
M-1148,"1136 5th St, Wiley, CO 81092",Resident 1148,A-20148,2025-03-14,369822,gallons,,R5,
M-1148,"1136 5th St, Wiley, CO 81092",Resident 1148,A-20148,2025-04-15,373217,gallons,,R5,
M-1148,"1136 5th St, Wiley, CO 81092",Resident 1148,A-20148,2025-05-16,376917,gallons,,R5,
M-1148,"1136 5th St, Wiley, CO 81092",Resident 1148,A-20148,2025-06-12,382261,gallons,,R5,
M-1149,"1143 Ranch Rd, Wiley, CO 81092",Resident 1149,A-20149,2025-01-12,97947,gallons,,R6,
M-1149,"1143 Ranch Rd, Wiley, CO 81092",Resident 1149,A-20149,2025-02-13,103208,gallons,,R6,
M-1149,"1143 Ranch Rd, Wiley, CO 81092",Resident 1149,A-20149,2025-03-14,110016,gallons,,R6,
M-1149,"1143 Ranch Rd, Wiley, CO 81092",Resident 1149,A-20149,2025-04-15,118942,gallons,,R6,
M-1149,"1143 Ranch Rd, Wiley, CO 81092",Resident 1149,A-20149,2025-05-16,127974,gallons,,R6,
M-1149,"1143 Ranch Rd, Wiley, CO 81092",Resident 1149,A-20149,2025-06-12,139531,gallons,,R6,
M-1150,"1150 Irrigation Ln, Wiley, CO 81092",Resident 1150,A-20150,2025-01-12,143074,gallons,,R1,
M-1150,"1150 Irrigation Ln, Wiley, CO 81092",Resident 1150,A-20150,2025-02-13,146884,gallons,,R1,
M-1150,"1150 Irrigation Ln, Wiley, CO 81092",Resident 1150,A-20150,2025-03-14,152430,gallons,,R1,
M-1150,"1150 Irrigation Ln, Wiley, CO 81092",Resident 1150,A-20150,2025-04-15,158877,gallons,,R1,
M-1150,"1150 Irrigation Ln, Wiley, CO 81092",Resident 1150,A-20150,2025-05-16,165939,gallons,,R1,
M-1150,"1150 Irrigation Ln, Wiley, CO 81092",Resident 1150,A-20150,2025-06-12,173780,gallons,,R1,
M-1151,"1157 North Frontage, Wiley, CO 81092",Resident 1151,A-20151,2025-01-12,128327,gallons,,R2,
M-1151,"1157 North Frontage, Wiley, CO 81092",Resident 1151,A-20151,2025-02-13,133736,gallons,,R2,
M-1151,"1157 North Frontage, Wiley, CO 81092",Resident 1151,A-20151,2025-03-14,140721,gallons,,R2,
M-1151,"1157 North Frontage, Wiley, CO 81092",Resident 1151,A-20151,2025-04-15,146812,gallons,,R2,
M-1151,"1157 North Frontage, Wiley, CO 81092",Resident 1151,A-20151,2025-05-16,155953,gallons,,R2,
M-1151,"1157 North Frontage, Wiley, CO 81092",Resident 1151,A-20151,2025-06-12,166298,gallons,,R2,
M-1152,"1164 South Loop, Wiley, CO 81092",Resident 1152,A-20152,2025-01-12,144109,gallons,,R3,
M-1152,"1164 South Loop, Wiley, CO 81092",Resident 1152,A-20152,2025-02-13,146429,gallons,,R3,
M-1152,"1164 South Loop, Wiley, CO 81092",Resident 1152,A-20152,2025-03-14,149237,gallons,,R3,
M-1152,"1164 South Loop, Wiley, CO 81092",Resident 1152,A-20152,2025-04-15,152040,gallons,,R3,
M-1152,"1164 South Loop, Wiley, CO 81092",Resident 1152,A-20152,2025-05-16,155329,gallons,,R3,
M-1152,"1164 South Loop, Wiley, CO 81092",Resident 1152,A-20152,2025-06-12,158946,gallons,,R3,
M-1153,"1171 Pioneer Rd, Wiley, CO 81092",Resident 1153,A-20153,2025-01-12,367106,gallons,,R4,
M-1153,"1171 Pioneer Rd, Wiley, CO 81092",Resident 1153,A-20153,2025-02-13,370797,gallons,,R4,
M-1153,"1171 Pioneer Rd, Wiley, CO 81092",Resident 1153,A-20153,2025-03-14,375842,gallons,,R4,
M-1153,"1171 Pioneer Rd, Wiley, CO 81092",Resident 1153,A-20153,2025-04-15,381870,gallons,,R4,
M-1153,"1171 Pioneer Rd, Wiley, CO 81092",Resident 1153,A-20153,2025-05-16,388038,gallons,,R4,
M-1153,"1171 Pioneer Rd, Wiley, CO 81092",Resident 1153,A-20153,2025-06-12,395606,gallons,,R4,
M-1154,"1178 Cottonwood Dr, Wiley, CO 81092",Resident 1154,A-20154,2025-01-12,99977,gallons,,R5,
M-1154,"1178 Cottonwood Dr, Wiley, CO 81092",Resident 1154,A-20154,2025-02-13,103857,gallons,,R5,
M-1154,"1178 Cottonwood Dr, Wiley, CO 81092",Resident 1154,A-20154,2025-03-14,109569,gallons,,R5,
M-1154,"1178 Cottonwood Dr, Wiley, CO 81092",Resident 1154,A-20154,2025-04-15,115642,gallons,,R5,
M-1154,"1178 Cottonwood Dr, Wiley, CO 81092",Resident 1154,A-20154,2025-05-16,122401,gallons,,R5,
M-1154,"1178 Cottonwood Dr, Wiley, CO 81092",Resident 1154,A-20154,2025-06-12,130575,gallons,,R5,
M-1155,"1185 Sand Creek Rd, Wiley, CO 81092",Resident 1155,A-20155,2025-01-12,283996,gallons,,R6,
M-1155,"1185 Sand Creek Rd, Wiley, CO 81092",Resident 1155,A-20155,2025-02-13,288804,gallons,,R6,
M-1155,"1185 Sand Creek Rd, Wiley, CO 81092",Resident 1155,A-20155,2025-03-14,296396,gallons,,R6,
M-1155,"1185 Sand Creek Rd, Wiley, CO 81092",Resident 1155,A-20155,2025-04-15,302884,gallons,,R6,
M-1155,"1185 Sand Creek Rd, Wiley, CO 81092",Resident 1155,A-20155,2025-05-16,311859,gallons,,R6,
M-1155,"1185 Sand Creek Rd, Wiley, CO 81092",Resident 1155,A-20155,2025-06-12,320370,gallons,,R6,
M-1156,"1192 Prairie View, Wiley, CO 81092",Resident 1156,A-20156,2025-01-12,503607,gallons,,R1,
M-1156,"1192 Prairie View, Wiley, CO 81092",Resident 1156,A-20156,2025-02-13,523669,gallons,,R1,
M-1156,"1192 Prairie View, Wiley, CO 81092",Resident 1156,A-20156,2025-03-14,546406,gallons,,R1,
M-1156,"1192 Prairie View, Wiley, CO 81092",Resident 1156,A-20156,2025-04-15,572578,gallons,,R1,
M-1156,"1192 Prairie View, Wiley, CO 81092",Resident 1156,A-20156,2025-05-16,605430,gallons,,R1,
M-1156,"1192 Prairie View, Wiley, CO 81092",Resident 1156,A-20156,2025-06-12,640069,gallons,,R1,
M-1157,"1199 School House Rd, Wiley, CO 81092",Resident 1157,A-20157,2025-01-12,377052,gallons,,R2,
M-1157,"1199 School House Rd, Wiley, CO 81092",Resident 1157,A-20157,2025-02-13,381852,gallons,,R2,
M-1157,"1199 School House Rd, Wiley, CO 81092",Resident 1157,A-20157,2025-03-14,388793,gallons,,R2,
M-1157,"1199 School House Rd, Wiley, CO 81092",Resident 1157,A-20157,2025-04-15,396182,gallons,,R2,
M-1157,"1199 School House Rd, Wiley, CO 81092",Resident 1157,A-20157,2025-05-16,402977,gallons,,R2,
M-1157,"1199 School House Rd, Wiley, CO 81092",Resident 1157,A-20157,2025-06-12,411878,gallons,,R2,
M-1158,"1206 Cemetery Rd, Wiley, CO 81092",Resident 1158,A-20158,2025-01-12,153784,gallons,,R3,
M-1158,"1206 Cemetery Rd, Wiley, CO 81092",Resident 1158,A-20158,2025-02-13,156527,gallons,,R3,
M-1158,"1206 Cemetery Rd, Wiley, CO 81092",Resident 1158,A-20158,2025-03-14,161043,gallons,,R3,
M-1158,"1206 Cemetery Rd, Wiley, CO 81092",Resident 1158,A-20158,2025-04-15,164842,gallons,,R3,
M-1158,"1206 Cemetery Rd, Wiley, CO 81092",Resident 1158,A-20158,2025-05-16,169148,gallons,,R3,
M-1158,"1206 Cemetery Rd, Wiley, CO 81092",Resident 1158,A-20158,2025-06-12,174118,gallons,,R3,
M-1159,"1213 Grain Elevator Rd, Wiley, CO 81092",Resident 1159,A-20159,2025-01-12,312463,gallons,,R4,
M-1159,"1213 Grain Elevator Rd, Wiley, CO 81092",Resident 1159,A-20159,2025-02-13,317684,gallons,,R4,
M-1159,"1213 Grain Elevator Rd, Wiley, CO 81092",Resident 1159,A-20159,2025-03-14,323737,gallons,,R4,
M-1159,"1213 Grain Elevator Rd, Wiley, CO 81092",Resident 1159,A-20159,2025-04-15,330964,gallons,,R4,
M-1159,"1213 Grain Elevator Rd, Wiley, CO 81092",Resident 1159,A-20159,2025-05-16,337841,gallons,,R4,
M-1159,"1213 Grain Elevator Rd, Wiley, CO 81092",Resident 1159,A-20159,2025-06-12,348116,gallons,,R4,
M-1160,"1220 Main St, Wiley, CO 81092",Resident 1160,A-20160,2025-01-12,129639,gallons,,R5,
M-1160,"1220 Main St, Wiley, CO 81092",Resident 1160,A-20160,2025-02-13,131203,gallons,,R5,
M-1160,"1220 Main St, Wiley, CO 81092",Resident 1160,A-20160,2025-03-14,133808,gallons,,R5,
M-1160,"1220 Main St, Wiley, CO 81092",Resident 1160,A-20160,2025-04-15,135921,gallons,,R5,
M-1160,"1220 Main St, Wiley, CO 81092",Resident 1160,A-20160,2025-05-16,138368,gallons,,R5,
M-1160,"1220 Main St, Wiley, CO 81092",Resident 1160,A-20160,2025-06-12,141779,gallons,,R5,
M-1161,"1227 County Rd 10, Wiley, CO 81092",Resident 1161,A-20161,2025-01-12,116000,gallons,,R6,
M-1161,"1227 County Rd 10, Wiley, CO 81092",Resident 1161,A-20161,2025-02-13,121990,gallons,,R6,
M-1161,"1227 County Rd 10, Wiley, CO 81092",Resident 1161,A-20161,2025-03-14,129815,gallons,,R6,
M-1161,"1227 County Rd 10, Wiley, CO 81092",Resident 1161,A-20161,2025-04-15,138711,gallons,,R6,
M-1161,"1227 County Rd 10, Wiley, CO 81092",Resident 1161,A-20161,2025-05-16,148475,gallons,,R6,
M-1161,"1227 County Rd 10, Wiley, CO 81092",Resident 1161,A-20161,2025-06-12,158913,gallons,,R6,
M-1162,"1234 County Rd 14, Wiley, CO 81092",Resident 1162,A-20162,2025-01-12,260021,gallons,,R1,
M-1162,"1234 County Rd 14, Wiley, CO 81092",Resident 1162,A-20162,2025-02-13,265896,gallons,,R1,
M-1162,"1234 County Rd 14, Wiley, CO 81092",Resident 1162,A-20162,2025-03-14,274687,gallons,,R1,
M-1162,"1234 County Rd 14, Wiley, CO 81092",Resident 1162,A-20162,2025-04-15,281983,gallons,,R1,
M-1162,"1234 County Rd 14, Wiley, CO 81092",Resident 1162,A-20162,2025-05-16,292037,gallons,,R1,
M-1162,"1234 County Rd 14, Wiley, CO 81092",Resident 1162,A-20162,2025-06-12,303004,gallons,,R1,
M-1163,"1241 Highway 287, Wiley, CO 81092",Resident 1163,A-20163,2025-01-12,259402,gallons,,R2,
M-1163,"1241 Highway 287, Wiley, CO 81092",Resident 1163,A-20163,2025-02-13,261900,gallons,,R2,
M-1163,"1241 Highway 287, Wiley, CO 81092",Resident 1163,A-20163,2025-03-14,265245,gallons,,R2,
M-1163,"1241 Highway 287, Wiley, CO 81092",Resident 1163,A-20163,2025-04-15,268745,gallons,,R2,
M-1163,"1241 Highway 287, Wiley, CO 81092",Resident 1163,A-20163,2025-05-16,272010,gallons,,R2,
M-1163,"1241 Highway 287, Wiley, CO 81092",Resident 1163,A-20163,2025-06-12,276781,gallons,,R2,
M-1164,"1248 Maple Ave, Wiley, CO 81092",Resident 1164,A-20164,2025-01-12,116938,gallons,,R3,
M-1164,"1248 Maple Ave, Wiley, CO 81092",Resident 1164,A-20164,2025-02-13,122260,gallons,,R3,
M-1164,"1248 Maple Ave, Wiley, CO 81092",Resident 1164,A-20164,2025-03-14,129266,gallons,,R3,
M-1164,"1248 Maple Ave, Wiley, CO 81092",Resident 1164,A-20164,2025-04-15,136089,gallons,,R3,
M-1164,"1248 Maple Ave, Wiley, CO 81092",Resident 1164,A-20164,2025-05-16,145523,gallons,,R3,
M-1164,"1248 Maple Ave, Wiley, CO 81092",Resident 1164,A-20164,2025-06-12,155013,gallons,,R3,
M-1165,"1255 Oak St, Wiley, CO 81092",Resident 1165,A-20165,2025-01-12,273986,gallons,,R4,
M-1165,"1255 Oak St, Wiley, CO 81092",Resident 1165,A-20165,2025-02-13,279309,gallons,,R4,
M-1165,"1255 Oak St, Wiley, CO 81092",Resident 1165,A-20165,2025-03-14,285168,gallons,,R4,
M-1165,"1255 Oak St, Wiley, CO 81092",Resident 1165,A-20165,2025-04-15,292179,gallons,,R4,
M-1165,"1255 Oak St, Wiley, CO 81092",Resident 1165,A-20165,2025-05-16,299392,gallons,,R4,
M-1165,"1255 Oak St, Wiley, CO 81092",Resident 1165,A-20165,2025-06-12,308509,gallons,,R4,
M-1166,"1262 Elm St, Wiley, CO 81092",Resident 1166,A-20166,2025-01-12,209096,gallons,,R5,
M-1166,"1262 Elm St, Wiley, CO 81092",Resident 1166,A-20166,2025-02-13,215939,gallons,,R5,
M-1166,"1262 Elm St, Wiley, CO 81092",Resident 1166,A-20166,2025-03-14,224994,gallons,,R5,
M-1166,"1262 Elm St, Wiley, CO 81092",Resident 1166,A-20166,2025-04-15,233693,gallons,,R5,
M-1166,"1262 Elm St, Wiley, CO 81092",Resident 1166,A-20166,2025-05-16,242113,gallons,,R5,
M-1166,"1262 Elm St, Wiley, CO 81092",Resident 1166,A-20166,2025-06-12,254166,gallons,,R5,
M-1167,"1269 3rd Ave, Wiley, CO 81092",Resident 1167,A-20167,2025-01-12,206202,gallons,,R6,
M-1167,"1269 3rd Ave, Wiley, CO 81092",Resident 1167,A-20167,2025-02-13,209059,gallons,,R6,
M-1167,"1269 3rd Ave, Wiley, CO 81092",Resident 1167,A-20167,2025-03-14,213139,gallons,,R6,
M-1167,"1269 3rd Ave, Wiley, CO 81092",Resident 1167,A-20167,2025-04-15,218032,gallons,,R6,
M-1167,"1269 3rd Ave, Wiley, CO 81092",Resident 1167,A-20167,2025-05-16,222855,gallons,,R6,
M-1167,"1269 3rd Ave, Wiley, CO 81092",Resident 1167,A-20167,2025-06-12,228114,gallons,,R6,
M-1168,"1276 5th St, Wiley, CO 81092",Resident 1168,A-20168,2025-01-12,447355,gallons,,R1,
M-1168,"1276 5th St, Wiley, CO 81092",Resident 1168,A-20168,2025-02-13,452965,gallons,,R1,
M-1168,"1276 5th St, Wiley, CO 81092",Resident 1168,A-20168,2025-03-14,462445,gallons,,R1,
M-1168,"1276 5th St, Wiley, CO 81092",Resident 1168,A-20168,2025-04-15,470804,gallons,,R1,
M-1168,"1276 5th St, Wiley, CO 81092",Resident 1168,A-20168,2025-05-16,481290,gallons,,R1,
M-1168,"1276 5th St, Wiley, CO 81092",Resident 1168,A-20168,2025-06-12,492372,gallons,,R1,
M-1169,"1283 Ranch Rd, Wiley, CO 81092",Resident 1169,A-20169,2025-01-12,146918,gallons,,R2,
M-1169,"1283 Ranch Rd, Wiley, CO 81092",Resident 1169,A-20169,2025-02-13,153129,gallons,,R2,
M-1169,"1283 Ranch Rd, Wiley, CO 81092",Resident 1169,A-20169,2025-03-14,161185,gallons,,R2,
M-1169,"1283 Ranch Rd, Wiley, CO 81092",Resident 1169,A-20169,2025-04-15,168110,gallons,,R2,
M-1169,"1283 Ranch Rd, Wiley, CO 81092",Resident 1169,A-20169,2025-05-16,176181,gallons,,R2,
M-1169,"1283 Ranch Rd, Wiley, CO 81092",Resident 1169,A-20169,2025-06-12,186541,gallons,,R2,
M-1170,"1290 Irrigation Ln, Wiley, CO 81092",Resident 1170,A-20170,2025-01-12,264973,gallons,,R3,
M-1170,"1290 Irrigation Ln, Wiley, CO 81092",Resident 1170,A-20170,2025-02-13,268361,gallons,,R3,
M-1170,"1290 Irrigation Ln, Wiley, CO 81092",Resident 1170,A-20170,2025-03-14,272643,gallons,,R3,
M-1170,"1290 Irrigation Ln, Wiley, CO 81092",Resident 1170,A-20170,2025-06-12,280146,gallons,,R3,
M-1171,"1297 North Frontage, Wiley, CO 81092",Resident 1171,A-20171,2025-01-12,361174,gallons,,R4,
M-1171,"1297 North Frontage, Wiley, CO 81092",Resident 1171,A-20171,2025-02-13,363386,gallons,,R4,
M-1171,"1297 North Frontage, Wiley, CO 81092",Resident 1171,A-20171,2025-03-14,366785,gallons,,R4,
M-1171,"1297 North Frontage, Wiley, CO 81092",Resident 1171,A-20171,2025-04-15,369664,gallons,,R4,
M-1171,"1297 North Frontage, Wiley, CO 81092",Resident 1171,A-20171,2025-05-16,373553,gallons,,R4,
M-1171,"1297 North Frontage, Wiley, CO 81092",Resident 1171,A-20171,2025-06-12,377760,gallons,,R4,
M-1172,"1304 South Loop, Wiley, CO 81092",Resident 1172,A-20172,2025-01-12,287911,gallons,,R5,
M-1172,"1304 South Loop, Wiley, CO 81092",Resident 1172,A-20172,2025-02-13,291320,gallons,,R5,
M-1172,"1304 South Loop, Wiley, CO 81092",Resident 1172,A-20172,2025-03-14,295609,gallons,,R5,
M-1172,"1304 South Loop, Wiley, CO 81092",Resident 1172,A-20172,2025-04-15,299616,gallons,,R5,
M-1172,"1304 South Loop, Wiley, CO 81092",Resident 1172,A-20172,2025-05-16,304642,gallons,,R5,
M-1172,"1304 South Loop, Wiley, CO 81092",Resident 1172,A-20172,2025-06-12,310642,gallons,,R5,
M-1173,"1311 Pioneer Rd, Wiley, CO 81092",Resident 1173,A-20173,2025-01-12,410855,gallons,,R6,
M-1173,"1311 Pioneer Rd, Wiley, CO 81092",Resident 1173,A-20173,2025-02-13,414867,gallons,,R6,
M-1173,"1311 Pioneer Rd, Wiley, CO 81092",Resident 1173,A-20173,2025-03-14,419874,gallons,,R6,
M-1173,"1311 Pioneer Rd, Wiley, CO 81092",Resident 1173,A-20173,2025-04-15,425214,gallons,,R6,
M-1173,"1311 Pioneer Rd, Wiley, CO 81092",Resident 1173,A-20173,2025-05-16,431363,gallons,,R6,
M-1173,"1311 Pioneer Rd, Wiley, CO 81092",Resident 1173,A-20173,2025-06-12,440259,gallons,,R6,
M-1174,"1318 Cottonwood Dr, Wiley, CO 81092",Resident 1174,A-20174,2025-01-12,150511,gallons,,R1,
M-1174,"1318 Cottonwood Dr, Wiley, CO 81092",Resident 1174,A-20174,2025-02-13,153417,gallons,,R1,
M-1174,"1318 Cottonwood Dr, Wiley, CO 81092",Resident 1174,A-20174,2025-03-14,157134,gallons,,R1,
M-1174,"1318 Cottonwood Dr, Wiley, CO 81092",Resident 1174,A-20174,2025-04-15,160218,gallons,,R1,
M-1174,"1318 Cottonwood Dr, Wiley, CO 81092",Resident 1174,A-20174,2025-05-16,163988,gallons,,R1,
M-1174,"1318 Cottonwood Dr, Wiley, CO 81092",Resident 1174,A-20174,2025-06-12,169294,gallons,,R1,
M-1175,"1325 Sand Creek Rd, Wiley, CO 81092",Resident 1175,A-20175,2025-01-12,207153,gallons,,R2,
M-1175,"1325 Sand Creek Rd, Wiley, CO 81092",Resident 1175,A-20175,2025-02-13,211626,gallons,,R2,
M-1175,"1325 Sand Creek Rd, Wiley, CO 81092",Resident 1175,A-20175,2025-03-14,217678,gallons,,R2,
M-1175,"1325 Sand Creek Rd, Wiley, CO 81092",Resident 1175,A-20175,2025-04-15,222708,gallons,,R2,
M-1175,"1325 Sand Creek Rd, Wiley, CO 81092",Resident 1175,A-20175,2025-05-16,230228,gallons,,R2,
M-1175,"1325 Sand Creek Rd, Wiley, CO 81092",Resident 1175,A-20175,2025-06-12,238843,gallons,,R2,
M-1176,"1332 Prairie View, Wiley, CO 81092",Resident 1176,A-20176,2025-01-12,148307,gallons,,R3,
M-1176,"1332 Prairie View, Wiley, CO 81092",Resident 1176,A-20176,2025-02-13,150046,gallons,,R3,
M-1176,"1332 Prairie View, Wiley, CO 81092",Resident 1176,A-20176,2025-03-14,151989,gallons,,R3,
M-1176,"1332 Prairie View, Wiley, CO 81092",Resident 1176,A-20176,2025-04-15,154138,gallons,,R3,
M-1176,"1332 Prairie View, Wiley, CO 81092",Resident 1176,A-20176,2025-05-16,156675,gallons,,R3,
M-1176,"1332 Prairie View, Wiley, CO 81092",Resident 1176,A-20176,2025-06-12,159475,gallons,,R3,
M-1177,"1339 School House Rd, Wiley, CO 81092",Resident 1177,A-20177,2025-01-12,188320,gallons,,R4,
M-1177,"1339 School House Rd, Wiley, CO 81092",Resident 1177,A-20177,2025-02-13,194583,gallons,,R4,
M-1177,"1339 School House Rd, Wiley, CO 81092",Resident 1177,A-20177,2025-03-14,202588,gallons,,R4,
M-1177,"1339 School House Rd, Wiley, CO 81092",Resident 1177,A-20177,2025-04-15,211269,gallons,,R4,
M-1177,"1339 School House Rd, Wiley, CO 81092",Resident 1177,A-20177,2025-05-16,221627,gallons,,R4,
M-1177,"1339 School House Rd, Wiley, CO 81092",Resident 1177,A-20177,2025-06-12,234105,gallons,,R4,
M-1178,"1346 Cemetery Rd, Wiley, CO 81092",Resident 1178,A-20178,2025-01-12,315054,gallons,,R5,
M-1178,"1346 Cemetery Rd, Wiley, CO 81092",Resident 1178,A-20178,2025-02-13,321327,gallons,,R5,
M-1178,"1346 Cemetery Rd, Wiley, CO 81092",Resident 1178,A-20178,2025-03-14,329082,gallons,,R5,
M-1178,"1346 Cemetery Rd, Wiley, CO 81092",Resident 1178,A-20178,2025-04-15,338316,gallons,,R5,
M-1178,"1346 Cemetery Rd, Wiley, CO 81092",Resident 1178,A-20178,2025-05-16,347858,gallons,,R5,
M-1178,"1346 Cemetery Rd, Wiley, CO 81092",Resident 1178,A-20178,2025-06-12,360328,gallons,,R5,
M-1179,"1353 Grain Elevator Rd, Wiley, CO 81092",Resident 1179,A-20179,2025-01-12,87902,gallons,,R6,
M-1179,"1353 Grain Elevator Rd, Wiley, CO 81092",Resident 1179,A-20179,2025-02-13,91255,gallons,,R6,
M-1179,"1353 Grain Elevator Rd, Wiley, CO 81092",Resident 1179,A-20179,2025-03-14,95611,gallons,,R6,
M-1179,"1353 Grain Elevator Rd, Wiley, CO 81092",Resident 1179,A-20179,2025-04-15,100470,gallons,,R6,
M-1179,"1353 Grain Elevator Rd, Wiley, CO 81092",Resident 1179,A-20179,2025-05-16,106148,gallons,,R6,
M-1179,"1353 Grain Elevator Rd, Wiley, CO 81092",Resident 1179,A-20179,2025-06-12,111946,gallons,,R6,
M-1180,"1360 Main St, Wiley, CO 81092",Resident 1180,A-20180,2025-01-12,180374,gallons,,R1,
M-1180,"1360 Main St, Wiley, CO 81092",Resident 1180,A-20180,2025-02-13,184883,gallons,,R1,
M-1180,"1360 Main St, Wiley, CO 81092",Resident 1180,A-20180,2025-03-14,191309,gallons,,R1,
M-1180,"1360 Main St, Wiley, CO 81092",Resident 1180,A-20180,2025-04-15,197595,gallons,,R1,
M-1180,"1360 Main St, Wiley, CO 81092",Resident 1180,A-20180,2025-05-16,203908,gallons,,R1,
M-1180,"1360 Main St, Wiley, CO 81092",Resident 1180,A-20180,2025-06-12,211477,gallons,,R1,
M-1181,"1367 County Rd 10, Wiley, CO 81092",Resident 1181,A-20181,2025-01-12,271519,gallons,,R2,
M-1181,"1367 County Rd 10, Wiley, CO 81092",Resident 1181,A-20181,2025-02-13,278505,gallons,,R2,
M-1181,"1367 County Rd 10, Wiley, CO 81092",Resident 1181,A-20181,2025-03-14,286610,gallons,,R2,
M-1181,"1367 County Rd 10, Wiley, CO 81092",Resident 1181,A-20181,2025-04-15,294743,gallons,,R2,
M-1181,"1367 County Rd 10, Wiley, CO 81092",Resident 1181,A-20181,2025-05-16,305584,gallons,,R2,
M-1181,"1367 County Rd 10, Wiley, CO 81092",Resident 1181,A-20181,2025-06-12,316681,gallons,,R2,
M-1182,"1374 County Rd 14, Wiley, CO 81092",Resident 1182,A-20182,2025-01-12,287953,gallons,,R3,
M-1182,"1374 County Rd 14, Wiley, CO 81092",Resident 1182,A-20182,2025-02-13,290796,gallons,,R3,
M-1182,"1374 County Rd 14, Wiley, CO 81092",Resident 1182,A-20182,2025-03-14,294189,gallons,,R3,
M-1182,"1374 County Rd 14, Wiley, CO 81092",Resident 1182,A-20182,2025-04-15,297902,gallons,,R3,
M-1182,"1374 County Rd 14, Wiley, CO 81092",Resident 1182,A-20182,2025-05-16,302115,gallons,,R3,
M-1182,"1374 County Rd 14, Wiley, CO 81092",Resident 1182,A-20182,2025-06-12,307356,gallons,,R3,
M-1183,"1381 Highway 287, Wiley, CO 81092",Resident 1183,A-20183,2025-01-12,217699,gallons,,R4,
M-1183,"1381 Highway 287, Wiley, CO 81092",Resident 1183,A-20183,2025-02-13,222916,gallons,,R4,
M-1183,"1381 Highway 287, Wiley, CO 81092",Resident 1183,A-20183,2025-03-14,228516,gallons,,R4,
M-1183,"1381 Highway 287, Wiley, CO 81092",Resident 1183,A-20183,2025-04-15,234113,gallons,,R4,
M-1183,"1381 Highway 287, Wiley, CO 81092",Resident 1183,A-20183,2025-05-16,242230,gallons,,R4,
M-1183,"1381 Highway 287, Wiley, CO 81092",Resident 1183,A-20183,2025-06-12,251452,gallons,,R4,
M-1184,"1388 Maple Ave, Wiley, CO 81092",Resident 1184,A-20184,2025-01-12,207865,gallons,,R5,
M-1184,"1388 Maple Ave, Wiley, CO 81092",Resident 1184,A-20184,2025-02-13,210310,gallons,,R5,
M-1184,"1388 Maple Ave, Wiley, CO 81092",Resident 1184,A-20184,2025-03-14,213449,gallons,,R5,
M-1184,"1388 Maple Ave, Wiley, CO 81092",Resident 1184,A-20184,2025-04-15,216501,gallons,,R5,
M-1184,"1388 Maple Ave, Wiley, CO 81092",Resident 1184,A-20184,2025-05-16,219907,gallons,,R5,
M-1184,"1388 Maple Ave, Wiley, CO 81092",Resident 1184,A-20184,2025-06-12,223802,gallons,,R5,
M-1185,"1395 Oak St, Wiley, CO 81092",Resident 1185,A-20185,2025-01-12,174879,gallons,,R6,
M-1185,"1395 Oak St, Wiley, CO 81092",Resident 1185,A-20185,2025-02-13,180036,gallons,,R6,
M-1185,"1395 Oak St, Wiley, CO 81092",Resident 1185,A-20185,2025-03-14,187847,gallons,,R6,
M-1185,"1395 Oak St, Wiley, CO 81092",Resident 1185,A-20185,2025-04-15,195968,gallons,,R6,
M-1185,"1395 Oak St, Wiley, CO 81092",Resident 1185,A-20185,2025-05-16,203878,gallons,,R6,
M-1185,"1395 Oak St, Wiley, CO 81092",Resident 1185,A-20185,2025-06-12,214360,gallons,,R6,
M-1186,"1402 Elm St, Wiley, CO 81092",Resident 1186,A-20186,2025-01-12,133680,gallons,,R1,
M-1186,"1402 Elm St, Wiley, CO 81092",Resident 1186,A-20186,2025-02-13,137282,gallons,,R1,
M-1186,"1402 Elm St, Wiley, CO 81092",Resident 1186,A-20186,2025-03-14,141547,gallons,,R1,
M-1186,"1402 Elm St, Wiley, CO 81092",Resident 1186,A-20186,2025-04-15,146401,gallons,,R1,
M-1186,"1402 Elm St, Wiley, CO 81092",Resident 1186,A-20186,2025-05-16,151027,gallons,,R1,
M-1186,"1402 Elm St, Wiley, CO 81092",Resident 1186,A-20186,2025-06-12,157974,gallons,,R1,
M-1187,"1409 3rd Ave, Wiley, CO 81092",Resident 1187,A-20187,2025-01-12,294482,gallons,,R2,
M-1187,"1409 3rd Ave, Wiley, CO 81092",Resident 1187,A-20187,2025-02-13,299362,gallons,,R2,
M-1187,"1409 3rd Ave, Wiley, CO 81092",Resident 1187,A-20187,2025-03-14,306815,gallons,,R2,
M-1187,"1409 3rd Ave, Wiley, CO 81092",Resident 1187,A-20187,2025-04-15,314666,gallons,,R2,
M-1187,"1409 3rd Ave, Wiley, CO 81092",Resident 1187,A-20187,2025-05-16,324123,gallons,,R2,
M-1187,"1409 3rd Ave, Wiley, CO 81092",Resident 1187,A-20187,2025-06-12,334796,gallons,,R2,
M-1188,"1416 5th St, Wiley, CO 81092",Resident 1188,A-20188,2025-01-12,106417,gallons,,R3,
M-1188,"1416 5th St, Wiley, CO 81092",Resident 1188,A-20188,2025-02-13,110661,gallons,,R3,
M-1188,"1416 5th St, Wiley, CO 81092",Resident 1188,A-20188,2025-03-14,116149,gallons,,R3,
M-1188,"1416 5th St, Wiley, CO 81092",Resident 1188,A-20188,2025-04-15,121863,gallons,,R3,
M-1188,"1416 5th St, Wiley, CO 81092",Resident 1188,A-20188,2025-05-16,128379,gallons,,R3,
M-1188,"1416 5th St, Wiley, CO 81092",Resident 1188,A-20188,2025-06-12,138083,gallons,,R3,
M-1189,"1423 Ranch Rd, Wiley, CO 81092",Resident 1189,A-20189,2025-01-12,338203,gallons,,R4,
M-1189,"1423 Ranch Rd, Wiley, CO 81092",Resident 1189,A-20189,2025-02-13,342975,gallons,,R4,
M-1189,"1423 Ranch Rd, Wiley, CO 81092",Resident 1189,A-20189,2025-03-14,350945,gallons,,R4,
M-1189,"1423 Ranch Rd, Wiley, CO 81092",Resident 1189,A-20189,2025-04-15,357213,gallons,,R4,
M-1189,"1423 Ranch Rd, Wiley, CO 81092",Resident 1189,A-20189,2025-05-16,364735,gallons,,R4,
M-1189,"1423 Ranch Rd, Wiley, CO 81092",Resident 1189,A-20189,2025-06-12,374824,gallons,,R4,
M-1190,"1430 Irrigation Ln, Wiley, CO 81092",Resident 1190,A-20190,2025-01-12,189260,gallons,,R5,
M-1190,"1430 Irrigation Ln, Wiley, CO 81092",Resident 1190,A-20190,2025-02-13,191964,gallons,,R5,
M-1190,"1430 Irrigation Ln, Wiley, CO 81092",Resident 1190,A-20190,2025-03-14,195499,gallons,,R5,
M-1190,"1430 Irrigation Ln, Wiley, CO 81092",Resident 1190,A-20190,2025-04-15,199725,gallons,,R5,
M-1190,"1430 Irrigation Ln, Wiley, CO 81092",Resident 1190,A-20190,2025-05-16,204008,gallons,,R5,
M-1190,"1430 Irrigation Ln, Wiley, CO 81092",Resident 1190,A-20190,2025-06-12,208713,gallons,,R5,
M-1191,"1437 North Frontage, Wiley, CO 81092",Resident 1191,A-20191,2025-01-12,172897,gallons,,R6,
M-1191,"1437 North Frontage, Wiley, CO 81092",Resident 1191,A-20191,2025-02-13,175239,gallons,,R6,
M-1191,"1437 North Frontage, Wiley, CO 81092",Resident 1191,A-20191,2025-03-14,178661,gallons,,R6,
M-1191,"1437 North Frontage, Wiley, CO 81092",Resident 1191,A-20191,2025-04-15,181900,gallons,,R6,
M-1191,"1437 North Frontage, Wiley, CO 81092",Resident 1191,A-20191,2025-05-16,185952,gallons,,R6,
M-1191,"1437 North Frontage, Wiley, CO 81092",Resident 1191,A-20191,2025-06-12,190785,gallons,,R6,
M-1192,"1444 South Loop, Wiley, CO 81092",Resident 1192,A-20192,2025-01-12,321981,gallons,,R1,
M-1192,"1444 South Loop, Wiley, CO 81092",Resident 1192,A-20192,2025-02-13,326157,gallons,,R1,
M-1192,"1444 South Loop, Wiley, CO 81092",Resident 1192,A-20192,2025-03-14,331235,gallons,,R1,
M-1192,"1444 South Loop, Wiley, CO 81092",Resident 1192,A-20192,2025-04-15,336211,gallons,,R1,
M-1192,"1444 South Loop, Wiley, CO 81092",Resident 1192,A-20192,2025-05-16,343001,gallons,,R1,
M-1192,"1444 South Loop, Wiley, CO 81092",Resident 1192,A-20192,2025-06-12,349659,gallons,,R1,
M-1193,"1451 Pioneer Rd, Wiley, CO 81092",Resident 1193,A-20193,2025-01-12,280993,gallons,,R2,
M-1193,"1451 Pioneer Rd, Wiley, CO 81092",Resident 1193,A-20193,2025-02-13,287348,gallons,,R2,
M-1193,"1451 Pioneer Rd, Wiley, CO 81092",Resident 1193,A-20193,2025-03-14,294907,gallons,,R2,
M-1193,"1451 Pioneer Rd, Wiley, CO 81092",Resident 1193,A-20193,2025-04-15,304497,gallons,,R2,
M-1193,"1451 Pioneer Rd, Wiley, CO 81092",Resident 1193,A-20193,2025-05-16,314086,gallons,,R2,
M-1193,"1451 Pioneer Rd, Wiley, CO 81092",Resident 1193,A-20193,2025-06-12,324958,gallons,,R2,
M-1194,"1458 Cottonwood Dr, Wiley, CO 81092",Resident 1194,A-20194,2025-01-12,231079,gallons,,R3,
M-1194,"1458 Cottonwood Dr, Wiley, CO 81092",Resident 1194,A-20194,2025-02-13,233656,gallons,,R3,
M-1194,"1458 Cottonwood Dr, Wiley, CO 81092",Resident 1194,A-20194,2025-03-14,237634,gallons,,R3,
M-1194,"1458 Cottonwood Dr, Wiley, CO 81092",Resident 1194,A-20194,2025-04-15,240706,gallons,,R3,
M-1194,"1458 Cottonwood Dr, Wiley, CO 81092",Resident 1194,A-20194,2025-05-16,244534,gallons,,R3,
M-1194,"1458 Cottonwood Dr, Wiley, CO 81092",Resident 1194,A-20194,2025-06-12,249535,gallons,,R3,
M-1195,"1465 Sand Creek Rd, Wiley, CO 81092",Resident 1195,A-20195,2025-01-12,208010,gallons,,R4,
M-1195,"1465 Sand Creek Rd, Wiley, CO 81092",Resident 1195,A-20195,2025-02-13,212434,gallons,,R4,
M-1195,"1465 Sand Creek Rd, Wiley, CO 81092",Resident 1195,A-20195,2025-03-14,219761,gallons,,R4,
M-1195,"1465 Sand Creek Rd, Wiley, CO 81092",Resident 1195,A-20195,2025-04-15,225724,gallons,,R4,
M-1195,"1465 Sand Creek Rd, Wiley, CO 81092",Resident 1195,A-20195,2025-05-16,233827,gallons,,R4,
M-1195,"1465 Sand Creek Rd, Wiley, CO 81092",Resident 1195,A-20195,2025-06-12,244051,gallons,,R4,
M-1196,"1472 Prairie View, Wiley, CO 81092",Resident 1196,A-20196,2025-01-12,205445,gallons,,R5,
M-1196,"1472 Prairie View, Wiley, CO 81092",Resident 1196,A-20196,2025-02-13,210181,gallons,,R5,
M-1196,"1472 Prairie View, Wiley, CO 81092",Resident 1196,A-20196,2025-03-14,216828,gallons,,R5,
M-1196,"1472 Prairie View, Wiley, CO 81092",Resident 1196,A-20196,2025-04-15,223127,gallons,,R5,
M-1196,"1472 Prairie View, Wiley, CO 81092",Resident 1196,A-20196,2025-05-16,231282,gallons,,R5,
M-1196,"1472 Prairie View, Wiley, CO 81092",Resident 1196,A-20196,2025-06-12,240514,gallons,,R5,
M-1197,"1479 School House Rd, Wiley, CO 81092",Resident 1197,A-20197,2025-01-12,75061,gallons,,R6,
M-1197,"1479 School House Rd, Wiley, CO 81092",Resident 1197,A-20197,2025-02-13,76558,gallons,,R6,
M-1197,"1479 School House Rd, Wiley, CO 81092",Resident 1197,A-20197,2025-03-14,79035,gallons,,R6,
M-1197,"1479 School House Rd, Wiley, CO 81092",Resident 1197,A-20197,2025-04-15,81392,gallons,,R6,
M-1197,"1479 School House Rd, Wiley, CO 81092",Resident 1197,A-20197,2025-05-16,83917,gallons,,R6,
M-1197,"1479 School House Rd, Wiley, CO 81092",Resident 1197,A-20197,2025-06-12,87301,gallons,,R6,
M-1198,"1486 Cemetery Rd, Wiley, CO 81092",Resident 1198,A-20198,2025-01-12,438357,gallons,,R1,
M-1198,"1486 Cemetery Rd, Wiley, CO 81092",Resident 1198,A-20198,2025-02-13,443903,gallons,,R1,
M-1198,"1486 Cemetery Rd, Wiley, CO 81092",Resident 1198,A-20198,2025-03-14,451522,gallons,,R1,
M-1198,"1486 Cemetery Rd, Wiley, CO 81092",Resident 1198,A-20198,2025-04-15,458728,gallons,,R1,
M-1198,"1486 Cemetery Rd, Wiley, CO 81092",Resident 1198,A-20198,2025-05-16,467221,gallons,,R1,
M-1198,"1486 Cemetery Rd, Wiley, CO 81092",Resident 1198,A-20198,2025-06-12,476825,gallons,,R1,
M-1199,"1493 Grain Elevator Rd, Wiley, CO 81092",Resident 1199,A-20199,2025-01-12,180407,gallons,,R2,
M-1199,"1493 Grain Elevator Rd, Wiley, CO 81092",Resident 1199,A-20199,2025-02-13,184259,gallons,,R2,
M-1199,"1493 Grain Elevator Rd, Wiley, CO 81092",Resident 1199,A-20199,2025-03-14,188996,gallons,,R2,
M-1199,"1493 Grain Elevator Rd, Wiley, CO 81092",Resident 1199,A-20199,2025-04-15,194430,gallons,,R2,
M-1199,"1493 Grain Elevator Rd, Wiley, CO 81092",Resident 1199,A-20199,2025-05-16,199471,gallons,,R2,
M-1199,"1493 Grain Elevator Rd, Wiley, CO 81092",Resident 1199,A-20199,2025-06-12,206407,gallons,,R2,
M-1200,"1500 Main St, Wiley, CO 81092",Resident 1200,A-20200,2025-01-12,294319,gallons,,R3,
M-1200,"1500 Main St, Wiley, CO 81092",Resident 1200,A-20200,2025-02-13,299173,gallons,,R3,
M-1200,"1500 Main St, Wiley, CO 81092",Resident 1200,A-20200,2025-03-14,305043,gallons,,R3,
M-1200,"1500 Main St, Wiley, CO 81092",Resident 1200,A-20200,2025-04-15,310487,gallons,,R3,
M-1200,"1500 Main St, Wiley, CO 81092",Resident 1200,A-20200,2025-05-16,317907,gallons,,R3,
M-1200,"1500 Main St, Wiley, CO 81092",Resident 1200,A-20200,2025-06-12,325833,gallons,,R3,
M-1201,"1507 County Rd 10, Wiley, CO 81092",Resident 1201,A-20201,2025-01-12,235906,gallons,,R4,
M-1201,"1507 County Rd 10, Wiley, CO 81092",Resident 1201,A-20201,2025-02-13,237940,gallons,,R4,
M-1201,"1507 County Rd 10, Wiley, CO 81092",Resident 1201,A-20201,2025-03-14,240239,gallons,,R4,
M-1201,"1507 County Rd 10, Wiley, CO 81092",Resident 1201,A-20201,2025-04-15,242664,gallons,,R4,
M-1201,"1507 County Rd 10, Wiley, CO 81092",Resident 1201,A-20201,2025-05-16,244973,gallons,,R4,
M-1201,"1507 County Rd 10, Wiley, CO 81092",Resident 1201,A-20201,2025-06-12,247790,gallons,,R4,
M-1202,"1514 County Rd 14, Wiley, CO 81092",Resident 1202,A-20202,2025-01-12,213456,gallons,,R5,
M-1202,"1514 County Rd 14, Wiley, CO 81092",Resident 1202,A-20202,2025-02-13,215831,gallons,,R5,
M-1202,"1514 County Rd 14, Wiley, CO 81092",Resident 1202,A-20202,2025-03-14,219152,gallons,,R5,
M-1202,"1514 County Rd 14, Wiley, CO 81092",Resident 1202,A-20202,2025-04-15,222374,gallons,,R5,
M-1202,"1514 County Rd 14, Wiley, CO 81092",Resident 1202,A-20202,2025-05-16,225713,gallons,,R5,
M-1202,"1514 County Rd 14, Wiley, CO 81092",Resident 1202,A-20202,2025-06-12,229733,gallons,,R5,
M-1203,"1521 Highway 287, Wiley, CO 81092",Resident 1203,A-20203,2025-01-12,115281,gallons,,R6,
M-1203,"1521 Highway 287, Wiley, CO 81092",Resident 1203,A-20203,2025-02-13,119148,gallons,,R6,
M-1203,"1521 Highway 287, Wiley, CO 81092",Resident 1203,A-20203,2025-03-14,123966,gallons,,R6,
M-1203,"1521 Highway 287, Wiley, CO 81092",Resident 1203,A-20203,2025-04-15,129112,gallons,,R6,
M-1203,"1521 Highway 287, Wiley, CO 81092",Resident 1203,A-20203,2025-05-16,135527,gallons,,R6,
M-1203,"1521 Highway 287, Wiley, CO 81092",Resident 1203,A-20203,2025-06-12,142469,gallons,,R6,
M-1204,"1528 Maple Ave, Wiley, CO 81092",Resident 1204,A-20204,2025-01-12,223348,gallons,,R1,
M-1204,"1528 Maple Ave, Wiley, CO 81092",Resident 1204,A-20204,2025-02-13,226505,gallons,,R1,
M-1204,"1528 Maple Ave, Wiley, CO 81092",Resident 1204,A-20204,2025-03-14,230626,gallons,,R1,
M-1204,"1528 Maple Ave, Wiley, CO 81092",Resident 1204,A-20204,2025-04-15,234681,gallons,,R1,
M-1204,"1528 Maple Ave, Wiley, CO 81092",Resident 1204,A-20204,2025-05-16,239568,gallons,,R1,
M-1204,"1528 Maple Ave, Wiley, CO 81092",Resident 1204,A-20204,2025-06-12,246073,gallons,,R1,
M-1205,"1535 Oak St, Wiley, CO 81092",Resident 1205,A-20205,2025-01-12,257857,gallons,,R2,
M-1205,"1535 Oak St, Wiley, CO 81092",Resident 1205,A-20205,2025-02-13,260804,gallons,,R2,
M-1205,"1535 Oak St, Wiley, CO 81092",Resident 1205,A-20205,2025-03-14,264806,gallons,,R2,
M-1205,"1535 Oak St, Wiley, CO 81092",Resident 1205,A-20205,2025-04-15,269519,gallons,,R2,
M-1205,"1535 Oak St, Wiley, CO 81092",Resident 1205,A-20205,2025-05-16,274683,gallons,,R2,
M-1205,"1535 Oak St, Wiley, CO 81092",Resident 1205,A-20205,2025-06-12,280582,gallons,,R2,
M-1206,"1542 Elm St, Wiley, CO 81092",Resident 1206,A-20206,2025-01-12,401675,gallons,,R3,
M-1206,"1542 Elm St, Wiley, CO 81092",Resident 1206,A-20206,2025-02-13,403651,gallons,,R3,
M-1206,"1542 Elm St, Wiley, CO 81092",Resident 1206,A-20206,2025-03-14,406326,gallons,,R3,
M-1206,"1542 Elm St, Wiley, CO 81092",Resident 1206,A-20206,2025-04-15,408731,gallons,,R3,
M-1206,"1542 Elm St, Wiley, CO 81092",Resident 1206,A-20206,2025-05-16,411796,gallons,,R3,
M-1206,"1542 Elm St, Wiley, CO 81092",Resident 1206,A-20206,2025-06-12,415316,gallons,,R3,
M-1207,"1549 3rd Ave, Wiley, CO 81092",Resident 1207,A-20207,2025-01-12,341750,gallons,,R4,
M-1207,"1549 3rd Ave, Wiley, CO 81092",Resident 1207,A-20207,2025-02-13,344460,gallons,,R4,
M-1207,"1549 3rd Ave, Wiley, CO 81092",Resident 1207,A-20207,2025-03-14,349136,gallons,,R4,
M-1207,"1549 3rd Ave, Wiley, CO 81092",Resident 1207,A-20207,2025-04-15,353796,gallons,,R4,
M-1207,"1549 3rd Ave, Wiley, CO 81092",Resident 1207,A-20207,2025-05-16,358974,gallons,,R4,
M-1207,"1549 3rd Ave, Wiley, CO 81092",Resident 1207,A-20207,2025-06-12,365026,gallons,,R4,
M-1208,"1556 5th St, Wiley, CO 81092",Resident 1208,A-20208,2025-01-12,299506,gallons,,R5,
M-1208,"1556 5th St, Wiley, CO 81092",Resident 1208,A-20208,2025-02-13,304424,gallons,,R5,
M-1208,"1556 5th St, Wiley, CO 81092",Resident 1208,A-20208,2025-03-14,310612,gallons,,R5,
M-1208,"1556 5th St, Wiley, CO 81092",Resident 1208,A-20208,2025-04-15,316754,gallons,,R5,
M-1208,"1556 5th St, Wiley, CO 81092",Resident 1208,A-20208,2025-05-16,323654,gallons,,R5,
M-1208,"1556 5th St, Wiley, CO 81092",Resident 1208,A-20208,2025-06-12,333844,gallons,,R5,
M-1209,"1563 Ranch Rd, Wiley, CO 81092",Resident 1209,A-20209,2025-01-12,347066,gallons,,R6,
M-1209,"1563 Ranch Rd, Wiley, CO 81092",Resident 1209,A-20209,2025-02-13,348885,gallons,,R6,
M-1209,"1563 Ranch Rd, Wiley, CO 81092",Resident 1209,A-20209,2025-03-14,351989,gallons,,R6,
M-1209,"1563 Ranch Rd, Wiley, CO 81092",Resident 1209,A-20209,2025-04-15,354493,gallons,,R6,
M-1209,"1563 Ranch Rd, Wiley, CO 81092",Resident 1209,A-20209,2025-05-16,357877,gallons,,R6,
M-1209,"1563 Ranch Rd, Wiley, CO 81092",Resident 1209,A-20209,2025-06-12,361471,gallons,,R6,
M-1210,"1570 Irrigation Ln, Wiley, CO 81092",Resident 1210,A-20210,2025-01-12,240105,gallons,,R1,
M-1210,"1570 Irrigation Ln, Wiley, CO 81092",Resident 1210,A-20210,2025-02-13,242043,gallons,,R1,
M-1210,"1570 Irrigation Ln, Wiley, CO 81092",Resident 1210,A-20210,2025-03-14,245362,gallons,,R1,
M-1210,"1570 Irrigation Ln, Wiley, CO 81092",Resident 1210,A-20210,2025-04-15,248006,gallons,,R1,
M-1210,"1570 Irrigation Ln, Wiley, CO 81092",Resident 1210,A-20210,2025-05-16,251475,gallons,,R1,
M-1210,"1570 Irrigation Ln, Wiley, CO 81092",Resident 1210,A-20210,2025-06-12,255799,gallons,,R1,
M-1211,"1577 North Frontage, Wiley, CO 81092",Resident 1211,A-20211,2025-01-12,113064,gallons,,R2,
M-1211,"1577 North Frontage, Wiley, CO 81092",Resident 1211,A-20211,2025-02-13,119791,gallons,,R2,
M-1211,"1577 North Frontage, Wiley, CO 81092",Resident 1211,A-20211,2025-03-14,129102,gallons,,R2,
M-1211,"1577 North Frontage, Wiley, CO 81092",Resident 1211,A-20211,2025-04-15,136534,gallons,,R2,
M-1211,"1577 North Frontage, Wiley, CO 81092",Resident 1211,A-20211,2025-05-16,145685,gallons,,R2,
M-1211,"1577 North Frontage, Wiley, CO 81092",Resident 1211,A-20211,2025-06-12,157771,gallons,,R2,
M-1212,"1584 South Loop, Wiley, CO 81092",Resident 1212,A-20212,2025-01-12,148293,gallons,,R3,
M-1212,"1584 South Loop, Wiley, CO 81092",Resident 1212,A-20212,2025-02-13,153573,gallons,,R3,
M-1212,"1584 South Loop, Wiley, CO 81092",Resident 1212,A-20212,2025-03-14,158954,gallons,,R3,
M-1212,"1584 South Loop, Wiley, CO 81092",Resident 1212,A-20212,2025-04-15,165500,gallons,,R3,
M-1212,"1584 South Loop, Wiley, CO 81092",Resident 1212,A-20212,2025-05-16,173600,gallons,,R3,
M-1212,"1584 South Loop, Wiley, CO 81092",Resident 1212,A-20212,2025-06-12,182001,gallons,,R3,
M-1213,"1591 Pioneer Rd, Wiley, CO 81092",Resident 1213,A-20213,2025-01-12,203303,gallons,,R4,
M-1213,"1591 Pioneer Rd, Wiley, CO 81092",Resident 1213,A-20213,2025-02-13,205380,gallons,,R4,
M-1213,"1591 Pioneer Rd, Wiley, CO 81092",Resident 1213,A-20213,2025-03-14,208117,gallons,,R4,
M-1213,"1591 Pioneer Rd, Wiley, CO 81092",Resident 1213,A-20213,2025-04-15,211067,gallons,,R4,
M-1213,"1591 Pioneer Rd, Wiley, CO 81092",Resident 1213,A-20213,2025-05-16,214136,gallons,,R4,
M-1213,"1591 Pioneer Rd, Wiley, CO 81092",Resident 1213,A-20213,2025-06-12,217338,gallons,,R4,
M-1214,"1598 Cottonwood Dr, Wiley, CO 81092",Resident 1214,A-20214,2025-01-12,193272,gallons,,R5,
M-1214,"1598 Cottonwood Dr, Wiley, CO 81092",Resident 1214,A-20214,2025-02-13,199584,gallons,,R5,
M-1214,"1598 Cottonwood Dr, Wiley, CO 81092",Resident 1214,A-20214,2025-03-14,207463,gallons,,R5,
M-1214,"1598 Cottonwood Dr, Wiley, CO 81092",Resident 1214,A-20214,2025-04-15,216474,gallons,,R5,
M-1214,"1598 Cottonwood Dr, Wiley, CO 81092",Resident 1214,A-20214,2025-05-16,224824,gallons,,R5,
M-1214,"1598 Cottonwood Dr, Wiley, CO 81092",Resident 1214,A-20214,2025-06-12,234993,gallons,,R5,
M-1215,"1605 Sand Creek Rd, Wiley, CO 81092",Resident 1215,A-20215,2025-01-12,391101,gallons,,R6,
M-1215,"1605 Sand Creek Rd, Wiley, CO 81092",Resident 1215,A-20215,2025-02-13,396295,gallons,,R6,
M-1215,"1605 Sand Creek Rd, Wiley, CO 81092",Resident 1215,A-20215,2025-03-14,403536,gallons,,R6,
M-1215,"1605 Sand Creek Rd, Wiley, CO 81092",Resident 1215,A-20215,2025-04-15,409636,gallons,,R6,
M-1215,"1605 Sand Creek Rd, Wiley, CO 81092",Resident 1215,A-20215,2025-05-16,416502,gallons,,R6,
M-1215,"1605 Sand Creek Rd, Wiley, CO 81092",Resident 1215,A-20215,2025-06-12,425814,gallons,,R6,
M-1216,"1612 Prairie View, Wiley, CO 81092",Resident 1216,A-20216,2025-01-12,235868,gallons,,R1,
M-1216,"1612 Prairie View, Wiley, CO 81092",Resident 1216,A-20216,2025-02-13,242061,gallons,,R1,
M-1216,"1612 Prairie View, Wiley, CO 81092",Resident 1216,A-20216,2025-03-14,250095,gallons,,R1,
M-1216,"1612 Prairie View, Wiley, CO 81092",Resident 1216,A-20216,2025-04-15,258012,gallons,,R1,
M-1216,"1612 Prairie View, Wiley, CO 81092",Resident 1216,A-20216,2025-05-16,267385,gallons,,R1,
M-1216,"1612 Prairie View, Wiley, CO 81092",Resident 1216,A-20216,2025-06-12,277793,gallons,,R1,
M-1217,"1619 School House Rd, Wiley, CO 81092",Resident 1217,A-20217,2025-01-12,88736,gallons,,R2,
M-1217,"1619 School House Rd, Wiley, CO 81092",Resident 1217,A-20217,2025-02-13,91405,gallons,,R2,
M-1217,"1619 School House Rd, Wiley, CO 81092",Resident 1217,A-20217,2025-03-14,94686,gallons,,R2,
M-1217,"1619 School House Rd, Wiley, CO 81092",Resident 1217,A-20217,2025-04-15,97661,gallons,,R2,
M-1217,"1619 School House Rd, Wiley, CO 81092",Resident 1217,A-20217,2025-05-16,100834,gallons,,R2,
M-1217,"1619 School House Rd, Wiley, CO 81092",Resident 1217,A-20217,2025-06-12,105521,gallons,,R2,
M-1218,"1626 Cemetery Rd, Wiley, CO 81092",Resident 1218,A-20218,2025-01-12,125614,gallons,,R3,
M-1218,"1626 Cemetery Rd, Wiley, CO 81092",Resident 1218,A-20218,2025-02-13,128043,gallons,,R3,
M-1218,"1626 Cemetery Rd, Wiley, CO 81092",Resident 1218,A-20218,2025-03-14,130814,gallons,,R3,
M-1218,"1626 Cemetery Rd, Wiley, CO 81092",Resident 1218,A-20218,2025-04-15,133625,gallons,,R3,
M-1218,"1626 Cemetery Rd, Wiley, CO 81092",Resident 1218,A-20218,2025-05-16,137164,gallons,,R3,
M-1218,"1626 Cemetery Rd, Wiley, CO 81092",Resident 1218,A-20218,2025-06-12,141106,gallons,,R3,
M-1219,"1633 Grain Elevator Rd, Wiley, CO 81092",Resident 1219,A-20219,2025-01-12,404987,gallons,,R4,
M-1219,"1633 Grain Elevator Rd, Wiley, CO 81092",Resident 1219,A-20219,2025-02-13,409975,gallons,,R4,
M-1219,"1633 Grain Elevator Rd, Wiley, CO 81092",Resident 1219,A-20219,2025-03-14,416896,gallons,,R4,
M-1219,"1633 Grain Elevator Rd, Wiley, CO 81092",Resident 1219,A-20219,2025-04-15,424663,gallons,,R4,
M-1219,"1633 Grain Elevator Rd, Wiley, CO 81092",Resident 1219,A-20219,2025-05-16,434281,gallons,,R4,
M-1219,"1633 Grain Elevator Rd, Wiley, CO 81092",Resident 1219,A-20219,2025-06-12,443889,gallons,,R4,
M-1220,"1640 Main St, Wiley, CO 81092",Resident 1220,A-20220,2025-01-12,312131,gallons,,R5,
M-1220,"1640 Main St, Wiley, CO 81092",Resident 1220,A-20220,2025-02-13,316057,gallons,,R5,
M-1220,"1640 Main St, Wiley, CO 81092",Resident 1220,A-20220,2025-03-14,322266,gallons,,R5,
M-1220,"1640 Main St, Wiley, CO 81092",Resident 1220,A-20220,2025-04-15,328980,gallons,,R5,
M-1220,"1640 Main St, Wiley, CO 81092",Resident 1220,A-20220,2025-05-16,335336,gallons,,R5,
M-1220,"1640 Main St, Wiley, CO 81092",Resident 1220,A-20220,2025-06-12,342946,gallons,,R5,
M-1221,"1647 County Rd 10, Wiley, CO 81092",Resident 1221,A-20221,2025-01-12,268868,gallons,,R6,
M-1221,"1647 County Rd 10, Wiley, CO 81092",Resident 1221,A-20221,2025-02-13,274288,gallons,,R6,
M-1221,"1647 County Rd 10, Wiley, CO 81092",Resident 1221,A-20221,2025-03-14,280596,gallons,,R6,
M-1221,"1647 County Rd 10, Wiley, CO 81092",Resident 1221,A-20221,2025-04-15,286602,gallons,,R6,
M-1221,"1647 County Rd 10, Wiley, CO 81092",Resident 1221,A-20221,2025-05-16,294719,gallons,,R6,
M-1221,"1647 County Rd 10, Wiley, CO 81092",Resident 1221,A-20221,2025-06-12,304689,gallons,,R6,
M-1222,"1654 County Rd 14, Wiley, CO 81092",Resident 1222,A-20222,2025-01-12,234445,gallons,,R1,
M-1222,"1654 County Rd 14, Wiley, CO 81092",Resident 1222,A-20222,2025-02-13,236942,gallons,,R1,
M-1222,"1654 County Rd 14, Wiley, CO 81092",Resident 1222,A-20222,2025-03-14,240624,gallons,,R1,
M-1222,"1654 County Rd 14, Wiley, CO 81092",Resident 1222,A-20222,2025-04-15,244027,gallons,,R1,
M-1222,"1654 County Rd 14, Wiley, CO 81092",Resident 1222,A-20222,2025-05-16,248267,gallons,,R1,
M-1222,"1654 County Rd 14, Wiley, CO 81092",Resident 1222,A-20222,2025-06-12,253336,gallons,,R1,
M-1223,"1661 Highway 287, Wiley, CO 81092",Resident 1223,A-20223,2025-01-12,304710,gallons,,R2,
M-1223,"1661 Highway 287, Wiley, CO 81092",Resident 1223,A-20223,2025-02-13,307766,gallons,,R2,
M-1223,"1661 Highway 287, Wiley, CO 81092",Resident 1223,A-20223,2025-03-14,312089,gallons,,R2,
M-1223,"1661 Highway 287, Wiley, CO 81092",Resident 1223,A-20223,2025-04-15,316365,gallons,,R2,
M-1223,"1661 Highway 287, Wiley, CO 81092",Resident 1223,A-20223,2025-05-16,321012,gallons,,R2,
M-1223,"1661 Highway 287, Wiley, CO 81092",Resident 1223,A-20223,2025-06-12,326550,gallons,,R2,
M-1224,"1668 Maple Ave, Wiley, CO 81092",Resident 1224,A-20224,2025-01-12,405989,gallons,,R3,
M-1224,"1668 Maple Ave, Wiley, CO 81092",Resident 1224,A-20224,2025-02-13,410935,gallons,,R3,
M-1224,"1668 Maple Ave, Wiley, CO 81092",Resident 1224,A-20224,2025-03-14,417636,gallons,,R3,
M-1224,"1668 Maple Ave, Wiley, CO 81092",Resident 1224,A-20224,2025-04-15,423756,gallons,,R3,
M-1224,"1668 Maple Ave, Wiley, CO 81092",Resident 1224,A-20224,2025-05-16,431691,gallons,,R3,
M-1224,"1668 Maple Ave, Wiley, CO 81092",Resident 1224,A-20224,2025-06-12,441165,gallons,,R3,
M-1225,"1675 Oak St, Wiley, CO 81092",Resident 1225,A-20225,2025-01-12,360889,gallons,,R4,
M-1225,"1675 Oak St, Wiley, CO 81092",Resident 1225,A-20225,2025-02-13,365730,gallons,,R4,
M-1225,"1675 Oak St, Wiley, CO 81092",Resident 1225,A-20225,2025-03-14,372884,gallons,,R4,
M-1225,"1675 Oak St, Wiley, CO 81092",Resident 1225,A-20225,2025-04-15,380401,gallons,,R4,
M-1225,"1675 Oak St, Wiley, CO 81092",Resident 1225,A-20225,2025-05-16,388260,gallons,,R4,
M-1225,"1675 Oak St, Wiley, CO 81092",Resident 1225,A-20225,2025-06-12,396580,gallons,,R4,
M-1226,"1682 Elm St, Wiley, CO 81092",Resident 1226,A-20226,2025-01-12,141838,gallons,,R5,
M-1226,"1682 Elm St, Wiley, CO 81092",Resident 1226,A-20226,2025-02-13,146033,gallons,,R5,
M-1226,"1682 Elm St, Wiley, CO 81092",Resident 1226,A-20226,2025-03-14,152162,gallons,,R5,
M-1226,"1682 Elm St, Wiley, CO 81092",Resident 1226,A-20226,2025-04-15,157998,gallons,,R5,
M-1226,"1682 Elm St, Wiley, CO 81092",Resident 1226,A-20226,2025-05-16,163788,gallons,,R5,
M-1226,"1682 Elm St, Wiley, CO 81092",Resident 1226,A-20226,2025-06-12,172157,gallons,,R5,
M-1227,"1689 3rd Ave, Wiley, CO 81092",Resident 1227,A-20227,2025-01-12,275010,gallons,,R6,
M-1227,"1689 3rd Ave, Wiley, CO 81092",Resident 1227,A-20227,2025-02-13,278175,gallons,,R6,
M-1227,"1689 3rd Ave, Wiley, CO 81092",Resident 1227,A-20227,2025-03-14,281750,gallons,,R6,
M-1227,"1689 3rd Ave, Wiley, CO 81092",Resident 1227,A-20227,2025-04-15,285330,gallons,,R6,
M-1227,"1689 3rd Ave, Wiley, CO 81092",Resident 1227,A-20227,2025-05-16,289697,gallons,,R6,
M-1227,"1689 3rd Ave, Wiley, CO 81092",Resident 1227,A-20227,2025-06-12,294375,gallons,,R6,
M-1228,"1696 5th St, Wiley, CO 81092",Resident 1228,A-20228,2025-01-12,391722,gallons,,R1,
M-1228,"1696 5th St, Wiley, CO 81092",Resident 1228,A-20228,2025-02-13,397080,gallons,,R1,
M-1228,"1696 5th St, Wiley, CO 81092",Resident 1228,A-20228,2025-03-14,404491,gallons,,R1,
M-1228,"1696 5th St, Wiley, CO 81092",Resident 1228,A-20228,2025-04-15,410166,gallons,,R1,
M-1228,"1696 5th St, Wiley, CO 81092",Resident 1228,A-20228,2025-05-16,417977,gallons,,R1,
M-1228,"1696 5th St, Wiley, CO 81092",Resident 1228,A-20228,2025-06-12,427896,gallons,,R1,
M-1229,"1703 Ranch Rd, Wiley, CO 81092",Resident 1229,A-20229,2025-01-12,200312,gallons,,R2,
M-1229,"1703 Ranch Rd, Wiley, CO 81092",Resident 1229,A-20229,2025-02-13,206696,gallons,,R2,
M-1229,"1703 Ranch Rd, Wiley, CO 81092",Resident 1229,A-20229,2025-03-14,215738,gallons,,R2,
M-1229,"1703 Ranch Rd, Wiley, CO 81092",Resident 1229,A-20229,2025-04-15,223296,gallons,,R2,
M-1229,"1703 Ranch Rd, Wiley, CO 81092",Resident 1229,A-20229,2025-05-16,231977,gallons,,R2,
M-1229,"1703 Ranch Rd, Wiley, CO 81092",Resident 1229,A-20229,2025-06-12,244112,gallons,,R2,
M-1230,"1710 Irrigation Ln, Wiley, CO 81092",Resident 1230,A-20230,2025-01-12,231182,gallons,,R3,
M-1230,"1710 Irrigation Ln, Wiley, CO 81092",Resident 1230,A-20230,2025-02-13,236604,gallons,,R3,
M-1230,"1710 Irrigation Ln, Wiley, CO 81092",Resident 1230,A-20230,2025-03-14,244157,gallons,,R3,
M-1230,"1710 Irrigation Ln, Wiley, CO 81092",Resident 1230,A-20230,2025-04-15,251825,gallons,,R3,
M-1230,"1710 Irrigation Ln, Wiley, CO 81092",Resident 1230,A-20230,2025-05-16,262144,gallons,,R3,
M-1230,"1710 Irrigation Ln, Wiley, CO 81092",Resident 1230,A-20230,2025-06-12,274394,gallons,,R3,
M-1231,"1717 North Frontage, Wiley, CO 81092",Resident 1231,A-20231,2025-01-12,120944,gallons,,R4,
M-1231,"1717 North Frontage, Wiley, CO 81092",Resident 1231,A-20231,2025-02-13,126150,gallons,,R4,
M-1231,"1717 North Frontage, Wiley, CO 81092",Resident 1231,A-20231,2025-03-14,132838,gallons,,R4,
M-1231,"1717 North Frontage, Wiley, CO 81092",Resident 1231,A-20231,2025-04-15,139704,gallons,,R4,
M-1231,"1717 North Frontage, Wiley, CO 81092",Resident 1231,A-20231,2025-05-16,148186,gallons,,R4,
M-1231,"1717 North Frontage, Wiley, CO 81092",Resident 1231,A-20231,2025-06-12,159555,gallons,,R4,
M-1232,"1724 South Loop, Wiley, CO 81092",Resident 1232,A-20232,2025-01-12,300730,gallons,,R5,
M-1232,"1724 South Loop, Wiley, CO 81092",Resident 1232,A-20232,2025-02-13,303853,gallons,,R5,
M-1232,"1724 South Loop, Wiley, CO 81092",Resident 1232,A-20232,2025-03-14,307596,gallons,,R5,
M-1232,"1724 South Loop, Wiley, CO 81092",Resident 1232,A-20232,2025-04-15,311839,gallons,,R5,
M-1232,"1724 South Loop, Wiley, CO 81092",Resident 1232,A-20232,2025-05-16,315985,gallons,,R5,
M-1232,"1724 South Loop, Wiley, CO 81092",Resident 1232,A-20232,2025-06-12,321273,gallons,,R5,
M-1233,"1731 Pioneer Rd, Wiley, CO 81092",Resident 1233,A-20233,2025-01-12,96963,gallons,,R6,
M-1233,"1731 Pioneer Rd, Wiley, CO 81092",Resident 1233,A-20233,2025-02-13,103577,gallons,,R6,
M-1233,"1731 Pioneer Rd, Wiley, CO 81092",Resident 1233,A-20233,2025-03-14,110972,gallons,,R6,
M-1233,"1731 Pioneer Rd, Wiley, CO 81092",Resident 1233,A-20233,2025-04-15,118549,gallons,,R6,
M-1233,"1731 Pioneer Rd, Wiley, CO 81092",Resident 1233,A-20233,2025-05-16,128426,gallons,,R6,
M-1233,"1731 Pioneer Rd, Wiley, CO 81092",Resident 1233,A-20233,2025-06-12,138425,gallons,,R6,
M-1234,"1738 Cottonwood Dr, Wiley, CO 81092",Resident 1234,A-20234,2025-01-12,349590,gallons,,R1,
M-1234,"1738 Cottonwood Dr, Wiley, CO 81092",Resident 1234,A-20234,2025-02-13,353012,gallons,,R1,
M-1234,"1738 Cottonwood Dr, Wiley, CO 81092",Resident 1234,A-20234,2025-03-14,357546,gallons,,R1,
M-1234,"1738 Cottonwood Dr, Wiley, CO 81092",Resident 1234,A-20234,2025-04-15,362152,gallons,,R1,
M-1234,"1738 Cottonwood Dr, Wiley, CO 81092",Resident 1234,A-20234,2025-05-16,367775,gallons,,R1,
M-1234,"1738 Cottonwood Dr, Wiley, CO 81092",Resident 1234,A-20234,2025-06-12,374738,gallons,,R1,
M-1235,"1745 Sand Creek Rd, Wiley, CO 81092",Resident 1235,A-20235,2025-01-12,364290,gallons,,R2,
M-1235,"1745 Sand Creek Rd, Wiley, CO 81092",Resident 1235,A-20235,2025-02-13,368787,gallons,,R2,
M-1235,"1745 Sand Creek Rd, Wiley, CO 81092",Resident 1235,A-20235,2025-03-14,374812,gallons,,R2,
M-1235,"1745 Sand Creek Rd, Wiley, CO 81092",Resident 1235,A-20235,2025-04-15,380262,gallons,,R2,
M-1235,"1745 Sand Creek Rd, Wiley, CO 81092",Resident 1235,A-20235,2025-05-16,386244,gallons,,R2,
M-1235,"1745 Sand Creek Rd, Wiley, CO 81092",Resident 1235,A-20235,2025-06-12,394287,gallons,,R2,
M-1236,"1752 Prairie View, Wiley, CO 81092",Resident 1236,A-20236,2025-01-12,198043,gallons,,R3,
M-1236,"1752 Prairie View, Wiley, CO 81092",Resident 1236,A-20236,2025-02-13,203025,gallons,,R3,
M-1236,"1752 Prairie View, Wiley, CO 81092",Resident 1236,A-20236,2025-03-14,211598,gallons,,R3,
M-1236,"1752 Prairie View, Wiley, CO 81092",Resident 1236,A-20236,2025-04-15,219672,gallons,,R3,
M-1236,"1752 Prairie View, Wiley, CO 81092",Resident 1236,A-20236,2025-05-16,229560,gallons,,R3,
M-1236,"1752 Prairie View, Wiley, CO 81092",Resident 1236,A-20236,2025-06-12,239295,gallons,,R3,
M-1237,"1759 School House Rd, Wiley, CO 81092",Resident 1237,A-20237,2025-01-12,285062,gallons,,R4,
M-1237,"1759 School House Rd, Wiley, CO 81092",Resident 1237,A-20237,2025-02-13,291074,gallons,,R4,
M-1237,"1759 School House Rd, Wiley, CO 81092",Resident 1237,A-20237,2025-03-14,299614,gallons,,R4,
M-1237,"1759 School House Rd, Wiley, CO 81092",Resident 1237,A-20237,2025-04-15,306214,gallons,,R4,
M-1237,"1759 School House Rd, Wiley, CO 81092",Resident 1237,A-20237,2025-05-16,316151,gallons,,R4,
M-1237,"1759 School House Rd, Wiley, CO 81092",Resident 1237,A-20237,2025-06-12,326808,gallons,,R4,
M-1238,"1766 Cemetery Rd, Wiley, CO 81092",Resident 1238,A-20238,2025-01-12,307021,gallons,,R5,
M-1238,"1766 Cemetery Rd, Wiley, CO 81092",Resident 1238,A-20238,2025-02-13,311020,gallons,,R5,
M-1238,"1766 Cemetery Rd, Wiley, CO 81092",Resident 1238,A-20238,2025-03-14,315492,gallons,,R5,
M-1238,"1766 Cemetery Rd, Wiley, CO 81092",Resident 1238,A-20238,2025-04-15,320820,gallons,,R5,
M-1238,"1766 Cemetery Rd, Wiley, CO 81092",Resident 1238,A-20238,2025-05-16,326582,gallons,,R5,
M-1238,"1766 Cemetery Rd, Wiley, CO 81092",Resident 1238,A-20238,2025-06-12,334590,gallons,,R5,
M-1239,"1773 Grain Elevator Rd, Wiley, CO 81092",Resident 1239,A-20239,2025-01-12,118165,gallons,,R6,
M-1239,"1773 Grain Elevator Rd, Wiley, CO 81092",Resident 1239,A-20239,2025-02-13,123143,gallons,,R6,
M-1239,"1773 Grain Elevator Rd, Wiley, CO 81092",Resident 1239,A-20239,2025-03-14,129204,gallons,,R6,
M-1239,"1773 Grain Elevator Rd, Wiley, CO 81092",Resident 1239,A-20239,2025-04-15,134444,gallons,,R6,
M-1239,"1773 Grain Elevator Rd, Wiley, CO 81092",Resident 1239,A-20239,2025-05-16,141901,gallons,,R6,
M-1239,"1773 Grain Elevator Rd, Wiley, CO 81092",Resident 1239,A-20239,2025-06-12,149451,gallons,,R6,
M-1240,"1780 Main St, Wiley, CO 81092",Resident 1240,A-20240,2025-01-12,436006,gallons,,R1,
M-1240,"1780 Main St, Wiley, CO 81092",Resident 1240,A-20240,2025-02-13,440259,gallons,,R1,
M-1240,"1780 Main St, Wiley, CO 81092",Resident 1240,A-20240,2025-03-14,447372,gallons,,R1,
M-1240,"1780 Main St, Wiley, CO 81092",Resident 1240,A-20240,2025-04-15,454555,gallons,,R1,
M-1240,"1780 Main St, Wiley, CO 81092",Resident 1240,A-20240,2025-05-16,461647,gallons,,R1,
M-1240,"1780 Main St, Wiley, CO 81092",Resident 1240,A-20240,2025-06-12,471530,gallons,,R1,
M-1241,"1787 County Rd 10, Wiley, CO 81092",Resident 1241,A-20241,2025-01-12,255942,gallons,,R2,
M-1241,"1787 County Rd 10, Wiley, CO 81092",Resident 1241,A-20241,2025-02-13,260803,gallons,,R2,
M-1241,"1787 County Rd 10, Wiley, CO 81092",Resident 1241,A-20241,2025-03-14,267103,gallons,,R2,
M-1241,"1787 County Rd 10, Wiley, CO 81092",Resident 1241,A-20241,2025-04-15,272769,gallons,,R2,
M-1241,"1787 County Rd 10, Wiley, CO 81092",Resident 1241,A-20241,2025-05-16,278917,gallons,,R2,
M-1241,"1787 County Rd 10, Wiley, CO 81092",Resident 1241,A-20241,2025-06-12,288015,gallons,,R2,
M-1242,"1794 County Rd 14, Wiley, CO 81092",Resident 1242,A-20242,2025-01-12,395531,gallons,,R3,
M-1242,"1794 County Rd 14, Wiley, CO 81092",Resident 1242,A-20242,2025-02-13,398104,gallons,,R3,
M-1242,"1794 County Rd 14, Wiley, CO 81092",Resident 1242,A-20242,2025-03-14,400915,gallons,,R3,
M-1242,"1794 County Rd 14, Wiley, CO 81092",Resident 1242,A-20242,2025-04-15,404054,gallons,,R3,
M-1242,"1794 County Rd 14, Wiley, CO 81092",Resident 1242,A-20242,2025-05-16,408216,gallons,,R3,
M-1242,"1794 County Rd 14, Wiley, CO 81092",Resident 1242,A-20242,2025-06-12,412281,gallons,,R3,
M-1243,"1801 Highway 287, Wiley, CO 81092",Resident 1243,A-20243,2025-01-12,238793,gallons,,R4,
M-1243,"1801 Highway 287, Wiley, CO 81092",Resident 1243,A-20243,2025-02-13,241772,gallons,,R4,
M-1243,"1801 Highway 287, Wiley, CO 81092",Resident 1243,A-20243,2025-03-14,246039,gallons,,R4,
M-1243,"1801 Highway 287, Wiley, CO 81092",Resident 1243,A-20243,2025-04-15,249968,gallons,,R4,
M-1243,"1801 Highway 287, Wiley, CO 81092",Resident 1243,A-20243,2025-05-16,255442,gallons,,R4,
M-1243,"1801 Highway 287, Wiley, CO 81092",Resident 1243,A-20243,2025-06-12,261241,gallons,,R4,
M-1244,"1808 Maple Ave, Wiley, CO 81092",Resident 1244,A-20244,2025-01-12,519287,gallons,,R5,
M-1244,"1808 Maple Ave, Wiley, CO 81092",Resident 1244,A-20244,2025-02-13,537983,gallons,,R5,
M-1244,"1808 Maple Ave, Wiley, CO 81092",Resident 1244,A-20244,2025-03-14,557960,gallons,,R5,
M-1244,"1808 Maple Ave, Wiley, CO 81092",Resident 1244,A-20244,2025-04-15,579413,gallons,,R5,
M-1244,"1808 Maple Ave, Wiley, CO 81092",Resident 1244,A-20244,2025-05-16,603623,gallons,,R5,
M-1244,"1808 Maple Ave, Wiley, CO 81092",Resident 1244,A-20244,2025-06-12,628615,gallons,,R5,
M-1245,"1815 Oak St, Wiley, CO 81092",Resident 1245,A-20245,2025-01-12,130735,gallons,,R6,
M-1245,"1815 Oak St, Wiley, CO 81092",Resident 1245,A-20245,2025-02-13,132747,gallons,,R6,
M-1245,"1815 Oak St, Wiley, CO 81092",Resident 1245,A-20245,2025-03-14,135464,gallons,,R6,
M-1245,"1815 Oak St, Wiley, CO 81092",Resident 1245,A-20245,2025-04-15,137964,gallons,,R6,
M-1245,"1815 Oak St, Wiley, CO 81092",Resident 1245,A-20245,2025-05-16,140841,gallons,,R6,
M-1245,"1815 Oak St, Wiley, CO 81092",Resident 1245,A-20245,2025-06-12,144244,gallons,,R6,
M-1246,"1822 Elm St, Wiley, CO 81092",Resident 1246,A-20246,2025-01-12,236259,gallons,,R1,
M-1246,"1822 Elm St, Wiley, CO 81092",Resident 1246,A-20246,2025-02-13,239816,gallons,,R1,
M-1246,"1822 Elm St, Wiley, CO 81092",Resident 1246,A-20246,2025-03-14,244128,gallons,,R1,
M-1246,"1822 Elm St, Wiley, CO 81092",Resident 1246,A-20246,2025-04-15,248751,gallons,,R1,
M-1246,"1822 Elm St, Wiley, CO 81092",Resident 1246,A-20246,2025-05-16,254854,gallons,,R1,
M-1246,"1822 Elm St, Wiley, CO 81092",Resident 1246,A-20246,2025-06-12,261804,gallons,,R1,
M-1247,"1829 3rd Ave, Wiley, CO 81092",Resident 1247,A-20247,2025-01-12,329631,gallons,,R2,
M-1247,"1829 3rd Ave, Wiley, CO 81092",Resident 1247,A-20247,2025-02-13,331579,gallons,,R2,
M-1247,"1829 3rd Ave, Wiley, CO 81092",Resident 1247,A-20247,2025-03-14,334304,gallons,,R2,
M-1247,"1829 3rd Ave, Wiley, CO 81092",Resident 1247,A-20247,2025-04-15,336364,gallons,,R2,
M-1247,"1829 3rd Ave, Wiley, CO 81092",Resident 1247,A-20247,2025-05-16,338790,gallons,,R2,
M-1247,"1829 3rd Ave, Wiley, CO 81092",Resident 1247,A-20247,2025-06-12,342262,gallons,,R2,
M-1248,"1836 5th St, Wiley, CO 81092",Resident 1248,A-20248,2025-01-12,253009,gallons,,R3,
M-1248,"1836 5th St, Wiley, CO 81092",Resident 1248,A-20248,2025-02-13,258177,gallons,,R3,
M-1248,"1836 5th St, Wiley, CO 81092",Resident 1248,A-20248,2025-03-14,265641,gallons,,R3,
M-1248,"1836 5th St, Wiley, CO 81092",Resident 1248,A-20248,2025-04-15,273191,gallons,,R3,
M-1248,"1836 5th St, Wiley, CO 81092",Resident 1248,A-20248,2025-05-16,281829,gallons,,R3,
M-1248,"1836 5th St, Wiley, CO 81092",Resident 1248,A-20248,2025-06-12,292356,gallons,,R3,
M-1249,"1843 Ranch Rd, Wiley, CO 81092",Resident 1249,A-20249,2025-01-12,437811,gallons,,R4,
M-1249,"1843 Ranch Rd, Wiley, CO 81092",Resident 1249,A-20249,2025-02-13,443612,gallons,,R4,
M-1249,"1843 Ranch Rd, Wiley, CO 81092",Resident 1249,A-20249,2025-03-14,449526,gallons,,R4,
M-1249,"1843 Ranch Rd, Wiley, CO 81092",Resident 1249,A-20249,2025-04-15,456601,gallons,,R4,
M-1249,"1843 Ranch Rd, Wiley, CO 81092",Resident 1249,A-20249,2025-05-16,464557,gallons,,R4,
M-1249,"1843 Ranch Rd, Wiley, CO 81092",Resident 1249,A-20249,2025-06-12,474552,gallons,,R4,
M-1250,"1850 Irrigation Ln, Wiley, CO 81092",Resident 1250,A-20250,2025-01-12,286886,gallons,,R5,
M-1250,"1850 Irrigation Ln, Wiley, CO 81092",Resident 1250,A-20250,2025-02-13,290203,gallons,,R5,
M-1250,"1850 Irrigation Ln, Wiley, CO 81092",Resident 1250,A-20250,2025-03-14,294804,gallons,,R5,
M-1250,"1850 Irrigation Ln, Wiley, CO 81092",Resident 1250,A-20250,2025-04-15,298381,gallons,,R5,
M-1250,"1850 Irrigation Ln, Wiley, CO 81092",Resident 1250,A-20250,2025-05-16,302612,gallons,,R5,
M-1250,"1850 Irrigation Ln, Wiley, CO 81092",Resident 1250,A-20250,2025-06-12,308807,gallons,,R5,
M-1251,"1857 North Frontage, Wiley, CO 81092",Resident 1251,A-20251,2025-01-12,260517,gallons,,R6,
M-1251,"1857 North Frontage, Wiley, CO 81092",Resident 1251,A-20251,2025-02-13,265366,gallons,,R6,
M-1251,"1857 North Frontage, Wiley, CO 81092",Resident 1251,A-20251,2025-03-14,273222,gallons,,R6,
M-1251,"1857 North Frontage, Wiley, CO 81092",Resident 1251,A-20251,2025-04-15,279913,gallons,,R6,
M-1251,"1857 North Frontage, Wiley, CO 81092",Resident 1251,A-20251,2025-05-16,287662,gallons,,R6,
M-1251,"1857 North Frontage, Wiley, CO 81092",Resident 1251,A-20251,2025-06-12,297720,gallons,,R6,
M-1252,"1864 South Loop, Wiley, CO 81092",Resident 1252,A-20252,2025-01-12,284173,gallons,,R1,
M-1252,"1864 South Loop, Wiley, CO 81092",Resident 1252,A-20252,2025-02-13,287455,gallons,,R1,
M-1252,"1864 South Loop, Wiley, CO 81092",Resident 1252,A-20252,2025-03-14,291482,gallons,,R1,
M-1252,"1864 South Loop, Wiley, CO 81092",Resident 1252,A-20252,2025-04-15,295535,gallons,,R1,
M-1252,"1864 South Loop, Wiley, CO 81092",Resident 1252,A-20252,2025-05-16,300347,gallons,,R1,
M-1252,"1864 South Loop, Wiley, CO 81092",Resident 1252,A-20252,2025-06-12,305991,gallons,,R1,
M-1253,"1871 Pioneer Rd, Wiley, CO 81092",Resident 1253,A-20253,2025-01-12,218249,gallons,,R2,
M-1253,"1871 Pioneer Rd, Wiley, CO 81092",Resident 1253,A-20253,2025-02-13,219987,gallons,,R2,
M-1253,"1871 Pioneer Rd, Wiley, CO 81092",Resident 1253,A-20253,2025-03-14,222381,gallons,,R2,
M-1253,"1871 Pioneer Rd, Wiley, CO 81092",Resident 1253,A-20253,2025-04-15,224957,gallons,,R2,
M-1253,"1871 Pioneer Rd, Wiley, CO 81092",Resident 1253,A-20253,2025-05-16,227193,gallons,,R2,
M-1253,"1871 Pioneer Rd, Wiley, CO 81092",Resident 1253,A-20253,2025-06-12,230474,gallons,,R2,
M-1254,"1878 Cottonwood Dr, Wiley, CO 81092",Resident 1254,A-20254,2025-01-12,357077,gallons,,R3,
M-1254,"1878 Cottonwood Dr, Wiley, CO 81092",Resident 1254,A-20254,2025-02-13,359069,gallons,,R3,
M-1254,"1878 Cottonwood Dr, Wiley, CO 81092",Resident 1254,A-20254,2025-03-14,361743,gallons,,R3,
M-1254,"1878 Cottonwood Dr, Wiley, CO 81092",Resident 1254,A-20254,2025-04-15,364598,gallons,,R3,
M-1254,"1878 Cottonwood Dr, Wiley, CO 81092",Resident 1254,A-20254,2025-05-16,368157,gallons,,R3,
M-1254,"1878 Cottonwood Dr, Wiley, CO 81092",Resident 1254,A-20254,2025-06-12,371963,gallons,,R3,
M-1255,"1885 Sand Creek Rd, Wiley, CO 81092",Resident 1255,A-20255,2025-01-12,163096,gallons,,R4,
M-1255,"1885 Sand Creek Rd, Wiley, CO 81092",Resident 1255,A-20255,2025-02-13,169473,gallons,,R4,
M-1255,"1885 Sand Creek Rd, Wiley, CO 81092",Resident 1255,A-20255,2025-03-14,178609,gallons,,R4,
M-1255,"1885 Sand Creek Rd, Wiley, CO 81092",Resident 1255,A-20255,2025-04-15,186735,gallons,,R4,
M-1255,"1885 Sand Creek Rd, Wiley, CO 81092",Resident 1255,A-20255,2025-05-16,195258,gallons,,R4,
M-1255,"1885 Sand Creek Rd, Wiley, CO 81092",Resident 1255,A-20255,2025-06-12,206390,gallons,,R4,
M-1256,"1892 Prairie View, Wiley, CO 81092",Resident 1256,A-20256,2025-01-12,194506,gallons,,R5,
M-1256,"1892 Prairie View, Wiley, CO 81092",Resident 1256,A-20256,2025-02-13,200252,gallons,,R5,
M-1256,"1892 Prairie View, Wiley, CO 81092",Resident 1256,A-20256,2025-03-14,206703,gallons,,R5,
M-1256,"1892 Prairie View, Wiley, CO 81092",Resident 1256,A-20256,2025-04-15,214825,gallons,,R5,
M-1256,"1892 Prairie View, Wiley, CO 81092",Resident 1256,A-20256,2025-05-16,223387,gallons,,R5,
M-1256,"1892 Prairie View, Wiley, CO 81092",Resident 1256,A-20256,2025-06-12,234159,gallons,,R5,
M-1257,"1899 School House Rd, Wiley, CO 81092",Resident 1257,A-20257,2025-01-12,285126,gallons,,R6,
M-1257,"1899 School House Rd, Wiley, CO 81092",Resident 1257,A-20257,2025-02-13,286935,gallons,,R6,
M-1257,"1899 School House Rd, Wiley, CO 81092",Resident 1257,A-20257,2025-03-14,289291,gallons,,R6,
M-1257,"1899 School House Rd, Wiley, CO 81092",Resident 1257,A-20257,2025-04-15,292229,gallons,,R6,
M-1257,"1899 School House Rd, Wiley, CO 81092",Resident 1257,A-20257,2025-05-16,294895,gallons,,R6,
M-1257,"1899 School House Rd, Wiley, CO 81092",Resident 1257,A-20257,2025-06-12,299020,gallons,,R6,
M-1258,"1906 Cemetery Rd, Wiley, CO 81092",Resident 1258,A-20258,2025-01-12,422894,gallons,,R1,
M-1258,"1906 Cemetery Rd, Wiley, CO 81092",Resident 1258,A-20258,2025-02-13,425619,gallons,,R1,
M-1258,"1906 Cemetery Rd, Wiley, CO 81092",Resident 1258,A-20258,2025-03-14,429245,gallons,,R1,
M-1258,"1906 Cemetery Rd, Wiley, CO 81092",Resident 1258,A-20258,2025-04-15,433220,gallons,,R1,
M-1258,"1906 Cemetery Rd, Wiley, CO 81092",Resident 1258,A-20258,2025-05-16,438601,gallons,,R1,
M-1258,"1906 Cemetery Rd, Wiley, CO 81092",Resident 1258,A-20258,2025-06-12,443762,gallons,,R1,
M-1259,"1913 Grain Elevator Rd, Wiley, CO 81092",Resident 1259,A-20259,2025-01-12,264740,gallons,,R2,
M-1259,"1913 Grain Elevator Rd, Wiley, CO 81092",Resident 1259,A-20259,2025-02-13,266622,gallons,,R2,
M-1259,"1913 Grain Elevator Rd, Wiley, CO 81092",Resident 1259,A-20259,2025-03-14,269638,gallons,,R2,
M-1259,"1913 Grain Elevator Rd, Wiley, CO 81092",Resident 1259,A-20259,2025-04-15,272419,gallons,,R2,
M-1259,"1913 Grain Elevator Rd, Wiley, CO 81092",Resident 1259,A-20259,2025-05-16,275737,gallons,,R2,
M-1259,"1913 Grain Elevator Rd, Wiley, CO 81092",Resident 1259,A-20259,2025-06-12,279092,gallons,,R2,
M-1260,"1920 Main St, Wiley, CO 81092",Resident 1260,A-20260,2025-01-12,156236,gallons,,R3,
M-1260,"1920 Main St, Wiley, CO 81092",Resident 1260,A-20260,2025-02-13,157916,gallons,,R3,
M-1260,"1920 Main St, Wiley, CO 81092",Resident 1260,A-20260,2025-03-14,160059,gallons,,R3,
M-1260,"1920 Main St, Wiley, CO 81092",Resident 1260,A-20260,2025-04-15,162786,gallons,,R3,
M-1260,"1920 Main St, Wiley, CO 81092",Resident 1260,A-20260,2025-05-16,165741,gallons,,R3,
M-1260,"1920 Main St, Wiley, CO 81092",Resident 1260,A-20260,2025-06-12,169239,gallons,,R3,
M-1261,"1927 County Rd 10, Wiley, CO 81092",Resident 1261,A-20261,2025-01-12,399890,gallons,,R4,
M-1261,"1927 County Rd 10, Wiley, CO 81092",Resident 1261,A-20261,2025-02-13,403083,gallons,,R4,
M-1261,"1927 County Rd 10, Wiley, CO 81092",Resident 1261,A-20261,2025-03-14,408088,gallons,,R4,
M-1261,"1927 County Rd 10, Wiley, CO 81092",Resident 1261,A-20261,2025-04-15,412956,gallons,,R4,
M-1261,"1927 County Rd 10, Wiley, CO 81092",Resident 1261,A-20261,2025-05-16,417785,gallons,,R4,
M-1261,"1927 County Rd 10, Wiley, CO 81092",Resident 1261,A-20261,2025-06-12,423786,gallons,,R4,
M-1262,"1934 County Rd 14, Wiley, CO 81092",Resident 1262,A-20262,2025-01-12,364254,gallons,,R5,
M-1262,"1934 County Rd 14, Wiley, CO 81092",Resident 1262,A-20262,2025-02-13,366245,gallons,,R5,
M-1262,"1934 County Rd 14, Wiley, CO 81092",Resident 1262,A-20262,2025-03-14,368970,gallons,,R5,
M-1262,"1934 County Rd 14, Wiley, CO 81092",Resident 1262,A-20262,2025-04-15,372068,gallons,,R5,
M-1262,"1934 County Rd 14, Wiley, CO 81092",Resident 1262,A-20262,2025-05-16,375446,gallons,,R5,
M-1262,"1934 County Rd 14, Wiley, CO 81092",Resident 1262,A-20262,2025-06-12,378831,gallons,,R5,
M-1263,"1941 Highway 287, Wiley, CO 81092",Resident 1263,A-20263,2025-01-12,242491,gallons,,R6,
M-1263,"1941 Highway 287, Wiley, CO 81092",Resident 1263,A-20263,2025-02-13,246983,gallons,,R6,
M-1263,"1941 Highway 287, Wiley, CO 81092",Resident 1263,A-20263,2025-03-14,254286,gallons,,R6,
M-1263,"1941 Highway 287, Wiley, CO 81092",Resident 1263,A-20263,2025-04-15,260651,gallons,,R6,
M-1263,"1941 Highway 287, Wiley, CO 81092",Resident 1263,A-20263,2025-05-16,267839,gallons,,R6,
M-1263,"1941 Highway 287, Wiley, CO 81092",Resident 1263,A-20263,2025-06-12,276529,gallons,,R6,
M-1264,"1948 Maple Ave, Wiley, CO 81092",Resident 1264,A-20264,2025-01-12,286298,gallons,,R1,
M-1264,"1948 Maple Ave, Wiley, CO 81092",Resident 1264,A-20264,2025-02-13,289445,gallons,,R1,
M-1264,"1948 Maple Ave, Wiley, CO 81092",Resident 1264,A-20264,2025-03-14,293266,gallons,,R1,
M-1264,"1948 Maple Ave, Wiley, CO 81092",Resident 1264,A-20264,2025-04-15,296890,gallons,,R1,
M-1264,"1948 Maple Ave, Wiley, CO 81092",Resident 1264,A-20264,2025-05-16,301489,gallons,,R1,
M-1264,"1948 Maple Ave, Wiley, CO 81092",Resident 1264,A-20264,2025-06-12,306883,gallons,,R1,
M-1265,"1955 Oak St, Wiley, CO 81092",Resident 1265,A-20265,2025-01-12,361812,gallons,,R2,
M-1265,"1955 Oak St, Wiley, CO 81092",Resident 1265,A-20265,2025-02-13,364994,gallons,,R2,
M-1265,"1955 Oak St, Wiley, CO 81092",Resident 1265,A-20265,2025-03-14,369153,gallons,,R2,
M-1265,"1955 Oak St, Wiley, CO 81092",Resident 1265,A-20265,2025-04-15,374175,gallons,,R2,
M-1265,"1955 Oak St, Wiley, CO 81092",Resident 1265,A-20265,2025-05-16,379401,gallons,,R2,
M-1265,"1955 Oak St, Wiley, CO 81092",Resident 1265,A-20265,2025-06-12,385320,gallons,,R2,
M-1266,"1962 Elm St, Wiley, CO 81092",Resident 1266,A-20266,2025-01-12,92708,gallons,,R3,
M-1266,"1962 Elm St, Wiley, CO 81092",Resident 1266,A-20266,2025-02-13,98820,gallons,,R3,
M-1266,"1962 Elm St, Wiley, CO 81092",Resident 1266,A-20266,2025-03-14,106073,gallons,,R3,
M-1266,"1962 Elm St, Wiley, CO 81092",Resident 1266,A-20266,2025-04-15,114246,gallons,,R3,
M-1266,"1962 Elm St, Wiley, CO 81092",Resident 1266,A-20266,2025-05-16,123010,gallons,,R3,
M-1266,"1962 Elm St, Wiley, CO 81092",Resident 1266,A-20266,2025-06-12,133554,gallons,,R3,
M-1267,"1969 3rd Ave, Wiley, CO 81092",Resident 1267,A-20267,2025-01-12,243460,gallons,,R4,
M-1267,"1969 3rd Ave, Wiley, CO 81092",Resident 1267,A-20267,2025-02-13,247799,gallons,,R4,
M-1267,"1969 3rd Ave, Wiley, CO 81092",Resident 1267,A-20267,2025-03-14,254532,gallons,,R4,
M-1267,"1969 3rd Ave, Wiley, CO 81092",Resident 1267,A-20267,2025-04-15,260711,gallons,,R4,
M-1267,"1969 3rd Ave, Wiley, CO 81092",Resident 1267,A-20267,2025-05-16,267074,gallons,,R4,
M-1267,"1969 3rd Ave, Wiley, CO 81092",Resident 1267,A-20267,2025-06-12,274486,gallons,,R4,
M-1268,"1976 5th St, Wiley, CO 81092",Resident 1268,A-20268,2025-01-12,223315,gallons,,R5,
M-1268,"1976 5th St, Wiley, CO 81092",Resident 1268,A-20268,2025-02-13,226074,gallons,,R5,
M-1268,"1976 5th St, Wiley, CO 81092",Resident 1268,A-20268,2025-03-14,230267,gallons,,R5,
M-1268,"1976 5th St, Wiley, CO 81092",Resident 1268,A-20268,2025-04-15,234697,gallons,,R5,
M-1268,"1976 5th St, Wiley, CO 81092",Resident 1268,A-20268,2025-05-16,239511,gallons,,R5,
M-1268,"1976 5th St, Wiley, CO 81092",Resident 1268,A-20268,2025-06-12,244984,gallons,,R5,
M-1269,"1983 Ranch Rd, Wiley, CO 81092",Resident 1269,A-20269,2025-01-12,200422,gallons,,R6,
M-1269,"1983 Ranch Rd, Wiley, CO 81092",Resident 1269,A-20269,2025-02-13,205917,gallons,,R6,
M-1269,"1983 Ranch Rd, Wiley, CO 81092",Resident 1269,A-20269,2025-03-14,213001,gallons,,R6,
M-1269,"1983 Ranch Rd, Wiley, CO 81092",Resident 1269,A-20269,2025-04-15,220214,gallons,,R6,
M-1269,"1983 Ranch Rd, Wiley, CO 81092",Resident 1269,A-20269,2025-05-16,228121,gallons,,R6,
M-1269,"1983 Ranch Rd, Wiley, CO 81092",Resident 1269,A-20269,2025-06-12,236397,gallons,,R6,
M-1270,"1990 Irrigation Ln, Wiley, CO 81092",Resident 1270,A-20270,2025-01-12,294449,gallons,,R1,
M-1270,"1990 Irrigation Ln, Wiley, CO 81092",Resident 1270,A-20270,2025-02-13,297269,gallons,,R1,
M-1270,"1990 Irrigation Ln, Wiley, CO 81092",Resident 1270,A-20270,2025-03-14,300372,gallons,,R1,
M-1270,"1990 Irrigation Ln, Wiley, CO 81092",Resident 1270,A-20270,2025-04-15,303829,gallons,,R1,
M-1270,"1990 Irrigation Ln, Wiley, CO 81092",Resident 1270,A-20270,2025-05-16,307379,gallons,,R1,
M-1270,"1990 Irrigation Ln, Wiley, CO 81092",Resident 1270,A-20270,2025-06-12,311585,gallons,,R1,
M-1271,"1997 North Frontage, Wiley, CO 81092",Resident 1271,A-20271,2025-01-12,399454,gallons,,R2,
M-1271,"1997 North Frontage, Wiley, CO 81092",Resident 1271,A-20271,2025-02-13,405875,gallons,,R2,
M-1271,"1997 North Frontage, Wiley, CO 81092",Resident 1271,A-20271,2025-03-14,413444,gallons,,R2,
M-1271,"1997 North Frontage, Wiley, CO 81092",Resident 1271,A-20271,2025-04-15,421862,gallons,,R2,
M-1271,"1997 North Frontage, Wiley, CO 81092",Resident 1271,A-20271,2025-05-16,431658,gallons,,R2,
M-1271,"1997 North Frontage, Wiley, CO 81092",Resident 1271,A-20271,2025-06-12,443316,gallons,,R2,
M-1272,"2004 South Loop, Wiley, CO 81092",Resident 1272,A-20272,2025-01-12,408535,gallons,,R3,
M-1272,"2004 South Loop, Wiley, CO 81092",Resident 1272,A-20272,2025-02-13,413066,gallons,,R3,
M-1272,"2004 South Loop, Wiley, CO 81092",Resident 1272,A-20272,2025-03-14,419065,gallons,,R3,
M-1272,"2004 South Loop, Wiley, CO 81092",Resident 1272,A-20272,2025-04-15,425158,gallons,,R3,
M-1272,"2004 South Loop, Wiley, CO 81092",Resident 1272,A-20272,2025-05-16,433452,gallons,,R3,
M-1272,"2004 South Loop, Wiley, CO 81092",Resident 1272,A-20272,2025-06-12,441774,gallons,,R3,
M-1273,"2011 Pioneer Rd, Wiley, CO 81092",Resident 1273,A-20273,2025-01-12,433055,gallons,,R4,
M-1273,"2011 Pioneer Rd, Wiley, CO 81092",Resident 1273,A-20273,2025-02-13,438965,gallons,,R4,
M-1273,"2011 Pioneer Rd, Wiley, CO 81092",Resident 1273,A-20273,2025-03-14,445267,gallons,,R4,
M-1273,"2011 Pioneer Rd, Wiley, CO 81092",Resident 1273,A-20273,2025-04-15,452720,gallons,,R4,
M-1273,"2011 Pioneer Rd, Wiley, CO 81092",Resident 1273,A-20273,2025-05-16,460128,gallons,,R4,
M-1273,"2011 Pioneer Rd, Wiley, CO 81092",Resident 1273,A-20273,2025-06-12,468499,gallons,,R4,
M-1274,"2018 Cottonwood Dr, Wiley, CO 81092",Resident 1274,A-20274,2025-01-12,252636,gallons,,R5,
M-1274,"2018 Cottonwood Dr, Wiley, CO 81092",Resident 1274,A-20274,2025-02-13,257580,gallons,,R5,
M-1274,"2018 Cottonwood Dr, Wiley, CO 81092",Resident 1274,A-20274,2025-03-14,264161,gallons,,R5,
M-1274,"2018 Cottonwood Dr, Wiley, CO 81092",Resident 1274,A-20274,2025-04-15,269637,gallons,,R5,
M-1274,"2018 Cottonwood Dr, Wiley, CO 81092",Resident 1274,A-20274,2025-05-16,276841,gallons,,R5,
M-1274,"2018 Cottonwood Dr, Wiley, CO 81092",Resident 1274,A-20274,2025-06-12,284602,gallons,,R5,
M-1275,"2025 Sand Creek Rd, Wiley, CO 81092",Resident 1275,A-20275,2025-01-12,319213,gallons,,R6,
M-1275,"2025 Sand Creek Rd, Wiley, CO 81092",Resident 1275,A-20275,2025-02-13,322750,gallons,,R6,
M-1275,"2025 Sand Creek Rd, Wiley, CO 81092",Resident 1275,A-20275,2025-03-14,327046,gallons,,R6,
M-1275,"2025 Sand Creek Rd, Wiley, CO 81092",Resident 1275,A-20275,2025-04-15,331844,gallons,,R6,
M-1275,"2025 Sand Creek Rd, Wiley, CO 81092",Resident 1275,A-20275,2025-05-16,336138,gallons,,R6,
M-1275,"2025 Sand Creek Rd, Wiley, CO 81092",Resident 1275,A-20275,2025-06-12,341032,gallons,,R6,
M-1276,"2032 Prairie View, Wiley, CO 81092",Resident 1276,A-20276,2025-01-12,317477,gallons,,R1,
M-1276,"2032 Prairie View, Wiley, CO 81092",Resident 1276,A-20276,2025-02-13,322705,gallons,,R1,
M-1276,"2032 Prairie View, Wiley, CO 81092",Resident 1276,A-20276,2025-03-14,328151,gallons,,R1,
M-1276,"2032 Prairie View, Wiley, CO 81092",Resident 1276,A-20276,2025-04-15,335085,gallons,,R1,
M-1276,"2032 Prairie View, Wiley, CO 81092",Resident 1276,A-20276,2025-05-16,342762,gallons,,R1,
M-1276,"2032 Prairie View, Wiley, CO 81092",Resident 1276,A-20276,2025-06-12,352025,gallons,,R1,
M-1277,"2039 School House Rd, Wiley, CO 81092",Resident 1277,A-20277,2025-01-12,314845,gallons,,R2,
M-1277,"2039 School House Rd, Wiley, CO 81092",Resident 1277,A-20277,2025-02-13,319452,gallons,,R2,
M-1277,"2039 School House Rd, Wiley, CO 81092",Resident 1277,A-20277,2025-03-14,324428,gallons,,R2,
M-1277,"2039 School House Rd, Wiley, CO 81092",Resident 1277,A-20277,2025-04-15,330474,gallons,,R2,
M-1277,"2039 School House Rd, Wiley, CO 81092",Resident 1277,A-20277,2025-05-16,336083,gallons,,R2,
M-1277,"2039 School House Rd, Wiley, CO 81092",Resident 1277,A-20277,2025-06-12,343813,gallons,,R2,
M-1278,"2046 Cemetery Rd, Wiley, CO 81092",Resident 1278,A-20278,2025-01-12,183355,gallons,,R3,
M-1278,"2046 Cemetery Rd, Wiley, CO 81092",Resident 1278,A-20278,2025-02-13,185858,gallons,,R3,
M-1278,"2046 Cemetery Rd, Wiley, CO 81092",Resident 1278,A-20278,2025-03-14,189578,gallons,,R3,
M-1278,"2046 Cemetery Rd, Wiley, CO 81092",Resident 1278,A-20278,2025-04-15,192915,gallons,,R3,
M-1278,"2046 Cemetery Rd, Wiley, CO 81092",Resident 1278,A-20278,2025-05-16,197521,gallons,,R3,
M-1278,"2046 Cemetery Rd, Wiley, CO 81092",Resident 1278,A-20278,2025-06-12,202842,gallons,,R3,
M-1279,"2053 Grain Elevator Rd, Wiley, CO 81092",Resident 1279,A-20279,2025-01-12,335283,gallons,,R4,
M-1279,"2053 Grain Elevator Rd, Wiley, CO 81092",Resident 1279,A-20279,2025-02-13,337756,gallons,,R4,
M-1279,"2053 Grain Elevator Rd, Wiley, CO 81092",Resident 1279,A-20279,2025-03-14,340644,gallons,,R4,
M-1279,"2053 Grain Elevator Rd, Wiley, CO 81092",Resident 1279,A-20279,2025-04-15,343547,gallons,,R4,
M-1279,"2053 Grain Elevator Rd, Wiley, CO 81092",Resident 1279,A-20279,2025-05-16,346572,gallons,,R4,
M-1279,"2053 Grain Elevator Rd, Wiley, CO 81092",Resident 1279,A-20279,2025-06-12,350572,gallons,,R4,
M-1280,"2060 Main St, Wiley, CO 81092",Resident 1280,A-20280,2025-01-12,315822,gallons,,R5,
M-1280,"2060 Main St, Wiley, CO 81092",Resident 1280,A-20280,2025-02-13,317898,gallons,,R5,
M-1280,"2060 Main St, Wiley, CO 81092",Resident 1280,A-20280,2025-03-14,320924,gallons,,R5,
M-1280,"2060 Main St, Wiley, CO 81092",Resident 1280,A-20280,2025-04-15,324356,gallons,,R5,
M-1280,"2060 Main St, Wiley, CO 81092",Resident 1280,A-20280,2025-05-16,327400,gallons,,R5,
M-1280,"2060 Main St, Wiley, CO 81092",Resident 1280,A-20280,2025-06-12,331530,gallons,,R5,
M-1281,"2067 County Rd 10, Wiley, CO 81092",Resident 1281,A-20281,2025-01-12,184384,gallons,,R6,
M-1281,"2067 County Rd 10, Wiley, CO 81092",Resident 1281,A-20281,2025-02-13,190443,gallons,,R6,
M-1281,"2067 County Rd 10, Wiley, CO 81092",Resident 1281,A-20281,2025-03-14,199100,gallons,,R6,
M-1281,"2067 County Rd 10, Wiley, CO 81092",Resident 1281,A-20281,2025-04-15,206550,gallons,,R6,
M-1281,"2067 County Rd 10, Wiley, CO 81092",Resident 1281,A-20281,2025-05-16,214255,gallons,,R6,
M-1281,"2067 County Rd 10, Wiley, CO 81092",Resident 1281,A-20281,2025-06-12,224075,gallons,,R6,
M-1282,"2074 County Rd 14, Wiley, CO 81092",Resident 1282,A-20282,2025-01-12,428762,gallons,,R1,
M-1282,"2074 County Rd 14, Wiley, CO 81092",Resident 1282,A-20282,2025-02-13,433483,gallons,,R1,
M-1282,"2074 County Rd 14, Wiley, CO 81092",Resident 1282,A-20282,2025-03-14,438711,gallons,,R1,
M-1282,"2074 County Rd 14, Wiley, CO 81092",Resident 1282,A-20282,2025-04-15,445296,gallons,,R1,
M-1282,"2074 County Rd 14, Wiley, CO 81092",Resident 1282,A-20282,2025-05-16,451290,gallons,,R1,
M-1282,"2074 County Rd 14, Wiley, CO 81092",Resident 1282,A-20282,2025-06-12,459686,gallons,,R1,
M-1283,"2081 Highway 287, Wiley, CO 81092",Resident 1283,A-20283,2025-01-12,124401,gallons,,R2,
M-1283,"2081 Highway 287, Wiley, CO 81092",Resident 1283,A-20283,2025-02-13,128527,gallons,,R2,
M-1283,"2081 Highway 287, Wiley, CO 81092",Resident 1283,A-20283,2025-03-14,133335,gallons,,R2,
M-1283,"2081 Highway 287, Wiley, CO 81092",Resident 1283,A-20283,2025-04-15,138631,gallons,,R2,
M-1283,"2081 Highway 287, Wiley, CO 81092",Resident 1283,A-20283,2025-05-16,143969,gallons,,R2,
M-1283,"2081 Highway 287, Wiley, CO 81092",Resident 1283,A-20283,2025-06-12,150480,gallons,,R2,
M-1284,"2088 Maple Ave, Wiley, CO 81092",Resident 1284,A-20284,2025-01-12,232252,gallons,,R3,
M-1284,"2088 Maple Ave, Wiley, CO 81092",Resident 1284,A-20284,2025-02-13,236728,gallons,,R3,
M-1284,"2088 Maple Ave, Wiley, CO 81092",Resident 1284,A-20284,2025-03-14,241997,gallons,,R3,
M-1284,"2088 Maple Ave, Wiley, CO 81092",Resident 1284,A-20284,2025-04-15,248234,gallons,,R3,
M-1284,"2088 Maple Ave, Wiley, CO 81092",Resident 1284,A-20284,2025-05-16,254289,gallons,,R3,
M-1284,"2088 Maple Ave, Wiley, CO 81092",Resident 1284,A-20284,2025-06-12,261299,gallons,,R3,
M-1285,"2095 Oak St, Wiley, CO 81092",Resident 1285,A-20285,2025-01-12,354006,gallons,,R4,
M-1285,"2095 Oak St, Wiley, CO 81092",Resident 1285,A-20285,2025-02-13,358168,gallons,,R4,
M-1285,"2095 Oak St, Wiley, CO 81092",Resident 1285,A-20285,2025-03-14,363100,gallons,,R4,
M-1285,"2095 Oak St, Wiley, CO 81092",Resident 1285,A-20285,2025-04-15,368262,gallons,,R4,
M-1285,"2095 Oak St, Wiley, CO 81092",Resident 1285,A-20285,2025-05-16,374708,gallons,,R4,
M-1285,"2095 Oak St, Wiley, CO 81092",Resident 1285,A-20285,2025-06-12,381510,gallons,,R4,
M-1286,"2102 Elm St, Wiley, CO 81092",Resident 1286,A-20286,2025-01-12,433469,gallons,,R5,
M-1286,"2102 Elm St, Wiley, CO 81092",Resident 1286,A-20286,2025-02-13,438092,gallons,,R5,
M-1286,"2102 Elm St, Wiley, CO 81092",Resident 1286,A-20286,2025-03-14,443498,gallons,,R5,
M-1286,"2102 Elm St, Wiley, CO 81092",Resident 1286,A-20286,2025-04-15,450265,gallons,,R5,
M-1286,"2102 Elm St, Wiley, CO 81092",Resident 1286,A-20286,2025-05-16,456573,gallons,,R5,
M-1286,"2102 Elm St, Wiley, CO 81092",Resident 1286,A-20286,2025-06-12,463653,gallons,,R5,
M-1287,"2109 3rd Ave, Wiley, CO 81092",Resident 1287,A-20287,2025-01-12,427858,gallons,,R6,
M-1287,"2109 3rd Ave, Wiley, CO 81092",Resident 1287,A-20287,2025-02-13,433561,gallons,,R6,
M-1287,"2109 3rd Ave, Wiley, CO 81092",Resident 1287,A-20287,2025-03-14,442189,gallons,,R6,
M-1287,"2109 3rd Ave, Wiley, CO 81092",Resident 1287,A-20287,2025-04-15,451376,gallons,,R6,
M-1287,"2109 3rd Ave, Wiley, CO 81092",Resident 1287,A-20287,2025-05-16,461347,gallons,,R6,
M-1287,"2109 3rd Ave, Wiley, CO 81092",Resident 1287,A-20287,2025-06-12,472396,gallons,,R6,
M-1288,"2116 5th St, Wiley, CO 81092",Resident 1288,A-20288,2025-01-12,389826,gallons,,R1,
M-1288,"2116 5th St, Wiley, CO 81092",Resident 1288,A-20288,2025-02-13,391757,gallons,,R1,
M-1288,"2116 5th St, Wiley, CO 81092",Resident 1288,A-20288,2025-03-14,394658,gallons,,R1,
M-1288,"2116 5th St, Wiley, CO 81092",Resident 1288,A-20288,2025-06-12,398136,gallons,,R1,
M-1289,"2123 Ranch Rd, Wiley, CO 81092",Resident 1289,A-20289,2025-01-12,270533,gallons,,R2,
M-1289,"2123 Ranch Rd, Wiley, CO 81092",Resident 1289,A-20289,2025-02-13,276236,gallons,,R2,
M-1289,"2123 Ranch Rd, Wiley, CO 81092",Resident 1289,A-20289,2025-03-14,284407,gallons,,R2,
M-1289,"2123 Ranch Rd, Wiley, CO 81092",Resident 1289,A-20289,2025-04-15,291120,gallons,,R2,
M-1289,"2123 Ranch Rd, Wiley, CO 81092",Resident 1289,A-20289,2025-05-16,299448,gallons,,R2,
M-1289,"2123 Ranch Rd, Wiley, CO 81092",Resident 1289,A-20289,2025-06-12,309980,gallons,,R2,
M-1290,"2130 Irrigation Ln, Wiley, CO 81092",Resident 1290,A-20290,2025-01-12,141987,gallons,,R3,
M-1290,"2130 Irrigation Ln, Wiley, CO 81092",Resident 1290,A-20290,2025-02-13,147878,gallons,,R3,
M-1290,"2130 Irrigation Ln, Wiley, CO 81092",Resident 1290,A-20290,2025-03-14,154389,gallons,,R3,
M-1290,"2130 Irrigation Ln, Wiley, CO 81092",Resident 1290,A-20290,2025-04-15,161688,gallons,,R3,
M-1290,"2130 Irrigation Ln, Wiley, CO 81092",Resident 1290,A-20290,2025-05-16,169173,gallons,,R3,
M-1290,"2130 Irrigation Ln, Wiley, CO 81092",Resident 1290,A-20290,2025-06-12,178121,gallons,,R3,
M-1291,"2137 North Frontage, Wiley, CO 81092",Resident 1291,A-20291,2025-01-12,214936,gallons,,R4,
M-1291,"2137 North Frontage, Wiley, CO 81092",Resident 1291,A-20291,2025-02-13,221196,gallons,,R4,
M-1291,"2137 North Frontage, Wiley, CO 81092",Resident 1291,A-20291,2025-03-14,229444,gallons,,R4,
M-1291,"2137 North Frontage, Wiley, CO 81092",Resident 1291,A-20291,2025-04-15,236706,gallons,,R4,
M-1291,"2137 North Frontage, Wiley, CO 81092",Resident 1291,A-20291,2025-05-16,245313,gallons,,R4,
M-1291,"2137 North Frontage, Wiley, CO 81092",Resident 1291,A-20291,2025-06-12,254582,gallons,,R4,
M-1292,"2144 South Loop, Wiley, CO 81092",Resident 1292,A-20292,2025-01-12,229236,gallons,,R5,
M-1292,"2144 South Loop, Wiley, CO 81092",Resident 1292,A-20292,2025-02-13,231215,gallons,,R5,
M-1292,"2144 South Loop, Wiley, CO 81092",Resident 1292,A-20292,2025-03-14,234065,gallons,,R5,
M-1292,"2144 South Loop, Wiley, CO 81092",Resident 1292,A-20292,2025-04-15,236914,gallons,,R5,
M-1292,"2144 South Loop, Wiley, CO 81092",Resident 1292,A-20292,2025-05-16,240067,gallons,,R5,
M-1292,"2144 South Loop, Wiley, CO 81092",Resident 1292,A-20292,2025-06-12,243776,gallons,,R5,
M-1293,"2151 Pioneer Rd, Wiley, CO 81092",Resident 1293,A-20293,2025-01-12,183211,gallons,,R6,
M-1293,"2151 Pioneer Rd, Wiley, CO 81092",Resident 1293,A-20293,2025-02-13,185242,gallons,,R6,
M-1293,"2151 Pioneer Rd, Wiley, CO 81092",Resident 1293,A-20293,2025-03-14,187607,gallons,,R6,
M-1293,"2151 Pioneer Rd, Wiley, CO 81092",Resident 1293,A-20293,2025-04-15,190121,gallons,,R6,
M-1293,"2151 Pioneer Rd, Wiley, CO 81092",Resident 1293,A-20293,2025-05-16,193624,gallons,,R6,
M-1293,"2151 Pioneer Rd, Wiley, CO 81092",Resident 1293,A-20293,2025-06-12,197080,gallons,,R6,
M-1294,"2158 Cottonwood Dr, Wiley, CO 81092",Resident 1294,A-20294,2025-01-12,186586,gallons,,R1,
M-1294,"2158 Cottonwood Dr, Wiley, CO 81092",Resident 1294,A-20294,2025-02-13,190435,gallons,,R1,
M-1294,"2158 Cottonwood Dr, Wiley, CO 81092",Resident 1294,A-20294,2025-03-14,195517,gallons,,R1,
M-1294,"2158 Cottonwood Dr, Wiley, CO 81092",Resident 1294,A-20294,2025-04-15,200945,gallons,,R1,
M-1294,"2158 Cottonwood Dr, Wiley, CO 81092",Resident 1294,A-20294,2025-05-16,206946,gallons,,R1,
M-1294,"2158 Cottonwood Dr, Wiley, CO 81092",Resident 1294,A-20294,2025-06-12,214058,gallons,,R1,
M-1295,"2165 Sand Creek Rd, Wiley, CO 81092",Resident 1295,A-20295,2025-01-12,177217,gallons,,R2,
M-1295,"2165 Sand Creek Rd, Wiley, CO 81092",Resident 1295,A-20295,2025-02-13,184142,gallons,,R2,
M-1295,"2165 Sand Creek Rd, Wiley, CO 81092",Resident 1295,A-20295,2025-03-14,191953,gallons,,R2,
M-1295,"2165 Sand Creek Rd, Wiley, CO 81092",Resident 1295,A-20295,2025-04-15,201032,gallons,,R2,
M-1295,"2165 Sand Creek Rd, Wiley, CO 81092",Resident 1295,A-20295,2025-05-16,209021,gallons,,R2,
M-1295,"2165 Sand Creek Rd, Wiley, CO 81092",Resident 1295,A-20295,2025-06-12,219112,gallons,,R2,
M-1296,"2172 Prairie View, Wiley, CO 81092",Resident 1296,A-20296,2025-01-12,90934,gallons,,R3,
M-1296,"2172 Prairie View, Wiley, CO 81092",Resident 1296,A-20296,2025-02-13,94521,gallons,,R3,
M-1296,"2172 Prairie View, Wiley, CO 81092",Resident 1296,A-20296,2025-03-14,99520,gallons,,R3,
M-1296,"2172 Prairie View, Wiley, CO 81092",Resident 1296,A-20296,2025-04-15,104927,gallons,,R3,
M-1296,"2172 Prairie View, Wiley, CO 81092",Resident 1296,A-20296,2025-05-16,110947,gallons,,R3,
M-1296,"2172 Prairie View, Wiley, CO 81092",Resident 1296,A-20296,2025-06-12,118178,gallons,,R3,
M-1297,"2179 School House Rd, Wiley, CO 81092",Resident 1297,A-20297,2025-01-12,91733,gallons,,R4,
M-1297,"2179 School House Rd, Wiley, CO 81092",Resident 1297,A-20297,2025-02-13,94367,gallons,,R4,
M-1297,"2179 School House Rd, Wiley, CO 81092",Resident 1297,A-20297,2025-03-14,97626,gallons,,R4,
M-1297,"2179 School House Rd, Wiley, CO 81092",Resident 1297,A-20297,2025-04-15,100835,gallons,,R4,
M-1297,"2179 School House Rd, Wiley, CO 81092",Resident 1297,A-20297,2025-05-16,104828,gallons,,R4,
M-1297,"2179 School House Rd, Wiley, CO 81092",Resident 1297,A-20297,2025-06-12,109044,gallons,,R4,
M-1298,"2186 Cemetery Rd, Wiley, CO 81092",Resident 1298,A-20298,2025-01-12,200604,gallons,,R5,
M-1298,"2186 Cemetery Rd, Wiley, CO 81092",Resident 1298,A-20298,2025-02-13,203616,gallons,,R5,
M-1298,"2186 Cemetery Rd, Wiley, CO 81092",Resident 1298,A-20298,2025-03-14,207547,gallons,,R5,
M-1298,"2186 Cemetery Rd, Wiley, CO 81092",Resident 1298,A-20298,2025-04-15,211811,gallons,,R5,
M-1298,"2186 Cemetery Rd, Wiley, CO 81092",Resident 1298,A-20298,2025-05-16,217172,gallons,,R5,
M-1298,"2186 Cemetery Rd, Wiley, CO 81092",Resident 1298,A-20298,2025-06-12,223742,gallons,,R5,
M-1299,"2193 Grain Elevator Rd, Wiley, CO 81092",Resident 1299,A-20299,2025-01-12,319037,gallons,,R6,
M-1299,"2193 Grain Elevator Rd, Wiley, CO 81092",Resident 1299,A-20299,2025-02-13,321441,gallons,,R6,
M-1299,"2193 Grain Elevator Rd, Wiley, CO 81092",Resident 1299,A-20299,2025-03-14,325764,gallons,,R6,
M-1299,"2193 Grain Elevator Rd, Wiley, CO 81092",Resident 1299,A-20299,2025-04-15,329442,gallons,,R6,
M-1299,"2193 Grain Elevator Rd, Wiley, CO 81092",Resident 1299,A-20299,2025-05-16,333996,gallons,,R6,
M-1299,"2193 Grain Elevator Rd, Wiley, CO 81092",Resident 1299,A-20299,2025-06-12,339578,gallons,,R6,
M-1300,"2200 Main St, Wiley, CO 81092",Resident 1300,A-20300,2025-01-12,392748,gallons,,R1,
M-1300,"2200 Main St, Wiley, CO 81092",Resident 1300,A-20300,2025-02-13,395798,gallons,,R1,
M-1300,"2200 Main St, Wiley, CO 81092",Resident 1300,A-20300,2025-03-14,399027,gallons,,R1,
M-1300,"2200 Main St, Wiley, CO 81092",Resident 1300,A-20300,2025-04-15,402688,gallons,,R1,
M-1300,"2200 Main St, Wiley, CO 81092",Resident 1300,A-20300,2025-05-16,406554,gallons,,R1,
M-1300,"2200 Main St, Wiley, CO 81092",Resident 1300,A-20300,2025-06-12,412359,gallons,,R1,
