Meter ID,Service Address,Occupant Name,Account Number,Reading Date,Cumulative Reading,Unit,Diagnostic Flag,Route,Notes
M-1001,"107 County Rd 10, Wiley, CO 81092",Resident 1001,A-20001,2024-08-12,342262,gallons,,R2,
M-1002,"114 County Rd 14, Wiley, CO 81092",Resident 1002,A-20002,2024-08-12,288864,gallons,,R3,
M-1003,"121 Highway 287, Wiley, CO 81092",Resident 1003,A-20003,2024-08-12,126657,gallons,,R4,
M-1004,"128 Maple Ave, Wiley, CO 81092",Resident 1004,A-20004,2024-08-12,282791,gallons,,R5,
M-1005,"135 Oak St, Wiley, CO 81092",Resident 1005,A-20005,2024-08-12,151660,gallons,,R6,
M-1006,"142 Elm St, Wiley, CO 81092",Resident 1006,A-20006,2024-08-12,202049,gallons,,R1,
M-1007,"149 3rd Ave, Wiley, CO 81092",Resident 1007,A-20007,2024-08-12,297978,gallons,,R2,
M-1008,"156 5th St, Wiley, CO 81092",Resident 1008,A-20008,2024-08-12,185136,gallons,,R3,
M-1009,"163 Ranch Rd, Wiley, CO 81092",Resident 1009,A-20009,2024-08-12,101157,gallons,,R4,
M-1010,"170 Irrigation Ln, Wiley, CO 81092",Resident 1010,A-20010,2024-08-12,285822,gallons,,R5,
M-1011,"177 North Frontage, Wiley, CO 81092",Resident 1011,A-20011,2024-08-12,349768,gallons,,R6,
M-1012,"184 South Loop, Wiley, CO 81092",Resident 1012,A-20012,2024-08-12,113396,gallons,,R1,
M-1013,"191 Pioneer Rd, Wiley, CO 81092",Resident 1013,A-20013,2024-08-12,84460,gallons,,R2,
M-1014,"198 Cottonwood Dr, Wiley, CO 81092",Resident 1014,A-20014,2024-08-12,395753,gallons,,R3,
M-1015,"205 Sand Creek Rd, Wiley, CO 81092",Resident 1015,A-20015,2024-08-12,341999,gallons,,R4,
M-1016,"212 Prairie View, Wiley, CO 81092",Resident 1016,A-20016,2024-08-12,66421,gallons,,R5,
M-1017,"219 School House Rd, Wiley, CO 81092",Resident 1017,A-20017,2024-08-12,102234,gallons,,R6,
M-1018,"226 Cemetery Rd, Wiley, CO 81092",Resident 1018,A-20018,2024-08-12,176784,gallons,,R1,
M-1019,"233 Grain Elevator Rd, Wiley, CO 81092",Resident 1019,A-20019,2024-08-12,140898,gallons,,R2,
M-1020,"240 Main St, Wiley, CO 81092",Resident 1020,A-20020,2024-08-12,269028,gallons,,R3,
M-1021,"247 County Rd 10, Wiley, CO 81092",Resident 1021,A-20021,2024-08-12,310084,gallons,,R4,
M-1022,"254 County Rd 14, Wiley, CO 81092",Resident 1022,A-20022,2024-08-12,311701,gallons,,R5,
M-1023,"261 Highway 287, Wiley, CO 81092",Resident 1023,A-20023,2024-08-12,172175,gallons,,R6,
M-1024,"268 Maple Ave, Wiley, CO 81092",Resident 1024,A-20024,2024-08-12,264000,gallons,,R1,
M-1025,"275 Oak St, Wiley, CO 81092",Resident 1025,A-20025,2024-08-12,90179,gallons,,R2,
M-1026,"282 Elm St, Wiley, CO 81092",Resident 1026,A-20026,2024-08-12,142182,gallons,,R3,
M-1027,"289 3rd Ave, Wiley, CO 81092",Resident 1027,A-20027,2024-08-12,260857,gallons,,R4,
M-1028,"296 5th St, Wiley, CO 81092",Resident 1028,A-20028,2024-08-12,61629,gallons,,R5,
M-1029,"303 Ranch Rd, Wiley, CO 81092",Resident 1029,A-20029,2024-08-12,266124,gallons,,R6,
M-1030,"310 Irrigation Ln, Wiley, CO 81092",Resident 1030,A-20030,2024-08-12,198051,gallons,,R1,
M-1031,"317 North Frontage, Wiley, CO 81092",Resident 1031,A-20031,2024-08-12,296918,gallons,,R2,
M-1032,"324 South Loop, Wiley, CO 81092",Resident 1032,A-20032,2024-08-12,205036,gallons,,R3,
M-1033,"331 Pioneer Rd, Wiley, CO 81092",Resident 1033,A-20033,2024-08-12,310091,gallons,,R4,Known large lot / livestock
M-1034,"338 Cottonwood Dr, Wiley, CO 81092",Resident 1034,A-20034,2024-08-12,351561,gallons,,R5,
M-1035,"345 Sand Creek Rd, Wiley, CO 81092",Resident 1035,A-20035,2024-08-12,403010,gallons,,R6,
M-1036,"352 Prairie View, Wiley, CO 81092",Resident 1036,A-20036,2024-08-12,307976,gallons,,R1,
M-1037,"359 School House Rd, Wiley, CO 81092",Resident 1037,A-20037,2024-08-12,141658,gallons,,R2,
M-1038,"366 Cemetery Rd, Wiley, CO 81092",Resident 1038,A-20038,2024-08-12,154490,gallons,,R3,
M-1039,"373 Grain Elevator Rd, Wiley, CO 81092",Resident 1039,A-20039,2024-08-12,217103,gallons,,R4,
M-1040,"380 Main St, Wiley, CO 81092",Resident 1040,A-20040,2024-08-12,171829,gallons,,R5,
M-1041,"387 County Rd 10, Wiley, CO 81092",Resident 1041,A-20041,2024-08-12,87650,gallons,,R6,
M-1042,"394 County Rd 14, Wiley, CO 81092",Resident 1042,A-20042,2024-08-12,359290,gallons,,R1,
M-1043,"401 Highway 287, Wiley, CO 81092",Resident 1043,A-20043,2024-08-12,338360,gallons,,R2,
M-1044,"408 Maple Ave, Wiley, CO 81092",Resident 1044,A-20044,2024-08-12,86965,gallons,,R3,
M-1045,"415 Oak St, Wiley, CO 81092",Resident 1045,A-20045,2024-08-12,225050,gallons,,R4,
M-1046,"422 Elm St, Wiley, CO 81092",Resident 1046,A-20046,2024-08-12,86301,gallons,,R5,
M-1047,"429 3rd Ave, Wiley, CO 81092",Resident 1047,A-20047,2024-08-12,80438,gallons,,R6,
M-1048,"436 5th St, Wiley, CO 81092",Resident 1048,A-20048,2024-08-12,359838,gallons,,R1,
M-1049,"443 Ranch Rd, Wiley, CO 81092",Resident 1049,A-20049,2024-08-12,306567,gallons,,R2,
M-1050,"450 Irrigation Ln, Wiley, CO 81092",Resident 1050,A-20050,2024-08-12,317912,gallons,,R3,
M-1051,"457 North Frontage, Wiley, CO 81092",Resident 1051,A-20051,2024-08-12,335831,gallons,,R4,
M-1052,"464 South Loop, Wiley, CO 81092",Resident 1052,A-20052,2024-08-12,138427,gallons,,R5,
M-1053,"471 Pioneer Rd, Wiley, CO 81092",Resident 1053,A-20053,2024-08-12,89199,gallons,,R6,
M-1054,"478 Cottonwood Dr, Wiley, CO 81092",Resident 1054,A-20054,2024-08-12,322217,gallons,,R1,
M-1055,"485 Sand Creek Rd, Wiley, CO 81092",Resident 1055,A-20055,2024-08-12,95363,gallons,,R2,
M-1056,"492 Prairie View, Wiley, CO 81092",Resident 1056,A-20056,2024-08-12,157493,gallons,,R3,
M-1057,"499 School House Rd, Wiley, CO 81092",Resident 1057,A-20057,2024-08-12,93781,gallons,,R4,
M-1058,"506 Cemetery Rd, Wiley, CO 81092",Resident 1058,A-20058,2024-08-12,371949,gallons,,R5,
M-1059,"513 Grain Elevator Rd, Wiley, CO 81092",Resident 1059,A-20059,2024-08-12,90090,gallons,,R6,
M-1060,"520 Main St, Wiley, CO 81092",Resident 1060,A-20060,2024-08-12,180888,gallons,,R1,
M-1061,"527 County Rd 10, Wiley, CO 81092",Resident 1061,A-20061,2024-08-12,265945,gallons,,R2,
M-1062,"534 County Rd 14, Wiley, CO 81092",Resident 1062,A-20062,2024-08-12,122652,gallons,,R3,
M-1063,"541 Highway 287, Wiley, CO 81092",Resident 1063,A-20063,2024-08-12,354661,gallons,,R4,
M-1064,"548 Maple Ave, Wiley, CO 81092",Resident 1064,A-20064,2024-08-12,187537,gallons,,R5,
M-1065,"555 Oak St, Wiley, CO 81092",Resident 1065,A-20065,2024-08-12,362892,gallons,,R6,
M-1066,"562 Elm St, Wiley, CO 81092",Resident 1066,A-20066,2024-08-12,369197,gallons,,R1,
M-1067,"569 3rd Ave, Wiley, CO 81092",Resident 1067,A-20067,2024-08-12,81182,gallons,,R2,
M-1068,"576 5th St, Wiley, CO 81092",Resident 1068,A-20068,2024-08-12,380523,gallons,,R3,
M-1069,"583 Ranch Rd, Wiley, CO 81092",Resident 1069,A-20069,2024-08-12,103481,gallons,,R4,
M-1070,"590 Irrigation Ln, Wiley, CO 81092",Resident 1070,A-20070,2024-08-12,273809,gallons,,R5,
M-1071,"597 North Frontage, Wiley, CO 81092",Resident 1071,A-20071,2024-08-12,398176,gallons,,R6,
M-1072,"604 South Loop, Wiley, CO 81092",Resident 1072,A-20072,2024-08-12,366613,gallons,,R1,
M-1073,"611 Pioneer Rd, Wiley, CO 81092",Resident 1073,A-20073,2024-08-12,351369,gallons,,R2,
M-1074,"618 Cottonwood Dr, Wiley, CO 81092",Resident 1074,A-20074,2024-08-12,329738,gallons,,R3,
M-1075,"625 Sand Creek Rd, Wiley, CO 81092",Resident 1075,A-20075,2024-08-12,219645,gallons,,R4,
M-1076,"632 Prairie View, Wiley, CO 81092",Resident 1076,A-20076,2024-08-12,191477,gallons,,R5,
M-1077,"639 School House Rd, Wiley, CO 81092",Resident 1077,A-20077,2024-08-12,160975,gallons,,R6,
M-1078,"646 Cemetery Rd, Wiley, CO 81092",Resident 1078,A-20078,2024-08-12,222280,gallons,,R1,
M-1079,"653 Grain Elevator Rd, Wiley, CO 81092",Resident 1079,A-20079,2024-08-12,181010,gallons,,R2,
M-1080,"660 Main St, Wiley, CO 81092",Resident 1080,A-20080,2024-08-12,196439,gallons,,R3,
M-1081,"667 County Rd 10, Wiley, CO 81092",Resident 1081,A-20081,2024-08-12,267406,gallons,,R4,
M-1082,"674 County Rd 14, Wiley, CO 81092",Resident 1082,A-20082,2024-08-12,124838,gallons,,R5,
M-1083,"681 Highway 287, Wiley, CO 81092",Resident 1083,A-20083,2024-08-12,393371,gallons,,R6,
M-1084,"688 Maple Ave, Wiley, CO 81092",Resident 1084,A-20084,2024-08-12,213344,gallons,,R1,
M-1085,"695 Oak St, Wiley, CO 81092",Resident 1085,A-20085,2024-08-12,296396,gallons,,R2,
M-1086,"702 Elm St, Wiley, CO 81092",Resident 1086,A-20086,2024-08-12,221155,gallons,,R3,
M-1087,"709 3rd Ave, Wiley, CO 81092",Resident 1087,A-20087,2024-08-12,96941,gallons,,R4,
M-1088,"716 5th St, Wiley, CO 81092",Resident 1088,A-20088,2024-08-12,61059,gallons,,R5,
M-1089,"723 Ranch Rd, Wiley, CO 81092",Resident 1089,A-20089,2024-08-12,313322,gallons,,R6,Known large lot / livestock
M-1090,"730 Irrigation Ln, Wiley, CO 81092",Resident 1090,A-20090,2024-08-12,385260,gallons,,R1,
M-1091,"737 North Frontage, Wiley, CO 81092",Resident 1091,A-20091,2024-08-12,353813,gallons,,R2,
M-1092,"744 South Loop, Wiley, CO 81092",Resident 1092,A-20092,2024-08-12,107103,gallons,,R3,
M-1093,"751 Pioneer Rd, Wiley, CO 81092",Resident 1093,A-20093,2024-08-12,96517,gallons,,R4,
M-1094,"758 Cottonwood Dr, Wiley, CO 81092",Resident 1094,A-20094,2024-08-12,342335,gallons,,R5,
M-1095,"765 Sand Creek Rd, Wiley, CO 81092",Resident 1095,A-20095,2024-08-12,167875,gallons,,R6,
M-1096,"772 Prairie View, Wiley, CO 81092",Resident 1096,A-20096,2024-08-12,319832,gallons,,R1,
M-1097,"779 School House Rd, Wiley, CO 81092",Resident 1097,A-20097,2024-08-12,197733,gallons,,R2,
M-1098,"786 Cemetery Rd, Wiley, CO 81092",Resident 1098,A-20098,2024-08-12,127324,gallons,,R3,
M-1099,"793 Grain Elevator Rd, Wiley, CO 81092",Resident 1099,A-20099,2024-08-12,238493,gallons,,R4,
M-1100,"800 Main St, Wiley, CO 81092",Resident 1100,A-20100,2024-08-12,94852,gallons,,R5,
M-1101,"807 County Rd 10, Wiley, CO 81092",Resident 1101,A-20101,2024-08-12,187129,gallons,,R6,
M-1102,"814 County Rd 14, Wiley, CO 81092",Resident 1102,A-20102,2024-08-12,252974,gallons,,R1,
M-1103,"821 Highway 287, Wiley, CO 81092",Resident 1103,A-20103,2024-08-12,205623,gallons,,R2,
M-1104,"828 Maple Ave, Wiley, CO 81092",Resident 1104,A-20104,2024-08-12,142770,gallons,,R3,
M-1105,"835 Oak St, Wiley, CO 81092",Resident 1105,A-20105,2024-08-12,286584,gallons,,R4,
M-1106,"842 Elm St, Wiley, CO 81092",Resident 1106,A-20106,2024-08-12,347236,gallons,,R5,
M-1107,"849 3rd Ave, Wiley, CO 81092",Resident 1107,A-20107,2024-08-12,212357,gallons,,R6,
M-1108,"856 5th St, Wiley, CO 81092",Resident 1108,A-20108,2024-08-12,376617,gallons,,R1,
M-1109,"863 Ranch Rd, Wiley, CO 81092",Resident 1109,A-20109,2024-08-12,396643,gallons,,R2,
M-1110,"870 Irrigation Ln, Wiley, CO 81092",Resident 1110,A-20110,2024-08-12,333192,gallons,,R3,
M-1111,"877 North Frontage, Wiley, CO 81092",Resident 1111,A-20111,2024-08-12,60441,gallons,,R4,
M-1112,"884 South Loop, Wiley, CO 81092",Resident 1112,A-20112,2024-08-12,346083,gallons,,R5,
M-1113,"891 Pioneer Rd, Wiley, CO 81092",Resident 1113,A-20113,2024-08-12,210246,gallons,,R6,
M-1114,"898 Cottonwood Dr, Wiley, CO 81092",Resident 1114,A-20114,2024-08-12,403378,gallons,,R1,
M-1115,"905 Sand Creek Rd, Wiley, CO 81092",Resident 1115,A-20115,2024-08-12,113728,gallons,,R2,
M-1116,"912 Prairie View, Wiley, CO 81092",Resident 1116,A-20116,2024-08-12,130393,gallons,,R3,
M-1117,"919 School House Rd, Wiley, CO 81092",Resident 1117,A-20117,2024-08-12,195490,gallons,,R4,
M-1118,"926 Cemetery Rd, Wiley, CO 81092",Resident 1118,A-20118,2024-08-12,116263,gallons,,R5,
M-1119,"933 Grain Elevator Rd, Wiley, CO 81092",Resident 1119,A-20119,2024-08-12,115316,gallons,,R6,
M-1120,"940 Main St, Wiley, CO 81092",Resident 1120,A-20120,2024-08-12,348811,gallons,,R1,
M-1121,"947 County Rd 10, Wiley, CO 81092",Resident 1121,A-20121,2024-08-12,139390,gallons,,R2,
M-1122,"954 County Rd 14, Wiley, CO 81092",Resident 1122,A-20122,2024-08-12,201701,gallons,,R3,
M-1123,"961 Highway 287, Wiley, CO 81092",Resident 1123,A-20123,2024-08-12,206534,gallons,,R4,
M-1124,"968 Maple Ave, Wiley, CO 81092",Resident 1124,A-20124,2024-08-12,372288,gallons,,R5,
M-1125,"975 Oak St, Wiley, CO 81092",Resident 1125,A-20125,2024-08-12,165634,gallons,,R6,
M-1126,"982 Elm St, Wiley, CO 81092",Resident 1126,A-20126,2024-08-12,233638,gallons,,R1,
M-1127,"989 3rd Ave, Wiley, CO 81092",Resident 1127,A-20127,2024-08-12,162118,gallons,,R2,
M-1128,"996 5th St, Wiley, CO 81092",Resident 1128,A-20128,2024-08-12,394326,gallons,,R3,
M-1129,"1003 Ranch Rd, Wiley, CO 81092",Resident 1129,A-20129,2024-08-12,198841,gallons,,R4,
M-1130,"1010 Irrigation Ln, Wiley, CO 81092",Resident 1130,A-20130,2024-08-12,323632,gallons,,R5,
M-1131,"1017 North Frontage, Wiley, CO 81092",Resident 1131,A-20131,2024-08-12,312385,gallons,,R6,
M-1132,"1024 South Loop, Wiley, CO 81092",Resident 1132,A-20132,2024-08-12,191461,gallons,,R1,
M-1133,"1031 Pioneer Rd, Wiley, CO 81092",Resident 1133,A-20133,2024-08-12,86606,gallons,,R2,
M-1134,"1038 Cottonwood Dr, Wiley, CO 81092",Resident 1134,A-20134,2024-08-12,106391,gallons,,R3,
M-1135,"1045 Sand Creek Rd, Wiley, CO 81092",Resident 1135,A-20135,2024-08-12,390844,gallons,,R4,
M-1136,"1052 Prairie View, Wiley, CO 81092",Resident 1136,A-20136,2024-08-12,280064,gallons,,R5,
M-1137,"1059 School House Rd, Wiley, CO 81092",Resident 1137,A-20137,2024-08-12,202765,gallons,,R6,
M-1138,"1066 Cemetery Rd, Wiley, CO 81092",Resident 1138,A-20138,2024-08-12,78671,gallons,,R1,
M-1139,"1073 Grain Elevator Rd, Wiley, CO 81092",Resident 1139,A-20139,2024-08-12,55846,gallons,,R2,
M-1140,"1080 Main St, Wiley, CO 81092",Resident 1140,A-20140,2024-08-12,234732,gallons,,R3,
M-1141,"1087 County Rd 10, Wiley, CO 81092",Resident 1141,A-20141,2024-08-12,127728,gallons,,R4,
M-1142,"1094 County Rd 14, Wiley, CO 81092",Resident 1142,A-20142,2024-08-12,387822,gallons,,R5,
M-1143,"1101 Highway 287, Wiley, CO 81092",Resident 1143,A-20143,2024-08-12,198424,gallons,,R6,
M-1144,"1108 Maple Ave, Wiley, CO 81092",Resident 1144,A-20144,2024-08-12,138069,gallons,,R1,
M-1145,"1115 Oak St, Wiley, CO 81092",Resident 1145,A-20145,2024-08-12,285838,gallons,,R2,
M-1146,"1122 Elm St, Wiley, CO 81092",Resident 1146,A-20146,2024-08-12,343677,gallons,,R3,
M-1147,"1129 3rd Ave, Wiley, CO 81092",Resident 1147,A-20147,2024-08-12,285179,gallons,,R4,
M-1148,"1136 5th St, Wiley, CO 81092",Resident 1148,A-20148,2024-08-12,349272,gallons,,R5,
M-1149,"1143 Ranch Rd, Wiley, CO 81092",Resident 1149,A-20149,2024-08-12,64321,gallons,,R6,
M-1150,"1150 Irrigation Ln, Wiley, CO 81092",Resident 1150,A-20150,2024-08-12,117348,gallons,,R1,
M-1151,"1157 North Frontage, Wiley, CO 81092",Resident 1151,A-20151,2024-08-12,99402,gallons,,R2,
M-1152,"1164 South Loop, Wiley, CO 81092",Resident 1152,A-20152,2024-08-12,132181,gallons,,R3,
M-1153,"1171 Pioneer Rd, Wiley, CO 81092",Resident 1153,A-20153,2024-08-12,343720,gallons,,R4,
M-1154,"1178 Cottonwood Dr, Wiley, CO 81092",Resident 1154,A-20154,2024-08-12,75939,gallons,,R5,
M-1155,"1185 Sand Creek Rd, Wiley, CO 81092",Resident 1155,A-20155,2024-08-12,253804,gallons,,R6,
M-1156,"1192 Prairie View, Wiley, CO 81092",Resident 1156,A-20156,2024-08-12,394892,gallons,,R1,Known large lot / livestock
M-1157,"1199 School House Rd, Wiley, CO 81092",Resident 1157,A-20157,2024-08-12,347894,gallons,,R2,
M-1158,"1206 Cemetery Rd, Wiley, CO 81092",Resident 1158,A-20158,2024-08-12,133924,gallons,,R3,
M-1159,"1213 Grain Elevator Rd, Wiley, CO 81092",Resident 1159,A-20159,2024-08-12,284524,gallons,,R4,
M-1160,"1220 Main St, Wiley, CO 81092",Resident 1160,A-20160,2024-08-12,119899,gallons,,R5,
M-1161,"1227 County Rd 10, Wiley, CO 81092",Resident 1161,A-20161,2024-08-12,82219,gallons,,R6,
M-1162,"1234 County Rd 14, Wiley, CO 81092",Resident 1162,A-20162,2024-08-12,223314,gallons,,R1,
M-1163,"1241 Highway 287, Wiley, CO 81092",Resident 1163,A-20163,2024-08-12,245123,gallons,,R2,
M-1164,"1248 Maple Ave, Wiley, CO 81092",Resident 1164,A-20164,2024-08-12,82533,gallons,,R3,
M-1165,"1255 Oak St, Wiley, CO 81092",Resident 1165,A-20165,2024-08-12,247386,gallons,,R4,
M-1166,"1262 Elm St, Wiley, CO 81092",Resident 1166,A-20166,2024-08-12,170015,gallons,,R5,
M-1167,"1269 3rd Ave, Wiley, CO 81092",Resident 1167,A-20167,2024-08-12,187422,gallons,,R6,
M-1168,"1276 5th St, Wiley, CO 81092",Resident 1168,A-20168,2024-08-12,410253,gallons,,R1,
M-1169,"1283 Ranch Rd, Wiley, CO 81092",Resident 1169,A-20169,2024-08-12,113844,gallons,,R2,
M-1170,"1290 Irrigation Ln, Wiley, CO 81092",Resident 1170,A-20170,2024-08-12,242382,gallons,,R3,
M-1171,"1297 North Frontage, Wiley, CO 81092",Resident 1171,A-20171,2024-08-12,347589,gallons,,R4,
M-1172,"1304 South Loop, Wiley, CO 81092",Resident 1172,A-20172,2024-08-12,268394,gallons,,R5,
M-1173,"1311 Pioneer Rd, Wiley, CO 81092",Resident 1173,A-20173,2024-08-12,384001,gallons,,R6,
M-1174,"1318 Cottonwood Dr, Wiley, CO 81092",Resident 1174,A-20174,2024-08-12,135297,gallons,,R1,
M-1175,"1325 Sand Creek Rd, Wiley, CO 81092",Resident 1175,A-20175,2024-08-12,181414,gallons,,R2,
M-1176,"1332 Prairie View, Wiley, CO 81092",Resident 1176,A-20176,2024-08-12,138470,gallons,,R3,
M-1177,"1339 School House Rd, Wiley, CO 81092",Resident 1177,A-20177,2024-08-12,153256,gallons,,R4,
M-1178,"1346 Cemetery Rd, Wiley, CO 81092",Resident 1178,A-20178,2024-08-12,278336,gallons,,R5,
M-1179,"1353 Grain Elevator Rd, Wiley, CO 81092",Resident 1179,A-20179,2024-08-12,69231,gallons,,R6,
M-1180,"1360 Main St, Wiley, CO 81092",Resident 1180,A-20180,2024-08-12,151970,gallons,,R1,
M-1181,"1367 County Rd 10, Wiley, CO 81092",Resident 1181,A-20181,2024-08-12,233880,gallons,,R2,
M-1182,"1374 County Rd 14, Wiley, CO 81092",Resident 1182,A-20182,2024-08-12,271465,gallons,,R3,
M-1183,"1381 Highway 287, Wiley, CO 81092",Resident 1183,A-20183,2024-08-12,187627,gallons,,R4,
M-1184,"1388 Maple Ave, Wiley, CO 81092",Resident 1184,A-20184,2024-08-12,194302,gallons,,R5,
M-1185,"1395 Oak St, Wiley, CO 81092",Resident 1185,A-20185,2024-08-12,143315,gallons,,R6,
M-1186,"1402 Elm St, Wiley, CO 81092",Resident 1186,A-20186,2024-08-12,113427,gallons,,R1,
M-1187,"1409 3rd Ave, Wiley, CO 81092",Resident 1187,A-20187,2024-08-12,261171,gallons,,R2,
M-1188,"1416 5th St, Wiley, CO 81092",Resident 1188,A-20188,2024-08-12,79260,gallons,,R3,
M-1189,"1423 Ranch Rd, Wiley, CO 81092",Resident 1189,A-20189,2024-08-12,306454,gallons,,R4,
M-1190,"1430 Irrigation Ln, Wiley, CO 81092",Resident 1190,A-20190,2024-08-12,172242,gallons,,R5,
M-1191,"1437 North Frontage, Wiley, CO 81092",Resident 1191,A-20191,2024-08-12,158724,gallons,,R6,
M-1192,"1444 South Loop, Wiley, CO 81092",Resident 1192,A-20192,2024-08-12,297842,gallons,,R1,
M-1193,"1451 Pioneer Rd, Wiley, CO 81092",Resident 1193,A-20193,2024-08-12,245379,gallons,,R2,
M-1194,"1458 Cottonwood Dr, Wiley, CO 81092",Resident 1194,A-20194,2024-08-12,214486,gallons,,R3,
M-1195,"1465 Sand Creek Rd, Wiley, CO 81092",Resident 1195,A-20195,2024-08-12,178477,gallons,,R4,
M-1196,"1472 Prairie View, Wiley, CO 81092",Resident 1196,A-20196,2024-08-12,175639,gallons,,R5,
M-1197,"1479 School House Rd, Wiley, CO 81092",Resident 1197,A-20197,2024-08-12,65409,gallons,,R6,
M-1198,"1486 Cemetery Rd, Wiley, CO 81092",Resident 1198,A-20198,2024-08-12,405425,gallons,,R1,
M-1199,"1493 Grain Elevator Rd, Wiley, CO 81092",Resident 1199,A-20199,2024-08-12,158292,gallons,,R2,
M-1200,"1500 Main St, Wiley, CO 81092",Resident 1200,A-20200,2024-08-12,266857,gallons,,R3,
M-1201,"1507 County Rd 10, Wiley, CO 81092",Resident 1201,A-20201,2024-08-12,225481,gallons,,R4,
M-1202,"1514 County Rd 14, Wiley, CO 81092",Resident 1202,A-20202,2024-08-12,199985,gallons,,R5,
M-1203,"1521 Highway 287, Wiley, CO 81092",Resident 1203,A-20203,2024-08-12,92858,gallons,,R6,
M-1204,"1528 Maple Ave, Wiley, CO 81092",Resident 1204,A-20204,2024-08-12,201986,gallons,,R1,
M-1205,"1535 Oak St, Wiley, CO 81092",Resident 1205,A-20205,2024-08-12,239200,gallons,,R2,
M-1206,"1542 Elm St, Wiley, CO 81092",Resident 1206,A-20206,2024-08-12,389518,gallons,,R3,
M-1207,"1549 3rd Ave, Wiley, CO 81092",Resident 1207,A-20207,2024-08-12,322769,gallons,,R4,
M-1208,"1556 5th St, Wiley, CO 81092",Resident 1208,A-20208,2024-08-12,269516,gallons,,R5,
M-1209,"1563 Ranch Rd, Wiley, CO 81092",Resident 1209,A-20209,2024-08-12,334608,gallons,,R6,
M-1210,"1570 Irrigation Ln, Wiley, CO 81092",Resident 1210,A-20210,2024-08-12,227200,gallons,,R1,
M-1211,"1577 North Frontage, Wiley, CO 81092",Resident 1211,A-20211,2024-08-12,75480,gallons,,R2,
M-1212,"1584 South Loop, Wiley, CO 81092",Resident 1212,A-20212,2024-08-12,119378,gallons,,R3,
M-1213,"1591 Pioneer Rd, Wiley, CO 81092",Resident 1213,A-20213,2024-08-12,191219,gallons,,R4,
M-1214,"1598 Cottonwood Dr, Wiley, CO 81092",Resident 1214,A-20214,2024-08-12,155084,gallons,,R5,
M-1215,"1605 Sand Creek Rd, Wiley, CO 81092",Resident 1215,A-20215,2024-08-12,362679,gallons,,R6,
M-1216,"1612 Prairie View, Wiley, CO 81092",Resident 1216,A-20216,2024-08-12,199247,gallons,,R1,
M-1217,"1619 School House Rd, Wiley, CO 81092",Resident 1217,A-20217,2024-08-12,74017,gallons,,R2,
M-1218,"1626 Cemetery Rd, Wiley, CO 81092",Resident 1218,A-20218,2024-08-12,110864,gallons,,R3,
M-1219,"1633 Grain Elevator Rd, Wiley, CO 81092",Resident 1219,A-20219,2024-08-12,372053,gallons,,R4,
M-1220,"1640 Main St, Wiley, CO 81092",Resident 1220,A-20220,2024-08-12,284862,gallons,,R5,
M-1221,"1647 County Rd 10, Wiley, CO 81092",Resident 1221,A-20221,2024-08-12,240380,gallons,,R6,
M-1222,"1654 County Rd 14, Wiley, CO 81092",Resident 1222,A-20222,2024-08-12,218927,gallons,,R1,
M-1223,"1661 Highway 287, Wiley, CO 81092",Resident 1223,A-20223,2024-08-12,285536,gallons,,R2,
M-1224,"1668 Maple Ave, Wiley, CO 81092",Resident 1224,A-20224,2024-08-12,376773,gallons,,R3,
M-1225,"1675 Oak St, Wiley, CO 81092",Resident 1225,A-20225,2024-08-12,328383,gallons,,R4,
M-1226,"1682 Elm St, Wiley, CO 81092",Resident 1226,A-20226,2024-08-12,117422,gallons,,R5,
M-1227,"1689 3rd Ave, Wiley, CO 81092",Resident 1227,A-20227,2024-08-12,257852,gallons,,R6,
M-1228,"1696 5th St, Wiley, CO 81092",Resident 1228,A-20228,2024-08-12,361206,gallons,,R1,
M-1229,"1703 Ranch Rd, Wiley, CO 81092",Resident 1229,A-20229,2024-08-12,162244,gallons,,R2,
M-1230,"1710 Irrigation Ln, Wiley, CO 81092",Resident 1230,A-20230,2024-08-12,194833,gallons,,R3,
M-1231,"1717 North Frontage, Wiley, CO 81092",Resident 1231,A-20231,2024-08-12,83772,gallons,,R4,
M-1232,"1724 South Loop, Wiley, CO 81092",Resident 1232,A-20232,2024-08-12,283719,gallons,,R5,
M-1233,"1731 Pioneer Rd, Wiley, CO 81092",Resident 1233,A-20233,2024-08-12,60712,gallons,,R6,
M-1234,"1738 Cottonwood Dr, Wiley, CO 81092",Resident 1234,A-20234,2024-08-12,328139,gallons,,R1,
M-1235,"1745 Sand Creek Rd, Wiley, CO 81092",Resident 1235,A-20235,2024-08-12,340661,gallons,,R2,
M-1236,"1752 Prairie View, Wiley, CO 81092",Resident 1236,A-20236,2024-08-12,163631,gallons,,R3,
M-1237,"1759 School House Rd, Wiley, CO 81092",Resident 1237,A-20237,2024-08-12,252093,gallons,,R4,
M-1238,"1766 Cemetery Rd, Wiley, CO 81092",Resident 1238,A-20238,2024-08-12,283012,gallons,,R5,
M-1239,"1773 Grain Elevator Rd, Wiley, CO 81092",Resident 1239,A-20239,2024-08-12,93501,gallons,,R6,
M-1240,"1780 Main St, Wiley, CO 81092",Resident 1240,A-20240,2024-08-12,407281,gallons,,R1,
M-1241,"1787 County Rd 10, Wiley, CO 81092",Resident 1241,A-20241,2024-08-12,230015,gallons,,R2,
M-1242,"1794 County Rd 14, Wiley, CO 81092",Resident 1242,A-20242,2024-08-12,380566,gallons,,R3,
M-1243,"1801 Highway 287, Wiley, CO 81092",Resident 1243,A-20243,2024-08-12,220400,gallons,,R4,
M-1244,"1808 Maple Ave, Wiley, CO 81092",Resident 1244,A-20244,2024-08-12,425352,gallons,,R5,Known large lot / livestock
M-1245,"1815 Oak St, Wiley, CO 81092",Resident 1245,A-20245,2024-08-12,119561,gallons,,R6,
M-1246,"1822 Elm St, Wiley, CO 81092",Resident 1246,A-20246,2024-08-12,213395,gallons,,R1,
M-1247,"1829 3rd Ave, Wiley, CO 81092",Resident 1247,A-20247,2024-08-12,319334,gallons,,R2,
M-1248,"1836 5th St, Wiley, CO 81092",Resident 1248,A-20248,2024-08-12,221931,gallons,,R3,
M-1249,"1843 Ranch Rd, Wiley, CO 81092",Resident 1249,A-20249,2024-08-12,409531,gallons,,R4,
M-1250,"1850 Irrigation Ln, Wiley, CO 81092",Resident 1250,A-20250,2024-08-12,269175,gallons,,R5,
M-1251,"1857 North Frontage, Wiley, CO 81092",Resident 1251,A-20251,2024-08-12,230554,gallons,,R6,
M-1252,"1864 South Loop, Wiley, CO 81092",Resident 1252,A-20252,2024-08-12,266298,gallons,,R1,
M-1253,"1871 Pioneer Rd, Wiley, CO 81092",Resident 1253,A-20253,2024-08-12,208003,gallons,,R2,
M-1254,"1878 Cottonwood Dr, Wiley, CO 81092",Resident 1254,A-20254,2024-08-12,344831,gallons,,R3,
M-1255,"1885 Sand Creek Rd, Wiley, CO 81092",Resident 1255,A-20255,2024-08-12,129119,gallons,,R4,
M-1256,"1892 Prairie View, Wiley, CO 81092",Resident 1256,A-20256,2024-08-12,159946,gallons,,R5,
M-1257,"1899 School House Rd, Wiley, CO 81092",Resident 1257,A-20257,2024-08-12,274186,gallons,,R6,
M-1258,"1906 Cemetery Rd, Wiley, CO 81092",Resident 1258,A-20258,2024-08-12,404296,gallons,,R1,
M-1259,"1913 Grain Elevator Rd, Wiley, CO 81092",Resident 1259,A-20259,2024-08-12,252763,gallons,,R2,
M-1260,"1920 Main St, Wiley, CO 81092",Resident 1260,A-20260,2024-08-12,145002,gallons,,R3,
M-1261,"1927 County Rd 10, Wiley, CO 81092",Resident 1261,A-20261,2024-08-12,378749,gallons,,R4,
M-1262,"1934 County Rd 14, Wiley, CO 81092",Resident 1262,A-20262,2024-08-12,351802,gallons,,R5,
M-1263,"1941 Highway 287, Wiley, CO 81092",Resident 1263,A-20263,2024-08-12,216855,gallons,,R6,
M-1264,"1948 Maple Ave, Wiley, CO 81092",Resident 1264,A-20264,2024-08-12,267924,gallons,,R1,
M-1265,"1955 Oak St, Wiley, CO 81092",Resident 1265,A-20265,2024-08-12,342733,gallons,,R2,
M-1266,"1962 Elm St, Wiley, CO 81092",Resident 1266,A-20266,2024-08-12,59258,gallons,,R3,
M-1267,"1969 3rd Ave, Wiley, CO 81092",Resident 1267,A-20267,2024-08-12,216410,gallons,,R4,
M-1268,"1976 5th St, Wiley, CO 81092",Resident 1268,A-20268,2024-08-12,205684,gallons,,R5,
M-1269,"1983 Ranch Rd, Wiley, CO 81092",Resident 1269,A-20269,2024-08-12,169380,gallons,,R6,
M-1270,"1990 Irrigation Ln, Wiley, CO 81092",Resident 1270,A-20270,2024-08-12,279539,gallons,,R1,
M-1271,"1997 North Frontage, Wiley, CO 81092",Resident 1271,A-20271,2024-08-12,364164,gallons,,R2,
M-1272,"2004 South Loop, Wiley, CO 81092",Resident 1272,A-20272,2024-08-12,377925,gallons,,R3,
M-1273,"2011 Pioneer Rd, Wiley, CO 81092",Resident 1273,A-20273,2024-08-12,403164,gallons,,R4,
M-1274,"2018 Cottonwood Dr, Wiley, CO 81092",Resident 1274,A-20274,2024-08-12,227035,gallons,,R5,
M-1275,"2025 Sand Creek Rd, Wiley, CO 81092",Resident 1275,A-20275,2024-08-12,299761,gallons,,R6,
M-1276,"2032 Prairie View, Wiley, CO 81092",Resident 1276,A-20276,2024-08-12,290865,gallons,,R1,
M-1277,"2039 School House Rd, Wiley, CO 81092",Resident 1277,A-20277,2024-08-12,289935,gallons,,R2,
M-1278,"2046 Cemetery Rd, Wiley, CO 81092",Resident 1278,A-20278,2024-08-12,167306,gallons,,R3,
M-1279,"2053 Grain Elevator Rd, Wiley, CO 81092",Resident 1279,A-20279,2024-08-12,322208,gallons,,R4,
M-1280,"2060 Main St, Wiley, CO 81092",Resident 1280,A-20280,2024-08-12,302652,gallons,,R5,
M-1281,"2067 County Rd 10, Wiley, CO 81092",Resident 1281,A-20281,2024-08-12,148993,gallons,,R6,
M-1282,"2074 County Rd 14, Wiley, CO 81092",Resident 1282,A-20282,2024-08-12,403267,gallons,,R1,
M-1283,"2081 Highway 287, Wiley, CO 81092",Resident 1283,A-20283,2024-08-12,101649,gallons,,R2,
M-1284,"2088 Maple Ave, Wiley, CO 81092",Resident 1284,A-20284,2024-08-12,207375,gallons,,R3,
M-1285,"2095 Oak St, Wiley, CO 81092",Resident 1285,A-20285,2024-08-12,328496,gallons,,R4,
M-1286,"2102 Elm St, Wiley, CO 81092",Resident 1286,A-20286,2024-08-12,405137,gallons,,R5,
M-1287,"2109 3rd Ave, Wiley, CO 81092",Resident 1287,A-20287,2024-08-12,391769,gallons,,R6,
M-1288,"2116 5th St, Wiley, CO 81092",Resident 1288,A-20288,2024-08-12,378033,gallons,,R1,
M-1289,"2123 Ranch Rd, Wiley, CO 81092",Resident 1289,A-20289,2024-08-12,236929,gallons,,R2,
M-1290,"2130 Irrigation Ln, Wiley, CO 81092",Resident 1290,A-20290,2024-08-12,109369,gallons,,R3,
M-1291,"2137 North Frontage, Wiley, CO 81092",Resident 1291,A-20291,2024-08-12,182612,gallons,,R4,
M-1292,"2144 South Loop, Wiley, CO 81092",Resident 1292,A-20292,2024-08-12,216349,gallons,,R5,
M-1293,"2151 Pioneer Rd, Wiley, CO 81092",Resident 1293,A-20293,2024-08-12,171621,gallons,,R6,
M-1294,"2158 Cottonwood Dr, Wiley, CO 81092",Resident 1294,A-20294,2024-08-12,162268,gallons,,R1,
M-1295,"2165 Sand Creek Rd, Wiley, CO 81092",Resident 1295,A-20295,2024-08-12,139741,gallons,,R2,
M-1296,"2172 Prairie View, Wiley, CO 81092",Resident 1296,A-20296,2024-08-12,69527,gallons,,R3,
M-1297,"2179 School House Rd, Wiley, CO 81092",Resident 1297,A-20297,2024-08-12,78399,gallons,,R4,
M-1298,"2186 Cemetery Rd, Wiley, CO 81092",Resident 1298,A-20298,2024-08-12,183366,gallons,,R5,
M-1299,"2193 Grain Elevator Rd, Wiley, CO 81092",Resident 1299,A-20299,2024-08-12,303493,gallons,,R6,
M-1300,"2200 Main St, Wiley, CO 81092",Resident 1300,A-20300,2024-08-12,375452,gallons,,R1,
M-1001,"107 County Rd 10, Wiley, CO 81092",Resident 1001,A-20001,2024-09-13,350359,gallons,,R2,
M-1002,"114 County Rd 14, Wiley, CO 81092",Resident 1002,A-20002,2024-09-13,292174,gallons,,R3,
M-1003,"121 Highway 287, Wiley, CO 81092",Resident 1003,A-20003,2024-09-13,129082,gallons,,R4,
M-1004,"128 Maple Ave, Wiley, CO 81092",Resident 1004,A-20004,2024-09-13,293624,gallons,,R5,
M-1005,"135 Oak St, Wiley, CO 81092",Resident 1005,A-20005,2024-09-13,157297,gallons,,R6,
M-1006,"142 Elm St, Wiley, CO 81092",Resident 1006,A-20006,2024-09-13,206995,gallons,,R1,
M-1007,"149 3rd Ave, Wiley, CO 81092",Resident 1007,A-20007,2024-09-13,303236,gallons,,R2,
M-1008,"156 5th St, Wiley, CO 81092",Resident 1008,A-20008,2024-09-13,189556,gallons,,R3,
M-1009,"163 Ranch Rd, Wiley, CO 81092",Resident 1009,A-20009,2024-09-13,111114,gallons,,R4,
M-1010,"170 Irrigation Ln, Wiley, CO 81092",Resident 1010,A-20010,2024-09-13,289075,gallons,,R5,
M-1011,"177 North Frontage, Wiley, CO 81092",Resident 1011,A-20011,2024-09-13,357444,gallons,,R6,
M-1012,"184 South Loop, Wiley, CO 81092",Resident 1012,A-20012,2024-09-13,123633,gallons,,R1,
M-1013,"191 Pioneer Rd, Wiley, CO 81092",Resident 1013,A-20013,2024-09-13,92059,gallons,,R2,
M-1014,"198 Cottonwood Dr, Wiley, CO 81092",Resident 1014,A-20014,2024-09-13,399254,gallons,,R3,
M-1015,"205 Sand Creek Rd, Wiley, CO 81092",Resident 1015,A-20015,2024-09-13,351101,gallons,,R4,
M-1016,"212 Prairie View, Wiley, CO 81092",Resident 1016,A-20016,2024-09-13,72303,gallons,,R5,
M-1017,"219 School House Rd, Wiley, CO 81092",Resident 1017,A-20017,2024-09-13,105135,gallons,,R6,
M-1018,"226 Cemetery Rd, Wiley, CO 81092",Resident 1018,A-20018,2024-09-13,179708,gallons,,R1,
M-1019,"233 Grain Elevator Rd, Wiley, CO 81092",Resident 1019,A-20019,2024-09-13,144301,gallons,,R2,
M-1020,"240 Main St, Wiley, CO 81092",Resident 1020,A-20020,2024-09-13,273054,gallons,,R3,
M-1021,"247 County Rd 10, Wiley, CO 81092",Resident 1021,A-20021,2024-09-13,314589,gallons,,R4,
M-1022,"254 County Rd 14, Wiley, CO 81092",Resident 1022,A-20022,2024-09-13,318626,gallons,,R5,
M-1023,"261 Highway 287, Wiley, CO 81092",Resident 1023,A-20023,2024-09-13,180794,gallons,,R6,
M-1024,"268 Maple Ave, Wiley, CO 81092",Resident 1024,A-20024,2024-09-13,267077,gallons,,R1,
M-1025,"275 Oak St, Wiley, CO 81092",Resident 1025,A-20025,2024-09-13,97596,gallons,,R2,
M-1026,"282 Elm St, Wiley, CO 81092",Resident 1026,A-20026,2024-09-13,146839,gallons,,R3,
M-1027,"289 3rd Ave, Wiley, CO 81092",Resident 1027,A-20027,2024-09-13,269542,gallons,,R4,
M-1028,"296 5th St, Wiley, CO 81092",Resident 1028,A-20028,2024-09-13,71435,gallons,,R5,
M-1029,"303 Ranch Rd, Wiley, CO 81092",Resident 1029,A-20029,2024-09-13,276120,gallons,,R6,
M-1030,"310 Irrigation Ln, Wiley, CO 81092",Resident 1030,A-20030,2024-09-13,205829,gallons,,R1,
M-1031,"317 North Frontage, Wiley, CO 81092",Resident 1031,A-20031,2024-09-13,303311,gallons,,R2,
M-1032,"324 South Loop, Wiley, CO 81092",Resident 1032,A-20032,2024-09-13,209385,gallons,,R3,
M-1033,"331 Pioneer Rd, Wiley, CO 81092",Resident 1033,A-20033,2024-09-13,337707,gallons,,R4,
M-1034,"338 Cottonwood Dr, Wiley, CO 81092",Resident 1034,A-20034,2024-09-13,360781,gallons,,R5,
M-1035,"345 Sand Creek Rd, Wiley, CO 81092",Resident 1035,A-20035,2024-09-13,408011,gallons,,R6,
M-1036,"352 Prairie View, Wiley, CO 81092",Resident 1036,A-20036,2024-09-13,310578,gallons,,R1,
M-1037,"359 School House Rd, Wiley, CO 81092",Resident 1037,A-20037,2024-09-13,152753,gallons,,R2,
M-1038,"366 Cemetery Rd, Wiley, CO 81092",Resident 1038,A-20038,2024-09-13,158713,gallons,,R3,
M-1039,"373 Grain Elevator Rd, Wiley, CO 81092",Resident 1039,A-20039,2024-09-13,226326,gallons,,R4,
M-1040,"380 Main St, Wiley, CO 81092",Resident 1040,A-20040,2024-09-13,178170,gallons,,R5,
M-1041,"387 County Rd 10, Wiley, CO 81092",Resident 1041,A-20041,2024-09-13,92847,gallons,,R6,
M-1042,"394 County Rd 14, Wiley, CO 81092",Resident 1042,A-20042,2024-09-13,364223,gallons,,R1,
M-1043,"401 Highway 287, Wiley, CO 81092",Resident 1043,A-20043,2024-09-13,342661,gallons,,R2,
M-1044,"408 Maple Ave, Wiley, CO 81092",Resident 1044,A-20044,2024-09-13,91693,gallons,,R3,
M-1045,"415 Oak St, Wiley, CO 81092",Resident 1045,A-20045,2024-09-13,235530,gallons,,R4,
M-1046,"422 Elm St, Wiley, CO 81092",Resident 1046,A-20046,2024-09-13,91494,gallons,,R5,
M-1047,"429 3rd Ave, Wiley, CO 81092",Resident 1047,A-20047,2024-09-13,83982,gallons,,R6,
M-1048,"436 5th St, Wiley, CO 81092",Resident 1048,A-20048,2024-09-13,363677,gallons,,R1,
M-1049,"443 Ranch Rd, Wiley, CO 81092",Resident 1049,A-20049,2024-09-13,312562,gallons,,R2,
M-1050,"450 Irrigation Ln, Wiley, CO 81092",Resident 1050,A-20050,2024-09-13,321557,gallons,,R3,
M-1051,"457 North Frontage, Wiley, CO 81092",Resident 1051,A-20051,2024-09-13,341070,gallons,,R4,
M-1052,"464 South Loop, Wiley, CO 81092",Resident 1052,A-20052,2024-09-13,145015,gallons,,R5,
M-1053,"471 Pioneer Rd, Wiley, CO 81092",Resident 1053,A-20053,2024-09-13,97684,gallons,,R6,
M-1054,"478 Cottonwood Dr, Wiley, CO 81092",Resident 1054,A-20054,2024-09-13,326845,gallons,,R1,
M-1055,"485 Sand Creek Rd, Wiley, CO 81092",Resident 1055,A-20055,2024-09-13,98000,gallons,,R2,
M-1056,"492 Prairie View, Wiley, CO 81092",Resident 1056,A-20056,2024-09-13,167039,gallons,,R3,
M-1057,"499 School House Rd, Wiley, CO 81092",Resident 1057,A-20057,2024-09-13,100745,gallons,,R4,
M-1058,"506 Cemetery Rd, Wiley, CO 81092",Resident 1058,A-20058,2024-09-13,378604,gallons,,R5,
M-1059,"513 Grain Elevator Rd, Wiley, CO 81092",Resident 1059,A-20059,2024-09-13,94342,gallons,,R6,
M-1060,"520 Main St, Wiley, CO 81092",Resident 1060,A-20060,2024-09-13,187738,gallons,,R1,
M-1061,"527 County Rd 10, Wiley, CO 81092",Resident 1061,A-20061,2024-09-13,269178,gallons,,R2,
M-1062,"534 County Rd 14, Wiley, CO 81092",Resident 1062,A-20062,2024-09-13,129495,gallons,,R3,
M-1063,"541 Highway 287, Wiley, CO 81092",Resident 1063,A-20063,2024-09-13,360479,gallons,,R4,
M-1064,"548 Maple Ave, Wiley, CO 81092",Resident 1064,A-20064,2024-09-13,195984,gallons,,R5,
M-1065,"555 Oak St, Wiley, CO 81092",Resident 1065,A-20065,2024-09-13,371790,gallons,,R6,
M-1066,"562 Elm St, Wiley, CO 81092",Resident 1066,A-20066,2024-09-13,375149,gallons,,R1,
M-1067,"569 3rd Ave, Wiley, CO 81092",Resident 1067,A-20067,2024-09-13,88608,gallons,,R2,
M-1068,"576 5th St, Wiley, CO 81092",Resident 1068,A-20068,2024-09-13,385300,gallons,,R3,
M-1069,"583 Ranch Rd, Wiley, CO 81092",Resident 1069,A-20069,2024-09-13,113968,gallons,,R4,
M-1070,"590 Irrigation Ln, Wiley, CO 81092",Resident 1070,A-20070,2024-09-13,276748,gallons,,R5,
M-1071,"597 North Frontage, Wiley, CO 81092",Resident 1071,A-20071,2024-09-13,401182,gallons,,R6,
M-1072,"604 South Loop, Wiley, CO 81092",Resident 1072,A-20072,2024-09-13,375066,gallons,,R1,
M-1073,"611 Pioneer Rd, Wiley, CO 81092",Resident 1073,A-20073,2024-09-13,356636,gallons,,R2,
M-1074,"618 Cottonwood Dr, Wiley, CO 81092",Resident 1074,A-20074,2024-09-13,335006,gallons,,R3,
M-1075,"625 Sand Creek Rd, Wiley, CO 81092",Resident 1075,A-20075,2024-09-13,223299,gallons,,R4,
M-1076,"632 Prairie View, Wiley, CO 81092",Resident 1076,A-20076,2024-09-13,196715,gallons,,R5,
M-1077,"639 School House Rd, Wiley, CO 81092",Resident 1077,A-20077,2024-09-13,164222,gallons,,R6,
M-1078,"646 Cemetery Rd, Wiley, CO 81092",Resident 1078,A-20078,2024-09-13,228921,gallons,,R1,
M-1079,"653 Grain Elevator Rd, Wiley, CO 81092",Resident 1079,A-20079,2024-09-13,186027,gallons,,R2,
M-1080,"660 Main St, Wiley, CO 81092",Resident 1080,A-20080,2024-09-13,204126,gallons,,R3,
M-1081,"667 County Rd 10, Wiley, CO 81092",Resident 1081,A-20081,2024-09-13,275943,gallons,,R4,
M-1082,"674 County Rd 14, Wiley, CO 81092",Resident 1082,A-20082,2024-09-13,131377,gallons,,R5,
M-1083,"681 Highway 287, Wiley, CO 81092",Resident 1083,A-20083,2024-09-13,397168,gallons,,R6,
M-1084,"688 Maple Ave, Wiley, CO 81092",Resident 1084,A-20084,2024-09-13,218997,gallons,,R1,
M-1085,"695 Oak St, Wiley, CO 81092",Resident 1085,A-20085,2024-09-13,302425,gallons,,R2,
M-1086,"702 Elm St, Wiley, CO 81092",Resident 1086,A-20086,2024-09-13,226332,gallons,,R3,
M-1087,"709 3rd Ave, Wiley, CO 81092",Resident 1087,A-20087,2024-09-13,105757,gallons,,R4,
M-1088,"716 5th St, Wiley, CO 81092",Resident 1088,A-20088,2024-09-13,65572,gallons,,R5,
M-1089,"723 Ranch Rd, Wiley, CO 81092",Resident 1089,A-20089,2024-09-13,335621,gallons,,R6,
M-1090,"730 Irrigation Ln, Wiley, CO 81092",Resident 1090,A-20090,2024-09-13,393144,gallons,,R1,
M-1091,"737 North Frontage, Wiley, CO 81092",Resident 1091,A-20091,2024-09-13,362456,gallons,,R2,
M-1092,"744 South Loop, Wiley, CO 81092",Resident 1092,A-20092,2024-09-13,111298,gallons,,R3,
M-1093,"751 Pioneer Rd, Wiley, CO 81092",Resident 1093,A-20093,2024-09-13,103976,gallons,,R4,
M-1094,"758 Cottonwood Dr, Wiley, CO 81092",Resident 1094,A-20094,2024-09-13,351231,gallons,,R5,
M-1095,"765 Sand Creek Rd, Wiley, CO 81092",Resident 1095,A-20095,2024-09-13,172259,gallons,,R6,
M-1096,"772 Prairie View, Wiley, CO 81092",Resident 1096,A-20096,2024-09-13,324141,gallons,,R1,
M-1097,"779 School House Rd, Wiley, CO 81092",Resident 1097,A-20097,2024-09-13,204765,gallons,,R2,
M-1098,"786 Cemetery Rd, Wiley, CO 81092",Resident 1098,A-20098,2024-09-13,132940,gallons,,R3,
M-1099,"793 Grain Elevator Rd, Wiley, CO 81092",Resident 1099,A-20099,2024-09-13,243984,gallons,,R4,
M-1100,"800 Main St, Wiley, CO 81092",Resident 1100,A-20100,2024-09-13,102238,gallons,,R5,
M-1101,"807 County Rd 10, Wiley, CO 81092",Resident 1101,A-20101,2024-09-13,196803,gallons,,R6,
M-1102,"814 County Rd 14, Wiley, CO 81092",Resident 1102,A-20102,2024-09-13,261229,gallons,,R1,
M-1103,"821 Highway 287, Wiley, CO 81092",Resident 1103,A-20103,2024-09-13,210651,gallons,,R2,
M-1104,"828 Maple Ave, Wiley, CO 81092",Resident 1104,A-20104,2024-09-13,151442,gallons,,R3,
M-1105,"835 Oak St, Wiley, CO 81092",Resident 1105,A-20105,2024-09-13,292442,gallons,,R4,
M-1106,"842 Elm St, Wiley, CO 81092",Resident 1106,A-20106,2024-09-13,357944,gallons,,R5,
M-1107,"849 3rd Ave, Wiley, CO 81092",Resident 1107,A-20107,2024-09-13,215854,gallons,,R6,
M-1108,"856 5th St, Wiley, CO 81092",Resident 1108,A-20108,2024-09-13,381297,gallons,,R1,
M-1109,"863 Ranch Rd, Wiley, CO 81092",Resident 1109,A-20109,2024-09-13,399081,gallons,,R2,
M-1110,"870 Irrigation Ln, Wiley, CO 81092",Resident 1110,A-20110,2024-09-13,338697,gallons,,R3,
M-1111,"877 North Frontage, Wiley, CO 81092",Resident 1111,A-20111,2024-09-13,66920,gallons,,R4,
M-1112,"884 South Loop, Wiley, CO 81092",Resident 1112,A-20112,2024-09-13,351695,gallons,,R5,
M-1113,"891 Pioneer Rd, Wiley, CO 81092",Resident 1113,A-20113,2024-09-13,213753,gallons,,R6,
M-1114,"898 Cottonwood Dr, Wiley, CO 81092",Resident 1114,A-20114,2024-09-13,407814,gallons,,R1,
M-1115,"905 Sand Creek Rd, Wiley, CO 81092",Resident 1115,A-20115,2024-09-13,121662,gallons,,R2,
M-1116,"912 Prairie View, Wiley, CO 81092",Resident 1116,A-20116,2024-09-13,139566,gallons,,R3,
M-1117,"919 School House Rd, Wiley, CO 81092",Resident 1117,A-20117,2024-09-13,201350,gallons,,R4,
M-1118,"926 Cemetery Rd, Wiley, CO 81092",Resident 1118,A-20118,2024-09-13,120672,gallons,,R5,
M-1119,"933 Grain Elevator Rd, Wiley, CO 81092",Resident 1119,A-20119,2024-09-13,124424,gallons,,R6,
M-1120,"940 Main St, Wiley, CO 81092",Resident 1120,A-20120,2024-09-13,355293,gallons,,R1,
M-1121,"947 County Rd 10, Wiley, CO 81092",Resident 1121,A-20121,2024-09-13,145589,gallons,,R2,
M-1122,"954 County Rd 14, Wiley, CO 81092",Resident 1122,A-20122,2024-09-13,211495,gallons,,R3,
M-1123,"961 Highway 287, Wiley, CO 81092",Resident 1123,A-20123,2024-09-13,213053,gallons,,R4,
M-1124,"968 Maple Ave, Wiley, CO 81092",Resident 1124,A-20124,2024-09-13,376387,gallons,,R5,
M-1125,"975 Oak St, Wiley, CO 81092",Resident 1125,A-20125,2024-09-13,170884,gallons,,R6,
M-1126,"982 Elm St, Wiley, CO 81092",Resident 1126,A-20126,2024-09-13,237888,gallons,,R1,
M-1127,"989 3rd Ave, Wiley, CO 81092",Resident 1127,A-20127,2024-09-13,167483,gallons,,R2,
M-1128,"996 5th St, Wiley, CO 81092",Resident 1128,A-20128,2024-09-13,404902,gallons,,R3,
M-1129,"1003 Ranch Rd, Wiley, CO 81092",Resident 1129,A-20129,2024-09-13,206377,gallons,,R4,
M-1130,"1010 Irrigation Ln, Wiley, CO 81092",Resident 1130,A-20130,2024-09-13,330820,gallons,,R5,
M-1131,"1017 North Frontage, Wiley, CO 81092",Resident 1131,A-20131,2024-09-13,317718,gallons,,R6,
M-1132,"1024 South Loop, Wiley, CO 81092",Resident 1132,A-20132,2024-09-13,201772,gallons,,R1,
M-1133,"1031 Pioneer Rd, Wiley, CO 81092",Resident 1133,A-20133,2024-09-13,95539,gallons,,R2,
M-1134,"1038 Cottonwood Dr, Wiley, CO 81092",Resident 1134,A-20134,2024-09-13,112042,gallons,,R3,
M-1135,"1045 Sand Creek Rd, Wiley, CO 81092",Resident 1135,A-20135,2024-09-13,397831,gallons,,R4,
M-1136,"1052 Prairie View, Wiley, CO 81092",Resident 1136,A-20136,2024-09-13,286603,gallons,,R5,
M-1137,"1059 School House Rd, Wiley, CO 81092",Resident 1137,A-20137,2024-09-13,209454,gallons,,R6,
M-1138,"1066 Cemetery Rd, Wiley, CO 81092",Resident 1138,A-20138,2024-09-13,83952,gallons,,R1,
M-1139,"1073 Grain Elevator Rd, Wiley, CO 81092",Resident 1139,A-20139,2024-09-13,59962,gallons,,R2,
M-1140,"1080 Main St, Wiley, CO 81092",Resident 1140,A-20140,2024-09-13,241916,gallons,,R3,
M-1141,"1087 County Rd 10, Wiley, CO 81092",Resident 1141,A-20141,2024-09-13,134041,gallons,,R4,
M-1142,"1094 County Rd 14, Wiley, CO 81092",Resident 1142,A-20142,2024-09-13,391343,gallons,,R5,
M-1143,"1101 Highway 287, Wiley, CO 81092",Resident 1143,A-20143,2024-09-13,209152,gallons,,R6,
M-1144,"1108 Maple Ave, Wiley, CO 81092",Resident 1144,A-20144,2024-09-13,140991,gallons,,R1,
M-1145,"1115 Oak St, Wiley, CO 81092",Resident 1145,A-20145,2024-09-13,289608,gallons,,R2,
M-1146,"1122 Elm St, Wiley, CO 81092",Resident 1146,A-20146,2024-09-13,348127,gallons,,R3,
M-1147,"1129 3rd Ave, Wiley, CO 81092",Resident 1147,A-20147,2024-09-13,292470,gallons,,R4,
M-1148,"1136 5th St, Wiley, CO 81092",Resident 1148,A-20148,2024-09-13,353667,gallons,,R5,
M-1149,"1143 Ranch Rd, Wiley, CO 81092",Resident 1149,A-20149,2024-09-13,72706,gallons,,R6,
M-1150,"1150 Irrigation Ln, Wiley, CO 81092",Resident 1150,A-20150,2024-09-13,123610,gallons,,R1,
M-1151,"1157 North Frontage, Wiley, CO 81092",Resident 1151,A-20151,2024-09-13,106683,gallons,,R2,
M-1152,"1164 South Loop, Wiley, CO 81092",Resident 1152,A-20152,2024-09-13,135338,gallons,,R3,
M-1153,"1171 Pioneer Rd, Wiley, CO 81092",Resident 1153,A-20153,2024-09-13,349996,gallons,,R4,
M-1154,"1178 Cottonwood Dr, Wiley, CO 81092",Resident 1154,A-20154,2024-09-13,82601,gallons,,R5,
M-1155,"1185 Sand Creek Rd, Wiley, CO 81092",Resident 1155,A-20155,2024-09-13,261140,gallons,,R6,
M-1156,"1192 Prairie View, Wiley, CO 81092",Resident 1156,A-20156,2024-09-13,420681,gallons,,R1,
M-1157,"1199 School House Rd, Wiley, CO 81092",Resident 1157,A-20157,2024-09-13,356244,gallons,,R2,
M-1158,"1206 Cemetery Rd, Wiley, CO 81092",Resident 1158,A-20158,2024-09-13,138997,gallons,,R3,
M-1159,"1213 Grain Elevator Rd, Wiley, CO 81092",Resident 1159,A-20159,2024-09-13,291663,gallons,,R4,
M-1160,"1220 Main St, Wiley, CO 81092",Resident 1160,A-20160,2024-09-13,122863,gallons,,R5,
M-1161,"1227 County Rd 10, Wiley, CO 81092",Resident 1161,A-20161,2024-09-13,90199,gallons,,R6,
M-1162,"1234 County Rd 14, Wiley, CO 81092",Resident 1162,A-20162,2024-09-13,232524,gallons,,R1,
M-1163,"1241 Highway 287, Wiley, CO 81092",Resident 1163,A-20163,2024-09-13,248465,gallons,,R2,
M-1164,"1248 Maple Ave, Wiley, CO 81092",Resident 1164,A-20164,2024-09-13,90827,gallons,,R3,
M-1165,"1255 Oak St, Wiley, CO 81092",Resident 1165,A-20165,2024-09-13,253856,gallons,,R4,
M-1166,"1262 Elm St, Wiley, CO 81092",Resident 1166,A-20166,2024-09-13,180496,gallons,,R5,
M-1167,"1269 3rd Ave, Wiley, CO 81092",Resident 1167,A-20167,2024-09-13,193071,gallons,,R6,
M-1168,"1276 5th St, Wiley, CO 81092",Resident 1168,A-20168,2024-09-13,420543,gallons,,R1,
M-1169,"1283 Ranch Rd, Wiley, CO 81092",Resident 1169,A-20169,2024-09-13,121532,gallons,,R2,
M-1170,"1290 Irrigation Ln, Wiley, CO 81092",Resident 1170,A-20170,2024-09-13,248015,gallons,,R3,
M-1171,"1297 North Frontage, Wiley, CO 81092",Resident 1171,A-20171,2024-09-13,351003,gallons,,R4,
M-1172,"1304 South Loop, Wiley, CO 81092",Resident 1172,A-20172,2024-09-13,273827,gallons,,R5,
M-1173,"1311 Pioneer Rd, Wiley, CO 81092",Resident 1173,A-20173,2024-09-13,390902,gallons,,R6,
M-1174,"1318 Cottonwood Dr, Wiley, CO 81092",Resident 1174,A-20174,2024-09-13,139224,gallons,,R1,
M-1175,"1325 Sand Creek Rd, Wiley, CO 81092",Resident 1175,A-20175,2024-09-13,187707,gallons,,R2,
M-1176,"1332 Prairie View, Wiley, CO 81092",Resident 1176,A-20176,2024-09-13,141295,gallons,,R3,
M-1177,"1339 School House Rd, Wiley, CO 81092",Resident 1177,A-20177,2024-09-13,161746,gallons,,R4,
M-1178,"1346 Cemetery Rd, Wiley, CO 81092",Resident 1178,A-20178,2024-09-13,287323,gallons,,R5,
M-1179,"1353 Grain Elevator Rd, Wiley, CO 81092",Resident 1179,A-20179,2024-09-13,74216,gallons,,R6,
M-1180,"1360 Main St, Wiley, CO 81092",Resident 1180,A-20180,2024-09-13,158643,gallons,,R1,
M-1181,"1367 County Rd 10, Wiley, CO 81092",Resident 1181,A-20181,2024-09-13,243796,gallons,,R2,
M-1182,"1374 County Rd 14, Wiley, CO 81092",Resident 1182,A-20182,2024-09-13,275771,gallons,,R3,
M-1183,"1381 Highway 287, Wiley, CO 81092",Resident 1183,A-20183,2024-09-13,196019,gallons,,R4,
M-1184,"1388 Maple Ave, Wiley, CO 81092",Resident 1184,A-20184,2024-09-13,197616,gallons,,R5,
M-1185,"1395 Oak St, Wiley, CO 81092",Resident 1185,A-20185,2024-09-13,152942,gallons,,R6,
M-1186,"1402 Elm St, Wiley, CO 81092",Resident 1186,A-20186,2024-09-13,119021,gallons,,R1,
M-1187,"1409 3rd Ave, Wiley, CO 81092",Resident 1187,A-20187,2024-09-13,269141,gallons,,R2,
M-1188,"1416 5th St, Wiley, CO 81092",Resident 1188,A-20188,2024-09-13,86716,gallons,,R3,
M-1189,"1423 Ranch Rd, Wiley, CO 81092",Resident 1189,A-20189,2024-09-13,315180,gallons,,R4,
M-1190,"1430 Irrigation Ln, Wiley, CO 81092",Resident 1190,A-20190,2024-09-13,176968,gallons,,R5,
M-1191,"1437 North Frontage, Wiley, CO 81092",Resident 1191,A-20191,2024-09-13,162156,gallons,,R6,
M-1192,"1444 South Loop, Wiley, CO 81092",Resident 1192,A-20192,2024-09-13,304087,gallons,,R1,
M-1193,"1451 Pioneer Rd, Wiley, CO 81092",Resident 1193,A-20193,2024-09-13,255082,gallons,,R2,
M-1194,"1458 Cottonwood Dr, Wiley, CO 81092",Resident 1194,A-20194,2024-09-13,219028,gallons,,R3,
M-1195,"1465 Sand Creek Rd, Wiley, CO 81092",Resident 1195,A-20195,2024-09-13,185599,gallons,,R4,
M-1196,"1472 Prairie View, Wiley, CO 81092",Resident 1196,A-20196,2024-09-13,183839,gallons,,R5,
M-1197,"1479 School House Rd, Wiley, CO 81092",Resident 1197,A-20197,2024-09-13,68025,gallons,,R6,
M-1198,"1486 Cemetery Rd, Wiley, CO 81092",Resident 1198,A-20198,2024-09-13,413234,gallons,,R1,
M-1199,"1493 Grain Elevator Rd, Wiley, CO 81092",Resident 1199,A-20199,2024-09-13,164104,gallons,,R2,
M-1200,"1500 Main St, Wiley, CO 81092",Resident 1200,A-20200,2024-09-13,274247,gallons,,R3,
M-1201,"1507 County Rd 10, Wiley, CO 81092",Resident 1201,A-20201,2024-09-13,228338,gallons,,R4,
M-1202,"1514 County Rd 14, Wiley, CO 81092",Resident 1202,A-20202,2024-09-13,203805,gallons,,R5,
M-1203,"1521 Highway 287, Wiley, CO 81092",Resident 1203,A-20203,2024-09-13,99091,gallons,,R6,
M-1204,"1528 Maple Ave, Wiley, CO 81092",Resident 1204,A-20204,2024-09-13,207963,gallons,,R1,
M-1205,"1535 Oak St, Wiley, CO 81092",Resident 1205,A-20205,2024-09-13,244169,gallons,,R2,
M-1206,"1542 Elm St, Wiley, CO 81092",Resident 1206,A-20206,2024-09-13,392965,gallons,,R3,
M-1207,"1549 3rd Ave, Wiley, CO 81092",Resident 1207,A-20207,2024-09-13,327778,gallons,,R4,
M-1208,"1556 5th St, Wiley, CO 81092",Resident 1208,A-20208,2024-09-13,276938,gallons,,R5,
M-1209,"1563 Ranch Rd, Wiley, CO 81092",Resident 1209,A-20209,2024-09-13,337821,gallons,,R6,
M-1210,"1570 Irrigation Ln, Wiley, CO 81092",Resident 1210,A-20210,2024-09-13,230615,gallons,,R1,
M-1211,"1577 North Frontage, Wiley, CO 81092",Resident 1211,A-20211,2024-09-13,85561,gallons,,R2,
M-1212,"1584 South Loop, Wiley, CO 81092",Resident 1212,A-20212,2024-09-13,125612,gallons,,R3,
M-1213,"1591 Pioneer Rd, Wiley, CO 81092",Resident 1213,A-20213,2024-09-13,194204,gallons,,R4,
M-1214,"1598 Cottonwood Dr, Wiley, CO 81092",Resident 1214,A-20214,2024-09-13,165498,gallons,,R5,
M-1215,"1605 Sand Creek Rd, Wiley, CO 81092",Resident 1215,A-20215,2024-09-13,369492,gallons,,R6,
M-1216,"1612 Prairie View, Wiley, CO 81092",Resident 1216,A-20216,2024-09-13,207915,gallons,,R1,
M-1217,"1619 School House Rd, Wiley, CO 81092",Resident 1217,A-20217,2024-09-13,77775,gallons,,R2,
M-1218,"1626 Cemetery Rd, Wiley, CO 81092",Resident 1218,A-20218,2024-09-13,115131,gallons,,R3,
M-1219,"1633 Grain Elevator Rd, Wiley, CO 81092",Resident 1219,A-20219,2024-09-13,380878,gallons,,R4,
M-1220,"1640 Main St, Wiley, CO 81092",Resident 1220,A-20220,2024-09-13,292738,gallons,,R5,
M-1221,"1647 County Rd 10, Wiley, CO 81092",Resident 1221,A-20221,2024-09-13,248852,gallons,,R6,
M-1222,"1654 County Rd 14, Wiley, CO 81092",Resident 1222,A-20222,2024-09-13,222713,gallons,,R1,
M-1223,"1661 Highway 287, Wiley, CO 81092",Resident 1223,A-20223,2024-09-13,291052,gallons,,R2,
M-1224,"1668 Maple Ave, Wiley, CO 81092",Resident 1224,A-20224,2024-09-13,384232,gallons,,R3,
M-1225,"1675 Oak St, Wiley, CO 81092",Resident 1225,A-20225,2024-09-13,337385,gallons,,R4,
M-1226,"1682 Elm St, Wiley, CO 81092",Resident 1226,A-20226,2024-09-13,124419,gallons,,R5,
M-1227,"1689 3rd Ave, Wiley, CO 81092",Resident 1227,A-20227,2024-09-13,262158,gallons,,R6,
M-1228,"1696 5th St, Wiley, CO 81092",Resident 1228,A-20228,2024-09-13,367937,gallons,,R1,
M-1229,"1703 Ranch Rd, Wiley, CO 81092",Resident 1229,A-20229,2024-09-13,173228,gallons,,R2,
M-1230,"1710 Irrigation Ln, Wiley, CO 81092",Resident 1230,A-20230,2024-09-13,203225,gallons,,R3,
M-1231,"1717 North Frontage, Wiley, CO 81092",Resident 1231,A-20231,2024-09-13,94064,gallons,,R4,
M-1232,"1724 South Loop, Wiley, CO 81092",Resident 1232,A-20232,2024-09-13,288621,gallons,,R5,
M-1233,"1731 Pioneer Rd, Wiley, CO 81092",Resident 1233,A-20233,2024-09-13,70579,gallons,,R6,
M-1234,"1738 Cottonwood Dr, Wiley, CO 81092",Resident 1234,A-20234,2024-09-13,334391,gallons,,R1,
M-1235,"1745 Sand Creek Rd, Wiley, CO 81092",Resident 1235,A-20235,2024-09-13,347830,gallons,,R2,
M-1236,"1752 Prairie View, Wiley, CO 81092",Resident 1236,A-20236,2024-09-13,173297,gallons,,R3,
M-1237,"1759 School House Rd, Wiley, CO 81092",Resident 1237,A-20237,2024-09-13,260396,gallons,,R4,
M-1238,"1766 Cemetery Rd, Wiley, CO 81092",Resident 1238,A-20238,2024-09-13,289587,gallons,,R5,
M-1239,"1773 Grain Elevator Rd, Wiley, CO 81092",Resident 1239,A-20239,2024-09-13,99186,gallons,,R6,
M-1240,"1780 Main St, Wiley, CO 81092",Resident 1240,A-20240,2024-09-13,414767,gallons,,R1,
M-1241,"1787 County Rd 10, Wiley, CO 81092",Resident 1241,A-20241,2024-09-13,236705,gallons,,R2,
M-1242,"1794 County Rd 14, Wiley, CO 81092",Resident 1242,A-20242,2024-09-13,384425,gallons,,R3,
M-1243,"1801 Highway 287, Wiley, CO 81092",Resident 1243,A-20243,2024-09-13,225516,gallons,,R4,
M-1244,"1808 Maple Ave, Wiley, CO 81092",Resident 1244,A-20244,2024-09-13,450917,gallons,,R5,
M-1245,"1815 Oak St, Wiley, CO 81092",Resident 1245,A-20245,2024-09-13,122996,gallons,,R6,
M-1246,"1822 Elm St, Wiley, CO 81092",Resident 1246,A-20246,2024-09-13,219864,gallons,,R1,
M-1247,"1829 3rd Ave, Wiley, CO 81092",Resident 1247,A-20247,2024-09-13,321741,gallons,,R2,
M-1248,"1836 5th St, Wiley, CO 81092",Resident 1248,A-20248,2024-09-13,229358,gallons,,R3,
M-1249,"1843 Ranch Rd, Wiley, CO 81092",Resident 1249,A-20249,2024-09-13,416174,gallons,,R4,
M-1250,"1850 Irrigation Ln, Wiley, CO 81092",Resident 1250,A-20250,2024-09-13,274414,gallons,,R5,
M-1251,"1857 North Frontage, Wiley, CO 81092",Resident 1251,A-20251,2024-09-13,238775,gallons,,R6,
M-1252,"1864 South Loop, Wiley, CO 81092",Resident 1252,A-20252,2024-09-13,271476,gallons,,R1,
M-1253,"1871 Pioneer Rd, Wiley, CO 81092",Resident 1253,A-20253,2024-09-13,210382,gallons,,R2,
M-1254,"1878 Cottonwood Dr, Wiley, CO 81092",Resident 1254,A-20254,2024-09-13,347610,gallons,,R3,
M-1255,"1885 Sand Creek Rd, Wiley, CO 81092",Resident 1255,A-20255,2024-09-13,139210,gallons,,R4,
M-1256,"1892 Prairie View, Wiley, CO 81092",Resident 1256,A-20256,2024-09-13,169461,gallons,,R5,
M-1257,"1899 School House Rd, Wiley, CO 81092",Resident 1257,A-20257,2024-09-13,277087,gallons,,R6,
M-1258,"1906 Cemetery Rd, Wiley, CO 81092",Resident 1258,A-20258,2024-09-13,408853,gallons,,R1,
M-1259,"1913 Grain Elevator Rd, Wiley, CO 81092",Resident 1259,A-20259,2024-09-13,255585,gallons,,R2,
M-1260,"1920 Main St, Wiley, CO 81092",Resident 1260,A-20260,2024-09-13,148205,gallons,,R3,
M-1261,"1927 County Rd 10, Wiley, CO 81092",Resident 1261,A-20261,2024-09-13,384059,gallons,,R4,
M-1262,"1934 County Rd 14, Wiley, CO 81092",Resident 1262,A-20262,2024-09-13,354991,gallons,,R5,
M-1263,"1941 Highway 287, Wiley, CO 81092",Resident 1263,A-20263,2024-09-13,223336,gallons,,R6,
M-1264,"1948 Maple Ave, Wiley, CO 81092",Resident 1264,A-20264,2024-09-13,273249,gallons,,R1,
M-1265,"1955 Oak St, Wiley, CO 81092",Resident 1265,A-20265,2024-09-13,347322,gallons,,R2,
M-1266,"1962 Elm St, Wiley, CO 81092",Resident 1266,A-20266,2024-09-13,67967,gallons,,R3,
M-1267,"1969 3rd Ave, Wiley, CO 81092",Resident 1267,A-20267,2024-09-13,223875,gallons,,R4,
M-1268,"1976 5th St, Wiley, CO 81092",Resident 1268,A-20268,2024-09-13,210564,gallons,,R5,
M-1269,"1983 Ranch Rd, Wiley, CO 81092",Resident 1269,A-20269,2024-09-13,178007,gallons,,R6,
M-1270,"1990 Irrigation Ln, Wiley, CO 81092",Resident 1270,A-20270,2024-09-13,283222,gallons,,R1,
M-1271,"1997 North Frontage, Wiley, CO 81092",Resident 1271,A-20271,2024-09-13,374186,gallons,,R2,
M-1272,"2004 South Loop, Wiley, CO 81092",Resident 1272,A-20272,2024-09-13,385013,gallons,,R3,
M-1273,"2011 Pioneer Rd, Wiley, CO 81092",Resident 1273,A-20273,2024-09-13,410918,gallons,,R4,
M-1274,"2018 Cottonwood Dr, Wiley, CO 81092",Resident 1274,A-20274,2024-09-13,233177,gallons,,R5,
M-1275,"2025 Sand Creek Rd, Wiley, CO 81092",Resident 1275,A-20275,2024-09-13,304564,gallons,,R6,
M-1276,"2032 Prairie View, Wiley, CO 81092",Resident 1276,A-20276,2024-09-13,297657,gallons,,R1,
M-1277,"2039 School House Rd, Wiley, CO 81092",Resident 1277,A-20277,2024-09-13,297161,gallons,,R2,
M-1278,"2046 Cemetery Rd, Wiley, CO 81092",Resident 1278,A-20278,2024-09-13,171022,gallons,,R3,
M-1279,"2053 Grain Elevator Rd, Wiley, CO 81092",Resident 1279,A-20279,2024-09-13,325493,gallons,,R4,
M-1280,"2060 Main St, Wiley, CO 81092",Resident 1280,A-20280,2024-09-13,306036,gallons,,R5,
M-1281,"2067 County Rd 10, Wiley, CO 81092",Resident 1281,A-20281,2024-09-13,158911,gallons,,R6,
M-1282,"2074 County Rd 14, Wiley, CO 81092",Resident 1282,A-20282,2024-09-13,410560,gallons,,R1,
M-1283,"2081 Highway 287, Wiley, CO 81092",Resident 1283,A-20283,2024-09-13,106811,gallons,,R2,
M-1284,"2088 Maple Ave, Wiley, CO 81092",Resident 1284,A-20284,2024-09-13,214257,gallons,,R3,
M-1285,"2095 Oak St, Wiley, CO 81092",Resident 1285,A-20285,2024-09-13,334983,gallons,,R4,
M-1286,"2102 Elm St, Wiley, CO 81092",Resident 1286,A-20286,2024-09-13,413059,gallons,,R5,
M-1287,"2109 3rd Ave, Wiley, CO 81092",Resident 1287,A-20287,2024-09-13,400768,gallons,,R6,
M-1288,"2116 5th St, Wiley, CO 81092",Resident 1288,A-20288,2024-09-13,380979,gallons,,R1,
M-1289,"2123 Ranch Rd, Wiley, CO 81092",Resident 1289,A-20289,2024-09-13,244976,gallons,,R2,
M-1290,"2130 Irrigation Ln, Wiley, CO 81092",Resident 1290,A-20290,2024-09-13,117070,gallons,,R3,
M-1291,"2137 North Frontage, Wiley, CO 81092",Resident 1291,A-20291,2024-09-13,192128,gallons,,R4,
M-1292,"2144 South Loop, Wiley, CO 81092",Resident 1292,A-20292,2024-09-13,219758,gallons,,R5,
M-1293,"2151 Pioneer Rd, Wiley, CO 81092",Resident 1293,A-20293,2024-09-13,174872,gallons,,R6,
M-1294,"2158 Cottonwood Dr, Wiley, CO 81092",Resident 1294,A-20294,2024-09-13,168859,gallons,,R1,
M-1295,"2165 Sand Creek Rd, Wiley, CO 81092",Resident 1295,A-20295,2024-09-13,149404,gallons,,R2,
M-1296,"2172 Prairie View, Wiley, CO 81092",Resident 1296,A-20296,2024-09-13,74430,gallons,,R3,
M-1297,"2179 School House Rd, Wiley, CO 81092",Resident 1297,A-20297,2024-09-13,82264,gallons,,R4,
M-1298,"2186 Cemetery Rd, Wiley, CO 81092",Resident 1298,A-20298,2024-09-13,187862,gallons,,R5,
M-1299,"2193 Grain Elevator Rd, Wiley, CO 81092",Resident 1299,A-20299,2024-09-13,307340,gallons,,R6,
M-1300,"2200 Main St, Wiley, CO 81092",Resident 1300,A-20300,2024-09-13,379857,gallons,,R1,
M-1001,"107 County Rd 10, Wiley, CO 81092",Resident 1001,A-20001,2024-10-14,356834,gallons,,R2,
M-1002,"114 County Rd 14, Wiley, CO 81092",Resident 1002,A-20002,2024-10-14,295533,gallons,,R3,
M-1003,"121 Highway 287, Wiley, CO 81092",Resident 1003,A-20003,2024-10-14,131274,gallons,,R4,
M-1004,"128 Maple Ave, Wiley, CO 81092",Resident 1004,A-20004,2024-10-14,301192,gallons,,R5,
M-1005,"135 Oak St, Wiley, CO 81092",Resident 1005,A-20005,2024-10-14,162243,gallons,,R6,
M-1006,"142 Elm St, Wiley, CO 81092",Resident 1006,A-20006,2024-10-14,210984,gallons,,R1,
M-1007,"149 3rd Ave, Wiley, CO 81092",Resident 1007,A-20007,2024-10-14,306838,gallons,,R2,
M-1008,"156 5th St, Wiley, CO 81092",Resident 1008,A-20008,2024-10-14,193300,gallons,,R3,
M-1009,"163 Ranch Rd, Wiley, CO 81092",Resident 1009,A-20009,2024-10-14,118119,gallons,,R4,
M-1010,"170 Irrigation Ln, Wiley, CO 81092",Resident 1010,A-20010,2024-10-14,292440,gallons,,R5,
M-1011,"177 North Frontage, Wiley, CO 81092",Resident 1011,A-20011,2024-10-14,364361,gallons,,R6,
M-1012,"184 South Loop, Wiley, CO 81092",Resident 1012,A-20012,2024-10-14,130982,gallons,,R1,
M-1013,"191 Pioneer Rd, Wiley, CO 81092",Resident 1013,A-20013,2024-10-14,98227,gallons,,R2,
M-1014,"198 Cottonwood Dr, Wiley, CO 81092",Resident 1014,A-20014,2024-10-14,401881,gallons,,R3,
M-1015,"205 Sand Creek Rd, Wiley, CO 81092",Resident 1015,A-20015,2024-10-14,358478,gallons,,R4,
M-1016,"212 Prairie View, Wiley, CO 81092",Resident 1016,A-20016,2024-10-14,77154,gallons,,R5,
M-1017,"219 School House Rd, Wiley, CO 81092",Resident 1017,A-20017,2024-10-14,107236,gallons,,R6,
M-1018,"226 Cemetery Rd, Wiley, CO 81092",Resident 1018,A-20018,2024-10-14,182364,gallons,,R1,
M-1019,"233 Grain Elevator Rd, Wiley, CO 81092",Resident 1019,A-20019,2024-10-14,147034,gallons,,R2,
M-1020,"240 Main St, Wiley, CO 81092",Resident 1020,A-20020,2024-10-14,276834,gallons,,R3,
M-1021,"247 County Rd 10, Wiley, CO 81092",Resident 1021,A-20021,2024-10-14,318292,gallons,,R4,
M-1022,"254 County Rd 14, Wiley, CO 81092",Resident 1022,A-20022,2024-10-14,324113,gallons,,R5,
M-1023,"261 Highway 287, Wiley, CO 81092",Resident 1023,A-20023,2024-10-14,188442,gallons,,R6,
M-1024,"268 Maple Ave, Wiley, CO 81092",Resident 1024,A-20024,2024-10-14,269512,gallons,,R1,
M-1025,"275 Oak St, Wiley, CO 81092",Resident 1025,A-20025,2024-10-14,104893,gallons,,R2,
M-1026,"282 Elm St, Wiley, CO 81092",Resident 1026,A-20026,2024-10-14,150639,gallons,,R3,
M-1027,"289 3rd Ave, Wiley, CO 81092",Resident 1027,A-20027,2024-10-14,278279,gallons,,R4,
M-1028,"296 5th St, Wiley, CO 81092",Resident 1028,A-20028,2024-10-14,78987,gallons,,R5,
M-1029,"303 Ranch Rd, Wiley, CO 81092",Resident 1029,A-20029,2024-10-14,283133,gallons,,R6,
M-1030,"310 Irrigation Ln, Wiley, CO 81092",Resident 1030,A-20030,2024-10-14,212500,gallons,,R1,
M-1031,"317 North Frontage, Wiley, CO 81092",Resident 1031,A-20031,2024-10-14,309700,gallons,,R2,
M-1032,"324 South Loop, Wiley, CO 81092",Resident 1032,A-20032,2024-10-14,212841,gallons,,R3,
M-1033,"331 Pioneer Rd, Wiley, CO 81092",Resident 1033,A-20033,2024-10-14,365220,gallons,,R4,
M-1034,"338 Cottonwood Dr, Wiley, CO 81092",Resident 1034,A-20034,2024-10-14,368581,gallons,,R5,
M-1035,"345 Sand Creek Rd, Wiley, CO 81092",Resident 1035,A-20035,2024-10-14,412517,gallons,,R6,
M-1036,"352 Prairie View, Wiley, CO 81092",Resident 1036,A-20036,2024-10-14,312802,gallons,,R1,
M-1037,"359 School House Rd, Wiley, CO 81092",Resident 1037,A-20037,2024-10-14,162340,gallons,,R2,
M-1038,"366 Cemetery Rd, Wiley, CO 81092",Resident 1038,A-20038,2024-10-14,161757,gallons,,R3,
M-1039,"373 Grain Elevator Rd, Wiley, CO 81092",Resident 1039,A-20039,2024-10-14,234195,gallons,,R4,
M-1040,"380 Main St, Wiley, CO 81092",Resident 1040,A-20040,2024-10-14,183664,gallons,,R5,
M-1041,"387 County Rd 10, Wiley, CO 81092",Resident 1041,A-20041,2024-10-14,98112,gallons,,R6,
M-1042,"394 County Rd 14, Wiley, CO 81092",Resident 1042,A-20042,2024-10-14,368685,gallons,,R1,
M-1043,"401 Highway 287, Wiley, CO 81092",Resident 1043,A-20043,2024-10-14,346560,gallons,,R2,
M-1044,"408 Maple Ave, Wiley, CO 81092",Resident 1044,A-20044,2024-10-14,95148,gallons,,R3,
M-1045,"415 Oak St, Wiley, CO 81092",Resident 1045,A-20045,2024-10-14,242920,gallons,,R4,
M-1046,"422 Elm St, Wiley, CO 81092",Resident 1046,A-20046,2024-10-14,96612,gallons,,R5,
M-1047,"429 3rd Ave, Wiley, CO 81092",Resident 1047,A-20047,2024-10-14,86623,gallons,,R6,
M-1048,"436 5th St, Wiley, CO 81092",Resident 1048,A-20048,2024-10-14,366436,gallons,,R1,
M-1049,"443 Ranch Rd, Wiley, CO 81092",Resident 1049,A-20049,2024-10-14,318086,gallons,,R2,
M-1050,"450 Irrigation Ln, Wiley, CO 81092",Resident 1050,A-20050,2024-10-14,324592,gallons,,R3,
M-1051,"457 North Frontage, Wiley, CO 81092",Resident 1051,A-20051,2024-10-14,345940,gallons,,R4,
M-1052,"464 South Loop, Wiley, CO 81092",Resident 1052,A-20052,2024-10-14,150776,gallons,,R5,
M-1053,"471 Pioneer Rd, Wiley, CO 81092",Resident 1053,A-20053,2024-10-14,104894,gallons,,R6,
M-1054,"478 Cottonwood Dr, Wiley, CO 81092",Resident 1054,A-20054,2024-10-14,331150,gallons,,R1,
M-1055,"485 Sand Creek Rd, Wiley, CO 81092",Resident 1055,A-20055,2024-10-14,100635,gallons,,R2,
M-1056,"492 Prairie View, Wiley, CO 81092",Resident 1056,A-20056,2024-10-14,174232,gallons,,R3,
M-1057,"499 School House Rd, Wiley, CO 81092",Resident 1057,A-20057,2024-10-14,107068,gallons,,R4,
M-1058,"506 Cemetery Rd, Wiley, CO 81092",Resident 1058,A-20058,2024-10-14,385893,gallons,,R5,
M-1059,"513 Grain Elevator Rd, Wiley, CO 81092",Resident 1059,A-20059,2024-10-14,97709,gallons,,R6,
M-1060,"520 Main St, Wiley, CO 81092",Resident 1060,A-20060,2024-10-14,193465,gallons,,R1,
M-1061,"527 County Rd 10, Wiley, CO 81092",Resident 1061,A-20061,2024-10-14,272211,gallons,,R2,
M-1062,"534 County Rd 14, Wiley, CO 81092",Resident 1062,A-20062,2024-10-14,135642,gallons,,R3,
M-1063,"541 Highway 287, Wiley, CO 81092",Resident 1063,A-20063,2024-10-14,365013,gallons,,R4,
M-1064,"548 Maple Ave, Wiley, CO 81092",Resident 1064,A-20064,2024-10-14,202734,gallons,,R5,
M-1065,"555 Oak St, Wiley, CO 81092",Resident 1065,A-20065,2024-10-14,378704,gallons,,R6,
M-1066,"562 Elm St, Wiley, CO 81092",Resident 1066,A-20066,2024-10-14,380238,gallons,,R1,
M-1067,"569 3rd Ave, Wiley, CO 81092",Resident 1067,A-20067,2024-10-14,95362,gallons,,R2,
M-1068,"576 5th St, Wiley, CO 81092",Resident 1068,A-20068,2024-10-14,388616,gallons,,R3,
M-1069,"583 Ranch Rd, Wiley, CO 81092",Resident 1069,A-20069,2024-10-14,121763,gallons,,R4,
M-1070,"590 Irrigation Ln, Wiley, CO 81092",Resident 1070,A-20070,2024-10-14,279654,gallons,,R5,
M-1071,"597 North Frontage, Wiley, CO 81092",Resident 1071,A-20071,2024-10-14,403659,gallons,,R6,
M-1072,"604 South Loop, Wiley, CO 81092",Resident 1072,A-20072,2024-10-14,381889,gallons,,R1,
M-1073,"611 Pioneer Rd, Wiley, CO 81092",Resident 1073,A-20073,2024-10-14,361217,gallons,,R2,
M-1074,"618 Cottonwood Dr, Wiley, CO 81092",Resident 1074,A-20074,2024-10-14,338982,gallons,,R3,
M-1075,"625 Sand Creek Rd, Wiley, CO 81092",Resident 1075,A-20075,2024-10-14,226435,gallons,,R4,
M-1076,"632 Prairie View, Wiley, CO 81092",Resident 1076,A-20076,2024-10-14,200320,gallons,,R5,
M-1077,"639 School House Rd, Wiley, CO 81092",Resident 1077,A-20077,2024-10-14,166882,gallons,,R6,
M-1078,"646 Cemetery Rd, Wiley, CO 81092",Resident 1078,A-20078,2024-10-14,234614,gallons,,R1,
M-1079,"653 Grain Elevator Rd, Wiley, CO 81092",Resident 1079,A-20079,2024-10-14,190922,gallons,,R2,
M-1080,"660 Main St, Wiley, CO 81092",Resident 1080,A-20080,2024-10-14,210140,gallons,,R3,
M-1081,"667 County Rd 10, Wiley, CO 81092",Resident 1081,A-20081,2024-10-14,283542,gallons,,R4,
M-1082,"674 County Rd 14, Wiley, CO 81092",Resident 1082,A-20082,2024-10-14,136660,gallons,,R5,
M-1083,"681 Highway 287, Wiley, CO 81092",Resident 1083,A-20083,2024-10-14,400519,gallons,,R6,
M-1084,"688 Maple Ave, Wiley, CO 81092",Resident 1084,A-20084,2024-10-14,223636,gallons,,R1,
M-1085,"695 Oak St, Wiley, CO 81092",Resident 1085,A-20085,2024-10-14,307310,gallons,,R2,
M-1086,"702 Elm St, Wiley, CO 81092",Resident 1086,A-20086,2024-10-14,230442,gallons,,R3,
M-1087,"709 3rd Ave, Wiley, CO 81092",Resident 1087,A-20087,2024-10-14,114024,gallons,,R4,
M-1088,"716 5th St, Wiley, CO 81092",Resident 1088,A-20088,2024-10-14,70443,gallons,,R5,
M-1089,"723 Ranch Rd, Wiley, CO 81092",Resident 1089,A-20089,2024-10-14,356061,gallons,,R6,
M-1090,"730 Irrigation Ln, Wiley, CO 81092",Resident 1090,A-20090,2024-10-14,401344,gallons,,R1,
M-1091,"737 North Frontage, Wiley, CO 81092",Resident 1091,A-20091,2024-10-14,370079,gallons,,R2,
M-1092,"744 South Loop, Wiley, CO 81092",Resident 1092,A-20092,2024-10-14,114738,gallons,,R3,
M-1093,"751 Pioneer Rd, Wiley, CO 81092",Resident 1093,A-20093,2024-10-14,110704,gallons,,R4,
M-1094,"758 Cottonwood Dr, Wiley, CO 81092",Resident 1094,A-20094,2024-10-14,358699,gallons,,R5,
M-1095,"765 Sand Creek Rd, Wiley, CO 81092",Resident 1095,A-20095,2024-10-14,176661,gallons,,R6,
M-1096,"772 Prairie View, Wiley, CO 81092",Resident 1096,A-20096,2024-10-14,327386,gallons,,R1,
M-1097,"779 School House Rd, Wiley, CO 81092",Resident 1097,A-20097,2024-10-14,210047,gallons,,R2,
M-1098,"786 Cemetery Rd, Wiley, CO 81092",Resident 1098,A-20098,2024-10-14,138797,gallons,,R3,
M-1099,"793 Grain Elevator Rd, Wiley, CO 81092",Resident 1099,A-20099,2024-10-14,248219,gallons,,R4,
M-1100,"800 Main St, Wiley, CO 81092",Resident 1100,A-20100,2024-10-14,110266,gallons,,R5,
M-1101,"807 County Rd 10, Wiley, CO 81092",Resident 1101,A-20101,2024-10-14,204814,gallons,,R6,
M-1102,"814 County Rd 14, Wiley, CO 81092",Resident 1102,A-20102,2024-10-14,268614,gallons,,R1,
M-1103,"821 Highway 287, Wiley, CO 81092",Resident 1103,A-20103,2024-10-14,215064,gallons,,R2,
M-1104,"828 Maple Ave, Wiley, CO 81092",Resident 1104,A-20104,2024-10-14,160361,gallons,,R3,
M-1105,"835 Oak St, Wiley, CO 81092",Resident 1105,A-20105,2024-10-14,297761,gallons,,R4,
M-1106,"842 Elm St, Wiley, CO 81092",Resident 1106,A-20106,2024-10-14,366727,gallons,,R5,
M-1107,"849 3rd Ave, Wiley, CO 81092",Resident 1107,A-20107,2024-10-14,218625,gallons,,R6,
M-1108,"856 5th St, Wiley, CO 81092",Resident 1108,A-20108,2024-10-14,384793,gallons,,R1,
M-1109,"863 Ranch Rd, Wiley, CO 81092",Resident 1109,A-20109,2024-10-14,401859,gallons,,R2,
M-1110,"870 Irrigation Ln, Wiley, CO 81092",Resident 1110,A-20110,2024-10-14,343953,gallons,,R3,
M-1111,"877 North Frontage, Wiley, CO 81092",Resident 1111,A-20111,2024-10-14,72023,gallons,,R4,
M-1112,"884 South Loop, Wiley, CO 81092",Resident 1112,A-20112,2024-10-14,355666,gallons,,R5,
M-1113,"891 Pioneer Rd, Wiley, CO 81092",Resident 1113,A-20113,2024-10-14,216661,gallons,,R6,
M-1114,"898 Cottonwood Dr, Wiley, CO 81092",Resident 1114,A-20114,2024-10-14,411516,gallons,,R1,
M-1115,"905 Sand Creek Rd, Wiley, CO 81092",Resident 1115,A-20115,2024-10-14,128179,gallons,,R2,
M-1116,"912 Prairie View, Wiley, CO 81092",Resident 1116,A-20116,2024-10-14,146449,gallons,,R3,
M-1117,"919 School House Rd, Wiley, CO 81092",Resident 1117,A-20117,2024-10-14,206657,gallons,,R4,
M-1118,"926 Cemetery Rd, Wiley, CO 81092",Resident 1118,A-20118,2024-10-14,124691,gallons,,R5,
M-1119,"933 Grain Elevator Rd, Wiley, CO 81092",Resident 1119,A-20119,2024-10-14,131767,gallons,,R6,
M-1120,"940 Main St, Wiley, CO 81092",Resident 1120,A-20120,2024-10-14,360906,gallons,,R1,
M-1121,"947 County Rd 10, Wiley, CO 81092",Resident 1121,A-20121,2024-10-14,151247,gallons,,R2,
M-1122,"954 County Rd 14, Wiley, CO 81092",Resident 1122,A-20122,2024-10-14,217909,gallons,,R3,
M-1123,"961 Highway 287, Wiley, CO 81092",Resident 1123,A-20123,2024-10-14,219450,gallons,,R4,
M-1124,"968 Maple Ave, Wiley, CO 81092",Resident 1124,A-20124,2024-10-14,379468,gallons,,R5,
M-1125,"975 Oak St, Wiley, CO 81092",Resident 1125,A-20125,2024-10-14,175147,gallons,,R6,
M-1126,"982 Elm St, Wiley, CO 81092",Resident 1126,A-20126,2024-10-14,241071,gallons,,R1,
M-1127,"989 3rd Ave, Wiley, CO 81092",Resident 1127,A-20127,2024-10-14,171538,gallons,,R2,
M-1128,"996 5th St, Wiley, CO 81092",Resident 1128,A-20128,2024-10-14,413755,gallons,,R3,
M-1129,"1003 Ranch Rd, Wiley, CO 81092",Resident 1129,A-20129,2024-10-14,213739,gallons,,R4,
M-1130,"1010 Irrigation Ln, Wiley, CO 81092",Resident 1130,A-20130,2024-10-14,337569,gallons,,R5,
M-1131,"1017 North Frontage, Wiley, CO 81092",Resident 1131,A-20131,2024-10-14,321528,gallons,,R6,
M-1132,"1024 South Loop, Wiley, CO 81092",Resident 1132,A-20132,2024-10-14,208974,gallons,,R1,
M-1133,"1031 Pioneer Rd, Wiley, CO 81092",Resident 1133,A-20133,2024-10-14,101808,gallons,,R2,
M-1134,"1038 Cottonwood Dr, Wiley, CO 81092",Resident 1134,A-20134,2024-10-14,117952,gallons,,R3,
M-1135,"1045 Sand Creek Rd, Wiley, CO 81092",Resident 1135,A-20135,2024-10-14,405175,gallons,,R4,
M-1136,"1052 Prairie View, Wiley, CO 81092",Resident 1136,A-20136,2024-10-14,291699,gallons,,R5,
M-1137,"1059 School House Rd, Wiley, CO 81092",Resident 1137,A-20137,2024-10-14,214869,gallons,,R6,
M-1138,"1066 Cemetery Rd, Wiley, CO 81092",Resident 1138,A-20138,2024-10-14,87930,gallons,,R1,
M-1139,"1073 Grain Elevator Rd, Wiley, CO 81092",Resident 1139,A-20139,2024-10-14,63237,gallons,,R2,
M-1140,"1080 Main St, Wiley, CO 81092",Resident 1140,A-20140,2024-10-14,247856,gallons,,R3,
M-1141,"1087 County Rd 10, Wiley, CO 81092",Resident 1141,A-20141,2024-10-14,140760,gallons,,R4,
M-1142,"1094 County Rd 14, Wiley, CO 81092",Resident 1142,A-20142,2024-10-14,393945,gallons,,R5,
M-1143,"1101 Highway 287, Wiley, CO 81092",Resident 1143,A-20143,2024-10-14,217366,gallons,,R6,
M-1144,"1108 Maple Ave, Wiley, CO 81092",Resident 1144,A-20144,2024-10-14,143407,gallons,,R1,
M-1145,"1115 Oak St, Wiley, CO 81092",Resident 1145,A-20145,2024-10-14,292871,gallons,,R2,
M-1146,"1122 Elm St, Wiley, CO 81092",Resident 1146,A-20146,2024-10-14,351565,gallons,,R3,
M-1147,"1129 3rd Ave, Wiley, CO 81092",Resident 1147,A-20147,2024-10-14,300178,gallons,,R4,
M-1148,"1136 5th St, Wiley, CO 81092",Resident 1148,A-20148,2024-10-14,356698,gallons,,R5,
M-1149,"1143 Ranch Rd, Wiley, CO 81092",Resident 1149,A-20149,2024-10-14,80235,gallons,,R6,
M-1150,"1150 Irrigation Ln, Wiley, CO 81092",Resident 1150,A-20150,2024-10-14,129436,gallons,,R1,
M-1151,"1157 North Frontage, Wiley, CO 81092",Resident 1151,A-20151,2024-10-14,112721,gallons,,R2,
M-1152,"1164 South Loop, Wiley, CO 81092",Resident 1152,A-20152,2024-10-14,137895,gallons,,R3,
M-1153,"1171 Pioneer Rd, Wiley, CO 81092",Resident 1153,A-20153,2024-10-14,354884,gallons,,R4,
M-1154,"1178 Cottonwood Dr, Wiley, CO 81092",Resident 1154,A-20154,2024-10-14,87347,gallons,,R5,
M-1155,"1185 Sand Creek Rd, Wiley, CO 81092",Resident 1155,A-20155,2024-10-14,267701,gallons,,R6,
M-1156,"1192 Prairie View, Wiley, CO 81092",Resident 1156,A-20156,2024-10-14,445025,gallons,,R1,
M-1157,"1199 School House Rd, Wiley, CO 81092",Resident 1157,A-20157,2024-10-14,361813,gallons,,R2,
M-1158,"1206 Cemetery Rd, Wiley, CO 81092",Resident 1158,A-20158,2024-10-14,143571,gallons,,R3,
M-1159,"1213 Grain Elevator Rd, Wiley, CO 81092",Resident 1159,A-20159,2024-10-14,297740,gallons,,R4,
M-1160,"1220 Main St, Wiley, CO 81092",Resident 1160,A-20160,2024-10-14,125074,gallons,,R5,
M-1161,"1227 County Rd 10, Wiley, CO 81092",Resident 1161,A-20161,2024-10-14,98445,gallons,,R6,
M-1162,"1234 County Rd 14, Wiley, CO 81092",Resident 1162,A-20162,2024-10-14,240628,gallons,,R1,
M-1163,"1241 Highway 287, Wiley, CO 81092",Resident 1163,A-20163,2024-10-14,251916,gallons,,R2,
M-1164,"1248 Maple Ave, Wiley, CO 81092",Resident 1164,A-20164,2024-10-14,99326,gallons,,R3,
M-1165,"1255 Oak St, Wiley, CO 81092",Resident 1165,A-20165,2024-10-14,259606,gallons,,R4,
M-1166,"1262 Elm St, Wiley, CO 81092",Resident 1166,A-20166,2024-10-14,189753,gallons,,R5,
M-1167,"1269 3rd Ave, Wiley, CO 81092",Resident 1167,A-20167,2024-10-14,196853,gallons,,R6,
M-1168,"1276 5th St, Wiley, CO 81092",Resident 1168,A-20168,2024-10-14,427812,gallons,,R1,
M-1169,"1283 Ranch Rd, Wiley, CO 81092",Resident 1169,A-20169,2024-10-14,129923,gallons,,R2,
M-1170,"1290 Irrigation Ln, Wiley, CO 81092",Resident 1170,A-20170,2024-10-14,253542,gallons,,R3,
M-1171,"1297 North Frontage, Wiley, CO 81092",Resident 1171,A-20171,2024-10-14,354186,gallons,,R4,
M-1172,"1304 South Loop, Wiley, CO 81092",Resident 1172,A-20172,2024-10-14,278532,gallons,,R5,
M-1173,"1311 Pioneer Rd, Wiley, CO 81092",Resident 1173,A-20173,2024-10-14,397025,gallons,,R6,
M-1174,"1318 Cottonwood Dr, Wiley, CO 81092",Resident 1174,A-20174,2024-10-14,142632,gallons,,R1,
M-1175,"1325 Sand Creek Rd, Wiley, CO 81092",Resident 1175,A-20175,2024-10-14,192940,gallons,,R2,
M-1176,"1332 Prairie View, Wiley, CO 81092",Resident 1176,A-20176,2024-10-14,143201,gallons,,R3,
M-1177,"1339 School House Rd, Wiley, CO 81092",Resident 1177,A-20177,2024-10-14,169434,gallons,,R4,
M-1178,"1346 Cemetery Rd, Wiley, CO 81092",Resident 1178,A-20178,2024-10-14,296149,gallons,,R5,
M-1179,"1353 Grain Elevator Rd, Wiley, CO 81092",Resident 1179,A-20179,2024-10-14,78727,gallons,,R6,
M-1180,"1360 Main St, Wiley, CO 81092",Resident 1180,A-20180,2024-10-14,165570,gallons,,R1,
M-1181,"1367 County Rd 10, Wiley, CO 81092",Resident 1181,A-20181,2024-10-14,253299,gallons,,R2,
M-1182,"1374 County Rd 14, Wiley, CO 81092",Resident 1182,A-20182,2024-10-14,278981,gallons,,R3,
M-1183,"1381 Highway 287, Wiley, CO 81092",Resident 1183,A-20183,2024-10-14,203034,gallons,,R4,
M-1184,"1388 Maple Ave, Wiley, CO 81092",Resident 1184,A-20184,2024-10-14,200450,gallons,,R5,
M-1185,"1395 Oak St, Wiley, CO 81092",Resident 1185,A-20185,2024-10-14,160459,gallons,,R6,
M-1186,"1402 Elm St, Wiley, CO 81092",Resident 1186,A-20186,2024-10-14,123698,gallons,,R1,
M-1187,"1409 3rd Ave, Wiley, CO 81092",Resident 1187,A-20187,2024-10-14,276342,gallons,,R2,
M-1188,"1416 5th St, Wiley, CO 81092",Resident 1188,A-20188,2024-10-14,92712,gallons,,R3,
M-1189,"1423 Ranch Rd, Wiley, CO 81092",Resident 1189,A-20189,2024-10-14,322021,gallons,,R4,
M-1190,"1430 Irrigation Ln, Wiley, CO 81092",Resident 1190,A-20190,2024-10-14,180605,gallons,,R5,
M-1191,"1437 North Frontage, Wiley, CO 81092",Resident 1191,A-20191,2024-10-14,165264,gallons,,R6,
M-1192,"1444 South Loop, Wiley, CO 81092",Resident 1192,A-20192,2024-10-14,309366,gallons,,R1,
M-1193,"1451 Pioneer Rd, Wiley, CO 81092",Resident 1193,A-20193,2024-10-14,262550,gallons,,R2,
M-1194,"1458 Cottonwood Dr, Wiley, CO 81092",Resident 1194,A-20194,2024-10-14,222561,gallons,,R3,
M-1195,"1465 Sand Creek Rd, Wiley, CO 81092",Resident 1195,A-20195,2024-10-14,193022,gallons,,R4,
M-1196,"1472 Prairie View, Wiley, CO 81092",Resident 1196,A-20196,2024-10-14,190087,gallons,,R5,
M-1197,"1479 School House Rd, Wiley, CO 81092",Resident 1197,A-20197,2024-10-14,70379,gallons,,R6,
M-1198,"1486 Cemetery Rd, Wiley, CO 81092",Resident 1198,A-20198,2024-10-14,421019,gallons,,R1,
M-1199,"1493 Grain Elevator Rd, Wiley, CO 81092",Resident 1199,A-20199,2024-10-14,169417,gallons,,R2,
M-1200,"1500 Main St, Wiley, CO 81092",Resident 1200,A-20200,2024-10-14,279958,gallons,,R3,
M-1201,"1507 County Rd 10, Wiley, CO 81092",Resident 1201,A-20201,2024-10-14,230446,gallons,,R4,
M-1202,"1514 County Rd 14, Wiley, CO 81092",Resident 1202,A-20202,2024-10-14,206638,gallons,,R5,
M-1203,"1521 Highway 287, Wiley, CO 81092",Resident 1203,A-20203,2024-10-14,104422,gallons,,R6,
M-1204,"1528 Maple Ave, Wiley, CO 81092",Resident 1204,A-20204,2024-10-14,213050,gallons,,R1,
M-1205,"1535 Oak St, Wiley, CO 81092",Resident 1205,A-20205,2024-10-14,248524,gallons,,R2,
M-1206,"1542 Elm St, Wiley, CO 81092",Resident 1206,A-20206,2024-10-14,395380,gallons,,R3,
M-1207,"1549 3rd Ave, Wiley, CO 81092",Resident 1207,A-20207,2024-10-14,332292,gallons,,R4,
M-1208,"1556 5th St, Wiley, CO 81092",Resident 1208,A-20208,2024-10-14,283772,gallons,,R5,
M-1209,"1563 Ranch Rd, Wiley, CO 81092",Resident 1209,A-20209,2024-10-14,340883,gallons,,R6,
M-1210,"1570 Irrigation Ln, Wiley, CO 81092",Resident 1210,A-20210,2024-10-14,233742,gallons,,R1,
M-1211,"1577 North Frontage, Wiley, CO 81092",Resident 1211,A-20211,2024-10-14,93630,gallons,,R2,
M-1212,"1584 South Loop, Wiley, CO 81092",Resident 1212,A-20212,2024-10-14,132579,gallons,,R3,
M-1213,"1591 Pioneer Rd, Wiley, CO 81092",Resident 1213,A-20213,2024-10-14,197023,gallons,,R4,
M-1214,"1598 Cottonwood Dr, Wiley, CO 81092",Resident 1214,A-20214,2024-10-14,174270,gallons,,R5,
M-1215,"1605 Sand Creek Rd, Wiley, CO 81092",Resident 1215,A-20215,2024-10-14,376300,gallons,,R6,
M-1216,"1612 Prairie View, Wiley, CO 81092",Resident 1216,A-20216,2024-10-14,217313,gallons,,R1,
M-1217,"1619 School House Rd, Wiley, CO 81092",Resident 1217,A-20217,2024-10-14,81128,gallons,,R2,
M-1218,"1626 Cemetery Rd, Wiley, CO 81092",Resident 1218,A-20218,2024-10-14,118041,gallons,,R3,
M-1219,"1633 Grain Elevator Rd, Wiley, CO 81092",Resident 1219,A-20219,2024-10-14,387497,gallons,,R4,
M-1220,"1640 Main St, Wiley, CO 81092",Resident 1220,A-20220,2024-10-14,298725,gallons,,R5,
M-1221,"1647 County Rd 10, Wiley, CO 81092",Resident 1221,A-20221,2024-10-14,255158,gallons,,R6,
M-1222,"1654 County Rd 14, Wiley, CO 81092",Resident 1222,A-20222,2024-10-14,226024,gallons,,R1,
M-1223,"1661 Highway 287, Wiley, CO 81092",Resident 1223,A-20223,2024-10-14,294841,gallons,,R2,
M-1224,"1668 Maple Ave, Wiley, CO 81092",Resident 1224,A-20224,2024-10-14,390768,gallons,,R3,
M-1225,"1675 Oak St, Wiley, CO 81092",Resident 1225,A-20225,2024-10-14,344146,gallons,,R4,
M-1226,"1682 Elm St, Wiley, CO 81092",Resident 1226,A-20226,2024-10-14,130003,gallons,,R5,
M-1227,"1689 3rd Ave, Wiley, CO 81092",Resident 1227,A-20227,2024-10-14,265569,gallons,,R6,
M-1228,"1696 5th St, Wiley, CO 81092",Resident 1228,A-20228,2024-10-14,375212,gallons,,R1,
M-1229,"1703 Ranch Rd, Wiley, CO 81092",Resident 1229,A-20229,2024-10-14,180550,gallons,,R2,
M-1230,"1710 Irrigation Ln, Wiley, CO 81092",Resident 1230,A-20230,2024-10-14,212297,gallons,,R3,
M-1231,"1717 North Frontage, Wiley, CO 81092",Resident 1231,A-20231,2024-10-14,102751,gallons,,R4,
M-1232,"1724 South Loop, Wiley, CO 81092",Resident 1232,A-20232,2024-10-14,292600,gallons,,R5,
M-1233,"1731 Pioneer Rd, Wiley, CO 81092",Resident 1233,A-20233,2024-10-14,78636,gallons,,R6,
M-1234,"1738 Cottonwood Dr, Wiley, CO 81092",Resident 1234,A-20234,2024-10-14,339090,gallons,,R1,
M-1235,"1745 Sand Creek Rd, Wiley, CO 81092",Resident 1235,A-20235,2024-10-14,353387,gallons,,R2,
M-1236,"1752 Prairie View, Wiley, CO 81092",Resident 1236,A-20236,2024-10-14,181673,gallons,,R3,
M-1237,"1759 School House Rd, Wiley, CO 81092",Resident 1237,A-20237,2024-10-14,268812,gallons,,R4,
M-1238,"1766 Cemetery Rd, Wiley, CO 81092",Resident 1238,A-20238,2024-10-14,294766,gallons,,R5,
M-1239,"1773 Grain Elevator Rd, Wiley, CO 81092",Resident 1239,A-20239,2024-10-14,105511,gallons,,R6,
M-1240,"1780 Main St, Wiley, CO 81092",Resident 1240,A-20240,2024-10-14,421499,gallons,,R1,
M-1241,"1787 County Rd 10, Wiley, CO 81092",Resident 1241,A-20241,2024-10-14,242287,gallons,,R2,
M-1242,"1794 County Rd 14, Wiley, CO 81092",Resident 1242,A-20242,2024-10-14,387592,gallons,,R3,
M-1243,"1801 Highway 287, Wiley, CO 81092",Resident 1243,A-20243,2024-10-14,229302,gallons,,R4,
M-1244,"1808 Maple Ave, Wiley, CO 81092",Resident 1244,A-20244,2024-10-14,469748,gallons,,R5,
M-1245,"1815 Oak St, Wiley, CO 81092",Resident 1245,A-20245,2024-10-14,125395,gallons,,R6,
M-1246,"1822 Elm St, Wiley, CO 81092",Resident 1246,A-20246,2024-10-14,225427,gallons,,R1,
M-1247,"1829 3rd Ave, Wiley, CO 81092",Resident 1247,A-20247,2024-10-14,324001,gallons,,R2,
M-1248,"1836 5th St, Wiley, CO 81092",Resident 1248,A-20248,2024-10-14,236828,gallons,,R3,
M-1249,"1843 Ranch Rd, Wiley, CO 81092",Resident 1249,A-20249,2024-10-14,422920,gallons,,R4,
M-1250,"1850 Irrigation Ln, Wiley, CO 81092",Resident 1250,A-20250,2024-10-14,278097,gallons,,R5,
M-1251,"1857 North Frontage, Wiley, CO 81092",Resident 1251,A-20251,2024-10-14,245263,gallons,,R6,
M-1252,"1864 South Loop, Wiley, CO 81092",Resident 1252,A-20252,2024-10-14,275405,gallons,,R1,
M-1253,"1871 Pioneer Rd, Wiley, CO 81092",Resident 1253,A-20253,2024-10-14,212598,gallons,,R2,
M-1254,"1878 Cottonwood Dr, Wiley, CO 81092",Resident 1254,A-20254,2024-10-14,350409,gallons,,R3,
M-1255,"1885 Sand Creek Rd, Wiley, CO 81092",Resident 1255,A-20255,2024-10-14,146389,gallons,,R4,
M-1256,"1892 Prairie View, Wiley, CO 81092",Resident 1256,A-20256,2024-10-14,176548,gallons,,R5,
M-1257,"1899 School House Rd, Wiley, CO 81092",Resident 1257,A-20257,2024-10-14,279594,gallons,,R6,
M-1258,"1906 Cemetery Rd, Wiley, CO 81092",Resident 1258,A-20258,2024-10-14,412816,gallons,,R1,
M-1259,"1913 Grain Elevator Rd, Wiley, CO 81092",Resident 1259,A-20259,2024-10-14,258203,gallons,,R2,
M-1260,"1920 Main St, Wiley, CO 81092",Resident 1260,A-20260,2024-10-14,150734,gallons,,R3,
M-1261,"1927 County Rd 10, Wiley, CO 81092",Resident 1261,A-20261,2024-10-14,389390,gallons,,R4,
M-1262,"1934 County Rd 14, Wiley, CO 81092",Resident 1262,A-20262,2024-10-14,357893,gallons,,R5,
M-1263,"1941 Highway 287, Wiley, CO 81092",Resident 1263,A-20263,2024-10-14,228912,gallons,,R6,
M-1264,"1948 Maple Ave, Wiley, CO 81092",Resident 1264,A-20264,2024-10-14,276893,gallons,,R1,
M-1265,"1955 Oak St, Wiley, CO 81092",Resident 1265,A-20265,2024-10-14,352042,gallons,,R2,
M-1266,"1962 Elm St, Wiley, CO 81092",Resident 1266,A-20266,2024-10-14,75149,gallons,,R3,
M-1267,"1969 3rd Ave, Wiley, CO 81092",Resident 1267,A-20267,2024-10-14,230465,gallons,,R4,
M-1268,"1976 5th St, Wiley, CO 81092",Resident 1268,A-20268,2024-10-14,214704,gallons,,R5,
M-1269,"1983 Ranch Rd, Wiley, CO 81092",Resident 1269,A-20269,2024-10-14,185430,gallons,,R6,
M-1270,"1990 Irrigation Ln, Wiley, CO 81092",Resident 1270,A-20270,2024-10-14,286872,gallons,,R1,
M-1271,"1997 North Frontage, Wiley, CO 81092",Resident 1271,A-20271,2024-10-14,381904,gallons,,R2,
M-1272,"2004 South Loop, Wiley, CO 81092",Resident 1272,A-20272,2024-10-14,392060,gallons,,R3,
M-1273,"2011 Pioneer Rd, Wiley, CO 81092",Resident 1273,A-20273,2024-10-14,417093,gallons,,R4,
M-1274,"2018 Cottonwood Dr, Wiley, CO 81092",Resident 1274,A-20274,2024-10-14,238975,gallons,,R5,
M-1275,"2025 Sand Creek Rd, Wiley, CO 81092",Resident 1275,A-20275,2024-10-14,309341,gallons,,R6,
M-1276,"2032 Prairie View, Wiley, CO 81092",Resident 1276,A-20276,2024-10-14,304092,gallons,,R1,
M-1277,"2039 School House Rd, Wiley, CO 81092",Resident 1277,A-20277,2024-10-14,302515,gallons,,R2,
M-1278,"2046 Cemetery Rd, Wiley, CO 81092",Resident 1278,A-20278,2024-10-14,174888,gallons,,R3,
M-1279,"2053 Grain Elevator Rd, Wiley, CO 81092",Resident 1279,A-20279,2024-10-14,328855,gallons,,R4,
M-1280,"2060 Main St, Wiley, CO 81092",Resident 1280,A-20280,2024-10-14,308858,gallons,,R5,
M-1281,"2067 County Rd 10, Wiley, CO 81092",Resident 1281,A-20281,2024-10-14,166227,gallons,,R6,
M-1282,"2074 County Rd 14, Wiley, CO 81092",Resident 1282,A-20282,2024-10-14,416792,gallons,,R1,
M-1283,"2081 Highway 287, Wiley, CO 81092",Resident 1283,A-20283,2024-10-14,112392,gallons,,R2,
M-1284,"2088 Maple Ave, Wiley, CO 81092",Resident 1284,A-20284,2024-10-14,220215,gallons,,R3,
M-1285,"2095 Oak St, Wiley, CO 81092",Resident 1285,A-20285,2024-10-14,341099,gallons,,R4,
M-1286,"2102 Elm St, Wiley, CO 81092",Resident 1286,A-20286,2024-10-14,419515,gallons,,R5,
M-1287,"2109 3rd Ave, Wiley, CO 81092",Resident 1287,A-20287,2024-10-14,409394,gallons,,R6,
M-1288,"2116 5th St, Wiley, CO 81092",Resident 1288,A-20288,2024-10-14,383642,gallons,,R1,
M-1289,"2123 Ranch Rd, Wiley, CO 81092",Resident 1289,A-20289,2024-10-14,253030,gallons,,R2,
M-1290,"2130 Irrigation Ln, Wiley, CO 81092",Resident 1290,A-20290,2024-10-14,124449,gallons,,R3,
M-1291,"2137 North Frontage, Wiley, CO 81092",Resident 1291,A-20291,2024-10-14,199310,gallons,,R4,
M-1292,"2144 South Loop, Wiley, CO 81092",Resident 1292,A-20292,2024-10-14,222640,gallons,,R5,
M-1293,"2151 Pioneer Rd, Wiley, CO 81092",Resident 1293,A-20293,2024-10-14,177309,gallons,,R6,
M-1294,"2158 Cottonwood Dr, Wiley, CO 81092",Resident 1294,A-20294,2024-10-14,173885,gallons,,R1,
M-1295,"2165 Sand Creek Rd, Wiley, CO 81092",Resident 1295,A-20295,2024-10-14,158665,gallons,,R2,
M-1296,"2172 Prairie View, Wiley, CO 81092",Resident 1296,A-20296,2024-10-14,79388,gallons,,R3,
M-1297,"2179 School House Rd, Wiley, CO 81092",Resident 1297,A-20297,2024-10-14,85105,gallons,,R4,
M-1298,"2186 Cemetery Rd, Wiley, CO 81092",Resident 1298,A-20298,2024-10-14,191637,gallons,,R5,
M-1299,"2193 Grain Elevator Rd, Wiley, CO 81092",Resident 1299,A-20299,2024-10-14,310630,gallons,,R6,
M-1300,"2200 Main St, Wiley, CO 81092",Resident 1300,A-20300,2024-10-14,384003,gallons,,R1,
M-1001,"107 County Rd 10, Wiley, CO 81092",Resident 1001,A-20001,2024-11-15,361744,gallons,,R2,
M-1002,"114 County Rd 14, Wiley, CO 81092",Resident 1002,A-20002,2024-11-15,298056,gallons,,R3,
M-1003,"121 Highway 287, Wiley, CO 81092",Resident 1003,A-20003,2024-11-15,133258,gallons,,R4,
M-1004,"128 Maple Ave, Wiley, CO 81092",Resident 1004,A-20004,2024-11-15,308111,gallons,,R5,
M-1005,"135 Oak St, Wiley, CO 81092",Resident 1005,A-20005,2024-11-15,165119,gallons,,R6,
M-1006,"142 Elm St, Wiley, CO 81092",Resident 1006,A-20006,2024-11-15,213984,gallons,,R1,
M-1007,"149 3rd Ave, Wiley, CO 81092",Resident 1007,A-20007,2024-11-15,310100,gallons,,R2,
M-1008,"156 5th St, Wiley, CO 81092",Resident 1008,A-20008,2024-11-15,195529,gallons,,R3,
M-1009,"163 Ranch Rd, Wiley, CO 81092",Resident 1009,A-20009,2024-11-15,124065,gallons,,R4,
M-1010,"170 Irrigation Ln, Wiley, CO 81092",Resident 1010,A-20010,2024-11-15,294488,gallons,,R5,
M-1011,"177 North Frontage, Wiley, CO 81092",Resident 1011,A-20011,2024-11-15,370745,gallons,,R6,
M-1012,"184 South Loop, Wiley, CO 81092",Resident 1012,A-20012,2024-11-15,137686,gallons,,R1,
M-1013,"191 Pioneer Rd, Wiley, CO 81092",Resident 1013,A-20013,2024-11-15,103690,gallons,,R2,
M-1014,"198 Cottonwood Dr, Wiley, CO 81092",Resident 1014,A-20014,2024-11-15,403845,gallons,,R3,
M-1015,"205 Sand Creek Rd, Wiley, CO 81092",Resident 1015,A-20015,2024-11-15,363657,gallons,,R4,
M-1016,"212 Prairie View, Wiley, CO 81092",Resident 1016,A-20016,2024-11-15,81282,gallons,,R5,
M-1017,"219 School House Rd, Wiley, CO 81092",Resident 1017,A-20017,2024-11-15,109178,gallons,,R6,
M-1018,"226 Cemetery Rd, Wiley, CO 81092",Resident 1018,A-20018,2024-11-15,184052,gallons,,R1,
M-1019,"233 Grain Elevator Rd, Wiley, CO 81092",Resident 1019,A-20019,2024-11-15,149221,gallons,,R2,
M-1020,"240 Main St, Wiley, CO 81092",Resident 1020,A-20020,2024-11-15,279634,gallons,,R3,
M-1021,"247 County Rd 10, Wiley, CO 81092",Resident 1021,A-20021,2024-11-15,321600,gallons,,R4,
M-1022,"254 County Rd 14, Wiley, CO 81092",Resident 1022,A-20022,2024-11-15,328794,gallons,,R5,
M-1023,"261 Highway 287, Wiley, CO 81092",Resident 1023,A-20023,2024-11-15,193844,gallons,,R6,
M-1024,"268 Maple Ave, Wiley, CO 81092",Resident 1024,A-20024,2024-11-15,271221,gallons,,R1,
M-1025,"275 Oak St, Wiley, CO 81092",Resident 1025,A-20025,2024-11-15,110462,gallons,,R2,
M-1026,"282 Elm St, Wiley, CO 81092",Resident 1026,A-20026,2024-11-15,153483,gallons,,R3,
M-1027,"289 3rd Ave, Wiley, CO 81092",Resident 1027,A-20027,2024-11-15,284935,gallons,,R4,
M-1028,"296 5th St, Wiley, CO 81092",Resident 1028,A-20028,2024-11-15,84405,gallons,,R5,
M-1029,"303 Ranch Rd, Wiley, CO 81092",Resident 1029,A-20029,2024-11-15,289891,gallons,,R6,
M-1030,"310 Irrigation Ln, Wiley, CO 81092",Resident 1030,A-20030,2024-11-15,218224,gallons,,R1,
M-1031,"317 North Frontage, Wiley, CO 81092",Resident 1031,A-20031,2024-11-15,313878,gallons,,R2,
M-1032,"324 South Loop, Wiley, CO 81092",Resident 1032,A-20032,2024-11-15,215648,gallons,,R3,
M-1033,"331 Pioneer Rd, Wiley, CO 81092",Resident 1033,A-20033,2024-11-15,383565,gallons,,R4,
M-1034,"338 Cottonwood Dr, Wiley, CO 81092",Resident 1034,A-20034,2024-11-15,373894,gallons,,R5,
M-1035,"345 Sand Creek Rd, Wiley, CO 81092",Resident 1035,A-20035,2024-11-15,416345,gallons,,R6,
M-1036,"352 Prairie View, Wiley, CO 81092",Resident 1036,A-20036,2024-11-15,314652,gallons,,R1,
M-1037,"359 School House Rd, Wiley, CO 81092",Resident 1037,A-20037,2024-11-15,169222,gallons,,R2,
M-1038,"366 Cemetery Rd, Wiley, CO 81092",Resident 1038,A-20038,2024-11-15,164101,gallons,,R3,
M-1039,"373 Grain Elevator Rd, Wiley, CO 81092",Resident 1039,A-20039,2024-11-15,239688,gallons,,R4,
M-1040,"380 Main St, Wiley, CO 81092",Resident 1040,A-20040,2024-11-15,188090,gallons,,R5,
M-1041,"387 County Rd 10, Wiley, CO 81092",Resident 1041,A-20041,2024-11-15,102272,gallons,,R6,
M-1042,"394 County Rd 14, Wiley, CO 81092",Resident 1042,A-20042,2024-11-15,372096,gallons,,R1,
M-1043,"401 Highway 287, Wiley, CO 81092",Resident 1043,A-20043,2024-11-15,348854,gallons,,R2,
M-1044,"408 Maple Ave, Wiley, CO 81092",Resident 1044,A-20044,2024-11-15,98428,gallons,,R3,
M-1045,"415 Oak St, Wiley, CO 81092",Resident 1045,A-20045,2024-11-15,249928,gallons,,R4,
M-1046,"422 Elm St, Wiley, CO 81092",Resident 1046,A-20046,2024-11-15,100090,gallons,,R5,
M-1047,"429 3rd Ave, Wiley, CO 81092",Resident 1047,A-20047,2024-11-15,89080,gallons,,R6,
M-1048,"436 5th St, Wiley, CO 81092",Resident 1048,A-20048,2024-11-15,368503,gallons,,R1,
M-1049,"443 Ranch Rd, Wiley, CO 81092",Resident 1049,A-20049,2024-11-15,322554,gallons,,R2,
M-1050,"450 Irrigation Ln, Wiley, CO 81092",Resident 1050,A-20050,2024-11-15,326598,gallons,,R3,
M-1051,"457 North Frontage, Wiley, CO 81092",Resident 1051,A-20051,2024-11-15,349722,gallons,,R4,
M-1052,"464 South Loop, Wiley, CO 81092",Resident 1052,A-20052,2024-11-15,155042,gallons,,R5,
M-1053,"471 Pioneer Rd, Wiley, CO 81092",Resident 1053,A-20053,2024-11-15,109805,gallons,,R6,
M-1054,"478 Cottonwood Dr, Wiley, CO 81092",Resident 1054,A-20054,2024-11-15,334376,gallons,,R1,
M-1055,"485 Sand Creek Rd, Wiley, CO 81092",Resident 1055,A-20055,2024-11-15,102464,gallons,,R2,
M-1056,"492 Prairie View, Wiley, CO 81092",Resident 1056,A-20056,2024-11-15,179493,gallons,,R3,
M-1057,"499 School House Rd, Wiley, CO 81092",Resident 1057,A-20057,2024-11-15,110940,gallons,,R4,
M-1058,"506 Cemetery Rd, Wiley, CO 81092",Resident 1058,A-20058,2024-11-15,390839,gallons,,R5,
M-1059,"513 Grain Elevator Rd, Wiley, CO 81092",Resident 1059,A-20059,2024-11-15,99933,gallons,,R6,
M-1060,"520 Main St, Wiley, CO 81092",Resident 1060,A-20060,2024-11-15,198029,gallons,,R1,
M-1061,"527 County Rd 10, Wiley, CO 81092",Resident 1061,A-20061,2024-11-15,274264,gallons,,R2,
M-1062,"534 County Rd 14, Wiley, CO 81092",Resident 1062,A-20062,2024-11-15,139969,gallons,,R3,
M-1063,"541 Highway 287, Wiley, CO 81092",Resident 1063,A-20063,2024-11-15,368909,gallons,,R4,
M-1064,"548 Maple Ave, Wiley, CO 81092",Resident 1064,A-20064,2024-11-15,208806,gallons,,R5,
M-1065,"555 Oak St, Wiley, CO 81092",Resident 1065,A-20065,2024-11-15,384398,gallons,,R6,
M-1066,"562 Elm St, Wiley, CO 81092",Resident 1066,A-20066,2024-11-15,384447,gallons,,R1,
M-1067,"569 3rd Ave, Wiley, CO 81092",Resident 1067,A-20067,2024-11-15,99993,gallons,,R2,
M-1068,"576 5th St, Wiley, CO 81092",Resident 1068,A-20068,2024-11-15,391266,gallons,,R3,
M-1069,"583 Ranch Rd, Wiley, CO 81092",Resident 1069,A-20069,2024-11-15,128332,gallons,,R4,
M-1070,"590 Irrigation Ln, Wiley, CO 81092",Resident 1070,A-20070,2024-11-15,281852,gallons,,R5,
M-1071,"597 North Frontage, Wiley, CO 81092",Resident 1071,A-20071,2024-11-15,405380,gallons,,R6,
M-1072,"604 South Loop, Wiley, CO 81092",Resident 1072,A-20072,2024-11-15,387954,gallons,,R1,
M-1073,"611 Pioneer Rd, Wiley, CO 81092",Resident 1073,A-20073,2024-11-15,364219,gallons,,R2,
M-1074,"618 Cottonwood Dr, Wiley, CO 81092",Resident 1074,A-20074,2024-11-15,341900,gallons,,R3,
M-1075,"625 Sand Creek Rd, Wiley, CO 81092",Resident 1075,A-20075,2024-11-15,228304,gallons,,R4,
M-1076,"632 Prairie View, Wiley, CO 81092",Resident 1076,A-20076,2024-11-15,203174,gallons,,R5,
M-1077,"639 School House Rd, Wiley, CO 81092",Resident 1077,A-20077,2024-11-15,169380,gallons,,R6,
M-1078,"646 Cemetery Rd, Wiley, CO 81092",Resident 1078,A-20078,2024-11-15,238657,gallons,,R1,
M-1079,"653 Grain Elevator Rd, Wiley, CO 81092",Resident 1079,A-20079,2024-11-15,194508,gallons,,R2,
M-1080,"660 Main St, Wiley, CO 81092",Resident 1080,A-20080,2024-11-15,214612,gallons,,R3,
M-1081,"667 County Rd 10, Wiley, CO 81092",Resident 1081,A-20081,2024-11-15,288449,gallons,,R4,
M-1082,"674 County Rd 14, Wiley, CO 81092",Resident 1082,A-20082,2024-11-15,140303,gallons,,R5,
M-1083,"681 Highway 287, Wiley, CO 81092",Resident 1083,A-20083,2024-11-15,403009,gallons,,R6,
M-1084,"688 Maple Ave, Wiley, CO 81092",Resident 1084,A-20084,2024-11-15,227027,gallons,,R1,
M-1085,"695 Oak St, Wiley, CO 81092",Resident 1085,A-20085,2024-11-15,311050,gallons,,R2,
M-1086,"702 Elm St, Wiley, CO 81092",Resident 1086,A-20086,2024-11-15,233637,gallons,,R3,
M-1087,"709 3rd Ave, Wiley, CO 81092",Resident 1087,A-20087,2024-11-15,119717,gallons,,R4,
M-1088,"716 5th St, Wiley, CO 81092",Resident 1088,A-20088,2024-11-15,73349,gallons,,R5,
M-1089,"723 Ranch Rd, Wiley, CO 81092",Resident 1089,A-20089,2024-11-15,372185,gallons,,R6,
M-1090,"730 Irrigation Ln, Wiley, CO 81092",Resident 1090,A-20090,2024-11-15,406892,gallons,,R1,
M-1091,"737 North Frontage, Wiley, CO 81092",Resident 1091,A-20091,2024-11-15,374824,gallons,,R2,
M-1092,"744 South Loop, Wiley, CO 81092",Resident 1092,A-20092,2024-11-15,117451,gallons,,R3,
M-1093,"751 Pioneer Rd, Wiley, CO 81092",Resident 1093,A-20093,2024-11-15,115253,gallons,,R4,
M-1094,"758 Cottonwood Dr, Wiley, CO 81092",Resident 1094,A-20094,2024-11-15,364173,gallons,,R5,
M-1095,"765 Sand Creek Rd, Wiley, CO 81092",Resident 1095,A-20095,2024-11-15,179747,gallons,,R6,
M-1096,"772 Prairie View, Wiley, CO 81092",Resident 1096,A-20096,2024-11-15,330130,gallons,,R1,
M-1097,"779 School House Rd, Wiley, CO 81092",Resident 1097,A-20097,2024-11-15,214187,gallons,,R2,
M-1098,"786 Cemetery Rd, Wiley, CO 81092",Resident 1098,A-20098,2024-11-15,142678,gallons,,R3,
M-1099,"793 Grain Elevator Rd, Wiley, CO 81092",Resident 1099,A-20099,2024-11-15,251690,gallons,,R4,
M-1100,"800 Main St, Wiley, CO 81092",Resident 1100,A-20100,2024-11-15,115153,gallons,,R5,
M-1101,"807 County Rd 10, Wiley, CO 81092",Resident 1101,A-20101,2024-11-15,211528,gallons,,R6,
M-1102,"814 County Rd 14, Wiley, CO 81092",Resident 1102,A-20102,2024-11-15,273027,gallons,,R1,
M-1103,"821 Highway 287, Wiley, CO 81092",Resident 1103,A-20103,2024-11-15,218086,gallons,,R2,
M-1104,"828 Maple Ave, Wiley, CO 81092",Resident 1104,A-20104,2024-11-15,166229,gallons,,R3,
M-1105,"835 Oak St, Wiley, CO 81092",Resident 1105,A-20105,2024-11-15,301936,gallons,,R4,
M-1106,"842 Elm St, Wiley, CO 81092",Resident 1106,A-20106,2024-11-15,373200,gallons,,R5,
M-1107,"849 3rd Ave, Wiley, CO 81092",Resident 1107,A-20107,2024-11-15,220552,gallons,,R6,
M-1108,"856 5th St, Wiley, CO 81092",Resident 1108,A-20108,2024-11-15,387822,gallons,,R1,
M-1109,"863 Ranch Rd, Wiley, CO 81092",Resident 1109,A-20109,2024-11-15,403780,gallons,,R2,
M-1110,"870 Irrigation Ln, Wiley, CO 81092",Resident 1110,A-20110,2024-11-15,348058,gallons,,R3,
M-1111,"877 North Frontage, Wiley, CO 81092",Resident 1111,A-20111,2024-11-15,75833,gallons,,R4,
M-1112,"884 South Loop, Wiley, CO 81092",Resident 1112,A-20112,2024-11-15,358482,gallons,,R5,
M-1113,"891 Pioneer Rd, Wiley, CO 81092",Resident 1113,A-20113,2024-11-15,218895,gallons,,R6,
M-1114,"898 Cottonwood Dr, Wiley, CO 81092",Resident 1114,A-20114,2024-11-15,414324,gallons,,R1,
M-1115,"905 Sand Creek Rd, Wiley, CO 81092",Resident 1115,A-20115,2024-11-15,133672,gallons,,R2,
M-1116,"912 Prairie View, Wiley, CO 81092",Resident 1116,A-20116,2024-11-15,152742,gallons,,R3,
M-1117,"919 School House Rd, Wiley, CO 81092",Resident 1117,A-20117,2024-11-15,210531,gallons,,R4,
M-1118,"926 Cemetery Rd, Wiley, CO 81092",Resident 1118,A-20118,2024-11-15,127855,gallons,,R5,
M-1119,"933 Grain Elevator Rd, Wiley, CO 81092",Resident 1119,A-20119,2024-11-15,137158,gallons,,R6,
M-1120,"940 Main St, Wiley, CO 81092",Resident 1120,A-20120,2024-11-15,364977,gallons,,R1,
M-1121,"947 County Rd 10, Wiley, CO 81092",Resident 1121,A-20121,2024-11-15,155384,gallons,,R2,
M-1122,"954 County Rd 14, Wiley, CO 81092",Resident 1122,A-20122,2024-11-15,224035,gallons,,R3,
M-1123,"961 Highway 287, Wiley, CO 81092",Resident 1123,A-20123,2024-11-15,223482,gallons,,R4,
M-1124,"968 Maple Ave, Wiley, CO 81092",Resident 1124,A-20124,2024-11-15,382207,gallons,,R5,
M-1125,"975 Oak St, Wiley, CO 81092",Resident 1125,A-20125,2024-11-15,178388,gallons,,R6,
M-1126,"982 Elm St, Wiley, CO 81092",Resident 1126,A-20126,2024-11-15,243725,gallons,,R1,
M-1127,"989 3rd Ave, Wiley, CO 81092",Resident 1127,A-20127,2024-11-15,174828,gallons,,R2,
M-1128,"996 5th St, Wiley, CO 81092",Resident 1128,A-20128,2024-11-15,420563,gallons,,R3,
M-1129,"1003 Ranch Rd, Wiley, CO 81092",Resident 1129,A-20129,2024-11-15,218169,gallons,,R4,
M-1130,"1010 Irrigation Ln, Wiley, CO 81092",Resident 1130,A-20130,2024-11-15,342941,gallons,,R5,
M-1131,"1017 North Frontage, Wiley, CO 81092",Resident 1131,A-20131,2024-11-15,324750,gallons,,R6,
M-1132,"1024 South Loop, Wiley, CO 81092",Resident 1132,A-20132,2024-11-15,214826,gallons,,R1,
M-1133,"1031 Pioneer Rd, Wiley, CO 81092",Resident 1133,A-20133,2024-11-15,106331,gallons,,R2,
M-1134,"1038 Cottonwood Dr, Wiley, CO 81092",Resident 1134,A-20134,2024-11-15,121847,gallons,,R3,
M-1135,"1045 Sand Creek Rd, Wiley, CO 81092",Resident 1135,A-20135,2024-11-15,409690,gallons,,R4,
M-1136,"1052 Prairie View, Wiley, CO 81092",Resident 1136,A-20136,2024-11-15,296335,gallons,,R5,
M-1137,"1059 School House Rd, Wiley, CO 81092",Resident 1137,A-20137,2024-11-15,218760,gallons,,R6,
M-1138,"1066 Cemetery Rd, Wiley, CO 81092",Resident 1138,A-20138,2024-11-15,91366,gallons,,R1,
M-1139,"1073 Grain Elevator Rd, Wiley, CO 81092",Resident 1139,A-20139,2024-11-15,65769,gallons,,R2,
M-1140,"1080 Main St, Wiley, CO 81092",Resident 1140,A-20140,2024-11-15,252282,gallons,,R3,
M-1141,"1087 County Rd 10, Wiley, CO 81092",Resident 1141,A-20141,2024-11-15,145797,gallons,,R4,
M-1142,"1094 County Rd 14, Wiley, CO 81092",Resident 1142,A-20142,2024-11-15,395948,gallons,,R5,
M-1143,"1101 Highway 287, Wiley, CO 81092",Resident 1143,A-20143,2024-11-15,223389,gallons,,R6,
M-1144,"1108 Maple Ave, Wiley, CO 81092",Resident 1144,A-20144,2024-11-15,145509,gallons,,R1,
M-1145,"1115 Oak St, Wiley, CO 81092",Resident 1145,A-20145,2024-11-15,295449,gallons,,R2,
M-1146,"1122 Elm St, Wiley, CO 81092",Resident 1146,A-20146,2024-11-15,354023,gallons,,R3,
M-1147,"1129 3rd Ave, Wiley, CO 81092",Resident 1147,A-20147,2024-11-15,305062,gallons,,R4,
M-1148,"1136 5th St, Wiley, CO 81092",Resident 1148,A-20148,2024-11-15,359226,gallons,,R5,
M-1149,"1143 Ranch Rd, Wiley, CO 81092",Resident 1149,A-20149,2024-11-15,86746,gallons,,R6,
M-1150,"1150 Irrigation Ln, Wiley, CO 81092",Resident 1150,A-20150,2024-11-15,133989,gallons,,R1,
M-1151,"1157 North Frontage, Wiley, CO 81092",Resident 1151,A-20151,2024-11-15,118663,gallons,,R2,
M-1152,"1164 South Loop, Wiley, CO 81092",Resident 1152,A-20152,2024-11-15,139865,gallons,,R3,
M-1153,"1171 Pioneer Rd, Wiley, CO 81092",Resident 1153,A-20153,2024-11-15,359468,gallons,,R4,
M-1154,"1178 Cottonwood Dr, Wiley, CO 81092",Resident 1154,A-20154,2024-11-15,91336,gallons,,R5,
M-1155,"1185 Sand Creek Rd, Wiley, CO 81092",Resident 1155,A-20155,2024-11-15,273007,gallons,,R6,
M-1156,"1192 Prairie View, Wiley, CO 81092",Resident 1156,A-20156,2024-11-15,466726,gallons,,R1,
M-1157,"1199 School House Rd, Wiley, CO 81092",Resident 1157,A-20157,2024-11-15,366741,gallons,,R2,
M-1158,"1206 Cemetery Rd, Wiley, CO 81092",Resident 1158,A-20158,2024-11-15,147053,gallons,,R3,
M-1159,"1213 Grain Elevator Rd, Wiley, CO 81092",Resident 1159,A-20159,2024-11-15,303132,gallons,,R4,
M-1160,"1220 Main St, Wiley, CO 81092",Resident 1160,A-20160,2024-11-15,126577,gallons,,R5,
M-1161,"1227 County Rd 10, Wiley, CO 81092",Resident 1161,A-20161,2024-11-15,104453,gallons,,R6,
M-1162,"1234 County Rd 14, Wiley, CO 81092",Resident 1162,A-20162,2024-11-15,247293,gallons,,R1,
M-1163,"1241 Highway 287, Wiley, CO 81092",Resident 1163,A-20163,2024-11-15,254301,gallons,,R2,
M-1164,"1248 Maple Ave, Wiley, CO 81092",Resident 1164,A-20164,2024-11-15,104850,gallons,,R3,
M-1165,"1255 Oak St, Wiley, CO 81092",Resident 1165,A-20165,2024-11-15,263931,gallons,,R4,
M-1166,"1262 Elm St, Wiley, CO 81092",Resident 1166,A-20166,2024-11-15,196318,gallons,,R5,
M-1167,"1269 3rd Ave, Wiley, CO 81092",Resident 1167,A-20167,2024-11-15,199950,gallons,,R6,
M-1168,"1276 5th St, Wiley, CO 81092",Resident 1168,A-20168,2024-11-15,434380,gallons,,R1,
M-1169,"1283 Ranch Rd, Wiley, CO 81092",Resident 1169,A-20169,2024-11-15,135386,gallons,,R2,
M-1170,"1290 Irrigation Ln, Wiley, CO 81092",Resident 1170,A-20170,2024-11-15,257494,gallons,,R3,
M-1171,"1297 North Frontage, Wiley, CO 81092",Resident 1171,A-20171,2024-11-15,356416,gallons,,R4,
M-1172,"1304 South Loop, Wiley, CO 81092",Resident 1172,A-20172,2024-11-15,281510,gallons,,R5,
M-1173,"1311 Pioneer Rd, Wiley, CO 81092",Resident 1173,A-20173,2024-11-15,401825,gallons,,R6,
M-1174,"1318 Cottonwood Dr, Wiley, CO 81092",Resident 1174,A-20174,2024-11-15,145137,gallons,,R1,
M-1175,"1325 Sand Creek Rd, Wiley, CO 81092",Resident 1175,A-20175,2024-11-15,198040,gallons,,R2,
M-1176,"1332 Prairie View, Wiley, CO 81092",Resident 1176,A-20176,2024-11-15,144757,gallons,,R3,
M-1177,"1339 School House Rd, Wiley, CO 81092",Resident 1177,A-20177,2024-11-15,176396,gallons,,R4,
M-1178,"1346 Cemetery Rd, Wiley, CO 81092",Resident 1178,A-20178,2024-11-15,303036,gallons,,R5,
M-1179,"1353 Grain Elevator Rd, Wiley, CO 81092",Resident 1179,A-20179,2024-11-15,81578,gallons,,R6,
M-1180,"1360 Main St, Wiley, CO 81092",Resident 1180,A-20180,2024-11-15,170489,gallons,,R1,
M-1181,"1367 County Rd 10, Wiley, CO 81092",Resident 1181,A-20181,2024-11-15,259370,gallons,,R2,
M-1182,"1374 County Rd 14, Wiley, CO 81092",Resident 1182,A-20182,2024-11-15,281976,gallons,,R3,
M-1183,"1381 Highway 287, Wiley, CO 81092",Resident 1183,A-20183,2024-11-15,208059,gallons,,R4,
M-1184,"1388 Maple Ave, Wiley, CO 81092",Resident 1184,A-20184,2024-11-15,203066,gallons,,R5,
M-1185,"1395 Oak St, Wiley, CO 81092",Resident 1185,A-20185,2024-11-15,165361,gallons,,R6,
M-1186,"1402 Elm St, Wiley, CO 81092",Resident 1186,A-20186,2024-11-15,127293,gallons,,R1,
M-1187,"1409 3rd Ave, Wiley, CO 81092",Resident 1187,A-20187,2024-11-15,282388,gallons,,R2,
M-1188,"1416 5th St, Wiley, CO 81092",Resident 1188,A-20188,2024-11-15,96815,gallons,,R3,
M-1189,"1423 Ranch Rd, Wiley, CO 81092",Resident 1189,A-20189,2024-11-15,326712,gallons,,R4,
M-1190,"1430 Irrigation Ln, Wiley, CO 81092",Resident 1190,A-20190,2024-11-15,183716,gallons,,R5,
M-1191,"1437 North Frontage, Wiley, CO 81092",Resident 1191,A-20191,2024-11-15,167749,gallons,,R6,
M-1192,"1444 South Loop, Wiley, CO 81092",Resident 1192,A-20192,2024-11-15,313174,gallons,,R1,
M-1193,"1451 Pioneer Rd, Wiley, CO 81092",Resident 1193,A-20193,2024-11-15,269012,gallons,,R2,
M-1194,"1458 Cottonwood Dr, Wiley, CO 81092",Resident 1194,A-20194,2024-11-15,225286,gallons,,R3,
M-1195,"1465 Sand Creek Rd, Wiley, CO 81092",Resident 1195,A-20195,2024-11-15,198252,gallons,,R4,
M-1196,"1472 Prairie View, Wiley, CO 81092",Resident 1196,A-20196,2024-11-15,195655,gallons,,R5,
M-1197,"1479 School House Rd, Wiley, CO 81092",Resident 1197,A-20197,2024-11-15,71968,gallons,,R6,
M-1198,"1486 Cemetery Rd, Wiley, CO 81092",Resident 1198,A-20198,2024-11-15,426769,gallons,,R1,
M-1199,"1493 Grain Elevator Rd, Wiley, CO 81092",Resident 1199,A-20199,2024-11-15,173139,gallons,,R2,
M-1200,"1500 Main St, Wiley, CO 81092",Resident 1200,A-20200,2024-11-15,284650,gallons,,R3,
M-1201,"1507 County Rd 10, Wiley, CO 81092",Resident 1201,A-20201,2024-11-15,232161,gallons,,R4,
M-1202,"1514 County Rd 14, Wiley, CO 81092",Resident 1202,A-20202,2024-11-15,209079,gallons,,R5,
M-1203,"1521 Highway 287, Wiley, CO 81092",Resident 1203,A-20203,2024-11-15,108010,gallons,,R6,
M-1204,"1528 Maple Ave, Wiley, CO 81092",Resident 1204,A-20204,2024-11-15,216178,gallons,,R1,
M-1205,"1535 Oak St, Wiley, CO 81092",Resident 1205,A-20205,2024-11-15,251865,gallons,,R2,
M-1206,"1542 Elm St, Wiley, CO 81092",Resident 1206,A-20206,2024-11-15,397384,gallons,,R3,
M-1207,"1549 3rd Ave, Wiley, CO 81092",Resident 1207,A-20207,2024-11-15,335315,gallons,,R4,
M-1208,"1556 5th St, Wiley, CO 81092",Resident 1208,A-20208,2024-11-15,289002,gallons,,R5,
M-1209,"1563 Ranch Rd, Wiley, CO 81092",Resident 1209,A-20209,2024-11-15,342864,gallons,,R6,
M-1210,"1570 Irrigation Ln, Wiley, CO 81092",Resident 1210,A-20210,2024-11-15,235761,gallons,,R1,
M-1211,"1577 North Frontage, Wiley, CO 81092",Resident 1211,A-20211,2024-11-15,99677,gallons,,R2,
M-1212,"1584 South Loop, Wiley, CO 81092",Resident 1212,A-20212,2024-11-15,137905,gallons,,R3,
M-1213,"1591 Pioneer Rd, Wiley, CO 81092",Resident 1213,A-20213,2024-11-15,198964,gallons,,R4,
M-1214,"1598 Cottonwood Dr, Wiley, CO 81092",Resident 1214,A-20214,2024-11-15,181382,gallons,,R5,
M-1215,"1605 Sand Creek Rd, Wiley, CO 81092",Resident 1215,A-20215,2024-11-15,381209,gallons,,R6,
M-1216,"1612 Prairie View, Wiley, CO 81092",Resident 1216,A-20216,2024-11-15,222948,gallons,,R1,
M-1217,"1619 School House Rd, Wiley, CO 81092",Resident 1217,A-20217,2024-11-15,83806,gallons,,R2,
M-1218,"1626 Cemetery Rd, Wiley, CO 81092",Resident 1218,A-20218,2024-11-15,120444,gallons,,R3,
M-1219,"1633 Grain Elevator Rd, Wiley, CO 81092",Resident 1219,A-20219,2024-11-15,393882,gallons,,R4,
M-1220,"1640 Main St, Wiley, CO 81092",Resident 1220,A-20220,2024-11-15,303219,gallons,,R5,
M-1221,"1647 County Rd 10, Wiley, CO 81092",Resident 1221,A-20221,2024-11-15,259563,gallons,,R6,
M-1222,"1654 County Rd 14, Wiley, CO 81092",Resident 1222,A-20222,2024-11-15,228833,gallons,,R1,
M-1223,"1661 Highway 287, Wiley, CO 81092",Resident 1223,A-20223,2024-11-15,298459,gallons,,R2,
M-1224,"1668 Maple Ave, Wiley, CO 81092",Resident 1224,A-20224,2024-11-15,395394,gallons,,R3,
M-1225,"1675 Oak St, Wiley, CO 81092",Resident 1225,A-20225,2024-11-15,349276,gallons,,R4,
M-1226,"1682 Elm St, Wiley, CO 81092",Resident 1226,A-20226,2024-11-15,133697,gallons,,R5,
M-1227,"1689 3rd Ave, Wiley, CO 81092",Resident 1227,A-20227,2024-11-15,268557,gallons,,R6,
M-1228,"1696 5th St, Wiley, CO 81092",Resident 1228,A-20228,2024-11-15,380757,gallons,,R1,
M-1229,"1703 Ranch Rd, Wiley, CO 81092",Resident 1229,A-20229,2024-11-15,187503,gallons,,R2,
M-1230,"1710 Irrigation Ln, Wiley, CO 81092",Resident 1230,A-20230,2024-11-15,218821,gallons,,R3,
M-1231,"1717 North Frontage, Wiley, CO 81092",Resident 1231,A-20231,2024-11-15,109394,gallons,,R4,
M-1232,"1724 South Loop, Wiley, CO 81092",Resident 1232,A-20232,2024-11-15,295604,gallons,,R5,
M-1233,"1731 Pioneer Rd, Wiley, CO 81092",Resident 1233,A-20233,2024-11-15,85197,gallons,,R6,
M-1234,"1738 Cottonwood Dr, Wiley, CO 81092",Resident 1234,A-20234,2024-11-15,342664,gallons,,R1,
M-1235,"1745 Sand Creek Rd, Wiley, CO 81092",Resident 1235,A-20235,2024-11-15,357022,gallons,,R2,
M-1236,"1752 Prairie View, Wiley, CO 81092",Resident 1236,A-20236,2024-11-15,186931,gallons,,R3,
M-1237,"1759 School House Rd, Wiley, CO 81092",Resident 1237,A-20237,2024-11-15,273842,gallons,,R4,
M-1238,"1766 Cemetery Rd, Wiley, CO 81092",Resident 1238,A-20238,2024-11-15,299053,gallons,,R5,
M-1239,"1773 Grain Elevator Rd, Wiley, CO 81092",Resident 1239,A-20239,2024-11-15,109235,gallons,,R6,
M-1240,"1780 Main St, Wiley, CO 81092",Resident 1240,A-20240,2024-11-15,426406,gallons,,R1,
M-1241,"1787 County Rd 10, Wiley, CO 81092",Resident 1241,A-20241,2024-11-15,246536,gallons,,R2,
M-1242,"1794 County Rd 14, Wiley, CO 81092",Resident 1242,A-20242,2024-11-15,390203,gallons,,R3,
M-1243,"1801 Highway 287, Wiley, CO 81092",Resident 1243,A-20243,2024-11-15,232523,gallons,,R4,
M-1244,"1808 Maple Ave, Wiley, CO 81092",Resident 1244,A-20244,2024-11-15,486554,gallons,,R5,
M-1245,"1815 Oak St, Wiley, CO 81092",Resident 1245,A-20245,2024-11-15,127184,gallons,,R6,
M-1246,"1822 Elm St, Wiley, CO 81092",Resident 1246,A-20246,2024-11-15,228940,gallons,,R1,
M-1247,"1829 3rd Ave, Wiley, CO 81092",Resident 1247,A-20247,2024-11-15,326046,gallons,,R2,
M-1248,"1836 5th St, Wiley, CO 81092",Resident 1248,A-20248,2024-11-15,242437,gallons,,R3,
M-1249,"1843 Ranch Rd, Wiley, CO 81092",Resident 1249,A-20249,2024-11-15,428011,gallons,,R4,
M-1250,"1850 Irrigation Ln, Wiley, CO 81092",Resident 1250,A-20250,2024-11-15,281408,gallons,,R5,
M-1251,"1857 North Frontage, Wiley, CO 81092",Resident 1251,A-20251,2024-11-15,251038,gallons,,R6,
M-1252,"1864 South Loop, Wiley, CO 81092",Resident 1252,A-20252,2024-11-15,278023,gallons,,R1,
M-1253,"1871 Pioneer Rd, Wiley, CO 81092",Resident 1253,A-20253,2024-11-15,214531,gallons,,R2,
M-1254,"1878 Cottonwood Dr, Wiley, CO 81092",Resident 1254,A-20254,2024-11-15,352583,gallons,,R3,
M-1255,"1885 Sand Creek Rd, Wiley, CO 81092",Resident 1255,A-20255,2024-11-15,152297,gallons,,R4,
M-1256,"1892 Prairie View, Wiley, CO 81092",Resident 1256,A-20256,2024-11-15,182373,gallons,,R5,
M-1257,"1899 School House Rd, Wiley, CO 81092",Resident 1257,A-20257,2024-11-15,281511,gallons,,R6,
M-1258,"1906 Cemetery Rd, Wiley, CO 81092",Resident 1258,A-20258,2024-11-15,416218,gallons,,R1,
M-1259,"1913 Grain Elevator Rd, Wiley, CO 81092",Resident 1259,A-20259,2024-11-15,260440,gallons,,R2,
M-1260,"1920 Main St, Wiley, CO 81092",Resident 1260,A-20260,2024-11-15,152654,gallons,,R3,
M-1261,"1927 County Rd 10, Wiley, CO 81092",Resident 1261,A-20261,2024-11-15,392718,gallons,,R4,
M-1262,"1934 County Rd 14, Wiley, CO 81092",Resident 1262,A-20262,2024-11-15,360269,gallons,,R5,
M-1263,"1941 Highway 287, Wiley, CO 81092",Resident 1263,A-20263,2024-11-15,233623,gallons,,R6,
M-1264,"1948 Maple Ave, Wiley, CO 81092",Resident 1264,A-20264,2024-11-15,280388,gallons,,R1,
M-1265,"1955 Oak St, Wiley, CO 81092",Resident 1265,A-20265,2024-11-15,354954,gallons,,R2,
M-1266,"1962 Elm St, Wiley, CO 81092",Resident 1266,A-20266,2024-11-15,80259,gallons,,R3,
M-1267,"1969 3rd Ave, Wiley, CO 81092",Resident 1267,A-20267,2024-11-15,234614,gallons,,R4,
M-1268,"1976 5th St, Wiley, CO 81092",Resident 1268,A-20268,2024-11-15,217371,gallons,,R5,
M-1269,"1983 Ranch Rd, Wiley, CO 81092",Resident 1269,A-20269,2024-11-15,190128,gallons,,R6,
M-1270,"1990 Irrigation Ln, Wiley, CO 81092",Resident 1270,A-20270,2024-11-15,289488,gallons,,R1,
M-1271,"1997 North Frontage, Wiley, CO 81092",Resident 1271,A-20271,2024-11-15,387716,gallons,,R2,
M-1272,"2004 South Loop, Wiley, CO 81092",Resident 1272,A-20272,2024-11-15,397899,gallons,,R3,
M-1273,"2011 Pioneer Rd, Wiley, CO 81092",Resident 1273,A-20273,2024-11-15,422897,gallons,,R4,
M-1274,"2018 Cottonwood Dr, Wiley, CO 81092",Resident 1274,A-20274,2024-11-15,244001,gallons,,R5,
M-1275,"2025 Sand Creek Rd, Wiley, CO 81092",Resident 1275,A-20275,2024-11-15,312248,gallons,,R6,
M-1276,"2032 Prairie View, Wiley, CO 81092",Resident 1276,A-20276,2024-11-15,308832,gallons,,R1,
M-1277,"2039 School House Rd, Wiley, CO 81092",Resident 1277,A-20277,2024-11-15,306728,gallons,,R2,
M-1278,"2046 Cemetery Rd, Wiley, CO 81092",Resident 1278,A-20278,2024-11-15,177390,gallons,,R3,
M-1279,"2053 Grain Elevator Rd, Wiley, CO 81092",Resident 1279,A-20279,2024-11-15,330952,gallons,,R4,
M-1280,"2060 Main St, Wiley, CO 81092",Resident 1280,A-20280,2024-11-15,311126,gallons,,R5,
M-1281,"2067 County Rd 10, Wiley, CO 81092",Resident 1281,A-20281,2024-11-15,171929,gallons,,R6,
M-1282,"2074 County Rd 14, Wiley, CO 81092",Resident 1282,A-20282,2024-11-15,420662,gallons,,R1,
M-1283,"2081 Highway 287, Wiley, CO 81092",Resident 1283,A-20283,2024-11-15,116725,gallons,,R2,
M-1284,"2088 Maple Ave, Wiley, CO 81092",Resident 1284,A-20284,2024-11-15,224025,gallons,,R3,
M-1285,"2095 Oak St, Wiley, CO 81092",Resident 1285,A-20285,2024-11-15,345473,gallons,,R4,
M-1286,"2102 Elm St, Wiley, CO 81092",Resident 1286,A-20286,2024-11-15,424332,gallons,,R5,
M-1287,"2109 3rd Ave, Wiley, CO 81092",Resident 1287,A-20287,2024-11-15,415716,gallons,,R6,
M-1288,"2116 5th St, Wiley, CO 81092",Resident 1288,A-20288,2024-11-15,385827,gallons,,R1,
M-1289,"2123 Ranch Rd, Wiley, CO 81092",Resident 1289,A-20289,2024-11-15,258927,gallons,,R2,
M-1290,"2130 Irrigation Ln, Wiley, CO 81092",Resident 1290,A-20290,2024-11-15,130666,gallons,,R3,
M-1291,"2137 North Frontage, Wiley, CO 81092",Resident 1291,A-20291,2024-11-15,204134,gallons,,R4,
M-1292,"2144 South Loop, Wiley, CO 81092",Resident 1292,A-20292,2024-11-15,224587,gallons,,R5,
M-1293,"2151 Pioneer Rd, Wiley, CO 81092",Resident 1293,A-20293,2024-11-15,179416,gallons,,R6,
M-1294,"2158 Cottonwood Dr, Wiley, CO 81092",Resident 1294,A-20294,2024-11-15,178103,gallons,,R1,
M-1295,"2165 Sand Creek Rd, Wiley, CO 81092",Resident 1295,A-20295,2024-11-15,165066,gallons,,R2,
M-1296,"2172 Prairie View, Wiley, CO 81092",Resident 1296,A-20296,2024-11-15,83421,gallons,,R3,
M-1297,"2179 School House Rd, Wiley, CO 81092",Resident 1297,A-20297,2024-11-15,87368,gallons,,R4,
M-1298,"2186 Cemetery Rd, Wiley, CO 81092",Resident 1298,A-20298,2024-11-15,194946,gallons,,R5,
M-1299,"2193 Grain Elevator Rd, Wiley, CO 81092",Resident 1299,A-20299,2024-11-15,313455,gallons,,R6,
M-1300,"2200 Main St, Wiley, CO 81092",Resident 1300,A-20300,2024-11-15,386929,gallons,,R1,
M-1001,"107 County Rd 10, Wiley, CO 81092",Resident 1001,A-20001,2024-12-16,366970,gallons,,R2,
M-1002,"114 County Rd 14, Wiley, CO 81092",Resident 1002,A-20002,2024-12-16,300709,gallons,,R3,
M-1003,"121 Highway 287, Wiley, CO 81092",Resident 1003,A-20003,2024-12-16,135051,gallons,,R4,
M-1004,"128 Maple Ave, Wiley, CO 81092",Resident 1004,A-20004,2024-12-16,314883,gallons,,R5,
M-1005,"135 Oak St, Wiley, CO 81092",Resident 1005,A-20005,2024-12-16,168644,gallons,,R6,
M-1006,"142 Elm St, Wiley, CO 81092",Resident 1006,A-20006,2024-12-16,216946,gallons,,R1,
M-1007,"149 3rd Ave, Wiley, CO 81092",Resident 1007,A-20007,2024-12-16,312733,gallons,,R2,
M-1008,"156 5th St, Wiley, CO 81092",Resident 1008,A-20008,2024-12-16,197705,gallons,,R3,
M-1009,"163 Ranch Rd, Wiley, CO 81092",Resident 1009,A-20009,2024-12-16,130127,gallons,,R4,
M-1010,"170 Irrigation Ln, Wiley, CO 81092",Resident 1010,A-20010,2024-12-16,296756,gallons,,R5,
M-1011,"177 North Frontage, Wiley, CO 81092",Resident 1011,A-20011,2024-12-16,376036,gallons,,R6,
M-1012,"184 South Loop, Wiley, CO 81092",Resident 1012,A-20012,2024-12-16,144084,gallons,,R1,
M-1013,"191 Pioneer Rd, Wiley, CO 81092",Resident 1013,A-20013,2024-12-16,108409,gallons,,R2,
M-1014,"198 Cottonwood Dr, Wiley, CO 81092",Resident 1014,A-20014,2024-12-16,406172,gallons,,R3,
M-1015,"205 Sand Creek Rd, Wiley, CO 81092",Resident 1015,A-20015,2024-12-16,369305,gallons,,R4,
M-1016,"212 Prairie View, Wiley, CO 81092",Resident 1016,A-20016,2024-12-16,85983,gallons,,R5,
M-1017,"219 School House Rd, Wiley, CO 81092",Resident 1017,A-20017,2024-12-16,111286,gallons,,R6,
M-1018,"226 Cemetery Rd, Wiley, CO 81092",Resident 1018,A-20018,2024-12-16,185681,gallons,,R1,
M-1019,"233 Grain Elevator Rd, Wiley, CO 81092",Resident 1019,A-20019,2024-12-16,151359,gallons,,R2,
M-1020,"240 Main St, Wiley, CO 81092",Resident 1020,A-20020,2024-12-16,282682,gallons,,R3,
M-1021,"247 County Rd 10, Wiley, CO 81092",Resident 1021,A-20021,2024-12-16,324511,gallons,,R4,
M-1022,"254 County Rd 14, Wiley, CO 81092",Resident 1022,A-20022,2024-12-16,333500,gallons,,R5,
M-1023,"261 Highway 287, Wiley, CO 81092",Resident 1023,A-20023,2024-12-16,198819,gallons,,R6,
M-1024,"268 Maple Ave, Wiley, CO 81092",Resident 1024,A-20024,2024-12-16,272896,gallons,,R1,
M-1025,"275 Oak St, Wiley, CO 81092",Resident 1025,A-20025,2024-12-16,114943,gallons,,R2,
M-1026,"282 Elm St, Wiley, CO 81092",Resident 1026,A-20026,2024-12-16,156173,gallons,,R3,
M-1027,"289 3rd Ave, Wiley, CO 81092",Resident 1027,A-20027,2024-12-16,290773,gallons,,R4,
M-1028,"296 5th St, Wiley, CO 81092",Resident 1028,A-20028,2024-12-16,90242,gallons,,R5,
M-1029,"303 Ranch Rd, Wiley, CO 81092",Resident 1029,A-20029,2024-12-16,295399,gallons,,R6,
M-1030,"310 Irrigation Ln, Wiley, CO 81092",Resident 1030,A-20030,2024-12-16,223769,gallons,,R1,
M-1031,"317 North Frontage, Wiley, CO 81092",Resident 1031,A-20031,2024-12-16,317673,gallons,,R2,
M-1032,"324 South Loop, Wiley, CO 81092",Resident 1032,A-20032,2024-12-16,218496,gallons,,R3,
M-1033,"331 Pioneer Rd, Wiley, CO 81092",Resident 1033,A-20033,2024-12-16,403027,gallons,,R4,
M-1034,"338 Cottonwood Dr, Wiley, CO 81092",Resident 1034,A-20034,2024-12-16,378868,gallons,,R5,
M-1035,"345 Sand Creek Rd, Wiley, CO 81092",Resident 1035,A-20035,2024-12-16,419968,gallons,,R6,
M-1036,"352 Prairie View, Wiley, CO 81092",Resident 1036,A-20036,2024-12-16,316340,gallons,,R1,
M-1037,"359 School House Rd, Wiley, CO 81092",Resident 1037,A-20037,2024-12-16,175561,gallons,,R2,
M-1038,"366 Cemetery Rd, Wiley, CO 81092",Resident 1038,A-20038,2024-12-16,166730,gallons,,R3,
M-1039,"373 Grain Elevator Rd, Wiley, CO 81092",Resident 1039,A-20039,2024-12-16,245286,gallons,,R4,
M-1040,"380 Main St, Wiley, CO 81092",Resident 1040,A-20040,2024-12-16,191729,gallons,,R5,
M-1041,"387 County Rd 10, Wiley, CO 81092",Resident 1041,A-20041,2024-12-16,106511,gallons,,R6,
M-1042,"394 County Rd 14, Wiley, CO 81092",Resident 1042,A-20042,2024-12-16,375458,gallons,,R1,
M-1043,"401 Highway 287, Wiley, CO 81092",Resident 1043,A-20043,2024-12-16,351823,gallons,,R2,
M-1044,"408 Maple Ave, Wiley, CO 81092",Resident 1044,A-20044,2024-12-16,101146,gallons,,R3,
M-1045,"415 Oak St, Wiley, CO 81092",Resident 1045,A-20045,2024-12-16,255988,gallons,,R4,
M-1046,"422 Elm St, Wiley, CO 81092",Resident 1046,A-20046,2024-12-16,103306,gallons,,R5,
M-1047,"429 3rd Ave, Wiley, CO 81092",Resident 1047,A-20047,2024-12-16,91354,gallons,,R6,
M-1048,"436 5th St, Wiley, CO 81092",Resident 1048,A-20048,2024-12-16,370976,gallons,,R1,
M-1049,"443 Ranch Rd, Wiley, CO 81092",Resident 1049,A-20049,2024-12-16,326722,gallons,,R2,
M-1050,"450 Irrigation Ln, Wiley, CO 81092",Resident 1050,A-20050,2024-12-16,328822,gallons,,R3,
M-1051,"457 North Frontage, Wiley, CO 81092",Resident 1051,A-20051,2024-12-16,353619,gallons,,R4,
M-1052,"464 South Loop, Wiley, CO 81092",Resident 1052,A-20052,2024-12-16,159196,gallons,,R5,
M-1053,"471 Pioneer Rd, Wiley, CO 81092",Resident 1053,A-20053,2024-12-16,115052,gallons,,R6,
M-1054,"478 Cottonwood Dr, Wiley, CO 81092",Resident 1054,A-20054,2024-12-16,338026,gallons,,R1,
M-1055,"485 Sand Creek Rd, Wiley, CO 81092",Resident 1055,A-20055,2024-12-16,104511,gallons,,R2,
M-1056,"492 Prairie View, Wiley, CO 81092",Resident 1056,A-20056,2024-12-16,186111,gallons,,R3,
M-1057,"499 School House Rd, Wiley, CO 81092",Resident 1057,A-20057,2024-12-16,115232,gallons,,R4,
M-1058,"506 Cemetery Rd, Wiley, CO 81092",Resident 1058,A-20058,2024-12-16,395635,gallons,,R5,
M-1059,"513 Grain Elevator Rd, Wiley, CO 81092",Resident 1059,A-20059,2024-12-16,102400,gallons,,R6,
M-1060,"520 Main St, Wiley, CO 81092",Resident 1060,A-20060,2024-12-16,201639,gallons,,R1,
M-1061,"527 County Rd 10, Wiley, CO 81092",Resident 1061,A-20061,2024-12-16,276431,gallons,,R2,
M-1062,"534 County Rd 14, Wiley, CO 81092",Resident 1062,A-20062,2024-12-16,144365,gallons,,R3,
M-1063,"541 Highway 287, Wiley, CO 81092",Resident 1063,A-20063,2024-12-16,372364,gallons,,R4,
M-1064,"548 Maple Ave, Wiley, CO 81092",Resident 1064,A-20064,2024-12-16,214754,gallons,,R5,
M-1065,"555 Oak St, Wiley, CO 81092",Resident 1065,A-20065,2024-12-16,389487,gallons,,R6,
M-1066,"562 Elm St, Wiley, CO 81092",Resident 1066,A-20066,2024-12-16,388886,gallons,,R1,
M-1067,"569 3rd Ave, Wiley, CO 81092",Resident 1067,A-20067,2024-12-16,105470,gallons,,R2,
M-1068,"576 5th St, Wiley, CO 81092",Resident 1068,A-20068,2024-12-16,393773,gallons,,R3,
M-1069,"583 Ranch Rd, Wiley, CO 81092",Resident 1069,A-20069,2024-12-16,135162,gallons,,R4,
M-1070,"590 Irrigation Ln, Wiley, CO 81092",Resident 1070,A-20070,2024-12-16,283862,gallons,,R5,
M-1071,"597 North Frontage, Wiley, CO 81092",Resident 1071,A-20071,2024-12-16,407482,gallons,,R6,
M-1072,"604 South Loop, Wiley, CO 81092",Resident 1072,A-20072,2024-12-16,393390,gallons,,R1,
M-1073,"611 Pioneer Rd, Wiley, CO 81092",Resident 1073,A-20073,2024-12-16,367670,gallons,,R2,
M-1074,"618 Cottonwood Dr, Wiley, CO 81092",Resident 1074,A-20074,2024-12-16,345589,gallons,,R3,
M-1075,"625 Sand Creek Rd, Wiley, CO 81092",Resident 1075,A-20075,2024-12-16,230250,gallons,,R4,
M-1076,"632 Prairie View, Wiley, CO 81092",Resident 1076,A-20076,2024-12-16,206262,gallons,,R5,
M-1077,"639 School House Rd, Wiley, CO 81092",Resident 1077,A-20077,2024-12-16,171650,gallons,,R6,
M-1078,"646 Cemetery Rd, Wiley, CO 81092",Resident 1078,A-20078,2024-12-16,242098,gallons,,R1,
M-1079,"653 Grain Elevator Rd, Wiley, CO 81092",Resident 1079,A-20079,2024-12-16,197500,gallons,,R2,
M-1080,"660 Main St, Wiley, CO 81092",Resident 1080,A-20080,2024-12-16,218825,gallons,,R3,
M-1081,"667 County Rd 10, Wiley, CO 81092",Resident 1081,A-20081,2024-12-16,293960,gallons,,R4,
M-1082,"674 County Rd 14, Wiley, CO 81092",Resident 1082,A-20082,2024-12-16,144143,gallons,,R5,
M-1083,"681 Highway 287, Wiley, CO 81092",Resident 1083,A-20083,2024-12-16,405742,gallons,,R6,
M-1084,"688 Maple Ave, Wiley, CO 81092",Resident 1084,A-20084,2024-12-16,230969,gallons,,R1,
M-1085,"695 Oak St, Wiley, CO 81092",Resident 1085,A-20085,2024-12-16,314684,gallons,,R2,
M-1086,"702 Elm St, Wiley, CO 81092",Resident 1086,A-20086,2024-12-16,236673,gallons,,R3,
M-1087,"709 3rd Ave, Wiley, CO 81092",Resident 1087,A-20087,2024-12-16,124900,gallons,,R4,
M-1088,"716 5th St, Wiley, CO 81092",Resident 1088,A-20088,2024-12-16,77123,gallons,,R5,
M-1089,"723 Ranch Rd, Wiley, CO 81092",Resident 1089,A-20089,2024-12-16,387593,gallons,,R6,
M-1090,"730 Irrigation Ln, Wiley, CO 81092",Resident 1090,A-20090,2024-12-16,411959,gallons,,R1,
M-1091,"737 North Frontage, Wiley, CO 81092",Resident 1091,A-20091,2024-12-16,380102,gallons,,R2,
M-1092,"744 South Loop, Wiley, CO 81092",Resident 1092,A-20092,2024-12-16,120417,gallons,,R3,
M-1093,"751 Pioneer Rd, Wiley, CO 81092",Resident 1093,A-20093,2024-12-16,120232,gallons,,R4,
M-1094,"758 Cottonwood Dr, Wiley, CO 81092",Resident 1094,A-20094,2024-12-16,370686,gallons,,R5,
M-1095,"765 Sand Creek Rd, Wiley, CO 81092",Resident 1095,A-20095,2024-12-16,182711,gallons,,R6,
M-1096,"772 Prairie View, Wiley, CO 81092",Resident 1096,A-20096,2024-12-16,333034,gallons,,R1,
M-1097,"779 School House Rd, Wiley, CO 81092",Resident 1097,A-20097,2024-12-16,218499,gallons,,R2,
M-1098,"786 Cemetery Rd, Wiley, CO 81092",Resident 1098,A-20098,2024-12-16,146866,gallons,,R3,
M-1099,"793 Grain Elevator Rd, Wiley, CO 81092",Resident 1099,A-20099,2024-12-16,255474,gallons,,R4,
M-1100,"800 Main St, Wiley, CO 81092",Resident 1100,A-20100,2024-12-16,120874,gallons,,R5,
M-1101,"807 County Rd 10, Wiley, CO 81092",Resident 1101,A-20101,2024-12-16,217929,gallons,,R6,
M-1102,"814 County Rd 14, Wiley, CO 81092",Resident 1102,A-20102,2024-12-16,278441,gallons,,R1,
M-1103,"821 Highway 287, Wiley, CO 81092",Resident 1103,A-20103,2024-12-16,221254,gallons,,R2,
M-1104,"828 Maple Ave, Wiley, CO 81092",Resident 1104,A-20104,2024-12-16,171253,gallons,,R3,
M-1105,"835 Oak St, Wiley, CO 81092",Resident 1105,A-20105,2024-12-16,305550,gallons,,R4,
M-1106,"842 Elm St, Wiley, CO 81092",Resident 1106,A-20106,2024-12-16,380463,gallons,,R5,
M-1107,"849 3rd Ave, Wiley, CO 81092",Resident 1107,A-20107,2024-12-16,222714,gallons,,R6,
M-1108,"856 5th St, Wiley, CO 81092",Resident 1108,A-20108,2024-12-16,391132,gallons,,R1,
M-1109,"863 Ranch Rd, Wiley, CO 81092",Resident 1109,A-20109,2024-12-16,405669,gallons,,R2,
M-1110,"870 Irrigation Ln, Wiley, CO 81092",Resident 1110,A-20110,2024-12-16,351884,gallons,,R3,
M-1111,"877 North Frontage, Wiley, CO 81092",Resident 1111,A-20111,2024-12-16,80050,gallons,,R4,
M-1112,"884 South Loop, Wiley, CO 81092",Resident 1112,A-20112,2024-12-16,361451,gallons,,R5,
M-1113,"891 Pioneer Rd, Wiley, CO 81092",Resident 1113,A-20113,2024-12-16,221031,gallons,,R6,
M-1114,"898 Cottonwood Dr, Wiley, CO 81092",Resident 1114,A-20114,2024-12-16,417375,gallons,,R1,
M-1115,"905 Sand Creek Rd, Wiley, CO 81092",Resident 1115,A-20115,2024-12-16,139332,gallons,,R2,
M-1116,"912 Prairie View, Wiley, CO 81092",Resident 1116,A-20116,2024-12-16,158162,gallons,,R3,
M-1117,"919 School House Rd, Wiley, CO 81092",Resident 1117,A-20117,2024-12-16,214307,gallons,,R4,
M-1118,"926 Cemetery Rd, Wiley, CO 81092",Resident 1118,A-20118,2024-12-16,130395,gallons,,R5,
M-1119,"933 Grain Elevator Rd, Wiley, CO 81092",Resident 1119,A-20119,2024-12-16,143598,gallons,,R6,
M-1120,"940 Main St, Wiley, CO 81092",Resident 1120,A-20120,2024-12-16,369141,gallons,,R1,
M-1121,"947 County Rd 10, Wiley, CO 81092",Resident 1121,A-20121,2024-12-16,158875,gallons,,R2,
M-1122,"954 County Rd 14, Wiley, CO 81092",Resident 1122,A-20122,2024-12-16,229321,gallons,,R3,
M-1123,"961 Highway 287, Wiley, CO 81092",Resident 1123,A-20123,2024-12-16,227483,gallons,,R4,
M-1124,"968 Maple Ave, Wiley, CO 81092",Resident 1124,A-20124,2024-12-16,384878,gallons,,R5,
M-1125,"975 Oak St, Wiley, CO 81092",Resident 1125,A-20125,2024-12-16,181576,gallons,,R6,
M-1126,"982 Elm St, Wiley, CO 81092",Resident 1126,A-20126,2024-12-16,246439,gallons,,R1,
M-1127,"989 3rd Ave, Wiley, CO 81092",Resident 1127,A-20127,2024-12-16,178392,gallons,,R2,
M-1128,"996 5th St, Wiley, CO 81092",Resident 1128,A-20128,2024-12-16,427485,gallons,,R3,
M-1129,"1003 Ranch Rd, Wiley, CO 81092",Resident 1129,A-20129,2024-12-16,223628,gallons,,R4,
M-1130,"1010 Irrigation Ln, Wiley, CO 81092",Resident 1130,A-20130,2024-12-16,347250,gallons,,R5,
M-1131,"1017 North Frontage, Wiley, CO 81092",Resident 1131,A-20131,2024-12-16,327659,gallons,,R6,
M-1132,"1024 South Loop, Wiley, CO 81092",Resident 1132,A-20132,2024-12-16,220517,gallons,,R1,
M-1133,"1031 Pioneer Rd, Wiley, CO 81092",Resident 1133,A-20133,2024-12-16,111296,gallons,,R2,
M-1134,"1038 Cottonwood Dr, Wiley, CO 81092",Resident 1134,A-20134,2024-12-16,126337,gallons,,R3,
M-1135,"1045 Sand Creek Rd, Wiley, CO 81092",Resident 1135,A-20135,2024-12-16,414965,gallons,,R4,
M-1136,"1052 Prairie View, Wiley, CO 81092",Resident 1136,A-20136,2024-12-16,300208,gallons,,R5,
M-1137,"1059 School House Rd, Wiley, CO 81092",Resident 1137,A-20137,2024-12-16,222253,gallons,,R6,
M-1138,"1066 Cemetery Rd, Wiley, CO 81092",Resident 1138,A-20138,2024-12-16,94733,gallons,,R1,
M-1139,"1073 Grain Elevator Rd, Wiley, CO 81092",Resident 1139,A-20139,2024-12-16,68150,gallons,,R2,
M-1140,"1080 Main St, Wiley, CO 81092",Resident 1140,A-20140,2024-12-16,256853,gallons,,R3,
M-1141,"1087 County Rd 10, Wiley, CO 81092",Resident 1141,A-20141,2024-12-16,150860,gallons,,R4,
M-1142,"1094 County Rd 14, Wiley, CO 81092",Resident 1142,A-20142,2024-12-16,398302,gallons,,R5,
M-1143,"1101 Highway 287, Wiley, CO 81092",Resident 1143,A-20143,2024-12-16,229952,gallons,,R6,
M-1144,"1108 Maple Ave, Wiley, CO 81092",Resident 1144,A-20144,2024-12-16,147560,gallons,,R1,
M-1145,"1115 Oak St, Wiley, CO 81092",Resident 1145,A-20145,2024-12-16,297849,gallons,,R2,
M-1146,"1122 Elm St, Wiley, CO 81092",Resident 1146,A-20146,2024-12-16,356372,gallons,,R3,
M-1147,"1129 3rd Ave, Wiley, CO 81092",Resident 1147,A-20147,2024-12-16,310148,gallons,,R4,
M-1148,"1136 5th St, Wiley, CO 81092",Resident 1148,A-20148,2024-12-16,361904,gallons,,R5,
M-1149,"1143 Ranch Rd, Wiley, CO 81092",Resident 1149,A-20149,2024-12-16,92095,gallons,,R6,
M-1150,"1150 Irrigation Ln, Wiley, CO 81092",Resident 1150,A-20150,2024-12-16,138834,gallons,,R1,
M-1151,"1157 North Frontage, Wiley, CO 81092",Resident 1151,A-20151,2024-12-16,123654,gallons,,R2,
M-1152,"1164 South Loop, Wiley, CO 81092",Resident 1152,A-20152,2024-12-16,141775,gallons,,R3,
M-1153,"1171 Pioneer Rd, Wiley, CO 81092",Resident 1153,A-20153,2024-12-16,363129,gallons,,R4,
M-1154,"1178 Cottonwood Dr, Wiley, CO 81092",Resident 1154,A-20154,2024-12-16,95576,gallons,,R5,
M-1155,"1185 Sand Creek Rd, Wiley, CO 81092",Resident 1155,A-20155,2024-12-16,278026,gallons,,R6,
M-1156,"1192 Prairie View, Wiley, CO 81092",Resident 1156,A-20156,2024-12-16,485103,gallons,,R1,
M-1157,"1199 School House Rd, Wiley, CO 81092",Resident 1157,A-20157,2024-12-16,372279,gallons,,R2,
M-1158,"1206 Cemetery Rd, Wiley, CO 81092",Resident 1158,A-20158,2024-12-16,150530,gallons,,R3,
M-1159,"1213 Grain Elevator Rd, Wiley, CO 81092",Resident 1159,A-20159,2024-12-16,307837,gallons,,R4,
M-1160,"1220 Main St, Wiley, CO 81092",Resident 1160,A-20160,2024-12-16,128102,gallons,,R5,
M-1161,"1227 County Rd 10, Wiley, CO 81092",Resident 1161,A-20161,2024-12-16,110590,gallons,,R6,
M-1162,"1234 County Rd 14, Wiley, CO 81092",Resident 1162,A-20162,2024-12-16,253151,gallons,,R1,
M-1163,"1241 Highway 287, Wiley, CO 81092",Resident 1163,A-20163,2024-12-16,256993,gallons,,R2,
M-1164,"1248 Maple Ave, Wiley, CO 81092",Resident 1164,A-20164,2024-12-16,111245,gallons,,R3,
M-1165,"1255 Oak St, Wiley, CO 81092",Resident 1165,A-20165,2024-12-16,269554,gallons,,R4,
M-1166,"1262 Elm St, Wiley, CO 81092",Resident 1166,A-20166,2024-12-16,203153,gallons,,R5,
M-1167,"1269 3rd Ave, Wiley, CO 81092",Resident 1167,A-20167,2024-12-16,203032,gallons,,R6,
M-1168,"1276 5th St, Wiley, CO 81092",Resident 1168,A-20168,2024-12-16,440346,gallons,,R1,
M-1169,"1283 Ranch Rd, Wiley, CO 81092",Resident 1169,A-20169,2024-12-16,141332,gallons,,R2,
M-1170,"1290 Irrigation Ln, Wiley, CO 81092",Resident 1170,A-20170,2024-12-16,261061,gallons,,R3,
M-1171,"1297 North Frontage, Wiley, CO 81092",Resident 1171,A-20171,2024-12-16,358710,gallons,,R4,
M-1172,"1304 South Loop, Wiley, CO 81092",Resident 1172,A-20172,2024-12-16,284710,gallons,,R5,
M-1173,"1311 Pioneer Rd, Wiley, CO 81092",Resident 1173,A-20173,2024-12-16,406118,gallons,,R6,
M-1174,"1318 Cottonwood Dr, Wiley, CO 81092",Resident 1174,A-20174,2024-12-16,147523,gallons,,R1,
M-1175,"1325 Sand Creek Rd, Wiley, CO 81092",Resident 1175,A-20175,2024-12-16,202528,gallons,,R2,
M-1176,"1332 Prairie View, Wiley, CO 81092",Resident 1176,A-20176,2024-12-16,146643,gallons,,R3,
M-1177,"1339 School House Rd, Wiley, CO 81092",Resident 1177,A-20177,2024-12-16,182840,gallons,,R4,
M-1178,"1346 Cemetery Rd, Wiley, CO 81092",Resident 1178,A-20178,2024-12-16,308446,gallons,,R5,
M-1179,"1353 Grain Elevator Rd, Wiley, CO 81092",Resident 1179,A-20179,2024-12-16,84959,gallons,,R6,
M-1180,"1360 Main St, Wiley, CO 81092",Resident 1180,A-20180,2024-12-16,175337,gallons,,R1,
M-1181,"1367 County Rd 10, Wiley, CO 81092",Resident 1181,A-20181,2024-12-16,265211,gallons,,R2,
M-1182,"1374 County Rd 14, Wiley, CO 81092",Resident 1182,A-20182,2024-12-16,284863,gallons,,R3,
M-1183,"1381 Highway 287, Wiley, CO 81092",Resident 1183,A-20183,2024-12-16,212871,gallons,,R4,
M-1184,"1388 Maple Ave, Wiley, CO 81092",Resident 1184,A-20184,2024-12-16,205464,gallons,,R5,
M-1185,"1395 Oak St, Wiley, CO 81092",Resident 1185,A-20185,2024-12-16,170115,gallons,,R6,
M-1186,"1402 Elm St, Wiley, CO 81092",Resident 1186,A-20186,2024-12-16,130685,gallons,,R1,
M-1187,"1409 3rd Ave, Wiley, CO 81092",Resident 1187,A-20187,2024-12-16,288327,gallons,,R2,
M-1188,"1416 5th St, Wiley, CO 81092",Resident 1188,A-20188,2024-12-16,101012,gallons,,R3,
M-1189,"1423 Ranch Rd, Wiley, CO 81092",Resident 1189,A-20189,2024-12-16,332540,gallons,,R4,
M-1190,"1430 Irrigation Ln, Wiley, CO 81092",Resident 1190,A-20190,2024-12-16,186161,gallons,,R5,
M-1191,"1437 North Frontage, Wiley, CO 81092",Resident 1191,A-20191,2024-12-16,170377,gallons,,R6,
M-1192,"1444 South Loop, Wiley, CO 81092",Resident 1192,A-20192,2024-12-16,317629,gallons,,R1,
M-1193,"1451 Pioneer Rd, Wiley, CO 81092",Resident 1193,A-20193,2024-12-16,275169,gallons,,R2,
M-1194,"1458 Cottonwood Dr, Wiley, CO 81092",Resident 1194,A-20194,2024-12-16,228273,gallons,,R3,
M-1195,"1465 Sand Creek Rd, Wiley, CO 81092",Resident 1195,A-20195,2024-12-16,203778,gallons,,R4,
M-1196,"1472 Prairie View, Wiley, CO 81092",Resident 1196,A-20196,2024-12-16,200529,gallons,,R5,
M-1197,"1479 School House Rd, Wiley, CO 81092",Resident 1197,A-20197,2024-12-16,73471,gallons,,R6,
M-1198,"1486 Cemetery Rd, Wiley, CO 81092",Resident 1198,A-20198,2024-12-16,432840,gallons,,R1,
M-1199,"1493 Grain Elevator Rd, Wiley, CO 81092",Resident 1199,A-20199,2024-12-16,176584,gallons,,R2,
M-1200,"1500 Main St, Wiley, CO 81092",Resident 1200,A-20200,2024-12-16,289505,gallons,,R3,
M-1201,"1507 County Rd 10, Wiley, CO 81092",Resident 1201,A-20201,2024-12-16,234146,gallons,,R4,
M-1202,"1514 County Rd 14, Wiley, CO 81092",Resident 1202,A-20202,2024-12-16,211128,gallons,,R5,
M-1203,"1521 Highway 287, Wiley, CO 81092",Resident 1203,A-20203,2024-12-16,111976,gallons,,R6,
M-1204,"1528 Maple Ave, Wiley, CO 81092",Resident 1204,A-20204,2024-12-16,219754,gallons,,R1,
M-1205,"1535 Oak St, Wiley, CO 81092",Resident 1205,A-20205,2024-12-16,255194,gallons,,R2,
M-1206,"1542 Elm St, Wiley, CO 81092",Resident 1206,A-20206,2024-12-16,399652,gallons,,R3,
M-1207,"1549 3rd Ave, Wiley, CO 81092",Resident 1207,A-20207,2024-12-16,338832,gallons,,R4,
M-1208,"1556 5th St, Wiley, CO 81092",Resident 1208,A-20208,2024-12-16,293636,gallons,,R5,
M-1209,"1563 Ranch Rd, Wiley, CO 81092",Resident 1209,A-20209,2024-12-16,345242,gallons,,R6,
M-1210,"1570 Irrigation Ln, Wiley, CO 81092",Resident 1210,A-20210,2024-12-16,237725,gallons,,R1,
M-1211,"1577 North Frontage, Wiley, CO 81092",Resident 1211,A-20211,2024-12-16,106597,gallons,,R2,
M-1212,"1584 South Loop, Wiley, CO 81092",Resident 1212,A-20212,2024-12-16,143232,gallons,,R3,
M-1213,"1591 Pioneer Rd, Wiley, CO 81092",Resident 1213,A-20213,2024-12-16,200974,gallons,,R4,
M-1214,"1598 Cottonwood Dr, Wiley, CO 81092",Resident 1214,A-20214,2024-12-16,187695,gallons,,R5,
M-1215,"1605 Sand Creek Rd, Wiley, CO 81092",Resident 1215,A-20215,2024-12-16,386775,gallons,,R6,
M-1216,"1612 Prairie View, Wiley, CO 81092",Resident 1216,A-20216,2024-12-16,230183,gallons,,R1,
M-1217,"1619 School House Rd, Wiley, CO 81092",Resident 1217,A-20217,2024-12-16,86538,gallons,,R2,
M-1218,"1626 Cemetery Rd, Wiley, CO 81092",Resident 1218,A-20218,2024-12-16,123157,gallons,,R3,
M-1219,"1633 Grain Elevator Rd, Wiley, CO 81092",Resident 1219,A-20219,2024-12-16,398745,gallons,,R4,
M-1220,"1640 Main St, Wiley, CO 81092",Resident 1220,A-20220,2024-12-16,307881,gallons,,R5,
M-1221,"1647 County Rd 10, Wiley, CO 81092",Resident 1221,A-20221,2024-12-16,263997,gallons,,R6,
M-1222,"1654 County Rd 14, Wiley, CO 81092",Resident 1222,A-20222,2024-12-16,231883,gallons,,R1,
M-1223,"1661 Highway 287, Wiley, CO 81092",Resident 1223,A-20223,2024-12-16,301525,gallons,,R2,
M-1224,"1668 Maple Ave, Wiley, CO 81092",Resident 1224,A-20224,2024-12-16,401003,gallons,,R3,
M-1225,"1675 Oak St, Wiley, CO 81092",Resident 1225,A-20225,2024-12-16,354722,gallons,,R4,
M-1226,"1682 Elm St, Wiley, CO 81092",Resident 1226,A-20226,2024-12-16,137938,gallons,,R5,
M-1227,"1689 3rd Ave, Wiley, CO 81092",Resident 1227,A-20227,2024-12-16,271896,gallons,,R6,
M-1228,"1696 5th St, Wiley, CO 81092",Resident 1228,A-20228,2024-12-16,386242,gallons,,R1,
M-1229,"1703 Ranch Rd, Wiley, CO 81092",Resident 1229,A-20229,2024-12-16,193732,gallons,,R2,
M-1230,"1710 Irrigation Ln, Wiley, CO 81092",Resident 1230,A-20230,2024-12-16,224389,gallons,,R3,
M-1231,"1717 North Frontage, Wiley, CO 81092",Resident 1231,A-20231,2024-12-16,114598,gallons,,R4,
M-1232,"1724 South Loop, Wiley, CO 81092",Resident 1232,A-20232,2024-12-16,298197,gallons,,R5,
M-1233,"1731 Pioneer Rd, Wiley, CO 81092",Resident 1233,A-20233,2024-12-16,91152,gallons,,R6,
M-1234,"1738 Cottonwood Dr, Wiley, CO 81092",Resident 1234,A-20234,2024-12-16,345969,gallons,,R1,
M-1235,"1745 Sand Creek Rd, Wiley, CO 81092",Resident 1235,A-20235,2024-12-16,360736,gallons,,R2,
M-1236,"1752 Prairie View, Wiley, CO 81092",Resident 1236,A-20236,2024-12-16,193117,gallons,,R3,
M-1237,"1759 School House Rd, Wiley, CO 81092",Resident 1237,A-20237,2024-12-16,279976,gallons,,R4,
M-1238,"1766 Cemetery Rd, Wiley, CO 81092",Resident 1238,A-20238,2024-12-16,303077,gallons,,R5,
M-1239,"1773 Grain Elevator Rd, Wiley, CO 81092",Resident 1239,A-20239,2024-12-16,113911,gallons,,R6,
M-1240,"1780 Main St, Wiley, CO 81092",Resident 1240,A-20240,2024-12-16,430765,gallons,,R1,
M-1241,"1787 County Rd 10, Wiley, CO 81092",Resident 1241,A-20241,2024-12-16,251432,gallons,,R2,
M-1242,"1794 County Rd 14, Wiley, CO 81092",Resident 1242,A-20242,2024-12-16,392881,gallons,,R3,
M-1243,"1801 Highway 287, Wiley, CO 81092",Resident 1243,A-20243,2024-12-16,236006,gallons,,R4,
M-1244,"1808 Maple Ave, Wiley, CO 81092",Resident 1244,A-20244,2024-12-16,502889,gallons,,R5,
M-1245,"1815 Oak St, Wiley, CO 81092",Resident 1245,A-20245,2024-12-16,128973,gallons,,R6,
M-1246,"1822 Elm St, Wiley, CO 81092",Resident 1246,A-20246,2024-12-16,232855,gallons,,R1,
M-1247,"1829 3rd Ave, Wiley, CO 81092",Resident 1247,A-20247,2024-12-16,327656,gallons,,R2,
M-1248,"1836 5th St, Wiley, CO 81092",Resident 1248,A-20248,2024-12-16,247133,gallons,,R3,
M-1249,"1843 Ranch Rd, Wiley, CO 81092",Resident 1249,A-20249,2024-12-16,432796,gallons,,R4,
M-1250,"1850 Irrigation Ln, Wiley, CO 81092",Resident 1250,A-20250,2024-12-16,284240,gallons,,R5,
M-1251,"1857 North Frontage, Wiley, CO 81092",Resident 1251,A-20251,2024-12-16,255925,gallons,,R6,
M-1252,"1864 South Loop, Wiley, CO 81092",Resident 1252,A-20252,2024-12-16,280787,gallons,,R1,
M-1253,"1871 Pioneer Rd, Wiley, CO 81092",Resident 1253,A-20253,2024-12-16,216353,gallons,,R2,
M-1254,"1878 Cottonwood Dr, Wiley, CO 81092",Resident 1254,A-20254,2024-12-16,354952,gallons,,R3,
M-1255,"1885 Sand Creek Rd, Wiley, CO 81092",Resident 1255,A-20255,2024-12-16,157939,gallons,,R4,
M-1256,"1892 Prairie View, Wiley, CO 81092",Resident 1256,A-20256,2024-12-16,188269,gallons,,R5,
M-1257,"1899 School House Rd, Wiley, CO 81092",Resident 1257,A-20257,2024-12-16,283227,gallons,,R6,
M-1258,"1906 Cemetery Rd, Wiley, CO 81092",Resident 1258,A-20258,2024-12-16,419415,gallons,,R1,
M-1259,"1913 Grain Elevator Rd, Wiley, CO 81092",Resident 1259,A-20259,2024-12-16,262623,gallons,,R2,
M-1260,"1920 Main St, Wiley, CO 81092",Resident 1260,A-20260,2024-12-16,154254,gallons,,R3,
M-1261,"1927 County Rd 10, Wiley, CO 81092",Resident 1261,A-20261,2024-12-16,395976,gallons,,R4,
M-1262,"1934 County Rd 14, Wiley, CO 81092",Resident 1262,A-20262,2024-12-16,362233,gallons,,R5,
M-1263,"1941 Highway 287, Wiley, CO 81092",Resident 1263,A-20263,2024-12-16,238294,gallons,,R6,
M-1264,"1948 Maple Ave, Wiley, CO 81092",Resident 1264,A-20264,2024-12-16,283502,gallons,,R1,
M-1265,"1955 Oak St, Wiley, CO 81092",Resident 1265,A-20265,2024-12-16,358713,gallons,,R2,
M-1266,"1962 Elm St, Wiley, CO 81092",Resident 1266,A-20266,2024-12-16,86370,gallons,,R3,
M-1267,"1969 3rd Ave, Wiley, CO 81092",Resident 1267,A-20267,2024-12-16,238983,gallons,,R4,
M-1268,"1976 5th St, Wiley, CO 81092",Resident 1268,A-20268,2024-12-16,219996,gallons,,R5,
M-1269,"1983 Ranch Rd, Wiley, CO 81092",Resident 1269,A-20269,2024-12-16,195710,gallons,,R6,
M-1270,"1990 Irrigation Ln, Wiley, CO 81092",Resident 1270,A-20270,2024-12-16,291798,gallons,,R1,
M-1271,"1997 North Frontage, Wiley, CO 81092",Resident 1271,A-20271,2024-12-16,394019,gallons,,R2,
M-1272,"2004 South Loop, Wiley, CO 81092",Resident 1272,A-20272,2024-12-16,402622,gallons,,R3,
M-1273,"2011 Pioneer Rd, Wiley, CO 81092",Resident 1273,A-20273,2024-12-16,427516,gallons,,R4,
M-1274,"2018 Cottonwood Dr, Wiley, CO 81092",Resident 1274,A-20274,2024-12-16,248081,gallons,,R5,
M-1275,"2025 Sand Creek Rd, Wiley, CO 81092",Resident 1275,A-20275,2024-12-16,315624,gallons,,R6,
M-1276,"2032 Prairie View, Wiley, CO 81092",Resident 1276,A-20276,2024-12-16,313532,gallons,,R1,
M-1277,"2039 School House Rd, Wiley, CO 81092",Resident 1277,A-20277,2024-12-16,310773,gallons,,R2,
M-1278,"2046 Cemetery Rd, Wiley, CO 81092",Resident 1278,A-20278,2024-12-16,180250,gallons,,R3,
M-1279,"2053 Grain Elevator Rd, Wiley, CO 81092",Resident 1279,A-20279,2024-12-16,333161,gallons,,R4,
M-1280,"2060 Main St, Wiley, CO 81092",Resident 1280,A-20280,2024-12-16,313396,gallons,,R5,
M-1281,"2067 County Rd 10, Wiley, CO 81092",Resident 1281,A-20281,2024-12-16,177908,gallons,,R6,
M-1282,"2074 County Rd 14, Wiley, CO 81092",Resident 1282,A-20282,2024-12-16,424597,gallons,,R1,
M-1283,"2081 Highway 287, Wiley, CO 81092",Resident 1283,A-20283,2024-12-16,120261,gallons,,R2,
M-1284,"2088 Maple Ave, Wiley, CO 81092",Resident 1284,A-20284,2024-12-16,228601,gallons,,R3,
M-1285,"2095 Oak St, Wiley, CO 81092",Resident 1285,A-20285,2024-12-16,350115,gallons,,R4,
M-1286,"2102 Elm St, Wiley, CO 81092",Resident 1286,A-20286,2024-12-16,428283,gallons,,R5,
M-1287,"2109 3rd Ave, Wiley, CO 81092",Resident 1287,A-20287,2024-12-16,421747,gallons,,R6,
M-1288,"2116 5th St, Wiley, CO 81092",Resident 1288,A-20288,2024-12-16,387930,gallons,,R1,
M-1289,"2123 Ranch Rd, Wiley, CO 81092",Resident 1289,A-20289,2024-12-16,263981,gallons,,R2,
M-1290,"2130 Irrigation Ln, Wiley, CO 81092",Resident 1290,A-20290,2024-12-16,136439,gallons,,R3,
M-1291,"2137 North Frontage, Wiley, CO 81092",Resident 1291,A-20291,2024-12-16,209014,gallons,,R4,
M-1292,"2144 South Loop, Wiley, CO 81092",Resident 1292,A-20292,2024-12-16,226873,gallons,,R5,
M-1293,"2151 Pioneer Rd, Wiley, CO 81092",Resident 1293,A-20293,2024-12-16,181441,gallons,,R6,
M-1294,"2158 Cottonwood Dr, Wiley, CO 81092",Resident 1294,A-20294,2024-12-16,182316,gallons,,R1,
M-1295,"2165 Sand Creek Rd, Wiley, CO 81092",Resident 1295,A-20295,2024-12-16,170546,gallons,,R2,
M-1296,"2172 Prairie View, Wiley, CO 81092",Resident 1296,A-20296,2024-12-16,86962,gallons,,R3,
M-1297,"2179 School House Rd, Wiley, CO 81092",Resident 1297,A-20297,2024-12-16,89703,gallons,,R4,
M-1298,"2186 Cemetery Rd, Wiley, CO 81092",Resident 1298,A-20298,2024-12-16,197757,gallons,,R5,
M-1299,"2193 Grain Elevator Rd, Wiley, CO 81092",Resident 1299,A-20299,2024-12-16,316031,gallons,,R6,
M-1300,"2200 Main St, Wiley, CO 81092",Resident 1300,A-20300,2024-12-16,389817,gallons,,R1,
M-1001,"107 County Rd 10, Wiley, CO 81092",Resident 1001,A-20001,2025-01-12,371863,gallons,,R2,
M-1002,"114 County Rd 14, Wiley, CO 81092",Resident 1002,A-20002,2025-01-12,303050,gallons,,R3,
M-1003,"121 Highway 287, Wiley, CO 81092",Resident 1003,A-20003,2025-01-12,137020,gallons,,R4,
M-1004,"128 Maple Ave, Wiley, CO 81092",Resident 1004,A-20004,2025-01-12,321001,gallons,,R5,
M-1005,"135 Oak St, Wiley, CO 81092",Resident 1005,A-20005,2025-01-12,171997,gallons,,R6,
M-1006,"142 Elm St, Wiley, CO 81092",Resident 1006,A-20006,2025-01-12,220059,gallons,,R1,
M-1007,"149 3rd Ave, Wiley, CO 81092",Resident 1007,A-20007,2025-01-12,315353,gallons,,R2,
M-1008,"156 5th St, Wiley, CO 81092",Resident 1008,A-20008,2025-01-12,200183,gallons,,R3,
M-1009,"163 Ranch Rd, Wiley, CO 81092",Resident 1009,A-20009,2025-01-12,136870,gallons,,R4,
M-1010,"170 Irrigation Ln, Wiley, CO 81092",Resident 1010,A-20010,2025-01-12,299187,gallons,,R5,
M-1011,"177 North Frontage, Wiley, CO 81092",Resident 1011,A-20011,2025-01-12,381661,gallons,,R6,
M-1012,"184 South Loop, Wiley, CO 81092",Resident 1012,A-20012,2025-01-12,150872,gallons,,R1,
M-1013,"191 Pioneer Rd, Wiley, CO 81092",Resident 1013,A-20013,2025-01-12,113777,gallons,,R2,
M-1014,"198 Cottonwood Dr, Wiley, CO 81092",Resident 1014,A-20014,2025-01-12,408407,gallons,,R3,
M-1015,"205 Sand Creek Rd, Wiley, CO 81092",Resident 1015,A-20015,2025-01-12,373862,gallons,,R4,
M-1016,"212 Prairie View, Wiley, CO 81092",Resident 1016,A-20016,2025-01-12,90027,gallons,,R5,
M-1017,"219 School House Rd, Wiley, CO 81092",Resident 1017,A-20017,2025-01-12,112889,gallons,,R6,
M-1018,"226 Cemetery Rd, Wiley, CO 81092",Resident 1018,A-20018,2025-01-12,187785,gallons,,R1,
M-1019,"233 Grain Elevator Rd, Wiley, CO 81092",Resident 1019,A-20019,2025-01-12,153874,gallons,,R2,
M-1020,"240 Main St, Wiley, CO 81092",Resident 1020,A-20020,2025-01-12,285288,gallons,,R3,
M-1021,"247 County Rd 10, Wiley, CO 81092",Resident 1021,A-20021,2025-01-12,327990,gallons,,R4,
M-1022,"254 County Rd 14, Wiley, CO 81092",Resident 1022,A-20022,2025-01-12,337586,gallons,,R5,
M-1023,"261 Highway 287, Wiley, CO 81092",Resident 1023,A-20023,2025-01-12,204021,gallons,,R6,
M-1024,"268 Maple Ave, Wiley, CO 81092",Resident 1024,A-20024,2025-01-12,274855,gallons,,R1,
M-1025,"275 Oak St, Wiley, CO 81092",Resident 1025,A-20025,2025-01-12,120447,gallons,,R2,
M-1026,"282 Elm St, Wiley, CO 81092",Resident 1026,A-20026,2025-01-12,159455,gallons,,R3,
M-1027,"289 3rd Ave, Wiley, CO 81092",Resident 1027,A-20027,2025-01-12,297086,gallons,,R4,
M-1028,"296 5th St, Wiley, CO 81092",Resident 1028,A-20028,2025-01-12,95749,gallons,,R5,
M-1029,"303 Ranch Rd, Wiley, CO 81092",Resident 1029,A-20029,2025-01-12,302238,gallons,,R6,
M-1030,"310 Irrigation Ln, Wiley, CO 81092",Resident 1030,A-20030,2025-01-12,228590,gallons,,R1,
M-1031,"317 North Frontage, Wiley, CO 81092",Resident 1031,A-20031,2025-01-12,322368,gallons,,R2,
M-1032,"324 South Loop, Wiley, CO 81092",Resident 1032,A-20032,2025-01-12,221866,gallons,,R3,
M-1033,"331 Pioneer Rd, Wiley, CO 81092",Resident 1033,A-20033,2025-01-12,421336,gallons,,R4,
M-1034,"338 Cottonwood Dr, Wiley, CO 81092",Resident 1034,A-20034,2025-01-12,384427,gallons,,R5,
M-1035,"345 Sand Creek Rd, Wiley, CO 81092",Resident 1035,A-20035,2025-01-12,423489,gallons,,R6,
M-1036,"352 Prairie View, Wiley, CO 81092",Resident 1036,A-20036,2025-01-12,318049,gallons,,R1,
M-1037,"359 School House Rd, Wiley, CO 81092",Resident 1037,A-20037,2025-01-12,182163,gallons,,R2,
M-1038,"366 Cemetery Rd, Wiley, CO 81092",Resident 1038,A-20038,2025-01-12,169240,gallons,,R3,
M-1039,"373 Grain Elevator Rd, Wiley, CO 81092",Resident 1039,A-20039,2025-01-12,250652,gallons,,R4,
M-1040,"380 Main St, Wiley, CO 81092",Resident 1040,A-20040,2025-01-12,196022,gallons,,R5,
M-1041,"387 County Rd 10, Wiley, CO 81092",Resident 1041,A-20041,2025-01-12,110283,gallons,,R6,
M-1042,"394 County Rd 14, Wiley, CO 81092",Resident 1042,A-20042,2025-01-12,379044,gallons,,R1,
M-1043,"401 Highway 287, Wiley, CO 81092",Resident 1043,A-20043,2025-01-12,354211,gallons,,R2,
M-1044,"408 Maple Ave, Wiley, CO 81092",Resident 1044,A-20044,2025-01-12,103675,gallons,,R3,
M-1045,"415 Oak St, Wiley, CO 81092",Resident 1045,A-20045,2025-01-12,261420,gallons,,R4,
M-1046,"422 Elm St, Wiley, CO 81092",Resident 1046,A-20046,2025-01-12,106798,gallons,,R5,
M-1047,"429 3rd Ave, Wiley, CO 81092",Resident 1047,A-20047,2025-01-12,93750,gallons,,R6,
M-1048,"436 5th St, Wiley, CO 81092",Resident 1048,A-20048,2025-01-12,373224,gallons,,R1,
M-1049,"443 Ranch Rd, Wiley, CO 81092",Resident 1049,A-20049,2025-01-12,330744,gallons,,R2,
M-1050,"450 Irrigation Ln, Wiley, CO 81092",Resident 1050,A-20050,2025-01-12,331283,gallons,,R3,
M-1051,"457 North Frontage, Wiley, CO 81092",Resident 1051,A-20051,2025-01-12,357181,gallons,,R4,
M-1052,"464 South Loop, Wiley, CO 81092",Resident 1052,A-20052,2025-01-12,162785,gallons,,R5,
M-1053,"471 Pioneer Rd, Wiley, CO 81092",Resident 1053,A-20053,2025-01-12,120050,gallons,,R6,
M-1054,"478 Cottonwood Dr, Wiley, CO 81092",Resident 1054,A-20054,2025-01-12,341730,gallons,,R1,
M-1055,"485 Sand Creek Rd, Wiley, CO 81092",Resident 1055,A-20055,2025-01-12,106556,gallons,,R2,
M-1056,"492 Prairie View, Wiley, CO 81092",Resident 1056,A-20056,2025-01-12,191531,gallons,,R3,
M-1057,"499 School House Rd, Wiley, CO 81092",Resident 1057,A-20057,2025-01-12,120119,gallons,,R4,
M-1058,"506 Cemetery Rd, Wiley, CO 81092",Resident 1058,A-20058,2025-01-12,400459,gallons,,R5,
M-1059,"513 Grain Elevator Rd, Wiley, CO 81092",Resident 1059,A-20059,2025-01-12,105009,gallons,,R6,
M-1060,"520 Main St, Wiley, CO 81092",Resident 1060,A-20060,2025-01-12,206071,gallons,,R1,
M-1061,"527 County Rd 10, Wiley, CO 81092",Resident 1061,A-20061,2025-01-12,278254,gallons,,R2,
M-1062,"534 County Rd 14, Wiley, CO 81092",Resident 1062,A-20062,2025-01-12,148961,gallons,,R3,
M-1063,"541 Highway 287, Wiley, CO 81092",Resident 1063,A-20063,2025-01-12,375401,gallons,,R4,
M-1064,"548 Maple Ave, Wiley, CO 81092",Resident 1064,A-20064,2025-01-12,219494,gallons,,R5,
M-1065,"555 Oak St, Wiley, CO 81092",Resident 1065,A-20065,2025-01-12,395096,gallons,,R6,
M-1066,"562 Elm St, Wiley, CO 81092",Resident 1066,A-20066,2025-01-12,392993,gallons,,R1,
M-1067,"569 3rd Ave, Wiley, CO 81092",Resident 1067,A-20067,2025-01-12,109963,gallons,,R2,
M-1068,"576 5th St, Wiley, CO 81092",Resident 1068,A-20068,2025-01-12,396808,gallons,,R3,
M-1069,"583 Ranch Rd, Wiley, CO 81092",Resident 1069,A-20069,2025-01-12,140964,gallons,,R4,
M-1070,"590 Irrigation Ln, Wiley, CO 81092",Resident 1070,A-20070,2025-01-12,285773,gallons,,R5,
M-1071,"597 North Frontage, Wiley, CO 81092",Resident 1071,A-20071,2025-01-12,409249,gallons,,R6,
M-1072,"604 South Loop, Wiley, CO 81092",Resident 1072,A-20072,2025-01-12,399726,gallons,,R1,
M-1073,"611 Pioneer Rd, Wiley, CO 81092",Resident 1073,A-20073,2025-01-12,370313,gallons,,R2,
M-1074,"618 Cottonwood Dr, Wiley, CO 81092",Resident 1074,A-20074,2025-01-12,349020,gallons,,R3,
M-1075,"625 Sand Creek Rd, Wiley, CO 81092",Resident 1075,A-20075,2025-01-12,232254,gallons,,R4,
M-1076,"632 Prairie View, Wiley, CO 81092",Resident 1076,A-20076,2025-01-12,209634,gallons,,R5,
M-1077,"639 School House Rd, Wiley, CO 81092",Resident 1077,A-20077,2025-01-12,174077,gallons,,R6,
M-1078,"646 Cemetery Rd, Wiley, CO 81092",Resident 1078,A-20078,2025-01-12,245866,gallons,,R1,
M-1079,"653 Grain Elevator Rd, Wiley, CO 81092",Resident 1079,A-20079,2025-01-12,200956,gallons,,R2,
M-1080,"660 Main St, Wiley, CO 81092",Resident 1080,A-20080,2025-01-12,223490,gallons,,R3,
M-1081,"667 County Rd 10, Wiley, CO 81092",Resident 1081,A-20081,2025-01-12,299216,gallons,,R4,
M-1082,"674 County Rd 14, Wiley, CO 81092",Resident 1082,A-20082,2025-01-12,147802,gallons,,R5,
M-1083,"681 Highway 287, Wiley, CO 81092",Resident 1083,A-20083,2025-01-12,408107,gallons,,R6,
M-1084,"688 Maple Ave, Wiley, CO 81092",Resident 1084,A-20084,2025-01-12,235081,gallons,,R1,
M-1085,"695 Oak St, Wiley, CO 81092",Resident 1085,A-20085,2025-01-12,318195,gallons,,R2,
M-1086,"702 Elm St, Wiley, CO 81092",Resident 1086,A-20086,2025-01-12,239434,gallons,,R3,
M-1087,"709 3rd Ave, Wiley, CO 81092",Resident 1087,A-20087,2025-01-12,129907,gallons,,R4,
M-1088,"716 5th St, Wiley, CO 81092",Resident 1088,A-20088,2025-01-12,80855,gallons,,R5,
M-1089,"723 Ranch Rd, Wiley, CO 81092",Resident 1089,A-20089,2025-01-12,403607,gallons,,R6,
M-1090,"730 Irrigation Ln, Wiley, CO 81092",Resident 1090,A-20090,2025-01-12,418017,gallons,,R1,
M-1091,"737 North Frontage, Wiley, CO 81092",Resident 1091,A-20091,2025-01-12,385862,gallons,,R2,
M-1092,"744 South Loop, Wiley, CO 81092",Resident 1092,A-20092,2025-01-12,123058,gallons,,R3,
M-1093,"751 Pioneer Rd, Wiley, CO 81092",Resident 1093,A-20093,2025-01-12,125156,gallons,,R4,
M-1094,"758 Cottonwood Dr, Wiley, CO 81092",Resident 1094,A-20094,2025-01-12,377684,gallons,,R5,
M-1095,"765 Sand Creek Rd, Wiley, CO 81092",Resident 1095,A-20095,2025-01-12,186282,gallons,,R6,
M-1096,"772 Prairie View, Wiley, CO 81092",Resident 1096,A-20096,2025-01-12,335823,gallons,,R1,
M-1097,"779 School House Rd, Wiley, CO 81092",Resident 1097,A-20097,2025-01-12,223373,gallons,,R2,
M-1098,"786 Cemetery Rd, Wiley, CO 81092",Resident 1098,A-20098,2025-01-12,150630,gallons,,R3,
M-1099,"793 Grain Elevator Rd, Wiley, CO 81092",Resident 1099,A-20099,2025-01-12,258699,gallons,,R4,
M-1100,"800 Main St, Wiley, CO 81092",Resident 1100,A-20100,2025-01-12,125868,gallons,,R5,
M-1101,"807 County Rd 10, Wiley, CO 81092",Resident 1101,A-20101,2025-01-12,223588,gallons,,R6,
M-1102,"814 County Rd 14, Wiley, CO 81092",Resident 1102,A-20102,2025-01-12,283899,gallons,,R1,
M-1103,"821 Highway 287, Wiley, CO 81092",Resident 1103,A-20103,2025-01-12,224229,gallons,,R2,
M-1104,"828 Maple Ave, Wiley, CO 81092",Resident 1104,A-20104,2025-01-12,177722,gallons,,R3,
M-1105,"835 Oak St, Wiley, CO 81092",Resident 1105,A-20105,2025-01-12,308974,gallons,,R4,
M-1106,"842 Elm St, Wiley, CO 81092",Resident 1106,A-20106,2025-01-12,387230,gallons,,R5,
M-1107,"849 3rd Ave, Wiley, CO 81092",Resident 1107,A-20107,2025-01-12,224890,gallons,,R6,
M-1108,"856 5th St, Wiley, CO 81092",Resident 1108,A-20108,2025-01-12,394569,gallons,,R1,
M-1109,"863 Ranch Rd, Wiley, CO 81092",Resident 1109,A-20109,2025-01-12,407550,gallons,,R2,
M-1110,"870 Irrigation Ln, Wiley, CO 81092",Resident 1110,A-20110,2025-01-12,355975,gallons,,R3,
M-1111,"877 North Frontage, Wiley, CO 81092",Resident 1111,A-20111,2025-01-12,84235,gallons,,R4,
M-1112,"884 South Loop, Wiley, CO 81092",Resident 1112,A-20112,2025-01-12,364384,gallons,,R5,
M-1113,"891 Pioneer Rd, Wiley, CO 81092",Resident 1113,A-20113,2025-01-12,222928,gallons,,R6,
M-1114,"898 Cottonwood Dr, Wiley, CO 81092",Resident 1114,A-20114,2025-01-12,420058,gallons,,R1,
M-1115,"905 Sand Creek Rd, Wiley, CO 81092",Resident 1115,A-20115,2025-01-12,144692,gallons,,R2,
M-1116,"912 Prairie View, Wiley, CO 81092",Resident 1116,A-20116,2025-01-12,164990,gallons,,R3,
M-1117,"919 School House Rd, Wiley, CO 81092",Resident 1117,A-20117,2025-01-12,218262,gallons,,R4,
M-1118,"926 Cemetery Rd, Wiley, CO 81092",Resident 1118,A-20118,2025-01-12,132989,gallons,,R5,
M-1119,"933 Grain Elevator Rd, Wiley, CO 81092",Resident 1119,A-20119,2025-01-12,149657,gallons,,R6,
M-1120,"940 Main St, Wiley, CO 81092",Resident 1120,A-20120,2025-01-12,373419,gallons,,R1,
M-1121,"947 County Rd 10, Wiley, CO 81092",Resident 1121,A-20121,2025-01-12,162672,gallons,,R2,
M-1122,"954 County Rd 14, Wiley, CO 81092",Resident 1122,A-20122,2025-01-12,235212,gallons,,R3,
M-1123,"961 Highway 287, Wiley, CO 81092",Resident 1123,A-20123,2025-01-12,232089,gallons,,R4,
M-1124,"968 Maple Ave, Wiley, CO 81092",Resident 1124,A-20124,2025-01-12,387688,gallons,,R5,
M-1125,"975 Oak St, Wiley, CO 81092",Resident 1125,A-20125,2025-01-12,184546,gallons,,R6,
M-1126,"982 Elm St, Wiley, CO 81092",Resident 1126,A-20126,2025-01-12,249143,gallons,,R1,
M-1127,"989 3rd Ave, Wiley, CO 81092",Resident 1127,A-20127,2025-01-12,181769,gallons,,R2,
M-1128,"996 5th St, Wiley, CO 81092",Resident 1128,A-20128,2025-01-12,433821,gallons,,R3,
M-1129,"1003 Ranch Rd, Wiley, CO 81092",Resident 1129,A-20129,2025-01-12,228694,gallons,,R4,
M-1130,"1010 Irrigation Ln, Wiley, CO 81092",Resident 1130,A-20130,2025-01-12,352761,gallons,,R5,
M-1131,"1017 North Frontage, Wiley, CO 81092",Resident 1131,A-20131,2025-01-12,330759,gallons,,R6,
M-1132,"1024 South Loop, Wiley, CO 81092",Resident 1132,A-20132,2025-01-12,227611,gallons,,R1,
M-1133,"1031 Pioneer Rd, Wiley, CO 81092",Resident 1133,A-20133,2025-01-12,115774,gallons,,R2,
M-1134,"1038 Cottonwood Dr, Wiley, CO 81092",Resident 1134,A-20134,2025-01-12,131180,gallons,,R3,
M-1135,"1045 Sand Creek Rd, Wiley, CO 81092",Resident 1135,A-20135,2025-01-12,420925,gallons,,R4,
M-1136,"1052 Prairie View, Wiley, CO 81092",Resident 1136,A-20136,2025-01-12,303840,gallons,,R5,
M-1137,"1059 School House Rd, Wiley, CO 81092",Resident 1137,A-20137,2025-01-12,226707,gallons,,R6,
M-1138,"1066 Cemetery Rd, Wiley, CO 81092",Resident 1138,A-20138,2025-01-12,97711,gallons,,R1,
M-1139,"1073 Grain Elevator Rd, Wiley, CO 81092",Resident 1139,A-20139,2025-01-12,70456,gallons,,R2,
M-1140,"1080 Main St, Wiley, CO 81092",Resident 1140,A-20140,2025-01-12,261783,gallons,,R3,
M-1141,"1087 County Rd 10, Wiley, CO 81092",Resident 1141,A-20141,2025-01-12,155126,gallons,,R4,
M-1142,"1094 County Rd 14, Wiley, CO 81092",Resident 1142,A-20142,2025-01-12,400784,gallons,,R5,
M-1143,"1101 Highway 287, Wiley, CO 81092",Resident 1143,A-20143,2025-01-12,236343,gallons,,R6,
M-1144,"1108 Maple Ave, Wiley, CO 81092",Resident 1144,A-20144,2025-01-12,149658,gallons,,R1,
M-1145,"1115 Oak St, Wiley, CO 81092",Resident 1145,A-20145,2025-01-12,300089,gallons,,R2,
M-1146,"1122 Elm St, Wiley, CO 81092",Resident 1146,A-20146,2025-01-12,358987,gallons,,R3,
M-1147,"1129 3rd Ave, Wiley, CO 81092",Resident 1147,A-20147,2025-01-12,315420,gallons,,R4,
M-1148,"1136 5th St, Wiley, CO 81092",Resident 1148,A-20148,2025-01-12,364348,gallons,,R5,
M-1149,"1143 Ranch Rd, Wiley, CO 81092",Resident 1149,A-20149,2025-01-12,97947,gallons,,R6,
M-1150,"1150 Irrigation Ln, Wiley, CO 81092",Resident 1150,A-20150,2025-01-12,143074,gallons,,R1,
M-1151,"1157 North Frontage, Wiley, CO 81092",Resident 1151,A-20151,2025-01-12,128327,gallons,,R2,
M-1152,"1164 South Loop, Wiley, CO 81092",Resident 1152,A-20152,2025-01-12,144109,gallons,,R3,
M-1153,"1171 Pioneer Rd, Wiley, CO 81092",Resident 1153,A-20153,2025-01-12,367106,gallons,,R4,
M-1154,"1178 Cottonwood Dr, Wiley, CO 81092",Resident 1154,A-20154,2025-01-12,99977,gallons,,R5,
M-1155,"1185 Sand Creek Rd, Wiley, CO 81092",Resident 1155,A-20155,2025-01-12,283996,gallons,,R6,
M-1156,"1192 Prairie View, Wiley, CO 81092",Resident 1156,A-20156,2025-01-12,503607,gallons,,R1,
M-1157,"1199 School House Rd, Wiley, CO 81092",Resident 1157,A-20157,2025-01-12,377052,gallons,,R2,
M-1158,"1206 Cemetery Rd, Wiley, CO 81092",Resident 1158,A-20158,2025-01-12,153784,gallons,,R3,
M-1159,"1213 Grain Elevator Rd, Wiley, CO 81092",Resident 1159,A-20159,2025-01-12,312463,gallons,,R4,
M-1160,"1220 Main St, Wiley, CO 81092",Resident 1160,A-20160,2025-01-12,129639,gallons,,R5,
M-1161,"1227 County Rd 10, Wiley, CO 81092",Resident 1161,A-20161,2025-01-12,116000,gallons,,R6,
M-1162,"1234 County Rd 14, Wiley, CO 81092",Resident 1162,A-20162,2025-01-12,260021,gallons,,R1,
M-1163,"1241 Highway 287, Wiley, CO 81092",Resident 1163,A-20163,2025-01-12,259402,gallons,,R2,
M-1164,"1248 Maple Ave, Wiley, CO 81092",Resident 1164,A-20164,2025-01-12,116938,gallons,,R3,
M-1165,"1255 Oak St, Wiley, CO 81092",Resident 1165,A-20165,2025-01-12,273986,gallons,,R4,
M-1166,"1262 Elm St, Wiley, CO 81092",Resident 1166,A-20166,2025-01-12,209096,gallons,,R5,
M-1167,"1269 3rd Ave, Wiley, CO 81092",Resident 1167,A-20167,2025-01-12,206202,gallons,,R6,
M-1168,"1276 5th St, Wiley, CO 81092",Resident 1168,A-20168,2025-01-12,447355,gallons,,R1,
M-1169,"1283 Ranch Rd, Wiley, CO 81092",Resident 1169,A-20169,2025-01-12,146918,gallons,,R2,
M-1170,"1290 Irrigation Ln, Wiley, CO 81092",Resident 1170,A-20170,2025-01-12,264973,gallons,,R3,
M-1171,"1297 North Frontage, Wiley, CO 81092",Resident 1171,A-20171,2025-01-12,361174,gallons,,R4,
M-1172,"1304 South Loop, Wiley, CO 81092",Resident 1172,A-20172,2025-01-12,287911,gallons,,R5,
M-1173,"1311 Pioneer Rd, Wiley, CO 81092",Resident 1173,A-20173,2025-01-12,410855,gallons,,R6,
M-1174,"1318 Cottonwood Dr, Wiley, CO 81092",Resident 1174,A-20174,2025-01-12,150511,gallons,,R1,
M-1175,"1325 Sand Creek Rd, Wiley, CO 81092",Resident 1175,A-20175,2025-01-12,207153,gallons,,R2,
M-1176,"1332 Prairie View, Wiley, CO 81092",Resident 1176,A-20176,2025-01-12,148307,gallons,,R3,
M-1177,"1339 School House Rd, Wiley, CO 81092",Resident 1177,A-20177,2025-01-12,188320,gallons,,R4,
M-1178,"1346 Cemetery Rd, Wiley, CO 81092",Resident 1178,A-20178,2025-01-12,315054,gallons,,R5,
M-1179,"1353 Grain Elevator Rd, Wiley, CO 81092",Resident 1179,A-20179,2025-01-12,87902,gallons,,R6,
M-1180,"1360 Main St, Wiley, CO 81092",Resident 1180,A-20180,2025-01-12,180374,gallons,,R1,
M-1181,"1367 County Rd 10, Wiley, CO 81092",Resident 1181,A-20181,2025-01-12,271519,gallons,,R2,
M-1182,"1374 County Rd 14, Wiley, CO 81092",Resident 1182,A-20182,2025-01-12,287953,gallons,,R3,
M-1183,"1381 Highway 287, Wiley, CO 81092",Resident 1183,A-20183,2025-01-12,217699,gallons,,R4,
M-1184,"1388 Maple Ave, Wiley, CO 81092",Resident 1184,A-20184,2025-01-12,207865,gallons,,R5,
M-1185,"1395 Oak St, Wiley, CO 81092",Resident 1185,A-20185,2025-01-12,174879,gallons,,R6,
M-1186,"1402 Elm St, Wiley, CO 81092",Resident 1186,A-20186,2025-01-12,133680,gallons,,R1,
M-1187,"1409 3rd Ave, Wiley, CO 81092",Resident 1187,A-20187,2025-01-12,294482,gallons,,R2,
M-1188,"1416 5th St, Wiley, CO 81092",Resident 1188,A-20188,2025-01-12,106417,gallons,,R3,
M-1189,"1423 Ranch Rd, Wiley, CO 81092",Resident 1189,A-20189,2025-01-12,338203,gallons,,R4,
M-1190,"1430 Irrigation Ln, Wiley, CO 81092",Resident 1190,A-20190,2025-01-12,189260,gallons,,R5,
M-1191,"1437 North Frontage, Wiley, CO 81092",Resident 1191,A-20191,2025-01-12,172897,gallons,,R6,
M-1192,"1444 South Loop, Wiley, CO 81092",Resident 1192,A-20192,2025-01-12,321981,gallons,,R1,
M-1193,"1451 Pioneer Rd, Wiley, CO 81092",Resident 1193,A-20193,2025-01-12,280993,gallons,,R2,
M-1194,"1458 Cottonwood Dr, Wiley, CO 81092",Resident 1194,A-20194,2025-01-12,231079,gallons,,R3,
M-1195,"1465 Sand Creek Rd, Wiley, CO 81092",Resident 1195,A-20195,2025-01-12,208010,gallons,,R4,
M-1196,"1472 Prairie View, Wiley, CO 81092",Resident 1196,A-20196,2025-01-12,205445,gallons,,R5,
M-1197,"1479 School House Rd, Wiley, CO 81092",Resident 1197,A-20197,2025-01-12,75061,gallons,,R6,
M-1198,"1486 Cemetery Rd, Wiley, CO 81092",Resident 1198,A-20198,2025-01-12,438357,gallons,,R1,
M-1199,"1493 Grain Elevator Rd, Wiley, CO 81092",Resident 1199,A-20199,2025-01-12,180407,gallons,,R2,
M-1200,"1500 Main St, Wiley, CO 81092",Resident 1200,A-20200,2025-01-12,294319,gallons,,R3,
M-1201,"1507 County Rd 10, Wiley, CO 81092",Resident 1201,A-20201,2025-01-12,235906,gallons,,R4,
M-1202,"1514 County Rd 14, Wiley, CO 81092",Resident 1202,A-20202,2025-01-12,213456,gallons,,R5,
M-1203,"1521 Highway 287, Wiley, CO 81092",Resident 1203,A-20203,2025-01-12,115281,gallons,,R6,
M-1204,"1528 Maple Ave, Wiley, CO 81092",Resident 1204,A-20204,2025-01-12,223348,gallons,,R1,
M-1205,"1535 Oak St, Wiley, CO 81092",Resident 1205,A-20205,2025-01-12,257857,gallons,,R2,
M-1206,"1542 Elm St, Wiley, CO 81092",Resident 1206,A-20206,2025-01-12,401675,gallons,,R3,
M-1207,"1549 3rd Ave, Wiley, CO 81092",Resident 1207,A-20207,2025-01-12,341750,gallons,,R4,
M-1208,"1556 5th St, Wiley, CO 81092",Resident 1208,A-20208,2025-01-12,299506,gallons,,R5,
M-1209,"1563 Ranch Rd, Wiley, CO 81092",Resident 1209,A-20209,2025-01-12,347066,gallons,,R6,
M-1210,"1570 Irrigation Ln, Wiley, CO 81092",Resident 1210,A-20210,2025-01-12,240105,gallons,,R1,
M-1211,"1577 North Frontage, Wiley, CO 81092",Resident 1211,A-20211,2025-01-12,113064,gallons,,R2,
M-1212,"1584 South Loop, Wiley, CO 81092",Resident 1212,A-20212,2025-01-12,148293,gallons,,R3,
M-1213,"1591 Pioneer Rd, Wiley, CO 81092",Resident 1213,A-20213,2025-01-12,203303,gallons,,R4,
M-1214,"1598 Cottonwood Dr, Wiley, CO 81092",Resident 1214,A-20214,2025-01-12,193272,gallons,,R5,
M-1215,"1605 Sand Creek Rd, Wiley, CO 81092",Resident 1215,A-20215,2025-01-12,391101,gallons,,R6,
M-1216,"1612 Prairie View, Wiley, CO 81092",Resident 1216,A-20216,2025-01-12,235868,gallons,,R1,
M-1217,"1619 School House Rd, Wiley, CO 81092",Resident 1217,A-20217,2025-01-12,88736,gallons,,R2,
M-1218,"1626 Cemetery Rd, Wiley, CO 81092",Resident 1218,A-20218,2025-01-12,125614,gallons,,R3,
M-1219,"1633 Grain Elevator Rd, Wiley, CO 81092",Resident 1219,A-20219,2025-01-12,404987,gallons,,R4,
M-1220,"1640 Main St, Wiley, CO 81092",Resident 1220,A-20220,2025-01-12,312131,gallons,,R5,
M-1221,"1647 County Rd 10, Wiley, CO 81092",Resident 1221,A-20221,2025-01-12,268868,gallons,,R6,
M-1222,"1654 County Rd 14, Wiley, CO 81092",Resident 1222,A-20222,2025-01-12,234445,gallons,,R1,
M-1223,"1661 Highway 287, Wiley, CO 81092",Resident 1223,A-20223,2025-01-12,304710,gallons,,R2,
M-1224,"1668 Maple Ave, Wiley, CO 81092",Resident 1224,A-20224,2025-01-12,405989,gallons,,R3,
M-1225,"1675 Oak St, Wiley, CO 81092",Resident 1225,A-20225,2025-01-12,360889,gallons,,R4,
M-1226,"1682 Elm St, Wiley, CO 81092",Resident 1226,A-20226,2025-01-12,141838,gallons,,R5,
M-1227,"1689 3rd Ave, Wiley, CO 81092",Resident 1227,A-20227,2025-01-12,275010,gallons,,R6,
M-1228,"1696 5th St, Wiley, CO 81092",Resident 1228,A-20228,2025-01-12,391722,gallons,,R1,
M-1229,"1703 Ranch Rd, Wiley, CO 81092",Resident 1229,A-20229,2025-01-12,200312,gallons,,R2,
M-1230,"1710 Irrigation Ln, Wiley, CO 81092",Resident 1230,A-20230,2025-01-12,231182,gallons,,R3,
M-1231,"1717 North Frontage, Wiley, CO 81092",Resident 1231,A-20231,2025-01-12,120944,gallons,,R4,
M-1232,"1724 South Loop, Wiley, CO 81092",Resident 1232,A-20232,2025-01-12,300730,gallons,,R5,
M-1233,"1731 Pioneer Rd, Wiley, CO 81092",Resident 1233,A-20233,2025-01-12,96963,gallons,,R6,
M-1234,"1738 Cottonwood Dr, Wiley, CO 81092",Resident 1234,A-20234,2025-01-12,349590,gallons,,R1,
M-1235,"1745 Sand Creek Rd, Wiley, CO 81092",Resident 1235,A-20235,2025-01-12,364290,gallons,,R2,
M-1236,"1752 Prairie View, Wiley, CO 81092",Resident 1236,A-20236,2025-01-12,198043,gallons,,R3,
M-1237,"1759 School House Rd, Wiley, CO 81092",Resident 1237,A-20237,2025-01-12,285062,gallons,,R4,
M-1238,"1766 Cemetery Rd, Wiley, CO 81092",Resident 1238,A-20238,2025-01-12,307021,gallons,,R5,
M-1239,"1773 Grain Elevator Rd, Wiley, CO 81092",Resident 1239,A-20239,2025-01-12,118165,gallons,,R6,
M-1240,"1780 Main St, Wiley, CO 81092",Resident 1240,A-20240,2025-01-12,436006,gallons,,R1,
M-1241,"1787 County Rd 10, Wiley, CO 81092",Resident 1241,A-20241,2025-01-12,255942,gallons,,R2,
M-1242,"1794 County Rd 14, Wiley, CO 81092",Resident 1242,A-20242,2025-01-12,395531,gallons,,R3,
M-1243,"1801 Highway 287, Wiley, CO 81092",Resident 1243,A-20243,2025-01-12,238793,gallons,,R4,
M-1244,"1808 Maple Ave, Wiley, CO 81092",Resident 1244,A-20244,2025-01-12,519287,gallons,,R5,
M-1245,"1815 Oak St, Wiley, CO 81092",Resident 1245,A-20245,2025-01-12,130735,gallons,,R6,
M-1246,"1822 Elm St, Wiley, CO 81092",Resident 1246,A-20246,2025-01-12,236259,gallons,,R1,
M-1247,"1829 3rd Ave, Wiley, CO 81092",Resident 1247,A-20247,2025-01-12,329631,gallons,,R2,
M-1248,"1836 5th St, Wiley, CO 81092",Resident 1248,A-20248,2025-01-12,253009,gallons,,R3,
M-1249,"1843 Ranch Rd, Wiley, CO 81092",Resident 1249,A-20249,2025-01-12,437811,gallons,,R4,
M-1250,"1850 Irrigation Ln, Wiley, CO 81092",Resident 1250,A-20250,2025-01-12,286886,gallons,,R5,
M-1251,"1857 North Frontage, Wiley, CO 81092",Resident 1251,A-20251,2025-01-12,260517,gallons,,R6,
M-1252,"1864 South Loop, Wiley, CO 81092",Resident 1252,A-20252,2025-01-12,284173,gallons,,R1,
M-1253,"1871 Pioneer Rd, Wiley, CO 81092",Resident 1253,A-20253,2025-01-12,218249,gallons,,R2,
M-1254,"1878 Cottonwood Dr, Wiley, CO 81092",Resident 1254,A-20254,2025-01-12,357077,gallons,,R3,
M-1255,"1885 Sand Creek Rd, Wiley, CO 81092",Resident 1255,A-20255,2025-01-12,163096,gallons,,R4,
M-1256,"1892 Prairie View, Wiley, CO 81092",Resident 1256,A-20256,2025-01-12,194506,gallons,,R5,
M-1257,"1899 School House Rd, Wiley, CO 81092",Resident 1257,A-20257,2025-01-12,285126,gallons,,R6,
M-1258,"1906 Cemetery Rd, Wiley, CO 81092",Resident 1258,A-20258,2025-01-12,422894,gallons,,R1,
M-1259,"1913 Grain Elevator Rd, Wiley, CO 81092",Resident 1259,A-20259,2025-01-12,264740,gallons,,R2,
M-1260,"1920 Main St, Wiley, CO 81092",Resident 1260,A-20260,2025-01-12,156236,gallons,,R3,
M-1261,"1927 County Rd 10, Wiley, CO 81092",Resident 1261,A-20261,2025-01-12,399890,gallons,,R4,
M-1262,"1934 County Rd 14, Wiley, CO 81092",Resident 1262,A-20262,2025-01-12,364254,gallons,,R5,
M-1263,"1941 Highway 287, Wiley, CO 81092",Resident 1263,A-20263,2025-01-12,242491,gallons,,R6,
M-1264,"1948 Maple Ave, Wiley, CO 81092",Resident 1264,A-20264,2025-01-12,286298,gallons,,R1,
M-1265,"1955 Oak St, Wiley, CO 81092",Resident 1265,A-20265,2025-01-12,361812,gallons,,R2,
M-1266,"1962 Elm St, Wiley, CO 81092",Resident 1266,A-20266,2025-01-12,92708,gallons,,R3,
M-1267,"1969 3rd Ave, Wiley, CO 81092",Resident 1267,A-20267,2025-01-12,243460,gallons,,R4,
M-1268,"1976 5th St, Wiley, CO 81092",Resident 1268,A-20268,2025-01-12,223315,gallons,,R5,
M-1269,"1983 Ranch Rd, Wiley, CO 81092",Resident 1269,A-20269,2025-01-12,200422,gallons,,R6,
M-1270,"1990 Irrigation Ln, Wiley, CO 81092",Resident 1270,A-20270,2025-01-12,294449,gallons,,R1,
M-1271,"1997 North Frontage, Wiley, CO 81092",Resident 1271,A-20271,2025-01-12,399454,gallons,,R2,
M-1272,"2004 South Loop, Wiley, CO 81092",Resident 1272,A-20272,2025-01-12,408535,gallons,,R3,
M-1273,"2011 Pioneer Rd, Wiley, CO 81092",Resident 1273,A-20273,2025-01-12,433055,gallons,,R4,
M-1274,"2018 Cottonwood Dr, Wiley, CO 81092",Resident 1274,A-20274,2025-01-12,252636,gallons,,R5,
M-1275,"2025 Sand Creek Rd, Wiley, CO 81092",Resident 1275,A-20275,2025-01-12,319213,gallons,,R6,
M-1276,"2032 Prairie View, Wiley, CO 81092",Resident 1276,A-20276,2025-01-12,317477,gallons,,R1,
M-1277,"2039 School House Rd, Wiley, CO 81092",Resident 1277,A-20277,2025-01-12,314845,gallons,,R2,
M-1278,"2046 Cemetery Rd, Wiley, CO 81092",Resident 1278,A-20278,2025-01-12,183355,gallons,,R3,
M-1279,"2053 Grain Elevator Rd, Wiley, CO 81092",Resident 1279,A-20279,2025-01-12,335283,gallons,,R4,
M-1280,"2060 Main St, Wiley, CO 81092",Resident 1280,A-20280,2025-01-12,315822,gallons,,R5,
M-1281,"2067 County Rd 10, Wiley, CO 81092",Resident 1281,A-20281,2025-01-12,184384,gallons,,R6,
M-1282,"2074 County Rd 14, Wiley, CO 81092",Resident 1282,A-20282,2025-01-12,428762,gallons,,R1,
M-1283,"2081 Highway 287, Wiley, CO 81092",Resident 1283,A-20283,2025-01-12,124401,gallons,,R2,
M-1284,"2088 Maple Ave, Wiley, CO 81092",Resident 1284,A-20284,2025-01-12,232252,gallons,,R3,
M-1285,"2095 Oak St, Wiley, CO 81092",Resident 1285,A-20285,2025-01-12,354006,gallons,,R4,
M-1286,"2102 Elm St, Wiley, CO 81092",Resident 1286,A-20286,2025-01-12,433469,gallons,,R5,
M-1287,"2109 3rd Ave, Wiley, CO 81092",Resident 1287,A-20287,2025-01-12,427858,gallons,,R6,
M-1288,"2116 5th St, Wiley, CO 81092",Resident 1288,A-20288,2025-01-12,389826,gallons,,R1,
M-1289,"2123 Ranch Rd, Wiley, CO 81092",Resident 1289,A-20289,2025-01-12,270533,gallons,,R2,
M-1290,"2130 Irrigation Ln, Wiley, CO 81092",Resident 1290,A-20290,2025-01-12,141987,gallons,,R3,
M-1291,"2137 North Frontage, Wiley, CO 81092",Resident 1291,A-20291,2025-01-12,214936,gallons,,R4,
M-1292,"2144 South Loop, Wiley, CO 81092",Resident 1292,A-20292,2025-01-12,229236,gallons,,R5,
M-1293,"2151 Pioneer Rd, Wiley, CO 81092",Resident 1293,A-20293,2025-01-12,183211,gallons,,R6,
M-1294,"2158 Cottonwood Dr, Wiley, CO 81092",Resident 1294,A-20294,2025-01-12,186586,gallons,,R1,
M-1295,"2165 Sand Creek Rd, Wiley, CO 81092",Resident 1295,A-20295,2025-01-12,177217,gallons,,R2,
M-1296,"2172 Prairie View, Wiley, CO 81092",Resident 1296,A-20296,2025-01-12,90934,gallons,,R3,
M-1297,"2179 School House Rd, Wiley, CO 81092",Resident 1297,A-20297,2025-01-12,91733,gallons,,R4,
M-1298,"2186 Cemetery Rd, Wiley, CO 81092",Resident 1298,A-20298,2025-01-12,200604,gallons,,R5,
M-1299,"2193 Grain Elevator Rd, Wiley, CO 81092",Resident 1299,A-20299,2025-01-12,319037,gallons,,R6,
M-1300,"2200 Main St, Wiley, CO 81092",Resident 1300,A-20300,2025-01-12,392748,gallons,,R1,
M-1001,"107 County Rd 10, Wiley, CO 81092",Resident 1001,A-20001,2025-02-13,377842,gallons,,R2,
M-1002,"114 County Rd 14, Wiley, CO 81092",Resident 1002,A-20002,2025-02-13,305255,gallons,,R3,
M-1003,"121 Highway 287, Wiley, CO 81092",Resident 1003,A-20003,2025-02-13,138610,gallons,,R4,
M-1004,"128 Maple Ave, Wiley, CO 81092",Resident 1004,A-20004,2025-02-13,326285,gallons,,R5,
M-1005,"135 Oak St, Wiley, CO 81092",Resident 1005,A-20005,2025-02-13,175144,gallons,,R6,
M-1006,"142 Elm St, Wiley, CO 81092",Resident 1006,A-20006,2025-02-13,223080,gallons,,R1,
M-1007,"149 3rd Ave, Wiley, CO 81092",Resident 1007,A-20007,2025-02-13,318165,gallons,,R2,
M-1008,"156 5th St, Wiley, CO 81092",Resident 1008,A-20008,2025-02-13,202413,gallons,,R3,
M-1009,"163 Ranch Rd, Wiley, CO 81092",Resident 1009,A-20009,2025-02-13,142465,gallons,,R4,
M-1010,"170 Irrigation Ln, Wiley, CO 81092",Resident 1010,A-20010,2025-02-13,301431,gallons,,R5,
M-1011,"177 North Frontage, Wiley, CO 81092",Resident 1011,A-20011,2025-02-13,387563,gallons,,R6,
M-1012,"184 South Loop, Wiley, CO 81092",Resident 1012,A-20012,2025-02-13,156901,gallons,,R1,
M-1013,"191 Pioneer Rd, Wiley, CO 81092",Resident 1013,A-20013,2025-02-13,118066,gallons,,R2,
M-1014,"198 Cottonwood Dr, Wiley, CO 81092",Resident 1014,A-20014,2025-02-13,410495,gallons,,R3,
M-1015,"205 Sand Creek Rd, Wiley, CO 81092",Resident 1015,A-20015,2025-02-13,378495,gallons,,R4,
M-1016,"212 Prairie View, Wiley, CO 81092",Resident 1016,A-20016,2025-02-13,94393,gallons,,R5,
M-1017,"219 School House Rd, Wiley, CO 81092",Resident 1017,A-20017,2025-02-13,114636,gallons,,R6,
M-1018,"226 Cemetery Rd, Wiley, CO 81092",Resident 1018,A-20018,2025-02-13,189554,gallons,,R1,
M-1019,"233 Grain Elevator Rd, Wiley, CO 81092",Resident 1019,A-20019,2025-02-13,155960,gallons,,R2,
M-1020,"240 Main St, Wiley, CO 81092",Resident 1020,A-20020,2025-02-13,288180,gallons,,R3,
M-1021,"247 County Rd 10, Wiley, CO 81092",Resident 1021,A-20021,2025-02-13,330685,gallons,,R4,
M-1022,"254 County Rd 14, Wiley, CO 81092",Resident 1022,A-20022,2025-02-13,342912,gallons,,R5,
M-1023,"261 Highway 287, Wiley, CO 81092",Resident 1023,A-20023,2025-02-13,210019,gallons,,R6,
M-1024,"268 Maple Ave, Wiley, CO 81092",Resident 1024,A-20024,2025-02-13,276927,gallons,,R1,
M-1025,"275 Oak St, Wiley, CO 81092",Resident 1025,A-20025,2025-02-13,125654,gallons,,R2,
M-1026,"282 Elm St, Wiley, CO 81092",Resident 1026,A-20026,2025-02-13,162041,gallons,,R3,
M-1027,"289 3rd Ave, Wiley, CO 81092",Resident 1027,A-20027,2025-02-13,302918,gallons,,R4,
M-1028,"296 5th St, Wiley, CO 81092",Resident 1028,A-20028,2025-02-13,100779,gallons,,R5,
M-1029,"303 Ranch Rd, Wiley, CO 81092",Resident 1029,A-20029,2025-02-13,307841,gallons,,R6,
M-1030,"310 Irrigation Ln, Wiley, CO 81092",Resident 1030,A-20030,2025-02-13,233577,gallons,,R1,
M-1031,"317 North Frontage, Wiley, CO 81092",Resident 1031,A-20031,2025-02-13,326041,gallons,,R2,
M-1032,"324 South Loop, Wiley, CO 81092",Resident 1032,A-20032,2025-02-13,224810,gallons,,R3,
M-1033,"331 Pioneer Rd, Wiley, CO 81092",Resident 1033,A-20033,2025-02-13,439905,gallons,,R4,
M-1034,"338 Cottonwood Dr, Wiley, CO 81092",Resident 1034,A-20034,2025-02-13,389672,gallons,,R5,
M-1035,"345 Sand Creek Rd, Wiley, CO 81092",Resident 1035,A-20035,2025-02-13,426421,gallons,,R6,
M-1036,"352 Prairie View, Wiley, CO 81092",Resident 1036,A-20036,2025-02-13,319612,gallons,,R1,
M-1037,"359 School House Rd, Wiley, CO 81092",Resident 1037,A-20037,2025-02-13,187995,gallons,,R2,
M-1038,"366 Cemetery Rd, Wiley, CO 81092",Resident 1038,A-20038,2025-02-13,171968,gallons,,R3,
M-1039,"373 Grain Elevator Rd, Wiley, CO 81092",Resident 1039,A-20039,2025-02-13,256758,gallons,,R4,
M-1040,"380 Main St, Wiley, CO 81092",Resident 1040,A-20040,2025-02-13,199880,gallons,,R5,
M-1041,"387 County Rd 10, Wiley, CO 81092",Resident 1041,A-20041,2025-02-13,113582,gallons,,R6,
M-1042,"394 County Rd 14, Wiley, CO 81092",Resident 1042,A-20042,2025-02-13,382204,gallons,,R1,
M-1043,"401 Highway 287, Wiley, CO 81092",Resident 1043,A-20043,2025-02-13,357166,gallons,,R2,
M-1044,"408 Maple Ave, Wiley, CO 81092",Resident 1044,A-20044,2025-02-13,106497,gallons,,R3,
M-1045,"415 Oak St, Wiley, CO 81092",Resident 1045,A-20045,2025-02-13,267989,gallons,,R4,
M-1046,"422 Elm St, Wiley, CO 81092",Resident 1046,A-20046,2025-02-13,110854,gallons,,R5,
M-1047,"429 3rd Ave, Wiley, CO 81092",Resident 1047,A-20047,2025-02-13,95911,gallons,,R6,
M-1048,"436 5th St, Wiley, CO 81092",Resident 1048,A-20048,2025-02-13,375333,gallons,,R1,
M-1049,"443 Ranch Rd, Wiley, CO 81092",Resident 1049,A-20049,2025-02-13,335105,gallons,,R2,
M-1050,"450 Irrigation Ln, Wiley, CO 81092",Resident 1050,A-20050,2025-02-13,333769,gallons,,R3,
M-1051,"457 North Frontage, Wiley, CO 81092",Resident 1051,A-20051,2025-02-13,361584,gallons,,R4,
M-1052,"464 South Loop, Wiley, CO 81092",Resident 1052,A-20052,2025-02-13,166136,gallons,,R5,
M-1053,"471 Pioneer Rd, Wiley, CO 81092",Resident 1053,A-20053,2025-02-13,125120,gallons,,R6,
M-1054,"478 Cottonwood Dr, Wiley, CO 81092",Resident 1054,A-20054,2025-02-13,345443,gallons,,R1,
M-1055,"485 Sand Creek Rd, Wiley, CO 81092",Resident 1055,A-20055,2025-02-13,108300,gallons,,R2,
M-1056,"492 Prairie View, Wiley, CO 81092",Resident 1056,A-20056,2025-02-13,197321,gallons,,R3,
M-1057,"499 School House Rd, Wiley, CO 81092",Resident 1057,A-20057,2025-02-13,125214,gallons,,R4,
M-1058,"506 Cemetery Rd, Wiley, CO 81092",Resident 1058,A-20058,2025-02-13,406098,gallons,,R5,
M-1059,"513 Grain Elevator Rd, Wiley, CO 81092",Resident 1059,A-20059,2025-02-13,107274,gallons,,R6,
M-1060,"520 Main St, Wiley, CO 81092",Resident 1060,A-20060,2025-02-13,210278,gallons,,R1,
M-1061,"527 County Rd 10, Wiley, CO 81092",Resident 1061,A-20061,2025-02-13,280381,gallons,,R2,
M-1062,"534 County Rd 14, Wiley, CO 81092",Resident 1062,A-20062,2025-02-13,154117,gallons,,R3,
M-1063,"541 Highway 287, Wiley, CO 81092",Resident 1063,A-20063,2025-02-13,378585,gallons,,R4,
M-1064,"548 Maple Ave, Wiley, CO 81092",Resident 1064,A-20064,2025-02-13,224800,gallons,,R5,
M-1065,"555 Oak St, Wiley, CO 81092",Resident 1065,A-20065,2025-02-13,401062,gallons,,R6,
M-1066,"562 Elm St, Wiley, CO 81092",Resident 1066,A-20066,2025-02-13,396740,gallons,,R1,
M-1067,"569 3rd Ave, Wiley, CO 81092",Resident 1067,A-20067,2025-02-13,114557,gallons,,R2,
M-1068,"576 5th St, Wiley, CO 81092",Resident 1068,A-20068,2025-02-13,399693,gallons,,R3,
M-1069,"583 Ranch Rd, Wiley, CO 81092",Resident 1069,A-20069,2025-02-13,147107,gallons,,R4,
M-1070,"590 Irrigation Ln, Wiley, CO 81092",Resident 1070,A-20070,2025-02-13,287878,gallons,,R5,
M-1071,"597 North Frontage, Wiley, CO 81092",Resident 1071,A-20071,2025-02-13,411285,gallons,,R6,
M-1072,"604 South Loop, Wiley, CO 81092",Resident 1072,A-20072,2025-02-13,405524,gallons,,R1,
M-1073,"611 Pioneer Rd, Wiley, CO 81092",Resident 1073,A-20073,2025-02-13,373776,gallons,,R2,
M-1074,"618 Cottonwood Dr, Wiley, CO 81092",Resident 1074,A-20074,2025-02-13,352408,gallons,,R3,
M-1075,"625 Sand Creek Rd, Wiley, CO 81092",Resident 1075,A-20075,2025-02-13,234527,gallons,,R4,
M-1076,"632 Prairie View, Wiley, CO 81092",Resident 1076,A-20076,2025-02-13,212657,gallons,,R5,
M-1077,"639 School House Rd, Wiley, CO 81092",Resident 1077,A-20077,2025-02-13,176205,gallons,,R6,
M-1078,"646 Cemetery Rd, Wiley, CO 81092",Resident 1078,A-20078,2025-02-13,250081,gallons,,R1,
M-1079,"653 Grain Elevator Rd, Wiley, CO 81092",Resident 1079,A-20079,2025-02-13,204635,gallons,,R2,
M-1080,"660 Main St, Wiley, CO 81092",Resident 1080,A-20080,2025-02-13,228318,gallons,,R3,
M-1081,"667 County Rd 10, Wiley, CO 81092",Resident 1081,A-20081,2025-02-13,304619,gallons,,R4,
M-1082,"674 County Rd 14, Wiley, CO 81092",Resident 1082,A-20082,2025-02-13,151692,gallons,,R5,
M-1083,"681 Highway 287, Wiley, CO 81092",Resident 1083,A-20083,2025-02-13,410861,gallons,,R6,
M-1084,"688 Maple Ave, Wiley, CO 81092",Resident 1084,A-20084,2025-02-13,238701,gallons,,R1,
M-1085,"695 Oak St, Wiley, CO 81092",Resident 1085,A-20085,2025-02-13,322209,gallons,,R2,
M-1086,"702 Elm St, Wiley, CO 81092",Resident 1086,A-20086,2025-02-13,242560,gallons,,R3,
M-1087,"709 3rd Ave, Wiley, CO 81092",Resident 1087,A-20087,2025-02-13,136174,gallons,,R4,
M-1088,"716 5th St, Wiley, CO 81092",Resident 1088,A-20088,2025-02-13,83724,gallons,,R5,
M-1089,"723 Ranch Rd, Wiley, CO 81092",Resident 1089,A-20089,2025-02-13,420100,gallons,,R6,
M-1090,"730 Irrigation Ln, Wiley, CO 81092",Resident 1090,A-20090,2025-02-13,423375,gallons,,R1,
M-1091,"737 North Frontage, Wiley, CO 81092",Resident 1091,A-20091,2025-02-13,391247,gallons,,R2,
M-1092,"744 South Loop, Wiley, CO 81092",Resident 1092,A-20092,2025-02-13,125764,gallons,,R3,
M-1093,"751 Pioneer Rd, Wiley, CO 81092",Resident 1093,A-20093,2025-02-13,130709,gallons,,R4,
M-1094,"758 Cottonwood Dr, Wiley, CO 81092",Resident 1094,A-20094,2025-02-13,384166,gallons,,R5,
M-1095,"765 Sand Creek Rd, Wiley, CO 81092",Resident 1095,A-20095,2025-02-13,189477,gallons,,R6,
M-1096,"772 Prairie View, Wiley, CO 81092",Resident 1096,A-20096,2025-02-13,338707,gallons,,R1,
M-1097,"779 School House Rd, Wiley, CO 81092",Resident 1097,A-20097,2025-02-13,227673,gallons,,R2,
M-1098,"786 Cemetery Rd, Wiley, CO 81092",Resident 1098,A-20098,2025-02-13,155083,gallons,,R3,
M-1099,"793 Grain Elevator Rd, Wiley, CO 81092",Resident 1099,A-20099,2025-02-13,262043,gallons,,R4,
M-1100,"800 Main St, Wiley, CO 81092",Resident 1100,A-20100,2025-02-13,131680,gallons,,R5,
M-1101,"807 County Rd 10, Wiley, CO 81092",Resident 1101,A-20101,2025-02-13,228733,gallons,,R6,
M-1102,"814 County Rd 14, Wiley, CO 81092",Resident 1102,A-20102,2025-02-13,289379,gallons,,R1,
M-1103,"821 Highway 287, Wiley, CO 81092",Resident 1103,A-20103,2025-02-13,227370,gallons,,R2,
M-1104,"828 Maple Ave, Wiley, CO 81092",Resident 1104,A-20104,2025-02-13,183323,gallons,,R3,
M-1105,"835 Oak St, Wiley, CO 81092",Resident 1105,A-20105,2025-02-13,312776,gallons,,R4,
M-1106,"842 Elm St, Wiley, CO 81092",Resident 1106,A-20106,2025-02-13,392729,gallons,,R5,
M-1107,"849 3rd Ave, Wiley, CO 81092",Resident 1107,A-20107,2025-02-13,227172,gallons,,R6,
M-1108,"856 5th St, Wiley, CO 81092",Resident 1108,A-20108,2025-02-13,397788,gallons,,R1,
M-1109,"863 Ranch Rd, Wiley, CO 81092",Resident 1109,A-20109,2025-02-13,409340,gallons,,R2,
M-1110,"870 Irrigation Ln, Wiley, CO 81092",Resident 1110,A-20110,2025-02-13,359834,gallons,,R3,
M-1111,"877 North Frontage, Wiley, CO 81092",Resident 1111,A-20111,2025-02-13,88924,gallons,,R4,
M-1112,"884 South Loop, Wiley, CO 81092",Resident 1112,A-20112,2025-02-13,367610,gallons,,R5,
M-1113,"891 Pioneer Rd, Wiley, CO 81092",Resident 1113,A-20113,2025-02-13,224682,gallons,,R6,
M-1114,"898 Cottonwood Dr, Wiley, CO 81092",Resident 1114,A-20114,2025-02-13,422790,gallons,,R1,
M-1115,"905 Sand Creek Rd, Wiley, CO 81092",Resident 1115,A-20115,2025-02-13,149842,gallons,,R2,
M-1116,"912 Prairie View, Wiley, CO 81092",Resident 1116,A-20116,2025-02-13,171084,gallons,,R3,
M-1117,"919 School House Rd, Wiley, CO 81092",Resident 1117,A-20117,2025-02-13,221931,gallons,,R4,
M-1118,"926 Cemetery Rd, Wiley, CO 81092",Resident 1118,A-20118,2025-02-13,136011,gallons,,R5,
M-1119,"933 Grain Elevator Rd, Wiley, CO 81092",Resident 1119,A-20119,2025-02-13,155241,gallons,,R6,
M-1120,"940 Main St, Wiley, CO 81092",Resident 1120,A-20120,2025-02-13,377981,gallons,,R1,
M-1121,"947 County Rd 10, Wiley, CO 81092",Resident 1121,A-20121,2025-02-13,167086,gallons,,R2,
M-1122,"954 County Rd 14, Wiley, CO 81092",Resident 1122,A-20122,2025-02-13,240960,gallons,,R3,
M-1123,"961 Highway 287, Wiley, CO 81092",Resident 1123,A-20123,2025-02-13,236558,gallons,,R4,
M-1124,"968 Maple Ave, Wiley, CO 81092",Resident 1124,A-20124,2025-02-13,390097,gallons,,R5,
M-1125,"975 Oak St, Wiley, CO 81092",Resident 1125,A-20125,2025-02-13,187355,gallons,,R6,
M-1126,"982 Elm St, Wiley, CO 81092",Resident 1126,A-20126,2025-02-13,251352,gallons,,R1,
M-1127,"989 3rd Ave, Wiley, CO 81092",Resident 1127,A-20127,2025-02-13,184854,gallons,,R2,
M-1128,"996 5th St, Wiley, CO 81092",Resident 1128,A-20128,2025-02-13,440909,gallons,,R3,
M-1129,"1003 Ranch Rd, Wiley, CO 81092",Resident 1129,A-20129,2025-02-13,233205,gallons,,R4,
M-1130,"1010 Irrigation Ln, Wiley, CO 81092",Resident 1130,A-20130,2025-02-13,358378,gallons,,R5,
M-1131,"1017 North Frontage, Wiley, CO 81092",Resident 1131,A-20131,2025-02-13,333672,gallons,,R6,
M-1132,"1024 South Loop, Wiley, CO 81092",Resident 1132,A-20132,2025-02-13,233498,gallons,,R1,
M-1133,"1031 Pioneer Rd, Wiley, CO 81092",Resident 1133,A-20133,2025-02-13,120944,gallons,,R2,
M-1134,"1038 Cottonwood Dr, Wiley, CO 81092",Resident 1134,A-20134,2025-02-13,135085,gallons,,R3,
M-1135,"1045 Sand Creek Rd, Wiley, CO 81092",Resident 1135,A-20135,2025-02-13,426133,gallons,,R4,
M-1136,"1052 Prairie View, Wiley, CO 81092",Resident 1136,A-20136,2025-02-13,307913,gallons,,R5,
M-1137,"1059 School House Rd, Wiley, CO 81092",Resident 1137,A-20137,2025-02-13,230508,gallons,,R6,
M-1138,"1066 Cemetery Rd, Wiley, CO 81092",Resident 1138,A-20138,2025-02-13,100884,gallons,,R1,
M-1139,"1073 Grain Elevator Rd, Wiley, CO 81092",Resident 1139,A-20139,2025-02-13,72819,gallons,,R2,
M-1140,"1080 Main St, Wiley, CO 81092",Resident 1140,A-20140,2025-02-13,266277,gallons,,R3,
M-1141,"1087 County Rd 10, Wiley, CO 81092",Resident 1141,A-20141,2025-02-13,160243,gallons,,R4,
M-1142,"1094 County Rd 14, Wiley, CO 81092",Resident 1142,A-20142,2025-02-13,402737,gallons,,R5,
M-1143,"1101 Highway 287, Wiley, CO 81092",Resident 1143,A-20143,2025-02-13,243295,gallons,,R6,
M-1144,"1108 Maple Ave, Wiley, CO 81092",Resident 1144,A-20144,2025-02-13,151682,gallons,,R1,
M-1145,"1115 Oak St, Wiley, CO 81092",Resident 1145,A-20145,2025-02-13,302535,gallons,,R2,
M-1146,"1122 Elm St, Wiley, CO 81092",Resident 1146,A-20146,2025-02-13,361315,gallons,,R3,
M-1147,"1129 3rd Ave, Wiley, CO 81092",Resident 1147,A-20147,2025-02-13,321724,gallons,,R4,
M-1148,"1136 5th St, Wiley, CO 81092",Resident 1148,A-20148,2025-02-13,366778,gallons,,R5,
M-1149,"1143 Ranch Rd, Wiley, CO 81092",Resident 1149,A-20149,2025-02-13,103208,gallons,,R6,
M-1150,"1150 Irrigation Ln, Wiley, CO 81092",Resident 1150,A-20150,2025-02-13,146884,gallons,,R1,
M-1151,"1157 North Frontage, Wiley, CO 81092",Resident 1151,A-20151,2025-02-13,133736,gallons,,R2,
M-1152,"1164 South Loop, Wiley, CO 81092",Resident 1152,A-20152,2025-02-13,146429,gallons,,R3,
M-1153,"1171 Pioneer Rd, Wiley, CO 81092",Resident 1153,A-20153,2025-02-13,370797,gallons,,R4,
M-1154,"1178 Cottonwood Dr, Wiley, CO 81092",Resident 1154,A-20154,2025-02-13,103857,gallons,,R5,
M-1155,"1185 Sand Creek Rd, Wiley, CO 81092",Resident 1155,A-20155,2025-02-13,288804,gallons,,R6,
M-1156,"1192 Prairie View, Wiley, CO 81092",Resident 1156,A-20156,2025-02-13,523669,gallons,,R1,
M-1157,"1199 School House Rd, Wiley, CO 81092",Resident 1157,A-20157,2025-02-13,381852,gallons,,R2,
M-1158,"1206 Cemetery Rd, Wiley, CO 81092",Resident 1158,A-20158,2025-02-13,156527,gallons,,R3,
M-1159,"1213 Grain Elevator Rd, Wiley, CO 81092",Resident 1159,A-20159,2025-02-13,317684,gallons,,R4,
M-1160,"1220 Main St, Wiley, CO 81092",Resident 1160,A-20160,2025-02-13,131203,gallons,,R5,
M-1161,"1227 County Rd 10, Wiley, CO 81092",Resident 1161,A-20161,2025-02-13,121990,gallons,,R6,
M-1162,"1234 County Rd 14, Wiley, CO 81092",Resident 1162,A-20162,2025-02-13,265896,gallons,,R1,
M-1163,"1241 Highway 287, Wiley, CO 81092",Resident 1163,A-20163,2025-02-13,261900,gallons,,R2,
M-1164,"1248 Maple Ave, Wiley, CO 81092",Resident 1164,A-20164,2025-02-13,122260,gallons,,R3,
M-1165,"1255 Oak St, Wiley, CO 81092",Resident 1165,A-20165,2025-02-13,279309,gallons,,R4,
M-1166,"1262 Elm St, Wiley, CO 81092",Resident 1166,A-20166,2025-02-13,215939,gallons,,R5,
M-1167,"1269 3rd Ave, Wiley, CO 81092",Resident 1167,A-20167,2025-02-13,209059,gallons,,R6,
M-1168,"1276 5th St, Wiley, CO 81092",Resident 1168,A-20168,2025-02-13,452965,gallons,,R1,
M-1169,"1283 Ranch Rd, Wiley, CO 81092",Resident 1169,A-20169,2025-02-13,153129,gallons,,R2,
M-1170,"1290 Irrigation Ln, Wiley, CO 81092",Resident 1170,A-20170,2025-02-13,268361,gallons,,R3,
M-1171,"1297 North Frontage, Wiley, CO 81092",Resident 1171,A-20171,2025-02-13,363386,gallons,,R4,
M-1172,"1304 South Loop, Wiley, CO 81092",Resident 1172,A-20172,2025-02-13,291320,gallons,,R5,
M-1173,"1311 Pioneer Rd, Wiley, CO 81092",Resident 1173,A-20173,2025-02-13,414867,gallons,,R6,
M-1174,"1318 Cottonwood Dr, Wiley, CO 81092",Resident 1174,A-20174,2025-02-13,153417,gallons,,R1,
M-1175,"1325 Sand Creek Rd, Wiley, CO 81092",Resident 1175,A-20175,2025-02-13,211626,gallons,,R2,
M-1176,"1332 Prairie View, Wiley, CO 81092",Resident 1176,A-20176,2025-02-13,150046,gallons,,R3,
M-1177,"1339 School House Rd, Wiley, CO 81092",Resident 1177,A-20177,2025-02-13,194583,gallons,,R4,
M-1178,"1346 Cemetery Rd, Wiley, CO 81092",Resident 1178,A-20178,2025-02-13,321327,gallons,,R5,
M-1179,"1353 Grain Elevator Rd, Wiley, CO 81092",Resident 1179,A-20179,2025-02-13,91255,gallons,,R6,
M-1180,"1360 Main St, Wiley, CO 81092",Resident 1180,A-20180,2025-02-13,184883,gallons,,R1,
M-1181,"1367 County Rd 10, Wiley, CO 81092",Resident 1181,A-20181,2025-02-13,278505,gallons,,R2,
M-1182,"1374 County Rd 14, Wiley, CO 81092",Resident 1182,A-20182,2025-02-13,290796,gallons,,R3,
M-1183,"1381 Highway 287, Wiley, CO 81092",Resident 1183,A-20183,2025-02-13,222916,gallons,,R4,
M-1184,"1388 Maple Ave, Wiley, CO 81092",Resident 1184,A-20184,2025-02-13,210310,gallons,,R5,
M-1185,"1395 Oak St, Wiley, CO 81092",Resident 1185,A-20185,2025-02-13,180036,gallons,,R6,
M-1186,"1402 Elm St, Wiley, CO 81092",Resident 1186,A-20186,2025-02-13,137282,gallons,,R1,
M-1187,"1409 3rd Ave, Wiley, CO 81092",Resident 1187,A-20187,2025-02-13,299362,gallons,,R2,
M-1188,"1416 5th St, Wiley, CO 81092",Resident 1188,A-20188,2025-02-13,110661,gallons,,R3,
M-1189,"1423 Ranch Rd, Wiley, CO 81092",Resident 1189,A-20189,2025-02-13,342975,gallons,,R4,
M-1190,"1430 Irrigation Ln, Wiley, CO 81092",Resident 1190,A-20190,2025-02-13,191964,gallons,,R5,
M-1191,"1437 North Frontage, Wiley, CO 81092",Resident 1191,A-20191,2025-02-13,175239,gallons,,R6,
M-1192,"1444 South Loop, Wiley, CO 81092",Resident 1192,A-20192,2025-02-13,326157,gallons,,R1,
M-1193,"1451 Pioneer Rd, Wiley, CO 81092",Resident 1193,A-20193,2025-02-13,287348,gallons,,R2,
M-1194,"1458 Cottonwood Dr, Wiley, CO 81092",Resident 1194,A-20194,2025-02-13,233656,gallons,,R3,
M-1195,"1465 Sand Creek Rd, Wiley, CO 81092",Resident 1195,A-20195,2025-02-13,212434,gallons,,R4,
M-1196,"1472 Prairie View, Wiley, CO 81092",Resident 1196,A-20196,2025-02-13,210181,gallons,,R5,
M-1197,"1479 School House Rd, Wiley, CO 81092",Resident 1197,A-20197,2025-02-13,76558,gallons,,R6,
M-1198,"1486 Cemetery Rd, Wiley, CO 81092",Resident 1198,A-20198,2025-02-13,443903,gallons,,R1,
M-1199,"1493 Grain Elevator Rd, Wiley, CO 81092",Resident 1199,A-20199,2025-02-13,184259,gallons,,R2,
M-1200,"1500 Main St, Wiley, CO 81092",Resident 1200,A-20200,2025-02-13,299173,gallons,,R3,
M-1201,"1507 County Rd 10, Wiley, CO 81092",Resident 1201,A-20201,2025-02-13,237940,gallons,,R4,
M-1202,"1514 County Rd 14, Wiley, CO 81092",Resident 1202,A-20202,2025-02-13,215831,gallons,,R5,
M-1203,"1521 Highway 287, Wiley, CO 81092",Resident 1203,A-20203,2025-02-13,119148,gallons,,R6,
M-1204,"1528 Maple Ave, Wiley, CO 81092",Resident 1204,A-20204,2025-02-13,226505,gallons,,R1,
M-1205,"1535 Oak St, Wiley, CO 81092",Resident 1205,A-20205,2025-02-13,260804,gallons,,R2,
M-1206,"1542 Elm St, Wiley, CO 81092",Resident 1206,A-20206,2025-02-13,403651,gallons,,R3,
M-1207,"1549 3rd Ave, Wiley, CO 81092",Resident 1207,A-20207,2025-02-13,344460,gallons,,R4,
M-1208,"1556 5th St, Wiley, CO 81092",Resident 1208,A-20208,2025-02-13,304424,gallons,,R5,
M-1209,"1563 Ranch Rd, Wiley, CO 81092",Resident 1209,A-20209,2025-02-13,348885,gallons,,R6,
M-1210,"1570 Irrigation Ln, Wiley, CO 81092",Resident 1210,A-20210,2025-02-13,242043,gallons,,R1,
M-1211,"1577 North Frontage, Wiley, CO 81092",Resident 1211,A-20211,2025-02-13,119791,gallons,,R2,
M-1212,"1584 South Loop, Wiley, CO 81092",Resident 1212,A-20212,2025-02-13,153573,gallons,,R3,
M-1213,"1591 Pioneer Rd, Wiley, CO 81092",Resident 1213,A-20213,2025-02-13,205380,gallons,,R4,
M-1214,"1598 Cottonwood Dr, Wiley, CO 81092",Resident 1214,A-20214,2025-02-13,199584,gallons,,R5,
M-1215,"1605 Sand Creek Rd, Wiley, CO 81092",Resident 1215,A-20215,2025-02-13,396295,gallons,,R6,
M-1216,"1612 Prairie View, Wiley, CO 81092",Resident 1216,A-20216,2025-02-13,242061,gallons,,R1,
M-1217,"1619 School House Rd, Wiley, CO 81092",Resident 1217,A-20217,2025-02-13,91405,gallons,,R2,
M-1218,"1626 Cemetery Rd, Wiley, CO 81092",Resident 1218,A-20218,2025-02-13,128043,gallons,,R3,
M-1219,"1633 Grain Elevator Rd, Wiley, CO 81092",Resident 1219,A-20219,2025-02-13,409975,gallons,,R4,
M-1220,"1640 Main St, Wiley, CO 81092",Resident 1220,A-20220,2025-02-13,316057,gallons,,R5,
M-1221,"1647 County Rd 10, Wiley, CO 81092",Resident 1221,A-20221,2025-02-13,274288,gallons,,R6,
M-1222,"1654 County Rd 14, Wiley, CO 81092",Resident 1222,A-20222,2025-02-13,236942,gallons,,R1,
M-1223,"1661 Highway 287, Wiley, CO 81092",Resident 1223,A-20223,2025-02-13,307766,gallons,,R2,
M-1224,"1668 Maple Ave, Wiley, CO 81092",Resident 1224,A-20224,2025-02-13,410935,gallons,,R3,
M-1225,"1675 Oak St, Wiley, CO 81092",Resident 1225,A-20225,2025-02-13,365730,gallons,,R4,
M-1226,"1682 Elm St, Wiley, CO 81092",Resident 1226,A-20226,2025-02-13,146033,gallons,,R5,
M-1227,"1689 3rd Ave, Wiley, CO 81092",Resident 1227,A-20227,2025-02-13,278175,gallons,,R6,
M-1228,"1696 5th St, Wiley, CO 81092",Resident 1228,A-20228,2025-02-13,397080,gallons,,R1,
M-1229,"1703 Ranch Rd, Wiley, CO 81092",Resident 1229,A-20229,2025-02-13,206696,gallons,,R2,
M-1230,"1710 Irrigation Ln, Wiley, CO 81092",Resident 1230,A-20230,2025-02-13,236604,gallons,,R3,
M-1231,"1717 North Frontage, Wiley, CO 81092",Resident 1231,A-20231,2025-02-13,126150,gallons,,R4,
M-1232,"1724 South Loop, Wiley, CO 81092",Resident 1232,A-20232,2025-02-13,303853,gallons,,R5,
M-1233,"1731 Pioneer Rd, Wiley, CO 81092",Resident 1233,A-20233,2025-02-13,103577,gallons,,R6,
M-1234,"1738 Cottonwood Dr, Wiley, CO 81092",Resident 1234,A-20234,2025-02-13,353012,gallons,,R1,
M-1235,"1745 Sand Creek Rd, Wiley, CO 81092",Resident 1235,A-20235,2025-02-13,368787,gallons,,R2,
M-1236,"1752 Prairie View, Wiley, CO 81092",Resident 1236,A-20236,2025-02-13,203025,gallons,,R3,
M-1237,"1759 School House Rd, Wiley, CO 81092",Resident 1237,A-20237,2025-02-13,291074,gallons,,R4,
M-1238,"1766 Cemetery Rd, Wiley, CO 81092",Resident 1238,A-20238,2025-02-13,311020,gallons,,R5,
M-1239,"1773 Grain Elevator Rd, Wiley, CO 81092",Resident 1239,A-20239,2025-02-13,123143,gallons,,R6,
M-1240,"1780 Main St, Wiley, CO 81092",Resident 1240,A-20240,2025-02-13,440259,gallons,,R1,
M-1241,"1787 County Rd 10, Wiley, CO 81092",Resident 1241,A-20241,2025-02-13,260803,gallons,,R2,
M-1242,"1794 County Rd 14, Wiley, CO 81092",Resident 1242,A-20242,2025-02-13,398104,gallons,,R3,
M-1243,"1801 Highway 287, Wiley, CO 81092",Resident 1243,A-20243,2025-02-13,241772,gallons,,R4,
M-1244,"1808 Maple Ave, Wiley, CO 81092",Resident 1244,A-20244,2025-02-13,537983,gallons,,R5,
M-1245,"1815 Oak St, Wiley, CO 81092",Resident 1245,A-20245,2025-02-13,132747,gallons,,R6,
M-1246,"1822 Elm St, Wiley, CO 81092",Resident 1246,A-20246,2025-02-13,239816,gallons,,R1,
M-1247,"1829 3rd Ave, Wiley, CO 81092",Resident 1247,A-20247,2025-02-13,331579,gallons,,R2,
M-1248,"1836 5th St, Wiley, CO 81092",Resident 1248,A-20248,2025-02-13,258177,gallons,,R3,
M-1249,"1843 Ranch Rd, Wiley, CO 81092",Resident 1249,A-20249,2025-02-13,443612,gallons,,R4,
M-1250,"1850 Irrigation Ln, Wiley, CO 81092",Resident 1250,A-20250,2025-02-13,290203,gallons,,R5,
M-1251,"1857 North Frontage, Wiley, CO 81092",Resident 1251,A-20251,2025-02-13,265366,gallons,,R6,
M-1252,"1864 South Loop, Wiley, CO 81092",Resident 1252,A-20252,2025-02-13,287455,gallons,,R1,
M-1253,"1871 Pioneer Rd, Wiley, CO 81092",Resident 1253,A-20253,2025-02-13,219987,gallons,,R2,
M-1254,"1878 Cottonwood Dr, Wiley, CO 81092",Resident 1254,A-20254,2025-02-13,359069,gallons,,R3,
M-1255,"1885 Sand Creek Rd, Wiley, CO 81092",Resident 1255,A-20255,2025-02-13,169473,gallons,,R4,
M-1256,"1892 Prairie View, Wiley, CO 81092",Resident 1256,A-20256,2025-02-13,200252,gallons,,R5,
M-1257,"1899 School House Rd, Wiley, CO 81092",Resident 1257,A-20257,2025-02-13,286935,gallons,,R6,
M-1258,"1906 Cemetery Rd, Wiley, CO 81092",Resident 1258,A-20258,2025-02-13,425619,gallons,,R1,
M-1259,"1913 Grain Elevator Rd, Wiley, CO 81092",Resident 1259,A-20259,2025-02-13,266622,gallons,,R2,
M-1260,"1920 Main St, Wiley, CO 81092",Resident 1260,A-20260,2025-02-13,157916,gallons,,R3,
M-1261,"1927 County Rd 10, Wiley, CO 81092",Resident 1261,A-20261,2025-02-13,403083,gallons,,R4,
M-1262,"1934 County Rd 14, Wiley, CO 81092",Resident 1262,A-20262,2025-02-13,366245,gallons,,R5,
M-1263,"1941 Highway 287, Wiley, CO 81092",Resident 1263,A-20263,2025-02-13,246983,gallons,,R6,
M-1264,"1948 Maple Ave, Wiley, CO 81092",Resident 1264,A-20264,2025-02-13,289445,gallons,,R1,
M-1265,"1955 Oak St, Wiley, CO 81092",Resident 1265,A-20265,2025-02-13,364994,gallons,,R2,
M-1266,"1962 Elm St, Wiley, CO 81092",Resident 1266,A-20266,2025-02-13,98820,gallons,,R3,
M-1267,"1969 3rd Ave, Wiley, CO 81092",Resident 1267,A-20267,2025-02-13,247799,gallons,,R4,
M-1268,"1976 5th St, Wiley, CO 81092",Resident 1268,A-20268,2025-02-13,226074,gallons,,R5,
M-1269,"1983 Ranch Rd, Wiley, CO 81092",Resident 1269,A-20269,2025-02-13,205917,gallons,,R6,
M-1270,"1990 Irrigation Ln, Wiley, CO 81092",Resident 1270,A-20270,2025-02-13,297269,gallons,,R1,
M-1271,"1997 North Frontage, Wiley, CO 81092",Resident 1271,A-20271,2025-02-13,405875,gallons,,R2,
M-1272,"2004 South Loop, Wiley, CO 81092",Resident 1272,A-20272,2025-02-13,413066,gallons,,R3,
M-1273,"2011 Pioneer Rd, Wiley, CO 81092",Resident 1273,A-20273,2025-02-13,438965,gallons,,R4,
M-1274,"2018 Cottonwood Dr, Wiley, CO 81092",Resident 1274,A-20274,2025-02-13,257580,gallons,,R5,
M-1275,"2025 Sand Creek Rd, Wiley, CO 81092",Resident 1275,A-20275,2025-02-13,322750,gallons,,R6,
M-1276,"2032 Prairie View, Wiley, CO 81092",Resident 1276,A-20276,2025-02-13,322705,gallons,,R1,
M-1277,"2039 School House Rd, Wiley, CO 81092",Resident 1277,A-20277,2025-02-13,319452,gallons,,R2,
M-1278,"2046 Cemetery Rd, Wiley, CO 81092",Resident 1278,A-20278,2025-02-13,185858,gallons,,R3,
M-1279,"2053 Grain Elevator Rd, Wiley, CO 81092",Resident 1279,A-20279,2025-02-13,337756,gallons,,R4,
M-1280,"2060 Main St, Wiley, CO 81092",Resident 1280,A-20280,2025-02-13,317898,gallons,,R5,
M-1281,"2067 County Rd 10, Wiley, CO 81092",Resident 1281,A-20281,2025-02-13,190443,gallons,,R6,
M-1282,"2074 County Rd 14, Wiley, CO 81092",Resident 1282,A-20282,2025-02-13,433483,gallons,,R1,
M-1283,"2081 Highway 287, Wiley, CO 81092",Resident 1283,A-20283,2025-02-13,128527,gallons,,R2,
M-1284,"2088 Maple Ave, Wiley, CO 81092",Resident 1284,A-20284,2025-02-13,236728,gallons,,R3,
M-1285,"2095 Oak St, Wiley, CO 81092",Resident 1285,A-20285,2025-02-13,358168,gallons,,R4,
M-1286,"2102 Elm St, Wiley, CO 81092",Resident 1286,A-20286,2025-02-13,438092,gallons,,R5,
M-1287,"2109 3rd Ave, Wiley, CO 81092",Resident 1287,A-20287,2025-02-13,433561,gallons,,R6,
M-1288,"2116 5th St, Wiley, CO 81092",Resident 1288,A-20288,2025-02-13,391757,gallons,,R1,
M-1289,"2123 Ranch Rd, Wiley, CO 81092",Resident 1289,A-20289,2025-02-13,276236,gallons,,R2,
M-1290,"2130 Irrigation Ln, Wiley, CO 81092",Resident 1290,A-20290,2025-02-13,147878,gallons,,R3,
M-1291,"2137 North Frontage, Wiley, CO 81092",Resident 1291,A-20291,2025-02-13,221196,gallons,,R4,
M-1292,"2144 South Loop, Wiley, CO 81092",Resident 1292,A-20292,2025-02-13,231215,gallons,,R5,
M-1293,"2151 Pioneer Rd, Wiley, CO 81092",Resident 1293,A-20293,2025-02-13,185242,gallons,,R6,
M-1294,"2158 Cottonwood Dr, Wiley, CO 81092",Resident 1294,A-20294,2025-02-13,190435,gallons,,R1,
M-1295,"2165 Sand Creek Rd, Wiley, CO 81092",Resident 1295,A-20295,2025-02-13,184142,gallons,,R2,
M-1296,"2172 Prairie View, Wiley, CO 81092",Resident 1296,A-20296,2025-02-13,94521,gallons,,R3,
M-1297,"2179 School House Rd, Wiley, CO 81092",Resident 1297,A-20297,2025-02-13,94367,gallons,,R4,
M-1298,"2186 Cemetery Rd, Wiley, CO 81092",Resident 1298,A-20298,2025-02-13,203616,gallons,,R5,
M-1299,"2193 Grain Elevator Rd, Wiley, CO 81092",Resident 1299,A-20299,2025-02-13,321441,gallons,,R6,
M-1300,"2200 Main St, Wiley, CO 81092",Resident 1300,A-20300,2025-02-13,395798,gallons,,R1,
M-1001,"107 County Rd 10, Wiley, CO 81092",Resident 1001,A-20001,2025-03-14,385799,gallons,,R2,
M-1002,"114 County Rd 14, Wiley, CO 81092",Resident 1002,A-20002,2025-03-14,308582,gallons,,R3,
M-1003,"121 Highway 287, Wiley, CO 81092",Resident 1003,A-20003,2025-03-14,140984,gallons,,R4,
M-1004,"128 Maple Ave, Wiley, CO 81092",Resident 1004,A-20004,2025-03-14,334966,gallons,,R5,
M-1005,"135 Oak St, Wiley, CO 81092",Resident 1005,A-20005,2025-03-14,179407,gallons,,R6,
M-1006,"142 Elm St, Wiley, CO 81092",Resident 1006,A-20006,2025-03-14,226735,gallons,,R1,
M-1007,"149 3rd Ave, Wiley, CO 81092",Resident 1007,A-20007,2025-03-14,322234,gallons,,R2,
M-1008,"156 5th St, Wiley, CO 81092",Resident 1008,A-20008,2025-03-14,205473,gallons,,R3,
M-1009,"163 Ranch Rd, Wiley, CO 81092",Resident 1009,A-20009,2025-03-14,150524,gallons,,R4,
M-1010,"170 Irrigation Ln, Wiley, CO 81092",Resident 1010,A-20010,2025-03-14,304207,gallons,,R5,
M-1011,"177 North Frontage, Wiley, CO 81092",Resident 1011,A-20011,2025-03-14,394768,gallons,,R6,
M-1012,"184 South Loop, Wiley, CO 81092",Resident 1012,A-20012,2025-03-14,165982,gallons,,R1,
M-1013,"191 Pioneer Rd, Wiley, CO 81092",Resident 1013,A-20013,2025-03-14,124408,gallons,,R2,
M-1014,"198 Cottonwood Dr, Wiley, CO 81092",Resident 1014,A-20014,2025-03-14,413475,gallons,,R3,
M-1015,"205 Sand Creek Rd, Wiley, CO 81092",Resident 1015,A-20015,2025-03-14,385671,gallons,,R4,
M-1016,"212 Prairie View, Wiley, CO 81092",Resident 1016,A-20016,2025-03-14,100024,gallons,,R5,
M-1017,"219 School House Rd, Wiley, CO 81092",Resident 1017,A-20017,2025-03-14,116980,gallons,,R6,
M-1018,"226 Cemetery Rd, Wiley, CO 81092",Resident 1018,A-20018,2025-03-14,192131,gallons,,R1,
M-1019,"233 Grain Elevator Rd, Wiley, CO 81092",Resident 1019,A-20019,2025-03-14,158525,gallons,,R2,
M-1020,"240 Main St, Wiley, CO 81092",Resident 1020,A-20020,2025-03-14,291691,gallons,,R3,
M-1021,"247 County Rd 10, Wiley, CO 81092",Resident 1021,A-20021,2025-03-14,335139,gallons,,R4,
M-1022,"254 County Rd 14, Wiley, CO 81092",Resident 1022,A-20022,2025-03-14,349174,gallons,,R5,
M-1023,"261 Highway 287, Wiley, CO 81092",Resident 1023,A-20023,2025-03-14,216346,gallons,,R6,
M-1024,"268 Maple Ave, Wiley, CO 81092",Resident 1024,A-20024,2025-03-14,279603,gallons,,R1,
M-1025,"275 Oak St, Wiley, CO 81092",Resident 1025,A-20025,2025-03-14,132331,gallons,,R2,
M-1026,"282 Elm St, Wiley, CO 81092",Resident 1026,A-20026,2025-03-14,165295,gallons,,R3,
M-1027,"289 3rd Ave, Wiley, CO 81092",Resident 1027,A-20027,2025-03-14,312091,gallons,,R4,
M-1028,"296 5th St, Wiley, CO 81092",Resident 1028,A-20028,2025-03-14,107630,gallons,,R5,
M-1029,"303 Ranch Rd, Wiley, CO 81092",Resident 1029,A-20029,2025-03-14,316235,gallons,,R6,
M-1030,"310 Irrigation Ln, Wiley, CO 81092",Resident 1030,A-20030,2025-03-14,239505,gallons,,R1,
M-1031,"317 North Frontage, Wiley, CO 81092",Resident 1031,A-20031,2025-03-14,331930,gallons,,R2,
M-1032,"324 South Loop, Wiley, CO 81092",Resident 1032,A-20032,2025-03-14,228405,gallons,,R3,
M-1033,"331 Pioneer Rd, Wiley, CO 81092",Resident 1033,A-20033,2025-03-14,468556,gallons,,R4,
M-1034,"338 Cottonwood Dr, Wiley, CO 81092",Resident 1034,A-20034,2025-03-14,396222,gallons,,R5,
M-1035,"345 Sand Creek Rd, Wiley, CO 81092",Resident 1035,A-20035,2025-03-14,431106,gallons,,R6,
M-1036,"352 Prairie View, Wiley, CO 81092",Resident 1036,A-20036,2025-03-14,321696,gallons,,R1,
M-1037,"359 School House Rd, Wiley, CO 81092",Resident 1037,A-20037,2025-03-14,196087,gallons,,R2,
M-1038,"366 Cemetery Rd, Wiley, CO 81092",Resident 1038,A-20038,2025-03-14,175899,gallons,,R3,
M-1039,"373 Grain Elevator Rd, Wiley, CO 81092",Resident 1039,A-20039,2025-03-14,263882,gallons,,R4,
M-1040,"380 Main St, Wiley, CO 81092",Resident 1040,A-20040,2025-03-14,205365,gallons,,R5,
M-1041,"387 County Rd 10, Wiley, CO 81092",Resident 1041,A-20041,2025-03-14,118278,gallons,,R6,
M-1042,"394 County Rd 14, Wiley, CO 81092",Resident 1042,A-20042,2025-03-14,386947,gallons,,R1,
M-1043,"401 Highway 287, Wiley, CO 81092",Resident 1043,A-20043,2025-03-14,360362,gallons,,R2,
M-1044,"408 Maple Ave, Wiley, CO 81092",Resident 1044,A-20044,2025-03-14,110644,gallons,,R3,
M-1045,"415 Oak St, Wiley, CO 81092",Resident 1045,A-20045,2025-03-14,276959,gallons,,R4,
M-1046,"422 Elm St, Wiley, CO 81092",Resident 1046,A-20046,2025-03-14,115069,gallons,,R5,
M-1047,"429 3rd Ave, Wiley, CO 81092",Resident 1047,A-20047,2025-03-14,98926,gallons,,R6,
M-1048,"436 5th St, Wiley, CO 81092",Resident 1048,A-20048,2025-03-14,377965,gallons,,R1,
M-1049,"443 Ranch Rd, Wiley, CO 81092",Resident 1049,A-20049,2025-03-14,339980,gallons,,R2,
M-1050,"450 Irrigation Ln, Wiley, CO 81092",Resident 1050,A-20050,2025-03-14,336922,gallons,,R3,
M-1051,"457 North Frontage, Wiley, CO 81092",Resident 1051,A-20051,2025-03-14,365967,gallons,,R4,
M-1052,"464 South Loop, Wiley, CO 81092",Resident 1052,A-20052,2025-03-14,171447,gallons,,R5,
M-1053,"471 Pioneer Rd, Wiley, CO 81092",Resident 1053,A-20053,2025-03-14,132944,gallons,,R6,
M-1054,"478 Cottonwood Dr, Wiley, CO 81092",Resident 1054,A-20054,2025-03-14,350448,gallons,,R1,
M-1055,"485 Sand Creek Rd, Wiley, CO 81092",Resident 1055,A-20055,2025-03-14,110795,gallons,,R2,
M-1056,"492 Prairie View, Wiley, CO 81092",Resident 1056,A-20056,2025-03-14,204595,gallons,,R3,
M-1057,"499 School House Rd, Wiley, CO 81092",Resident 1057,A-20057,2025-03-14,130409,gallons,,R4,
M-1058,"506 Cemetery Rd, Wiley, CO 81092",Resident 1058,A-20058,2025-03-14,412458,gallons,,R5,
M-1059,"513 Grain Elevator Rd, Wiley, CO 81092",Resident 1059,A-20059,2025-03-14,110719,gallons,,R6,
M-1060,"520 Main St, Wiley, CO 81092",Resident 1060,A-20060,2025-03-14,214945,gallons,,R1,
M-1061,"527 County Rd 10, Wiley, CO 81092",Resident 1061,A-20061,2025-03-14,283066,gallons,,R2,
M-1062,"534 County Rd 14, Wiley, CO 81092",Resident 1062,A-20062,2025-03-14,161607,gallons,,R3,
M-1063,"541 Highway 287, Wiley, CO 81092",Resident 1063,A-20063,2025-03-14,382685,gallons,,R4,
M-1064,"548 Maple Ave, Wiley, CO 81092",Resident 1064,A-20064,2025-03-14,232751,gallons,,R5,
M-1065,"555 Oak St, Wiley, CO 81092",Resident 1065,A-20065,2025-03-14,408879,gallons,,R6,
M-1066,"562 Elm St, Wiley, CO 81092",Resident 1066,A-20066,2025-03-14,401333,gallons,,R1,
M-1067,"569 3rd Ave, Wiley, CO 81092",Resident 1067,A-20067,2025-03-14,122510,gallons,,R2,
M-1068,"576 5th St, Wiley, CO 81092",Resident 1068,A-20068,2025-03-14,403063,gallons,,R3,
M-1069,"583 Ranch Rd, Wiley, CO 81092",Resident 1069,A-20069,2025-03-14,155150,gallons,,R4,
M-1070,"590 Irrigation Ln, Wiley, CO 81092",Resident 1070,A-20070,2025-03-14,290238,gallons,,R5,
M-1071,"597 North Frontage, Wiley, CO 81092",Resident 1071,A-20071,2025-03-14,413975,gallons,,R6,
M-1072,"604 South Loop, Wiley, CO 81092",Resident 1072,A-20072,2025-03-14,413004,gallons,,R1,
M-1073,"611 Pioneer Rd, Wiley, CO 81092",Resident 1073,A-20073,2025-03-14,378113,gallons,,R2,
M-1074,"618 Cottonwood Dr, Wiley, CO 81092",Resident 1074,A-20074,2025-03-14,357153,gallons,,R3,
M-1075,"625 Sand Creek Rd, Wiley, CO 81092",Resident 1075,A-20075,2025-03-14,237081,gallons,,R4,
M-1076,"632 Prairie View, Wiley, CO 81092",Resident 1076,A-20076,2025-03-14,216655,gallons,,R5,
M-1077,"639 School House Rd, Wiley, CO 81092",Resident 1077,A-20077,2025-03-14,179401,gallons,,R6,
M-1078,"646 Cemetery Rd, Wiley, CO 81092",Resident 1078,A-20078,2025-03-14,255967,gallons,,R1,
M-1079,"653 Grain Elevator Rd, Wiley, CO 81092",Resident 1079,A-20079,2025-03-14,208556,gallons,,R2,
M-1080,"660 Main St, Wiley, CO 81092",Resident 1080,A-20080,2025-03-14,233523,gallons,,R3,
M-1081,"667 County Rd 10, Wiley, CO 81092",Resident 1081,A-20081,2025-03-14,312586,gallons,,R4,
M-1082,"674 County Rd 14, Wiley, CO 81092",Resident 1082,A-20082,2025-03-14,157019,gallons,,R5,
M-1083,"681 Highway 287, Wiley, CO 81092",Resident 1083,A-20083,2025-03-14,414270,gallons,,R6,
M-1084,"688 Maple Ave, Wiley, CO 81092",Resident 1084,A-20084,2025-03-14,244660,gallons,,R1,
M-1085,"695 Oak St, Wiley, CO 81092",Resident 1085,A-20085,2025-03-14,327034,gallons,,R2,
M-1086,"702 Elm St, Wiley, CO 81092",Resident 1086,A-20086,2025-03-14,246052,gallons,,R3,
M-1087,"709 3rd Ave, Wiley, CO 81092",Resident 1087,A-20087,2025-03-14,143349,gallons,,R4,
M-1088,"716 5th St, Wiley, CO 81092",Resident 1088,A-20088,2025-03-14,87563,gallons,,R5,
M-1089,"723 Ranch Rd, Wiley, CO 81092",Resident 1089,A-20089,2025-03-14,439576,gallons,,R6,
M-1090,"730 Irrigation Ln, Wiley, CO 81092",Resident 1090,A-20090,2025-03-14,430780,gallons,,R1,
M-1091,"737 North Frontage, Wiley, CO 81092",Resident 1091,A-20091,2025-03-14,398886,gallons,,R2,
M-1092,"744 South Loop, Wiley, CO 81092",Resident 1092,A-20092,2025-03-14,129666,gallons,,R3,
M-1093,"751 Pioneer Rd, Wiley, CO 81092",Resident 1093,A-20093,2025-03-14,137659,gallons,,R4,
M-1094,"758 Cottonwood Dr, Wiley, CO 81092",Resident 1094,A-20094,2025-03-14,393191,gallons,,R5,
M-1095,"765 Sand Creek Rd, Wiley, CO 81092",Resident 1095,A-20095,2025-03-14,193881,gallons,,R6,
M-1096,"772 Prairie View, Wiley, CO 81092",Resident 1096,A-20096,2025-03-14,342034,gallons,,R1,
M-1097,"779 School House Rd, Wiley, CO 81092",Resident 1097,A-20097,2025-03-14,233690,gallons,,R2,
M-1098,"786 Cemetery Rd, Wiley, CO 81092",Resident 1098,A-20098,2025-03-14,160406,gallons,,R3,
M-1099,"793 Grain Elevator Rd, Wiley, CO 81092",Resident 1099,A-20099,2025-03-14,266781,gallons,,R4,
M-1100,"800 Main St, Wiley, CO 81092",Resident 1100,A-20100,2025-03-14,138665,gallons,,R5,
M-1101,"807 County Rd 10, Wiley, CO 81092",Resident 1101,A-20101,2025-03-14,235522,gallons,,R6,
M-1102,"814 County Rd 14, Wiley, CO 81092",Resident 1102,A-20102,2025-03-14,296948,gallons,,R1,
M-1103,"821 Highway 287, Wiley, CO 81092",Resident 1103,A-20103,2025-03-14,231914,gallons,,R2,
M-1104,"828 Maple Ave, Wiley, CO 81092",Resident 1104,A-20104,2025-03-14,191119,gallons,,R3,
M-1105,"835 Oak St, Wiley, CO 81092",Resident 1105,A-20105,2025-03-14,317067,gallons,,R4,
M-1106,"842 Elm St, Wiley, CO 81092",Resident 1106,A-20106,2025-03-14,401221,gallons,,R5,
M-1107,"849 3rd Ave, Wiley, CO 81092",Resident 1107,A-20107,2025-03-14,229904,gallons,,R6,
M-1108,"856 5th St, Wiley, CO 81092",Resident 1108,A-20108,2025-03-14,401898,gallons,,R1,
M-1109,"863 Ranch Rd, Wiley, CO 81092",Resident 1109,A-20109,2025-03-14,412154,gallons,,R2,
M-1110,"870 Irrigation Ln, Wiley, CO 81092",Resident 1110,A-20110,2025-03-14,365316,gallons,,R3,
M-1111,"877 North Frontage, Wiley, CO 81092",Resident 1111,A-20111,2025-03-14,95124,gallons,,R4,
M-1112,"884 South Loop, Wiley, CO 81092",Resident 1112,A-20112,2025-03-14,371517,gallons,,R5,
M-1113,"891 Pioneer Rd, Wiley, CO 81092",Resident 1113,A-20113,2025-03-14,227720,gallons,,R6,
M-1114,"898 Cottonwood Dr, Wiley, CO 81092",Resident 1114,A-20114,2025-03-14,426798,gallons,,R1,
M-1115,"905 Sand Creek Rd, Wiley, CO 81092",Resident 1115,A-20115,2025-03-14,156411,gallons,,R2,
M-1116,"912 Prairie View, Wiley, CO 81092",Resident 1116,A-20116,2025-03-14,179608,gallons,,R3,
M-1117,"919 School House Rd, Wiley, CO 81092",Resident 1117,A-20117,2025-03-14,227084,gallons,,R4,
M-1118,"926 Cemetery Rd, Wiley, CO 81092",Resident 1118,A-20118,2025-03-14,140489,gallons,,R5,
M-1119,"933 Grain Elevator Rd, Wiley, CO 81092",Resident 1119,A-20119,2025-03-14,163423,gallons,,R6,
M-1120,"940 Main St, Wiley, CO 81092",Resident 1120,A-20120,2025-03-14,383358,gallons,,R1,
M-1121,"947 County Rd 10, Wiley, CO 81092",Resident 1121,A-20121,2025-03-14,171821,gallons,,R2,
M-1122,"954 County Rd 14, Wiley, CO 81092",Resident 1122,A-20122,2025-03-14,247893,gallons,,R3,
M-1123,"961 Highway 287, Wiley, CO 81092",Resident 1123,A-20123,2025-03-14,241693,gallons,,R4,
M-1124,"968 Maple Ave, Wiley, CO 81092",Resident 1124,A-20124,2025-03-14,393022,gallons,,R5,
M-1125,"975 Oak St, Wiley, CO 81092",Resident 1125,A-20125,2025-03-14,192103,gallons,,R6,
M-1126,"982 Elm St, Wiley, CO 81092",Resident 1126,A-20126,2025-03-14,254701,gallons,,R1,
M-1127,"989 3rd Ave, Wiley, CO 81092",Resident 1127,A-20127,2025-03-14,189236,gallons,,R2,
M-1128,"996 5th St, Wiley, CO 81092",Resident 1128,A-20128,2025-03-14,449213,gallons,,R3,
M-1129,"1003 Ranch Rd, Wiley, CO 81092",Resident 1129,A-20129,2025-03-14,239830,gallons,,R4,
M-1130,"1010 Irrigation Ln, Wiley, CO 81092",Resident 1130,A-20130,2025-03-14,365393,gallons,,R5,
M-1131,"1017 North Frontage, Wiley, CO 81092",Resident 1131,A-20131,2025-03-14,337478,gallons,,R6,
M-1132,"1024 South Loop, Wiley, CO 81092",Resident 1132,A-20132,2025-03-14,241908,gallons,,R1,
M-1133,"1031 Pioneer Rd, Wiley, CO 81092",Resident 1133,A-20133,2025-03-14,128175,gallons,,R2,
M-1134,"1038 Cottonwood Dr, Wiley, CO 81092",Resident 1134,A-20134,2025-03-14,140412,gallons,,R3,
M-1135,"1045 Sand Creek Rd, Wiley, CO 81092",Resident 1135,A-20135,2025-03-14,432714,gallons,,R4,
M-1136,"1052 Prairie View, Wiley, CO 81092",Resident 1136,A-20136,2025-03-14,313402,gallons,,R5,
M-1137,"1059 School House Rd, Wiley, CO 81092",Resident 1137,A-20137,2025-03-14,235213,gallons,,R6,
M-1138,"1066 Cemetery Rd, Wiley, CO 81092",Resident 1138,A-20138,2025-03-14,105249,gallons,,R1,
M-1139,"1073 Grain Elevator Rd, Wiley, CO 81092",Resident 1139,A-20139,2025-03-14,76188,gallons,,R2,
M-1140,"1080 Main St, Wiley, CO 81092",Resident 1140,A-20140,2025-03-14,272442,gallons,,R3,
M-1141,"1087 County Rd 10, Wiley, CO 81092",Resident 1141,A-20141,2025-03-14,166736,gallons,,R4,
M-1142,"1094 County Rd 14, Wiley, CO 81092",Resident 1142,A-20142,2025-03-14,405976,gallons,,R5,
M-1143,"1101 Highway 287, Wiley, CO 81092",Resident 1143,A-20143,2025-03-14,252141,gallons,,R6,
M-1144,"1108 Maple Ave, Wiley, CO 81092",Resident 1144,A-20144,2025-03-14,153930,gallons,,R1,
M-1145,"1115 Oak St, Wiley, CO 81092",Resident 1145,A-20145,2025-03-14,305817,gallons,,R2,
M-1146,"1122 Elm St, Wiley, CO 81092",Resident 1146,A-20146,2025-03-14,365005,gallons,,R3,
M-1147,"1129 3rd Ave, Wiley, CO 81092",Resident 1147,A-20147,2025-03-14,329826,gallons,,R4,
M-1148,"1136 5th St, Wiley, CO 81092",Resident 1148,A-20148,2025-03-14,369822,gallons,,R5,
M-1149,"1143 Ranch Rd, Wiley, CO 81092",Resident 1149,A-20149,2025-03-14,110016,gallons,,R6,
M-1150,"1150 Irrigation Ln, Wiley, CO 81092",Resident 1150,A-20150,2025-03-14,152430,gallons,,R1,
M-1151,"1157 North Frontage, Wiley, CO 81092",Resident 1151,A-20151,2025-03-14,140721,gallons,,R2,
M-1152,"1164 South Loop, Wiley, CO 81092",Resident 1152,A-20152,2025-03-14,149237,gallons,,R3,
M-1153,"1171 Pioneer Rd, Wiley, CO 81092",Resident 1153,A-20153,2025-03-14,375842,gallons,,R4,
M-1154,"1178 Cottonwood Dr, Wiley, CO 81092",Resident 1154,A-20154,2025-03-14,109569,gallons,,R5,
M-1155,"1185 Sand Creek Rd, Wiley, CO 81092",Resident 1155,A-20155,2025-03-14,296396,gallons,,R6,
M-1156,"1192 Prairie View, Wiley, CO 81092",Resident 1156,A-20156,2025-03-14,546406,gallons,,R1,
M-1157,"1199 School House Rd, Wiley, CO 81092",Resident 1157,A-20157,2025-03-14,388793,gallons,,R2,
M-1158,"1206 Cemetery Rd, Wiley, CO 81092",Resident 1158,A-20158,2025-03-14,161043,gallons,,R3,
M-1159,"1213 Grain Elevator Rd, Wiley, CO 81092",Resident 1159,A-20159,2025-03-14,323737,gallons,,R4,
M-1160,"1220 Main St, Wiley, CO 81092",Resident 1160,A-20160,2025-03-14,133808,gallons,,R5,
M-1161,"1227 County Rd 10, Wiley, CO 81092",Resident 1161,A-20161,2025-03-14,129815,gallons,,R6,
M-1162,"1234 County Rd 14, Wiley, CO 81092",Resident 1162,A-20162,2025-03-14,274687,gallons,,R1,
M-1163,"1241 Highway 287, Wiley, CO 81092",Resident 1163,A-20163,2025-03-14,265245,gallons,,R2,
M-1164,"1248 Maple Ave, Wiley, CO 81092",Resident 1164,A-20164,2025-03-14,129266,gallons,,R3,
M-1165,"1255 Oak St, Wiley, CO 81092",Resident 1165,A-20165,2025-03-14,285168,gallons,,R4,
M-1166,"1262 Elm St, Wiley, CO 81092",Resident 1166,A-20166,2025-03-14,224994,gallons,,R5,
M-1167,"1269 3rd Ave, Wiley, CO 81092",Resident 1167,A-20167,2025-03-14,213139,gallons,,R6,
M-1168,"1276 5th St, Wiley, CO 81092",Resident 1168,A-20168,2025-03-14,462445,gallons,,R1,
M-1169,"1283 Ranch Rd, Wiley, CO 81092",Resident 1169,A-20169,2025-03-14,161185,gallons,,R2,
M-1170,"1290 Irrigation Ln, Wiley, CO 81092",Resident 1170,A-20170,2025-03-14,272643,gallons,,R3,
M-1171,"1297 North Frontage, Wiley, CO 81092",Resident 1171,A-20171,2025-03-14,366785,gallons,,R4,
M-1172,"1304 South Loop, Wiley, CO 81092",Resident 1172,A-20172,2025-03-14,295609,gallons,,R5,
M-1173,"1311 Pioneer Rd, Wiley, CO 81092",Resident 1173,A-20173,2025-03-14,419874,gallons,,R6,
M-1174,"1318 Cottonwood Dr, Wiley, CO 81092",Resident 1174,A-20174,2025-03-14,157134,gallons,,R1,
M-1175,"1325 Sand Creek Rd, Wiley, CO 81092",Resident 1175,A-20175,2025-03-14,217678,gallons,,R2,
M-1176,"1332 Prairie View, Wiley, CO 81092",Resident 1176,A-20176,2025-03-14,151989,gallons,,R3,
M-1177,"1339 School House Rd, Wiley, CO 81092",Resident 1177,A-20177,2025-03-14,202588,gallons,,R4,
M-1178,"1346 Cemetery Rd, Wiley, CO 81092",Resident 1178,A-20178,2025-03-14,329082,gallons,,R5,
M-1179,"1353 Grain Elevator Rd, Wiley, CO 81092",Resident 1179,A-20179,2025-03-14,95611,gallons,,R6,
M-1180,"1360 Main St, Wiley, CO 81092",Resident 1180,A-20180,2025-03-14,191309,gallons,,R1,
M-1181,"1367 County Rd 10, Wiley, CO 81092",Resident 1181,A-20181,2025-03-14,286610,gallons,,R2,
M-1182,"1374 County Rd 14, Wiley, CO 81092",Resident 1182,A-20182,2025-03-14,294189,gallons,,R3,
M-1183,"1381 Highway 287, Wiley, CO 81092",Resident 1183,A-20183,2025-03-14,228516,gallons,,R4,
M-1184,"1388 Maple Ave, Wiley, CO 81092",Resident 1184,A-20184,2025-03-14,213449,gallons,,R5,
M-1185,"1395 Oak St, Wiley, CO 81092",Resident 1185,A-20185,2025-03-14,187847,gallons,,R6,
M-1186,"1402 Elm St, Wiley, CO 81092",Resident 1186,A-20186,2025-03-14,141547,gallons,,R1,
M-1187,"1409 3rd Ave, Wiley, CO 81092",Resident 1187,A-20187,2025-03-14,306815,gallons,,R2,
M-1188,"1416 5th St, Wiley, CO 81092",Resident 1188,A-20188,2025-03-14,116149,gallons,,R3,
M-1189,"1423 Ranch Rd, Wiley, CO 81092",Resident 1189,A-20189,2025-03-14,350945,gallons,,R4,
M-1190,"1430 Irrigation Ln, Wiley, CO 81092",Resident 1190,A-20190,2025-03-14,195499,gallons,,R5,
M-1191,"1437 North Frontage, Wiley, CO 81092",Resident 1191,A-20191,2025-03-14,178661,gallons,,R6,
M-1192,"1444 South Loop, Wiley, CO 81092",Resident 1192,A-20192,2025-03-14,331235,gallons,,R1,
M-1193,"1451 Pioneer Rd, Wiley, CO 81092",Resident 1193,A-20193,2025-03-14,294907,gallons,,R2,
M-1194,"1458 Cottonwood Dr, Wiley, CO 81092",Resident 1194,A-20194,2025-03-14,237634,gallons,,R3,
M-1195,"1465 Sand Creek Rd, Wiley, CO 81092",Resident 1195,A-20195,2025-03-14,219761,gallons,,R4,
M-1196,"1472 Prairie View, Wiley, CO 81092",Resident 1196,A-20196,2025-03-14,216828,gallons,,R5,
M-1197,"1479 School House Rd, Wiley, CO 81092",Resident 1197,A-20197,2025-03-14,79035,gallons,,R6,
M-1198,"1486 Cemetery Rd, Wiley, CO 81092",Resident 1198,A-20198,2025-03-14,451522,gallons,,R1,
M-1199,"1493 Grain Elevator Rd, Wiley, CO 81092",Resident 1199,A-20199,2025-03-14,188996,gallons,,R2,
M-1200,"1500 Main St, Wiley, CO 81092",Resident 1200,A-20200,2025-03-14,305043,gallons,,R3,
M-1201,"1507 County Rd 10, Wiley, CO 81092",Resident 1201,A-20201,2025-03-14,240239,gallons,,R4,
M-1202,"1514 County Rd 14, Wiley, CO 81092",Resident 1202,A-20202,2025-03-14,219152,gallons,,R5,
M-1203,"1521 Highway 287, Wiley, CO 81092",Resident 1203,A-20203,2025-03-14,123966,gallons,,R6,
M-1204,"1528 Maple Ave, Wiley, CO 81092",Resident 1204,A-20204,2025-03-14,230626,gallons,,R1,
M-1205,"1535 Oak St, Wiley, CO 81092",Resident 1205,A-20205,2025-03-14,264806,gallons,,R2,
M-1206,"1542 Elm St, Wiley, CO 81092",Resident 1206,A-20206,2025-03-14,406326,gallons,,R3,
M-1207,"1549 3rd Ave, Wiley, CO 81092",Resident 1207,A-20207,2025-03-14,349136,gallons,,R4,
M-1208,"1556 5th St, Wiley, CO 81092",Resident 1208,A-20208,2025-03-14,310612,gallons,,R5,
M-1209,"1563 Ranch Rd, Wiley, CO 81092",Resident 1209,A-20209,2025-03-14,351989,gallons,,R6,
M-1210,"1570 Irrigation Ln, Wiley, CO 81092",Resident 1210,A-20210,2025-03-14,245362,gallons,,R1,
M-1211,"1577 North Frontage, Wiley, CO 81092",Resident 1211,A-20211,2025-03-14,129102,gallons,,R2,
M-1212,"1584 South Loop, Wiley, CO 81092",Resident 1212,A-20212,2025-03-14,158954,gallons,,R3,
M-1213,"1591 Pioneer Rd, Wiley, CO 81092",Resident 1213,A-20213,2025-03-14,208117,gallons,,R4,
M-1214,"1598 Cottonwood Dr, Wiley, CO 81092",Resident 1214,A-20214,2025-03-14,207463,gallons,,R5,
M-1215,"1605 Sand Creek Rd, Wiley, CO 81092",Resident 1215,A-20215,2025-03-14,403536,gallons,,R6,
M-1216,"1612 Prairie View, Wiley, CO 81092",Resident 1216,A-20216,2025-03-14,250095,gallons,,R1,
M-1217,"1619 School House Rd, Wiley, CO 81092",Resident 1217,A-20217,2025-03-14,94686,gallons,,R2,
M-1218,"1626 Cemetery Rd, Wiley, CO 81092",Resident 1218,A-20218,2025-03-14,130814,gallons,,R3,
M-1219,"1633 Grain Elevator Rd, Wiley, CO 81092",Resident 1219,A-20219,2025-03-14,416896,gallons,,R4,
M-1220,"1640 Main St, Wiley, CO 81092",Resident 1220,A-20220,2025-03-14,322266,gallons,,R5,
M-1221,"1647 County Rd 10, Wiley, CO 81092",Resident 1221,A-20221,2025-03-14,280596,gallons,,R6,
M-1222,"1654 County Rd 14, Wiley, CO 81092",Resident 1222,A-20222,2025-03-14,240624,gallons,,R1,
M-1223,"1661 Highway 287, Wiley, CO 81092",Resident 1223,A-20223,2025-03-14,312089,gallons,,R2,
M-1224,"1668 Maple Ave, Wiley, CO 81092",Resident 1224,A-20224,2025-03-14,417636,gallons,,R3,
M-1225,"1675 Oak St, Wiley, CO 81092",Resident 1225,A-20225,2025-03-14,372884,gallons,,R4,
M-1226,"1682 Elm St, Wiley, CO 81092",Resident 1226,A-20226,2025-03-14,152162,gallons,,R5,
M-1227,"1689 3rd Ave, Wiley, CO 81092",Resident 1227,A-20227,2025-03-14,281750,gallons,,R6,
M-1228,"1696 5th St, Wiley, CO 81092",Resident 1228,A-20228,2025-03-14,404491,gallons,,R1,
M-1229,"1703 Ranch Rd, Wiley, CO 81092",Resident 1229,A-20229,2025-03-14,215738,gallons,,R2,
M-1230,"1710 Irrigation Ln, Wiley, CO 81092",Resident 1230,A-20230,2025-03-14,244157,gallons,,R3,
M-1231,"1717 North Frontage, Wiley, CO 81092",Resident 1231,A-20231,2025-03-14,132838,gallons,,R4,
M-1232,"1724 South Loop, Wiley, CO 81092",Resident 1232,A-20232,2025-03-14,307596,gallons,,R5,
M-1233,"1731 Pioneer Rd, Wiley, CO 81092",Resident 1233,A-20233,2025-03-14,110972,gallons,,R6,
M-1234,"1738 Cottonwood Dr, Wiley, CO 81092",Resident 1234,A-20234,2025-03-14,357546,gallons,,R1,
M-1235,"1745 Sand Creek Rd, Wiley, CO 81092",Resident 1235,A-20235,2025-03-14,374812,gallons,,R2,
M-1236,"1752 Prairie View, Wiley, CO 81092",Resident 1236,A-20236,2025-03-14,211598,gallons,,R3,
M-1237,"1759 School House Rd, Wiley, CO 81092",Resident 1237,A-20237,2025-03-14,299614,gallons,,R4,
M-1238,"1766 Cemetery Rd, Wiley, CO 81092",Resident 1238,A-20238,2025-03-14,315492,gallons,,R5,
M-1239,"1773 Grain Elevator Rd, Wiley, CO 81092",Resident 1239,A-20239,2025-03-14,129204,gallons,,R6,
M-1240,"1780 Main St, Wiley, CO 81092",Resident 1240,A-20240,2025-03-14,447372,gallons,,R1,
M-1241,"1787 County Rd 10, Wiley, CO 81092",Resident 1241,A-20241,2025-03-14,267103,gallons,,R2,
M-1242,"1794 County Rd 14, Wiley, CO 81092",Resident 1242,A-20242,2025-03-14,400915,gallons,,R3,
M-1243,"1801 Highway 287, Wiley, CO 81092",Resident 1243,A-20243,2025-03-14,246039,gallons,,R4,
M-1244,"1808 Maple Ave, Wiley, CO 81092",Resident 1244,A-20244,2025-03-14,557960,gallons,,R5,
M-1245,"1815 Oak St, Wiley, CO 81092",Resident 1245,A-20245,2025-03-14,135464,gallons,,R6,
M-1246,"1822 Elm St, Wiley, CO 81092",Resident 1246,A-20246,2025-03-14,244128,gallons,,R1,
M-1247,"1829 3rd Ave, Wiley, CO 81092",Resident 1247,A-20247,2025-03-14,334304,gallons,,R2,
M-1248,"1836 5th St, Wiley, CO 81092",Resident 1248,A-20248,2025-03-14,265641,gallons,,R3,
M-1249,"1843 Ranch Rd, Wiley, CO 81092",Resident 1249,A-20249,2025-03-14,449526,gallons,,R4,
M-1250,"1850 Irrigation Ln, Wiley, CO 81092",Resident 1250,A-20250,2025-03-14,294804,gallons,,R5,
M-1251,"1857 North Frontage, Wiley, CO 81092",Resident 1251,A-20251,2025-03-14,273222,gallons,,R6,
M-1252,"1864 South Loop, Wiley, CO 81092",Resident 1252,A-20252,2025-03-14,291482,gallons,,R1,
M-1253,"1871 Pioneer Rd, Wiley, CO 81092",Resident 1253,A-20253,2025-03-14,222381,gallons,,R2,
M-1254,"1878 Cottonwood Dr, Wiley, CO 81092",Resident 1254,A-20254,2025-03-14,361743,gallons,,R3,
M-1255,"1885 Sand Creek Rd, Wiley, CO 81092",Resident 1255,A-20255,2025-03-14,178609,gallons,,R4,
M-1256,"1892 Prairie View, Wiley, CO 81092",Resident 1256,A-20256,2025-03-14,206703,gallons,,R5,
M-1257,"1899 School House Rd, Wiley, CO 81092",Resident 1257,A-20257,2025-03-14,289291,gallons,,R6,
M-1258,"1906 Cemetery Rd, Wiley, CO 81092",Resident 1258,A-20258,2025-03-14,429245,gallons,,R1,
M-1259,"1913 Grain Elevator Rd, Wiley, CO 81092",Resident 1259,A-20259,2025-03-14,269638,gallons,,R2,
M-1260,"1920 Main St, Wiley, CO 81092",Resident 1260,A-20260,2025-03-14,160059,gallons,,R3,
M-1261,"1927 County Rd 10, Wiley, CO 81092",Resident 1261,A-20261,2025-03-14,408088,gallons,,R4,
M-1262,"1934 County Rd 14, Wiley, CO 81092",Resident 1262,A-20262,2025-03-14,368970,gallons,,R5,
M-1263,"1941 Highway 287, Wiley, CO 81092",Resident 1263,A-20263,2025-03-14,254286,gallons,,R6,
M-1264,"1948 Maple Ave, Wiley, CO 81092",Resident 1264,A-20264,2025-03-14,293266,gallons,,R1,
M-1265,"1955 Oak St, Wiley, CO 81092",Resident 1265,A-20265,2025-03-14,369153,gallons,,R2,
M-1266,"1962 Elm St, Wiley, CO 81092",Resident 1266,A-20266,2025-03-14,106073,gallons,,R3,
M-1267,"1969 3rd Ave, Wiley, CO 81092",Resident 1267,A-20267,2025-03-14,254532,gallons,,R4,
M-1268,"1976 5th St, Wiley, CO 81092",Resident 1268,A-20268,2025-03-14,230267,gallons,,R5,
M-1269,"1983 Ranch Rd, Wiley, CO 81092",Resident 1269,A-20269,2025-03-14,213001,gallons,,R6,
M-1270,"1990 Irrigation Ln, Wiley, CO 81092",Resident 1270,A-20270,2025-03-14,300372,gallons,,R1,
M-1271,"1997 North Frontage, Wiley, CO 81092",Resident 1271,A-20271,2025-03-14,413444,gallons,,R2,
M-1272,"2004 South Loop, Wiley, CO 81092",Resident 1272,A-20272,2025-03-14,419065,gallons,,R3,
M-1273,"2011 Pioneer Rd, Wiley, CO 81092",Resident 1273,A-20273,2025-03-14,445267,gallons,,R4,
M-1274,"2018 Cottonwood Dr, Wiley, CO 81092",Resident 1274,A-20274,2025-03-14,264161,gallons,,R5,
M-1275,"2025 Sand Creek Rd, Wiley, CO 81092",Resident 1275,A-20275,2025-03-14,327046,gallons,,R6,
M-1276,"2032 Prairie View, Wiley, CO 81092",Resident 1276,A-20276,2025-03-14,328151,gallons,,R1,
M-1277,"2039 School House Rd, Wiley, CO 81092",Resident 1277,A-20277,2025-03-14,324428,gallons,,R2,
M-1278,"2046 Cemetery Rd, Wiley, CO 81092",Resident 1278,A-20278,2025-03-14,189578,gallons,,R3,
M-1279,"2053 Grain Elevator Rd, Wiley, CO 81092",Resident 1279,A-20279,2025-03-14,340644,gallons,,R4,
M-1280,"2060 Main St, Wiley, CO 81092",Resident 1280,A-20280,2025-03-14,320924,gallons,,R5,
M-1281,"2067 County Rd 10, Wiley, CO 81092",Resident 1281,A-20281,2025-03-14,199100,gallons,,R6,
M-1282,"2074 County Rd 14, Wiley, CO 81092",Resident 1282,A-20282,2025-03-14,438711,gallons,,R1,
M-1283,"2081 Highway 287, Wiley, CO 81092",Resident 1283,A-20283,2025-03-14,133335,gallons,,R2,
M-1284,"2088 Maple Ave, Wiley, CO 81092",Resident 1284,A-20284,2025-03-14,241997,gallons,,R3,
M-1285,"2095 Oak St, Wiley, CO 81092",Resident 1285,A-20285,2025-03-14,363100,gallons,,R4,
M-1286,"2102 Elm St, Wiley, CO 81092",Resident 1286,A-20286,2025-03-14,443498,gallons,,R5,
M-1287,"2109 3rd Ave, Wiley, CO 81092",Resident 1287,A-20287,2025-03-14,442189,gallons,,R6,
M-1288,"2116 5th St, Wiley, CO 81092",Resident 1288,A-20288,2025-03-14,394658,gallons,,R1,
M-1289,"2123 Ranch Rd, Wiley, CO 81092",Resident 1289,A-20289,2025-03-14,284407,gallons,,R2,
M-1290,"2130 Irrigation Ln, Wiley, CO 81092",Resident 1290,A-20290,2025-03-14,154389,gallons,,R3,
M-1291,"2137 North Frontage, Wiley, CO 81092",Resident 1291,A-20291,2025-03-14,229444,gallons,,R4,
M-1292,"2144 South Loop, Wiley, CO 81092",Resident 1292,A-20292,2025-03-14,234065,gallons,,R5,
M-1293,"2151 Pioneer Rd, Wiley, CO 81092",Resident 1293,A-20293,2025-03-14,187607,gallons,,R6,
M-1294,"2158 Cottonwood Dr, Wiley, CO 81092",Resident 1294,A-20294,2025-03-14,195517,gallons,,R1,
M-1295,"2165 Sand Creek Rd, Wiley, CO 81092",Resident 1295,A-20295,2025-03-14,191953,gallons,,R2,
M-1296,"2172 Prairie View, Wiley, CO 81092",Resident 1296,A-20296,2025-03-14,99520,gallons,,R3,
M-1297,"2179 School House Rd, Wiley, CO 81092",Resident 1297,A-20297,2025-03-14,97626,gallons,,R4,
M-1298,"2186 Cemetery Rd, Wiley, CO 81092",Resident 1298,A-20298,2025-03-14,207547,gallons,,R5,
M-1299,"2193 Grain Elevator Rd, Wiley, CO 81092",Resident 1299,A-20299,2025-03-14,325764,gallons,,R6,
M-1300,"2200 Main St, Wiley, CO 81092",Resident 1300,A-20300,2025-03-14,399027,gallons,,R1,
M-1001,"107 County Rd 10, Wiley, CO 81092",Resident 1001,A-20001,2025-04-15,393023,gallons,,R2,
M-1002,"114 County Rd 14, Wiley, CO 81092",Resident 1002,A-20002,2025-04-15,311649,gallons,,R3,
M-1003,"121 Highway 287, Wiley, CO 81092",Resident 1003,A-20003,2025-04-15,143566,gallons,,R4,
M-1004,"128 Maple Ave, Wiley, CO 81092",Resident 1004,A-20004,2025-04-15,342619,gallons,,R5,
M-1005,"135 Oak St, Wiley, CO 81092",Resident 1005,A-20005,2025-04-15,183809,gallons,,R6,
M-1006,"142 Elm St, Wiley, CO 81092",Resident 1006,A-20006,2025-04-15,231324,gallons,,R1,
M-1007,"149 3rd Ave, Wiley, CO 81092",Resident 1007,A-20007,2025-04-15,325826,gallons,,R2,
M-1008,"156 5th St, Wiley, CO 81092",Resident 1008,A-20008,2025-04-15,208326,gallons,,R3,
M-1009,"163 Ranch Rd, Wiley, CO 81092",Resident 1009,A-20009,2025-04-15,159572,gallons,,R4,
M-1010,"170 Irrigation Ln, Wiley, CO 81092",Resident 1010,A-20010,2025-04-15,307685,gallons,,R5,
M-1011,"177 North Frontage, Wiley, CO 81092",Resident 1011,A-20011,2025-04-15,401653,gallons,,R6,
M-1012,"184 South Loop, Wiley, CO 81092",Resident 1012,A-20012,2025-04-15,175051,gallons,,R1,
M-1013,"191 Pioneer Rd, Wiley, CO 81092",Resident 1013,A-20013,2025-04-15,130819,gallons,,R2,
M-1014,"198 Cottonwood Dr, Wiley, CO 81092",Resident 1014,A-20014,2025-04-15,416500,gallons,,R3,
M-1015,"205 Sand Creek Rd, Wiley, CO 81092",Resident 1015,A-20015,2025-04-15,393013,gallons,,R4,
M-1016,"212 Prairie View, Wiley, CO 81092",Resident 1016,A-20016,2025-04-15,105819,gallons,,R5,
M-1017,"219 School House Rd, Wiley, CO 81092",Resident 1017,A-20017,2025-04-15,119262,gallons,,R6,
M-1018,"226 Cemetery Rd, Wiley, CO 81092",Resident 1018,A-20018,2025-04-15,194804,gallons,,R1,
M-1019,"233 Grain Elevator Rd, Wiley, CO 81092",Resident 1019,A-20019,2025-04-15,161066,gallons,,R2,
M-1020,"240 Main St, Wiley, CO 81092",Resident 1020,A-20020,2025-04-15,295160,gallons,,R3,
M-1021,"247 County Rd 10, Wiley, CO 81092",Resident 1021,A-20021,2025-04-15,339739,gallons,,R4,
M-1022,"254 County Rd 14, Wiley, CO 81092",Resident 1022,A-20022,2025-04-15,355405,gallons,,R5,
M-1023,"261 Highway 287, Wiley, CO 81092",Resident 1023,A-20023,2025-04-15,222682,gallons,,R6,
M-1024,"268 Maple Ave, Wiley, CO 81092",Resident 1024,A-20024,2025-04-15,282313,gallons,,R1,
M-1025,"275 Oak St, Wiley, CO 81092",Resident 1025,A-20025,2025-04-15,139799,gallons,,R2,
M-1026,"282 Elm St, Wiley, CO 81092",Resident 1026,A-20026,2025-04-15,168929,gallons,,R3,
M-1027,"289 3rd Ave, Wiley, CO 81092",Resident 1027,A-20027,2025-04-15,319049,gallons,,R4,
M-1028,"296 5th St, Wiley, CO 81092",Resident 1028,A-20028,2025-04-15,115064,gallons,,R5,
M-1029,"303 Ranch Rd, Wiley, CO 81092",Resident 1029,A-20029,2025-04-15,323388,gallons,,R6,
M-1030,"310 Irrigation Ln, Wiley, CO 81092",Resident 1030,A-20030,2025-04-15,246316,gallons,,R1,
M-1031,"317 North Frontage, Wiley, CO 81092",Resident 1031,A-20031,2025-04-15,338109,gallons,,R2,
M-1032,"324 South Loop, Wiley, CO 81092",Resident 1032,A-20032,2025-04-15,232283,gallons,,R3,
M-1033,"331 Pioneer Rd, Wiley, CO 81092",Resident 1033,A-20033,2025-04-15,490335,gallons,,R4,
M-1034,"338 Cottonwood Dr, Wiley, CO 81092",Resident 1034,A-20034,2025-04-15,403635,gallons,,R5,
M-1035,"345 Sand Creek Rd, Wiley, CO 81092",Resident 1035,A-20035,2025-04-15,435144,gallons,,R6,
M-1036,"352 Prairie View, Wiley, CO 81092",Resident 1036,A-20036,2025-04-15,323756,gallons,,R1,
M-1037,"359 School House Rd, Wiley, CO 81092",Resident 1037,A-20037,2025-04-15,203713,gallons,,R2,
M-1038,"366 Cemetery Rd, Wiley, CO 81092",Resident 1038,A-20038,2025-04-15,179174,gallons,,R3,
M-1039,"373 Grain Elevator Rd, Wiley, CO 81092",Resident 1039,A-20039,2025-04-15,272711,gallons,,R4,
M-1040,"380 Main St, Wiley, CO 81092",Resident 1040,A-20040,2025-04-15,210236,gallons,,R5,
M-1041,"387 County Rd 10, Wiley, CO 81092",Resident 1041,A-20041,2025-04-15,123443,gallons,,R6,
M-1042,"394 County Rd 14, Wiley, CO 81092",Resident 1042,A-20042,2025-04-15,391081,gallons,,R1,
M-1043,"401 Highway 287, Wiley, CO 81092",Resident 1043,A-20043,2025-04-15,363621,gallons,,R2,
M-1044,"408 Maple Ave, Wiley, CO 81092",Resident 1044,A-20044,2025-04-15,114502,gallons,,R3,
M-1045,"415 Oak St, Wiley, CO 81092",Resident 1045,A-20045,2025-04-15,285541,gallons,,R4,
M-1046,"422 Elm St, Wiley, CO 81092",Resident 1046,A-20046,2025-04-15,119373,gallons,,R5,
M-1047,"429 3rd Ave, Wiley, CO 81092",Resident 1047,A-20047,2025-04-15,101762,gallons,,R6,
M-1048,"436 5th St, Wiley, CO 81092",Resident 1048,A-20048,2025-04-15,380601,gallons,,R1,
M-1049,"443 Ranch Rd, Wiley, CO 81092",Resident 1049,A-20049,2025-04-15,344813,gallons,,R2,
M-1050,"450 Irrigation Ln, Wiley, CO 81092",Resident 1050,A-20050,2025-04-15,340259,gallons,,R3,
M-1051,"457 North Frontage, Wiley, CO 81092",Resident 1051,A-20051,2025-04-15,371146,gallons,,R4,
M-1052,"464 South Loop, Wiley, CO 81092",Resident 1052,A-20052,2025-04-15,176660,gallons,,R5,
M-1053,"471 Pioneer Rd, Wiley, CO 81092",Resident 1053,A-20053,2025-04-15,140736,gallons,,R6,
M-1054,"478 Cottonwood Dr, Wiley, CO 81092",Resident 1054,A-20054,2025-04-15,355200,gallons,,R1,
M-1056,"492 Prairie View, Wiley, CO 81092",Resident 1056,A-20056,2025-04-15,213972,gallons,,R3,
M-1057,"499 School House Rd, Wiley, CO 81092",Resident 1057,A-20057,2025-04-15,136876,gallons,,R4,
M-1058,"506 Cemetery Rd, Wiley, CO 81092",Resident 1058,A-20058,2025-04-15,418771,gallons,,R5,
M-1059,"513 Grain Elevator Rd, Wiley, CO 81092",Resident 1059,A-20059,2025-04-15,113984,gallons,,R6,
M-1060,"520 Main St, Wiley, CO 81092",Resident 1060,A-20060,2025-04-15,220220,gallons,,R1,
M-1061,"527 County Rd 10, Wiley, CO 81092",Resident 1061,A-20061,2025-04-15,286263,gallons,,R2,
M-1062,"534 County Rd 14, Wiley, CO 81092",Resident 1062,A-20062,2025-04-15,168333,gallons,,R3,
M-1063,"541 Highway 287, Wiley, CO 81092",Resident 1063,A-20063,2025-04-15,387131,gallons,,R4,
M-1064,"548 Maple Ave, Wiley, CO 81092",Resident 1064,A-20064,2025-04-15,239394,gallons,,R5,
M-1065,"555 Oak St, Wiley, CO 81092",Resident 1065,A-20065,2025-04-15,415750,gallons,,R6,
M-1066,"562 Elm St, Wiley, CO 81092",Resident 1066,A-20066,2025-04-15,406059,gallons,,R1,
M-1067,"569 3rd Ave, Wiley, CO 81092",Resident 1067,A-20067,2025-04-15,130261,gallons,,R2,
M-1068,"576 5th St, Wiley, CO 81092",Resident 1068,A-20068,2025-04-15,407153,gallons,,R3,
M-1069,"583 Ranch Rd, Wiley, CO 81092",Resident 1069,A-20069,2025-04-15,162065,gallons,,R4,
M-1070,"590 Irrigation Ln, Wiley, CO 81092",Resident 1070,A-20070,2025-04-15,293415,gallons,,R5,
M-1071,"597 North Frontage, Wiley, CO 81092",Resident 1071,A-20071,2025-04-15,416572,gallons,,R6,
M-1072,"604 South Loop, Wiley, CO 81092",Resident 1072,A-20072,2025-04-15,421230,gallons,,R1,
M-1073,"611 Pioneer Rd, Wiley, CO 81092",Resident 1073,A-20073,2025-04-15,382788,gallons,,R2,
M-1074,"618 Cottonwood Dr, Wiley, CO 81092",Resident 1074,A-20074,2025-04-15,362372,gallons,,R3,
M-1075,"625 Sand Creek Rd, Wiley, CO 81092",Resident 1075,A-20075,2025-04-15,239591,gallons,,R4,
M-1076,"632 Prairie View, Wiley, CO 81092",Resident 1076,A-20076,2025-04-15,220955,gallons,,R5,
M-1077,"639 School House Rd, Wiley, CO 81092",Resident 1077,A-20077,2025-04-15,182215,gallons,,R6,
M-1078,"646 Cemetery Rd, Wiley, CO 81092",Resident 1078,A-20078,2025-04-15,261784,gallons,,R1,
M-1079,"653 Grain Elevator Rd, Wiley, CO 81092",Resident 1079,A-20079,2025-04-15,213593,gallons,,R2,
M-1080,"660 Main St, Wiley, CO 81092",Resident 1080,A-20080,2025-04-15,238649,gallons,,R3,
M-1081,"667 County Rd 10, Wiley, CO 81092",Resident 1081,A-20081,2025-04-15,321096,gallons,,R4,
M-1082,"674 County Rd 14, Wiley, CO 81092",Resident 1082,A-20082,2025-04-15,161770,gallons,,R5,
M-1083,"681 Highway 287, Wiley, CO 81092",Resident 1083,A-20083,2025-04-15,418169,gallons,,R6,
M-1084,"688 Maple Ave, Wiley, CO 81092",Resident 1084,A-20084,2025-04-15,250358,gallons,,R1,
M-1085,"695 Oak St, Wiley, CO 81092",Resident 1085,A-20085,2025-04-15,331921,gallons,,R2,
M-1086,"702 Elm St, Wiley, CO 81092",Resident 1086,A-20086,2025-04-15,250366,gallons,,R3,
M-1087,"709 3rd Ave, Wiley, CO 81092",Resident 1087,A-20087,2025-04-15,151835,gallons,,R4,
M-1088,"716 5th St, Wiley, CO 81092",Resident 1088,A-20088,2025-04-15,91523,gallons,,R5,
M-1089,"723 Ranch Rd, Wiley, CO 81092",Resident 1089,A-20089,2025-04-15,459277,gallons,,R6,
M-1090,"730 Irrigation Ln, Wiley, CO 81092",Resident 1090,A-20090,2025-04-15,438630,gallons,,R1,
M-1091,"737 North Frontage, Wiley, CO 81092",Resident 1091,A-20091,2025-04-15,406725,gallons,,R2,
M-1092,"744 South Loop, Wiley, CO 81092",Resident 1092,A-20092,2025-04-15,133714,gallons,,R3,
M-1093,"751 Pioneer Rd, Wiley, CO 81092",Resident 1093,A-20093,2025-04-15,143303,gallons,,R4,
M-1094,"758 Cottonwood Dr, Wiley, CO 81092",Resident 1094,A-20094,2025-04-15,401855,gallons,,R5,
M-1095,"765 Sand Creek Rd, Wiley, CO 81092",Resident 1095,A-20095,2025-04-15,198650,gallons,,R6,
M-1096,"772 Prairie View, Wiley, CO 81092",Resident 1096,A-20096,2025-04-15,345639,gallons,,R1,
M-1097,"779 School House Rd, Wiley, CO 81092",Resident 1097,A-20097,2025-04-15,239789,gallons,,R2,
M-1098,"786 Cemetery Rd, Wiley, CO 81092",Resident 1098,A-20098,2025-04-15,165217,gallons,,R3,
M-1099,"793 Grain Elevator Rd, Wiley, CO 81092",Resident 1099,A-20099,2025-04-15,271837,gallons,,R4,
M-1100,"800 Main St, Wiley, CO 81092",Resident 1100,A-20100,2025-04-15,146959,gallons,,R5,
M-1101,"807 County Rd 10, Wiley, CO 81092",Resident 1101,A-20101,2025-04-15,243340,gallons,,R6,
M-1102,"814 County Rd 14, Wiley, CO 81092",Resident 1102,A-20102,2025-04-15,303322,gallons,,R1,
M-1103,"821 Highway 287, Wiley, CO 81092",Resident 1103,A-20103,2025-04-15,235901,gallons,,R2,
M-1104,"828 Maple Ave, Wiley, CO 81092",Resident 1104,A-20104,2025-04-15,197967,gallons,,R3,
M-1105,"835 Oak St, Wiley, CO 81092",Resident 1105,A-20105,2025-04-15,321533,gallons,,R4,
M-1106,"842 Elm St, Wiley, CO 81092",Resident 1106,A-20106,2025-04-15,408998,gallons,,R5,
M-1107,"849 3rd Ave, Wiley, CO 81092",Resident 1107,A-20107,2025-04-15,232583,gallons,,R6,
M-1108,"856 5th St, Wiley, CO 81092",Resident 1108,A-20108,2025-04-15,405363,gallons,,R1,
M-1109,"863 Ranch Rd, Wiley, CO 81092",Resident 1109,A-20109,2025-04-15,414924,gallons,,R2,
M-1110,"870 Irrigation Ln, Wiley, CO 81092",Resident 1110,A-20110,2025-04-15,369671,gallons,,R3,
M-1111,"877 North Frontage, Wiley, CO 81092",Resident 1111,A-20111,2025-04-15,100001,gallons,,R4,
M-1112,"884 South Loop, Wiley, CO 81092",Resident 1112,A-20112,2025-04-15,376195,gallons,,R5,
M-1113,"891 Pioneer Rd, Wiley, CO 81092",Resident 1113,A-20113,2025-04-15,230806,gallons,,R6,
M-1114,"898 Cottonwood Dr, Wiley, CO 81092",Resident 1114,A-20114,2025-04-15,431131,gallons,,R1,
M-1115,"905 Sand Creek Rd, Wiley, CO 81092",Resident 1115,A-20115,2025-04-15,162894,gallons,,R2,
M-1116,"912 Prairie View, Wiley, CO 81092",Resident 1116,A-20116,2025-04-15,186529,gallons,,R3,
M-1117,"919 School House Rd, Wiley, CO 81092",Resident 1117,A-20117,2025-04-15,231985,gallons,,R4,
M-1118,"926 Cemetery Rd, Wiley, CO 81092",Resident 1118,A-20118,2025-04-15,144923,gallons,,R5,
M-1119,"933 Grain Elevator Rd, Wiley, CO 81092",Resident 1119,A-20119,2025-04-15,171615,gallons,,R6,
M-1120,"940 Main St, Wiley, CO 81092",Resident 1120,A-20120,2025-04-15,390300,gallons,,R1,
M-1121,"947 County Rd 10, Wiley, CO 81092",Resident 1121,A-20121,2025-04-15,177850,gallons,,R2,
M-1122,"954 County Rd 14, Wiley, CO 81092",Resident 1122,A-20122,2025-04-15,256390,gallons,,R3,
M-1123,"961 Highway 287, Wiley, CO 81092",Resident 1123,A-20123,2025-04-15,247425,gallons,,R4,
M-1124,"968 Maple Ave, Wiley, CO 81092",Resident 1124,A-20124,2025-04-15,396838,gallons,,R5,
M-1125,"975 Oak St, Wiley, CO 81092",Resident 1125,A-20125,2025-04-15,196335,gallons,,R6,
M-1126,"982 Elm St, Wiley, CO 81092",Resident 1126,A-20126,2025-04-15,257643,gallons,,R1,
M-1127,"989 3rd Ave, Wiley, CO 81092",Resident 1127,A-20127,2025-04-15,193205,gallons,,R2,
M-1128,"996 5th St, Wiley, CO 81092",Resident 1128,A-20128,2025-04-15,456609,gallons,,R3,
M-1129,"1003 Ranch Rd, Wiley, CO 81092",Resident 1129,A-20129,2025-04-15,245929,gallons,,R4,
M-1130,"1010 Irrigation Ln, Wiley, CO 81092",Resident 1130,A-20130,2025-04-15,372898,gallons,,R5,
M-1131,"1017 North Frontage, Wiley, CO 81092",Resident 1131,A-20131,2025-04-15,342211,gallons,,R6,
M-1132,"1024 South Loop, Wiley, CO 81092",Resident 1132,A-20132,2025-04-15,251376,gallons,,R1,
M-1133,"1031 Pioneer Rd, Wiley, CO 81092",Resident 1133,A-20133,2025-04-15,135475,gallons,,R2,
M-1134,"1038 Cottonwood Dr, Wiley, CO 81092",Resident 1134,A-20134,2025-04-15,145563,gallons,,R3,
M-1135,"1045 Sand Creek Rd, Wiley, CO 81092",Resident 1135,A-20135,2025-04-15,440675,gallons,,R4,
M-1136,"1052 Prairie View, Wiley, CO 81092",Resident 1136,A-20136,2025-04-15,319190,gallons,,R5,
M-1137,"1059 School House Rd, Wiley, CO 81092",Resident 1137,A-20137,2025-04-15,241042,gallons,,R6,
M-1138,"1066 Cemetery Rd, Wiley, CO 81092",Resident 1138,A-20138,2025-04-15,109589,gallons,,R1,
M-1139,"1073 Grain Elevator Rd, Wiley, CO 81092",Resident 1139,A-20139,2025-04-15,79244,gallons,,R2,
M-1140,"1080 Main St, Wiley, CO 81092",Resident 1140,A-20140,2025-04-15,278986,gallons,,R3,
M-1141,"1087 County Rd 10, Wiley, CO 81092",Resident 1141,A-20141,2025-04-15,172370,gallons,,R4,
M-1142,"1094 County Rd 14, Wiley, CO 81092",Resident 1142,A-20142,2025-04-15,408749,gallons,,R5,
M-1143,"1101 Highway 287, Wiley, CO 81092",Resident 1143,A-20143,2025-04-15,261006,gallons,,R6,
M-1144,"1108 Maple Ave, Wiley, CO 81092",Resident 1144,A-20144,2025-04-15,156226,gallons,,R1,
M-1145,"1115 Oak St, Wiley, CO 81092",Resident 1145,A-20145,2025-04-15,309127,gallons,,R2,
M-1146,"1122 Elm St, Wiley, CO 81092",Resident 1146,A-20146,2025-04-15,368921,gallons,,R3,
M-1147,"1129 3rd Ave, Wiley, CO 81092",Resident 1147,A-20147,2025-04-15,338154,gallons,,R4,
M-1148,"1136 5th St, Wiley, CO 81092",Resident 1148,A-20148,2025-04-15,373217,gallons,,R5,
M-1149,"1143 Ranch Rd, Wiley, CO 81092",Resident 1149,A-20149,2025-04-15,118942,gallons,,R6,
M-1150,"1150 Irrigation Ln, Wiley, CO 81092",Resident 1150,A-20150,2025-04-15,158877,gallons,,R1,
M-1151,"1157 North Frontage, Wiley, CO 81092",Resident 1151,A-20151,2025-04-15,146812,gallons,,R2,
M-1152,"1164 South Loop, Wiley, CO 81092",Resident 1152,A-20152,2025-04-15,152040,gallons,,R3,
M-1153,"1171 Pioneer Rd, Wiley, CO 81092",Resident 1153,A-20153,2025-04-15,381870,gallons,,R4,
M-1154,"1178 Cottonwood Dr, Wiley, CO 81092",Resident 1154,A-20154,2025-04-15,115642,gallons,,R5,
M-1155,"1185 Sand Creek Rd, Wiley, CO 81092",Resident 1155,A-20155,2025-04-15,302884,gallons,,R6,
M-1156,"1192 Prairie View, Wiley, CO 81092",Resident 1156,A-20156,2025-04-15,572578,gallons,,R1,
M-1157,"1199 School House Rd, Wiley, CO 81092",Resident 1157,A-20157,2025-04-15,396182,gallons,,R2,
M-1158,"1206 Cemetery Rd, Wiley, CO 81092",Resident 1158,A-20158,2025-04-15,164842,gallons,,R3,
M-1159,"1213 Grain Elevator Rd, Wiley, CO 81092",Resident 1159,A-20159,2025-04-15,330964,gallons,,R4,
M-1160,"1220 Main St, Wiley, CO 81092",Resident 1160,A-20160,2025-04-15,135921,gallons,,R5,
M-1161,"1227 County Rd 10, Wiley, CO 81092",Resident 1161,A-20161,2025-04-15,138711,gallons,,R6,
M-1162,"1234 County Rd 14, Wiley, CO 81092",Resident 1162,A-20162,2025-04-15,281983,gallons,,R1,
M-1163,"1241 Highway 287, Wiley, CO 81092",Resident 1163,A-20163,2025-04-15,268745,gallons,,R2,
M-1164,"1248 Maple Ave, Wiley, CO 81092",Resident 1164,A-20164,2025-04-15,136089,gallons,,R3,
M-1165,"1255 Oak St, Wiley, CO 81092",Resident 1165,A-20165,2025-04-15,292179,gallons,,R4,
M-1166,"1262 Elm St, Wiley, CO 81092",Resident 1166,A-20166,2025-04-15,233693,gallons,,R5,
M-1167,"1269 3rd Ave, Wiley, CO 81092",Resident 1167,A-20167,2025-04-15,218032,gallons,,R6,
M-1168,"1276 5th St, Wiley, CO 81092",Resident 1168,A-20168,2025-04-15,470804,gallons,,R1,
M-1169,"1283 Ranch Rd, Wiley, CO 81092",Resident 1169,A-20169,2025-04-15,168110,gallons,,R2,
M-1171,"1297 North Frontage, Wiley, CO 81092",Resident 1171,A-20171,2025-04-15,369664,gallons,,R4,
M-1172,"1304 South Loop, Wiley, CO 81092",Resident 1172,A-20172,2025-04-15,299616,gallons,,R5,
M-1173,"1311 Pioneer Rd, Wiley, CO 81092",Resident 1173,A-20173,2025-04-15,425214,gallons,,R6,
M-1174,"1318 Cottonwood Dr, Wiley, CO 81092",Resident 1174,A-20174,2025-04-15,160218,gallons,,R1,
M-1175,"1325 Sand Creek Rd, Wiley, CO 81092",Resident 1175,A-20175,2025-04-15,222708,gallons,,R2,
M-1176,"1332 Prairie View, Wiley, CO 81092",Resident 1176,A-20176,2025-04-15,154138,gallons,,R3,
M-1177,"1339 School House Rd, Wiley, CO 81092",Resident 1177,A-20177,2025-04-15,211269,gallons,,R4,
M-1178,"1346 Cemetery Rd, Wiley, CO 81092",Resident 1178,A-20178,2025-04-15,338316,gallons,,R5,
M-1179,"1353 Grain Elevator Rd, Wiley, CO 81092",Resident 1179,A-20179,2025-04-15,100470,gallons,,R6,
M-1180,"1360 Main St, Wiley, CO 81092",Resident 1180,A-20180,2025-04-15,197595,gallons,,R1,
M-1181,"1367 County Rd 10, Wiley, CO 81092",Resident 1181,A-20181,2025-04-15,294743,gallons,,R2,
M-1182,"1374 County Rd 14, Wiley, CO 81092",Resident 1182,A-20182,2025-04-15,297902,gallons,,R3,
M-1183,"1381 Highway 287, Wiley, CO 81092",Resident 1183,A-20183,2025-04-15,234113,gallons,,R4,
M-1184,"1388 Maple Ave, Wiley, CO 81092",Resident 1184,A-20184,2025-04-15,216501,gallons,,R5,
M-1185,"1395 Oak St, Wiley, CO 81092",Resident 1185,A-20185,2025-04-15,195968,gallons,,R6,
M-1186,"1402 Elm St, Wiley, CO 81092",Resident 1186,A-20186,2025-04-15,146401,gallons,,R1,
M-1187,"1409 3rd Ave, Wiley, CO 81092",Resident 1187,A-20187,2025-04-15,314666,gallons,,R2,
M-1188,"1416 5th St, Wiley, CO 81092",Resident 1188,A-20188,2025-04-15,121863,gallons,,R3,
M-1189,"1423 Ranch Rd, Wiley, CO 81092",Resident 1189,A-20189,2025-04-15,357213,gallons,,R4,
M-1190,"1430 Irrigation Ln, Wiley, CO 81092",Resident 1190,A-20190,2025-04-15,199725,gallons,,R5,
M-1191,"1437 North Frontage, Wiley, CO 81092",Resident 1191,A-20191,2025-04-15,181900,gallons,,R6,
M-1192,"1444 South Loop, Wiley, CO 81092",Resident 1192,A-20192,2025-04-15,336211,gallons,,R1,
M-1193,"1451 Pioneer Rd, Wiley, CO 81092",Resident 1193,A-20193,2025-04-15,304497,gallons,,R2,
M-1194,"1458 Cottonwood Dr, Wiley, CO 81092",Resident 1194,A-20194,2025-04-15,240706,gallons,,R3,
M-1195,"1465 Sand Creek Rd, Wiley, CO 81092",Resident 1195,A-20195,2025-04-15,225724,gallons,,R4,
M-1196,"1472 Prairie View, Wiley, CO 81092",Resident 1196,A-20196,2025-04-15,223127,gallons,,R5,
M-1197,"1479 School House Rd, Wiley, CO 81092",Resident 1197,A-20197,2025-04-15,81392,gallons,,R6,
M-1198,"1486 Cemetery Rd, Wiley, CO 81092",Resident 1198,A-20198,2025-04-15,458728,gallons,,R1,
M-1199,"1493 Grain Elevator Rd, Wiley, CO 81092",Resident 1199,A-20199,2025-04-15,194430,gallons,,R2,
M-1200,"1500 Main St, Wiley, CO 81092",Resident 1200,A-20200,2025-04-15,310487,gallons,,R3,
M-1201,"1507 County Rd 10, Wiley, CO 81092",Resident 1201,A-20201,2025-04-15,242664,gallons,,R4,
M-1202,"1514 County Rd 14, Wiley, CO 81092",Resident 1202,A-20202,2025-04-15,222374,gallons,,R5,
M-1203,"1521 Highway 287, Wiley, CO 81092",Resident 1203,A-20203,2025-04-15,129112,gallons,,R6,
M-1204,"1528 Maple Ave, Wiley, CO 81092",Resident 1204,A-20204,2025-04-15,234681,gallons,,R1,
M-1205,"1535 Oak St, Wiley, CO 81092",Resident 1205,A-20205,2025-04-15,269519,gallons,,R2,
M-1206,"1542 Elm St, Wiley, CO 81092",Resident 1206,A-20206,2025-04-15,408731,gallons,,R3,
M-1207,"1549 3rd Ave, Wiley, CO 81092",Resident 1207,A-20207,2025-04-15,353796,gallons,,R4,
M-1208,"1556 5th St, Wiley, CO 81092",Resident 1208,A-20208,2025-04-15,316754,gallons,,R5,
M-1209,"1563 Ranch Rd, Wiley, CO 81092",Resident 1209,A-20209,2025-04-15,354493,gallons,,R6,
M-1210,"1570 Irrigation Ln, Wiley, CO 81092",Resident 1210,A-20210,2025-04-15,248006,gallons,,R1,
M-1211,"1577 North Frontage, Wiley, CO 81092",Resident 1211,A-20211,2025-04-15,136534,gallons,,R2,
M-1212,"1584 South Loop, Wiley, CO 81092",Resident 1212,A-20212,2025-04-15,165500,gallons,,R3,
M-1213,"1591 Pioneer Rd, Wiley, CO 81092",Resident 1213,A-20213,2025-04-15,211067,gallons,,R4,
M-1214,"1598 Cottonwood Dr, Wiley, CO 81092",Resident 1214,A-20214,2025-04-15,216474,gallons,,R5,
M-1215,"1605 Sand Creek Rd, Wiley, CO 81092",Resident 1215,A-20215,2025-04-15,409636,gallons,,R6,
M-1216,"1612 Prairie View, Wiley, CO 81092",Resident 1216,A-20216,2025-04-15,258012,gallons,,R1,
M-1217,"1619 School House Rd, Wiley, CO 81092",Resident 1217,A-20217,2025-04-15,97661,gallons,,R2,
M-1218,"1626 Cemetery Rd, Wiley, CO 81092",Resident 1218,A-20218,2025-04-15,133625,gallons,,R3,
M-1219,"1633 Grain Elevator Rd, Wiley, CO 81092",Resident 1219,A-20219,2025-04-15,424663,gallons,,R4,
M-1220,"1640 Main St, Wiley, CO 81092",Resident 1220,A-20220,2025-04-15,328980,gallons,,R5,
M-1221,"1647 County Rd 10, Wiley, CO 81092",Resident 1221,A-20221,2025-04-15,286602,gallons,,R6,
M-1222,"1654 County Rd 14, Wiley, CO 81092",Resident 1222,A-20222,2025-04-15,244027,gallons,,R1,
M-1223,"1661 Highway 287, Wiley, CO 81092",Resident 1223,A-20223,2025-04-15,316365,gallons,,R2,
M-1224,"1668 Maple Ave, Wiley, CO 81092",Resident 1224,A-20224,2025-04-15,423756,gallons,,R3,
M-1225,"1675 Oak St, Wiley, CO 81092",Resident 1225,A-20225,2025-04-15,380401,gallons,,R4,
M-1226,"1682 Elm St, Wiley, CO 81092",Resident 1226,A-20226,2025-04-15,157998,gallons,,R5,
M-1227,"1689 3rd Ave, Wiley, CO 81092",Resident 1227,A-20227,2025-04-15,285330,gallons,,R6,
M-1228,"1696 5th St, Wiley, CO 81092",Resident 1228,A-20228,2025-04-15,410166,gallons,,R1,
M-1229,"1703 Ranch Rd, Wiley, CO 81092",Resident 1229,A-20229,2025-04-15,223296,gallons,,R2,
M-1230,"1710 Irrigation Ln, Wiley, CO 81092",Resident 1230,A-20230,2025-04-15,251825,gallons,,R3,
M-1231,"1717 North Frontage, Wiley, CO 81092",Resident 1231,A-20231,2025-04-15,139704,gallons,,R4,
M-1232,"1724 South Loop, Wiley, CO 81092",Resident 1232,A-20232,2025-04-15,311839,gallons,,R5,
M-1233,"1731 Pioneer Rd, Wiley, CO 81092",Resident 1233,A-20233,2025-04-15,118549,gallons,,R6,
M-1234,"1738 Cottonwood Dr, Wiley, CO 81092",Resident 1234,A-20234,2025-04-15,362152,gallons,,R1,
M-1235,"1745 Sand Creek Rd, Wiley, CO 81092",Resident 1235,A-20235,2025-04-15,380262,gallons,,R2,
M-1236,"1752 Prairie View, Wiley, CO 81092",Resident 1236,A-20236,2025-04-15,219672,gallons,,R3,
M-1237,"1759 School House Rd, Wiley, CO 81092",Resident 1237,A-20237,2025-04-15,306214,gallons,,R4,
M-1238,"1766 Cemetery Rd, Wiley, CO 81092",Resident 1238,A-20238,2025-04-15,320820,gallons,,R5,
M-1239,"1773 Grain Elevator Rd, Wiley, CO 81092",Resident 1239,A-20239,2025-04-15,134444,gallons,,R6,
M-1240,"1780 Main St, Wiley, CO 81092",Resident 1240,A-20240,2025-04-15,454555,gallons,,R1,
M-1241,"1787 County Rd 10, Wiley, CO 81092",Resident 1241,A-20241,2025-04-15,272769,gallons,,R2,
M-1242,"1794 County Rd 14, Wiley, CO 81092",Resident 1242,A-20242,2025-04-15,404054,gallons,,R3,
M-1243,"1801 Highway 287, Wiley, CO 81092",Resident 1243,A-20243,2025-04-15,249968,gallons,,R4,
M-1244,"1808 Maple Ave, Wiley, CO 81092",Resident 1244,A-20244,2025-04-15,579413,gallons,,R5,
M-1245,"1815 Oak St, Wiley, CO 81092",Resident 1245,A-20245,2025-04-15,137964,gallons,,R6,
M-1246,"1822 Elm St, Wiley, CO 81092",Resident 1246,A-20246,2025-04-15,248751,gallons,,R1,
M-1247,"1829 3rd Ave, Wiley, CO 81092",Resident 1247,A-20247,2025-04-15,336364,gallons,,R2,
M-1248,"1836 5th St, Wiley, CO 81092",Resident 1248,A-20248,2025-04-15,273191,gallons,,R3,
M-1249,"1843 Ranch Rd, Wiley, CO 81092",Resident 1249,A-20249,2025-04-15,456601,gallons,,R4,
M-1250,"1850 Irrigation Ln, Wiley, CO 81092",Resident 1250,A-20250,2025-04-15,298381,gallons,,R5,
M-1251,"1857 North Frontage, Wiley, CO 81092",Resident 1251,A-20251,2025-04-15,279913,gallons,,R6,
M-1252,"1864 South Loop, Wiley, CO 81092",Resident 1252,A-20252,2025-04-15,295535,gallons,,R1,
M-1253,"1871 Pioneer Rd, Wiley, CO 81092",Resident 1253,A-20253,2025-04-15,224957,gallons,,R2,
M-1254,"1878 Cottonwood Dr, Wiley, CO 81092",Resident 1254,A-20254,2025-04-15,364598,gallons,,R3,
M-1255,"1885 Sand Creek Rd, Wiley, CO 81092",Resident 1255,A-20255,2025-04-15,186735,gallons,,R4,
M-1256,"1892 Prairie View, Wiley, CO 81092",Resident 1256,A-20256,2025-04-15,214825,gallons,,R5,
M-1257,"1899 School House Rd, Wiley, CO 81092",Resident 1257,A-20257,2025-04-15,292229,gallons,,R6,
M-1258,"1906 Cemetery Rd, Wiley, CO 81092",Resident 1258,A-20258,2025-04-15,433220,gallons,,R1,
M-1259,"1913 Grain Elevator Rd, Wiley, CO 81092",Resident 1259,A-20259,2025-04-15,272419,gallons,,R2,
M-1260,"1920 Main St, Wiley, CO 81092",Resident 1260,A-20260,2025-04-15,162786,gallons,,R3,
M-1261,"1927 County Rd 10, Wiley, CO 81092",Resident 1261,A-20261,2025-04-15,412956,gallons,,R4,
M-1262,"1934 County Rd 14, Wiley, CO 81092",Resident 1262,A-20262,2025-04-15,372068,gallons,,R5,
M-1263,"1941 Highway 287, Wiley, CO 81092",Resident 1263,A-20263,2025-04-15,260651,gallons,,R6,
M-1264,"1948 Maple Ave, Wiley, CO 81092",Resident 1264,A-20264,2025-04-15,296890,gallons,,R1,
M-1265,"1955 Oak St, Wiley, CO 81092",Resident 1265,A-20265,2025-04-15,374175,gallons,,R2,
M-1266,"1962 Elm St, Wiley, CO 81092",Resident 1266,A-20266,2025-04-15,114246,gallons,,R3,
M-1267,"1969 3rd Ave, Wiley, CO 81092",Resident 1267,A-20267,2025-04-15,260711,gallons,,R4,
M-1268,"1976 5th St, Wiley, CO 81092",Resident 1268,A-20268,2025-04-15,234697,gallons,,R5,
M-1269,"1983 Ranch Rd, Wiley, CO 81092",Resident 1269,A-20269,2025-04-15,220214,gallons,,R6,
M-1270,"1990 Irrigation Ln, Wiley, CO 81092",Resident 1270,A-20270,2025-04-15,303829,gallons,,R1,
M-1271,"1997 North Frontage, Wiley, CO 81092",Resident 1271,A-20271,2025-04-15,421862,gallons,,R2,
M-1272,"2004 South Loop, Wiley, CO 81092",Resident 1272,A-20272,2025-04-15,425158,gallons,,R3,
M-1273,"2011 Pioneer Rd, Wiley, CO 81092",Resident 1273,A-20273,2025-04-15,452720,gallons,,R4,
M-1274,"2018 Cottonwood Dr, Wiley, CO 81092",Resident 1274,A-20274,2025-04-15,269637,gallons,,R5,
M-1275,"2025 Sand Creek Rd, Wiley, CO 81092",Resident 1275,A-20275,2025-04-15,331844,gallons,,R6,
M-1276,"2032 Prairie View, Wiley, CO 81092",Resident 1276,A-20276,2025-04-15,335085,gallons,,R1,
M-1277,"2039 School House Rd, Wiley, CO 81092",Resident 1277,A-20277,2025-04-15,330474,gallons,,R2,
M-1278,"2046 Cemetery Rd, Wiley, CO 81092",Resident 1278,A-20278,2025-04-15,192915,gallons,,R3,
M-1279,"2053 Grain Elevator Rd, Wiley, CO 81092",Resident 1279,A-20279,2025-04-15,343547,gallons,,R4,
M-1280,"2060 Main St, Wiley, CO 81092",Resident 1280,A-20280,2025-04-15,324356,gallons,,R5,
M-1281,"2067 County Rd 10, Wiley, CO 81092",Resident 1281,A-20281,2025-04-15,206550,gallons,,R6,
M-1282,"2074 County Rd 14, Wiley, CO 81092",Resident 1282,A-20282,2025-04-15,445296,gallons,,R1,
M-1283,"2081 Highway 287, Wiley, CO 81092",Resident 1283,A-20283,2025-04-15,138631,gallons,,R2,
M-1284,"2088 Maple Ave, Wiley, CO 81092",Resident 1284,A-20284,2025-04-15,248234,gallons,,R3,
M-1285,"2095 Oak St, Wiley, CO 81092",Resident 1285,A-20285,2025-04-15,368262,gallons,,R4,
M-1286,"2102 Elm St, Wiley, CO 81092",Resident 1286,A-20286,2025-04-15,450265,gallons,,R5,
M-1287,"2109 3rd Ave, Wiley, CO 81092",Resident 1287,A-20287,2025-04-15,451376,gallons,,R6,
M-1289,"2123 Ranch Rd, Wiley, CO 81092",Resident 1289,A-20289,2025-04-15,291120,gallons,,R2,
M-1290,"2130 Irrigation Ln, Wiley, CO 81092",Resident 1290,A-20290,2025-04-15,161688,gallons,,R3,
M-1291,"2137 North Frontage, Wiley, CO 81092",Resident 1291,A-20291,2025-04-15,236706,gallons,,R4,
M-1292,"2144 South Loop, Wiley, CO 81092",Resident 1292,A-20292,2025-04-15,236914,gallons,,R5,
M-1293,"2151 Pioneer Rd, Wiley, CO 81092",Resident 1293,A-20293,2025-04-15,190121,gallons,,R6,
M-1294,"2158 Cottonwood Dr, Wiley, CO 81092",Resident 1294,A-20294,2025-04-15,200945,gallons,,R1,
M-1295,"2165 Sand Creek Rd, Wiley, CO 81092",Resident 1295,A-20295,2025-04-15,201032,gallons,,R2,
M-1296,"2172 Prairie View, Wiley, CO 81092",Resident 1296,A-20296,2025-04-15,104927,gallons,,R3,
M-1297,"2179 School House Rd, Wiley, CO 81092",Resident 1297,A-20297,2025-04-15,100835,gallons,,R4,
M-1298,"2186 Cemetery Rd, Wiley, CO 81092",Resident 1298,A-20298,2025-04-15,211811,gallons,,R5,
M-1299,"2193 Grain Elevator Rd, Wiley, CO 81092",Resident 1299,A-20299,2025-04-15,329442,gallons,,R6,
M-1300,"2200 Main St, Wiley, CO 81092",Resident 1300,A-20300,2025-04-15,402688,gallons,,R1,
M-1001,"107 County Rd 10, Wiley, CO 81092",Resident 1001,A-20001,2025-05-16,400673,gallons,,R2,
M-1002,"114 County Rd 14, Wiley, CO 81092",Resident 1002,A-20002,2025-05-16,315322,gallons,,R3,
M-1003,"121 Highway 287, Wiley, CO 81092",Resident 1003,A-20003,2025-05-16,146544,gallons,,R4,
M-1004,"128 Maple Ave, Wiley, CO 81092",Resident 1004,A-20004,2025-05-16,353389,gallons,,R5,
M-1005,"135 Oak St, Wiley, CO 81092",Resident 1005,A-20005,2025-05-16,189582,gallons,,R6,
M-1006,"142 Elm St, Wiley, CO 81092",Resident 1006,A-20006,2025-05-16,236251,gallons,,R1,
M-1007,"149 3rd Ave, Wiley, CO 81092",Resident 1007,A-20007,2025-05-16,329903,gallons,,R2,
M-1008,"156 5th St, Wiley, CO 81092",Resident 1008,A-20008,2025-05-16,211923,gallons,,R3,
M-1009,"163 Ranch Rd, Wiley, CO 81092",Resident 1009,A-20009,2025-05-16,169141,gallons,,R4,
M-1010,"170 Irrigation Ln, Wiley, CO 81092",Resident 1010,A-20010,2025-05-16,311016,gallons,,R5,
M-1011,"177 North Frontage, Wiley, CO 81092",Resident 1011,A-20011,2025-05-16,410319,gallons,,R6,
M-1012,"184 South Loop, Wiley, CO 81092",Resident 1012,A-20012,2025-05-16,184224,gallons,,R1,
M-1013,"191 Pioneer Rd, Wiley, CO 81092",Resident 1013,A-20013,2025-05-16,138452,gallons,,R2,
M-1014,"198 Cottonwood Dr, Wiley, CO 81092",Resident 1014,A-20014,2025-05-16,419958,gallons,,R3,
M-1015,"205 Sand Creek Rd, Wiley, CO 81092",Resident 1015,A-20015,2025-05-16,399982,gallons,,R4,
M-1016,"212 Prairie View, Wiley, CO 81092",Resident 1016,A-20016,2025-05-16,111885,gallons,,R5,
M-1017,"219 School House Rd, Wiley, CO 81092",Resident 1017,A-20017,2025-05-16,121788,gallons,,R6,
M-1018,"226 Cemetery Rd, Wiley, CO 81092",Resident 1018,A-20018,2025-05-16,197706,gallons,,R1,
M-1019,"233 Grain Elevator Rd, Wiley, CO 81092",Resident 1019,A-20019,2025-05-16,164676,gallons,,R2,
M-1020,"240 Main St, Wiley, CO 81092",Resident 1020,A-20020,2025-05-16,299114,gallons,,R3,
M-1021,"247 County Rd 10, Wiley, CO 81092",Resident 1021,A-20021,2025-05-16,345011,gallons,,R4,
M-1022,"254 County Rd 14, Wiley, CO 81092",Resident 1022,A-20022,2025-05-16,362326,gallons,,R5,
M-1023,"261 Highway 287, Wiley, CO 81092",Resident 1023,A-20023,2025-05-16,230237,gallons,,R6,
M-1024,"268 Maple Ave, Wiley, CO 81092",Resident 1024,A-20024,2025-05-16,285297,gallons,,R1,
M-1025,"275 Oak St, Wiley, CO 81092",Resident 1025,A-20025,2025-05-16,148602,gallons,,R2,
M-1026,"282 Elm St, Wiley, CO 81092",Resident 1026,A-20026,2025-05-16,173855,gallons,,R3,
M-1027,"289 3rd Ave, Wiley, CO 81092",Resident 1027,A-20027,2025-05-16,326988,gallons,,R4,
M-1028,"296 5th St, Wiley, CO 81092",Resident 1028,A-20028,2025-05-16,124539,gallons,,R5,
M-1029,"303 Ranch Rd, Wiley, CO 81092",Resident 1029,A-20029,2025-05-16,331984,gallons,,R6,
M-1030,"310 Irrigation Ln, Wiley, CO 81092",Resident 1030,A-20030,2025-05-16,253474,gallons,,R1,
M-1031,"317 North Frontage, Wiley, CO 81092",Resident 1031,A-20031,2025-05-16,344574,gallons,,R2,
M-1032,"324 South Loop, Wiley, CO 81092",Resident 1032,A-20032,2025-05-16,237159,gallons,,R3,
M-1033,"331 Pioneer Rd, Wiley, CO 81092",Resident 1033,A-20033,2025-05-16,515982,gallons,,R4,
M-1034,"338 Cottonwood Dr, Wiley, CO 81092",Resident 1034,A-20034,2025-05-16,412610,gallons,,R5,
M-1035,"345 Sand Creek Rd, Wiley, CO 81092",Resident 1035,A-20035,2025-05-16,439728,gallons,,R6,
M-1036,"352 Prairie View, Wiley, CO 81092",Resident 1036,A-20036,2025-05-16,326715,gallons,,R1,
M-1037,"359 School House Rd, Wiley, CO 81092",Resident 1037,A-20037,2025-05-16,213226,gallons,,R2,
M-1038,"366 Cemetery Rd, Wiley, CO 81092",Resident 1038,A-20038,2025-05-16,183601,gallons,,R3,
M-1039,"373 Grain Elevator Rd, Wiley, CO 81092",Resident 1039,A-20039,2025-05-16,281187,gallons,,R4,
M-1040,"380 Main St, Wiley, CO 81092",Resident 1040,A-20040,2025-05-16,216584,gallons,,R5,
M-1041,"387 County Rd 10, Wiley, CO 81092",Resident 1041,A-20041,2025-05-16,129428,gallons,,R6,
M-1042,"394 County Rd 14, Wiley, CO 81092",Resident 1042,A-20042,2025-05-16,395746,gallons,,R1,
M-1043,"401 Highway 287, Wiley, CO 81092",Resident 1043,A-20043,2025-05-16,367269,gallons,,R2,
M-1044,"408 Maple Ave, Wiley, CO 81092",Resident 1044,A-20044,2025-05-16,119502,gallons,,R3,
M-1045,"415 Oak St, Wiley, CO 81092",Resident 1045,A-20045,2025-05-16,295965,gallons,,R4,
M-1046,"422 Elm St, Wiley, CO 81092",Resident 1046,A-20046,2025-05-16,125517,gallons,,R5,
M-1047,"429 3rd Ave, Wiley, CO 81092",Resident 1047,A-20047,2025-05-16,105639,gallons,,R6,
M-1048,"436 5th St, Wiley, CO 81092",Resident 1048,A-20048,2025-05-16,384331,gallons,,R1,
M-1049,"443 Ranch Rd, Wiley, CO 81092",Resident 1049,A-20049,2025-05-16,350949,gallons,,R2,
M-1050,"450 Irrigation Ln, Wiley, CO 81092",Resident 1050,A-20050,2025-05-16,343347,gallons,,R3,
M-1051,"457 North Frontage, Wiley, CO 81092",Resident 1051,A-20051,2025-05-16,376722,gallons,,R4,
M-1052,"464 South Loop, Wiley, CO 81092",Resident 1052,A-20052,2025-05-16,182441,gallons,,R5,
M-1053,"471 Pioneer Rd, Wiley, CO 81092",Resident 1053,A-20053,2025-05-16,148054,gallons,,R6,
M-1054,"478 Cottonwood Dr, Wiley, CO 81092",Resident 1054,A-20054,2025-05-16,360750,gallons,,R1,
M-1056,"492 Prairie View, Wiley, CO 81092",Resident 1056,A-20056,2025-05-16,224445,gallons,,R3,
M-1057,"499 School House Rd, Wiley, CO 81092",Resident 1057,A-20057,2025-05-16,142764,gallons,,R4,
M-1058,"506 Cemetery Rd, Wiley, CO 81092",Resident 1058,A-20058,2025-05-16,425653,gallons,,R5,
M-1059,"513 Grain Elevator Rd, Wiley, CO 81092",Resident 1059,A-20059,2025-05-16,118059,gallons,,R6,
M-1060,"520 Main St, Wiley, CO 81092",Resident 1060,A-20060,2025-05-16,226931,gallons,,R1,
M-1061,"527 County Rd 10, Wiley, CO 81092",Resident 1061,A-20061,2025-05-16,289288,gallons,,R2,
M-1062,"534 County Rd 14, Wiley, CO 81092",Resident 1062,A-20062,2025-05-16,175962,gallons,,R3,
M-1063,"541 Highway 287, Wiley, CO 81092",Resident 1063,A-20063,2025-05-16,393085,gallons,,R4,
M-1064,"548 Maple Ave, Wiley, CO 81092",Resident 1064,A-20064,2025-05-16,248364,gallons,,R5,
M-1065,"555 Oak St, Wiley, CO 81092",Resident 1065,A-20065,2025-05-16,423539,gallons,,R6,
M-1066,"562 Elm St, Wiley, CO 81092",Resident 1066,A-20066,2025-05-16,412571,gallons,,R1,
M-1067,"569 3rd Ave, Wiley, CO 81092",Resident 1067,A-20067,2025-05-16,138241,gallons,,R2,
M-1068,"576 5th St, Wiley, CO 81092",Resident 1068,A-20068,2025-05-16,411670,gallons,,R3,
M-1069,"583 Ranch Rd, Wiley, CO 81092",Resident 1069,A-20069,2025-05-16,170197,gallons,,R4,
M-1070,"590 Irrigation Ln, Wiley, CO 81092",Resident 1070,A-20070,2025-05-16,296150,gallons,,R5,
M-1071,"597 North Frontage, Wiley, CO 81092",Resident 1071,A-20071,2025-05-16,419419,gallons,,R6,
M-1072,"604 South Loop, Wiley, CO 81092",Resident 1072,A-20072,2025-05-16,430236,gallons,,R1,
M-1073,"611 Pioneer Rd, Wiley, CO 81092",Resident 1073,A-20073,2025-05-16,387011,gallons,,R2,
M-1074,"618 Cottonwood Dr, Wiley, CO 81092",Resident 1074,A-20074,2025-05-16,368211,gallons,,R3,
M-1075,"625 Sand Creek Rd, Wiley, CO 81092",Resident 1075,A-20075,2025-05-16,242957,gallons,,R4,
M-1076,"632 Prairie View, Wiley, CO 81092",Resident 1076,A-20076,2025-05-16,225465,gallons,,R5,
M-1077,"639 School House Rd, Wiley, CO 81092",Resident 1077,A-20077,2025-05-16,185344,gallons,,R6,
M-1078,"646 Cemetery Rd, Wiley, CO 81092",Resident 1078,A-20078,2025-05-16,268617,gallons,,R1,
M-1079,"653 Grain Elevator Rd, Wiley, CO 81092",Resident 1079,A-20079,2025-05-16,219126,gallons,,R2,
M-1080,"660 Main St, Wiley, CO 81092",Resident 1080,A-20080,2025-05-16,245835,gallons,,R3,
M-1081,"667 County Rd 10, Wiley, CO 81092",Resident 1081,A-20081,2025-05-16,329064,gallons,,R4,
M-1082,"674 County Rd 14, Wiley, CO 81092",Resident 1082,A-20082,2025-05-16,167533,gallons,,R5,
M-1083,"681 Highway 287, Wiley, CO 81092",Resident 1083,A-20083,2025-05-16,421820,gallons,,R6,
M-1084,"688 Maple Ave, Wiley, CO 81092",Resident 1084,A-20084,2025-05-16,256505,gallons,,R1,
M-1085,"695 Oak St, Wiley, CO 81092",Resident 1085,A-20085,2025-05-16,338617,gallons,,R2,
M-1086,"702 Elm St, Wiley, CO 81092",Resident 1086,A-20086,2025-05-16,255351,gallons,,R3,
M-1087,"709 3rd Ave, Wiley, CO 81092",Resident 1087,A-20087,2025-05-16,161069,gallons,,R4,
M-1088,"716 5th St, Wiley, CO 81092",Resident 1088,A-20088,2025-05-16,96836,gallons,,R5,
M-1089,"723 Ranch Rd, Wiley, CO 81092",Resident 1089,A-20089,2025-05-16,479794,gallons,,R6,
M-1090,"730 Irrigation Ln, Wiley, CO 81092",Resident 1090,A-20090,2025-05-16,446674,gallons,,R1,
M-1091,"737 North Frontage, Wiley, CO 81092",Resident 1091,A-20091,2025-05-16,414010,gallons,,R2,
M-1092,"744 South Loop, Wiley, CO 81092",Resident 1092,A-20092,2025-05-16,138203,gallons,,R3,
M-1093,"751 Pioneer Rd, Wiley, CO 81092",Resident 1093,A-20093,2025-05-16,151471,gallons,,R4,
M-1094,"758 Cottonwood Dr, Wiley, CO 81092",Resident 1094,A-20094,2025-05-16,409869,gallons,,R5,
M-1095,"765 Sand Creek Rd, Wiley, CO 81092",Resident 1095,A-20095,2025-05-16,204082,gallons,,R6,
M-1096,"772 Prairie View, Wiley, CO 81092",Resident 1096,A-20096,2025-05-16,349887,gallons,,R1,
M-1097,"779 School House Rd, Wiley, CO 81092",Resident 1097,A-20097,2025-05-16,246881,gallons,,R2,
M-1098,"786 Cemetery Rd, Wiley, CO 81092",Resident 1098,A-20098,2025-05-16,170421,gallons,,R3,
M-1099,"793 Grain Elevator Rd, Wiley, CO 81092",Resident 1099,A-20099,2025-05-16,276532,gallons,,R4,
M-1100,"800 Main St, Wiley, CO 81092",Resident 1100,A-20100,2025-05-16,156300,gallons,,R5,
M-1101,"807 County Rd 10, Wiley, CO 81092",Resident 1101,A-20101,2025-05-16,251826,gallons,,R6,
M-1102,"814 County Rd 14, Wiley, CO 81092",Resident 1102,A-20102,2025-05-16,312187,gallons,,R1,
M-1103,"821 Highway 287, Wiley, CO 81092",Resident 1103,A-20103,2025-05-16,240696,gallons,,R2,
M-1104,"828 Maple Ave, Wiley, CO 81092",Resident 1104,A-20104,2025-05-16,206740,gallons,,R3,
M-1105,"835 Oak St, Wiley, CO 81092",Resident 1105,A-20105,2025-05-16,326910,gallons,,R4,
M-1106,"842 Elm St, Wiley, CO 81092",Resident 1106,A-20106,2025-05-16,418322,gallons,,R5,
M-1107,"849 3rd Ave, Wiley, CO 81092",Resident 1107,A-20107,2025-05-16,235412,gallons,,R6,
M-1108,"856 5th St, Wiley, CO 81092",Resident 1108,A-20108,2025-05-16,410003,gallons,,R1,
M-1109,"863 Ranch Rd, Wiley, CO 81092",Resident 1109,A-20109,2025-05-16,417905,gallons,,R2,
M-1110,"870 Irrigation Ln, Wiley, CO 81092",Resident 1110,A-20110,2025-05-16,375707,gallons,,R3,
M-1111,"877 North Frontage, Wiley, CO 81092",Resident 1111,A-20111,2025-05-16,106115,gallons,,R4,
M-1112,"884 South Loop, Wiley, CO 81092",Resident 1112,A-20112,2025-05-16,380644,gallons,,R5,
M-1113,"891 Pioneer Rd, Wiley, CO 81092",Resident 1113,A-20113,2025-05-16,233970,gallons,,R6,
M-1114,"898 Cottonwood Dr, Wiley, CO 81092",Resident 1114,A-20114,2025-05-16,435868,gallons,,R1,
M-1115,"905 Sand Creek Rd, Wiley, CO 81092",Resident 1115,A-20115,2025-05-16,171577,gallons,,R2,
M-1116,"912 Prairie View, Wiley, CO 81092",Resident 1116,A-20116,2025-05-16,195471,gallons,,R3,
M-1117,"919 School House Rd, Wiley, CO 81092",Resident 1117,A-20117,2025-05-16,237721,gallons,,R4,
M-1118,"926 Cemetery Rd, Wiley, CO 81092",Resident 1118,A-20118,2025-05-16,149603,gallons,,R5,
M-1119,"933 Grain Elevator Rd, Wiley, CO 81092",Resident 1119,A-20119,2025-05-16,179793,gallons,,R6,
M-1120,"940 Main St, Wiley, CO 81092",Resident 1120,A-20120,2025-05-16,396682,gallons,,R1,
M-1121,"947 County Rd 10, Wiley, CO 81092",Resident 1121,A-20121,2025-05-16,183288,gallons,,R2,
M-1122,"954 County Rd 14, Wiley, CO 81092",Resident 1122,A-20122,2025-05-16,266233,gallons,,R3,
M-1123,"961 Highway 287, Wiley, CO 81092",Resident 1123,A-20123,2025-05-16,254565,gallons,,R4,
M-1124,"968 Maple Ave, Wiley, CO 81092",Resident 1124,A-20124,2025-05-16,401133,gallons,,R5,
M-1125,"975 Oak St, Wiley, CO 81092",Resident 1125,A-20125,2025-05-16,200999,gallons,,R6,
M-1126,"982 Elm St, Wiley, CO 81092",Resident 1126,A-20126,2025-05-16,261730,gallons,,R1,
M-1127,"989 3rd Ave, Wiley, CO 81092",Resident 1127,A-20127,2025-05-16,198629,gallons,,R2,
M-1128,"996 5th St, Wiley, CO 81092",Resident 1128,A-20128,2025-05-16,465579,gallons,,R3,
M-1129,"1003 Ranch Rd, Wiley, CO 81092",Resident 1129,A-20129,2025-05-16,252925,gallons,,R4,
M-1130,"1010 Irrigation Ln, Wiley, CO 81092",Resident 1130,A-20130,2025-05-16,381111,gallons,,R5,
M-1131,"1017 North Frontage, Wiley, CO 81092",Resident 1131,A-20131,2025-05-16,347815,gallons,,R6,
M-1132,"1024 South Loop, Wiley, CO 81092",Resident 1132,A-20132,2025-05-16,261819,gallons,,R1,
M-1133,"1031 Pioneer Rd, Wiley, CO 81092",Resident 1133,A-20133,2025-05-16,144240,gallons,,R2,
M-1134,"1038 Cottonwood Dr, Wiley, CO 81092",Resident 1134,A-20134,2025-05-16,152325,gallons,,R3,
M-1135,"1045 Sand Creek Rd, Wiley, CO 81092",Resident 1135,A-20135,2025-05-16,449088,gallons,,R4,
M-1136,"1052 Prairie View, Wiley, CO 81092",Resident 1136,A-20136,2025-05-16,325822,gallons,,R5,
M-1137,"1059 School House Rd, Wiley, CO 81092",Resident 1137,A-20137,2025-05-16,247376,gallons,,R6,
M-1138,"1066 Cemetery Rd, Wiley, CO 81092",Resident 1138,A-20138,2025-05-16,114398,gallons,,R1,
M-1139,"1073 Grain Elevator Rd, Wiley, CO 81092",Resident 1139,A-20139,2025-05-16,83648,gallons,,R2,
M-1140,"1080 Main St, Wiley, CO 81092",Resident 1140,A-20140,2025-05-16,285787,gallons,,R3,
M-1141,"1087 County Rd 10, Wiley, CO 81092",Resident 1141,A-20141,2025-05-16,179372,gallons,,R4,
M-1142,"1094 County Rd 14, Wiley, CO 81092",Resident 1142,A-20142,2025-05-16,412021,gallons,,R5,
M-1143,"1101 Highway 287, Wiley, CO 81092",Resident 1143,A-20143,2025-05-16,269310,gallons,,R6,
M-1144,"1108 Maple Ave, Wiley, CO 81092",Resident 1144,A-20144,2025-05-16,159384,gallons,,R1,
M-1145,"1115 Oak St, Wiley, CO 81092",Resident 1145,A-20145,2025-05-16,312766,gallons,,R2,
M-1146,"1122 Elm St, Wiley, CO 81092",Resident 1146,A-20146,2025-05-16,372521,gallons,,R3,
M-1147,"1129 3rd Ave, Wiley, CO 81092",Resident 1147,A-20147,2025-05-16,347168,gallons,,R4,
M-1148,"1136 5th St, Wiley, CO 81092",Resident 1148,A-20148,2025-05-16,376917,gallons,,R5,
M-1149,"1143 Ranch Rd, Wiley, CO 81092",Resident 1149,A-20149,2025-05-16,127974,gallons,,R6,
M-1150,"1150 Irrigation Ln, Wiley, CO 81092",Resident 1150,A-20150,2025-05-16,165939,gallons,,R1,
M-1151,"1157 North Frontage, Wiley, CO 81092",Resident 1151,A-20151,2025-05-16,155953,gallons,,R2,
M-1152,"1164 South Loop, Wiley, CO 81092",Resident 1152,A-20152,2025-05-16,155329,gallons,,R3,
M-1153,"1171 Pioneer Rd, Wiley, CO 81092",Resident 1153,A-20153,2025-05-16,388038,gallons,,R4,
M-1154,"1178 Cottonwood Dr, Wiley, CO 81092",Resident 1154,A-20154,2025-05-16,122401,gallons,,R5,
M-1155,"1185 Sand Creek Rd, Wiley, CO 81092",Resident 1155,A-20155,2025-05-16,311859,gallons,,R6,
M-1156,"1192 Prairie View, Wiley, CO 81092",Resident 1156,A-20156,2025-05-16,605430,gallons,,R1,
M-1157,"1199 School House Rd, Wiley, CO 81092",Resident 1157,A-20157,2025-05-16,402977,gallons,,R2,
M-1158,"1206 Cemetery Rd, Wiley, CO 81092",Resident 1158,A-20158,2025-05-16,169148,gallons,,R3,
M-1159,"1213 Grain Elevator Rd, Wiley, CO 81092",Resident 1159,A-20159,2025-05-16,337841,gallons,,R4,
M-1160,"1220 Main St, Wiley, CO 81092",Resident 1160,A-20160,2025-05-16,138368,gallons,,R5,
M-1161,"1227 County Rd 10, Wiley, CO 81092",Resident 1161,A-20161,2025-05-16,148475,gallons,,R6,
M-1162,"1234 County Rd 14, Wiley, CO 81092",Resident 1162,A-20162,2025-05-16,292037,gallons,,R1,
M-1163,"1241 Highway 287, Wiley, CO 81092",Resident 1163,A-20163,2025-05-16,272010,gallons,,R2,
M-1164,"1248 Maple Ave, Wiley, CO 81092",Resident 1164,A-20164,2025-05-16,145523,gallons,,R3,
M-1165,"1255 Oak St, Wiley, CO 81092",Resident 1165,A-20165,2025-05-16,299392,gallons,,R4,
M-1166,"1262 Elm St, Wiley, CO 81092",Resident 1166,A-20166,2025-05-16,242113,gallons,,R5,
M-1167,"1269 3rd Ave, Wiley, CO 81092",Resident 1167,A-20167,2025-05-16,222855,gallons,,R6,
M-1168,"1276 5th St, Wiley, CO 81092",Resident 1168,A-20168,2025-05-16,481290,gallons,,R1,
M-1169,"1283 Ranch Rd, Wiley, CO 81092",Resident 1169,A-20169,2025-05-16,176181,gallons,,R2,
M-1171,"1297 North Frontage, Wiley, CO 81092",Resident 1171,A-20171,2025-05-16,373553,gallons,,R4,
M-1172,"1304 South Loop, Wiley, CO 81092",Resident 1172,A-20172,2025-05-16,304642,gallons,,R5,
M-1173,"1311 Pioneer Rd, Wiley, CO 81092",Resident 1173,A-20173,2025-05-16,431363,gallons,,R6,
M-1174,"1318 Cottonwood Dr, Wiley, CO 81092",Resident 1174,A-20174,2025-05-16,163988,gallons,,R1,
M-1175,"1325 Sand Creek Rd, Wiley, CO 81092",Resident 1175,A-20175,2025-05-16,230228,gallons,,R2,
M-1176,"1332 Prairie View, Wiley, CO 81092",Resident 1176,A-20176,2025-05-16,156675,gallons,,R3,
M-1177,"1339 School House Rd, Wiley, CO 81092",Resident 1177,A-20177,2025-05-16,221627,gallons,,R4,
M-1178,"1346 Cemetery Rd, Wiley, CO 81092",Resident 1178,A-20178,2025-05-16,347858,gallons,,R5,
M-1179,"1353 Grain Elevator Rd, Wiley, CO 81092",Resident 1179,A-20179,2025-05-16,106148,gallons,,R6,
M-1180,"1360 Main St, Wiley, CO 81092",Resident 1180,A-20180,2025-05-16,203908,gallons,,R1,
M-1181,"1367 County Rd 10, Wiley, CO 81092",Resident 1181,A-20181,2025-05-16,305584,gallons,,R2,
M-1182,"1374 County Rd 14, Wiley, CO 81092",Resident 1182,A-20182,2025-05-16,302115,gallons,,R3,
M-1183,"1381 Highway 287, Wiley, CO 81092",Resident 1183,A-20183,2025-05-16,242230,gallons,,R4,
M-1184,"1388 Maple Ave, Wiley, CO 81092",Resident 1184,A-20184,2025-05-16,219907,gallons,,R5,
M-1185,"1395 Oak St, Wiley, CO 81092",Resident 1185,A-20185,2025-05-16,203878,gallons,,R6,
M-1186,"1402 Elm St, Wiley, CO 81092",Resident 1186,A-20186,2025-05-16,151027,gallons,,R1,
M-1187,"1409 3rd Ave, Wiley, CO 81092",Resident 1187,A-20187,2025-05-16,324123,gallons,,R2,
M-1188,"1416 5th St, Wiley, CO 81092",Resident 1188,A-20188,2025-05-16,128379,gallons,,R3,
M-1189,"1423 Ranch Rd, Wiley, CO 81092",Resident 1189,A-20189,2025-05-16,364735,gallons,,R4,
M-1190,"1430 Irrigation Ln, Wiley, CO 81092",Resident 1190,A-20190,2025-05-16,204008,gallons,,R5,
M-1191,"1437 North Frontage, Wiley, CO 81092",Resident 1191,A-20191,2025-05-16,185952,gallons,,R6,
M-1192,"1444 South Loop, Wiley, CO 81092",Resident 1192,A-20192,2025-05-16,343001,gallons,,R1,
M-1193,"1451 Pioneer Rd, Wiley, CO 81092",Resident 1193,A-20193,2025-05-16,314086,gallons,,R2,
M-1194,"1458 Cottonwood Dr, Wiley, CO 81092",Resident 1194,A-20194,2025-05-16,244534,gallons,,R3,
M-1195,"1465 Sand Creek Rd, Wiley, CO 81092",Resident 1195,A-20195,2025-05-16,233827,gallons,,R4,
M-1196,"1472 Prairie View, Wiley, CO 81092",Resident 1196,A-20196,2025-05-16,231282,gallons,,R5,
M-1197,"1479 School House Rd, Wiley, CO 81092",Resident 1197,A-20197,2025-05-16,83917,gallons,,R6,
M-1198,"1486 Cemetery Rd, Wiley, CO 81092",Resident 1198,A-20198,2025-05-16,467221,gallons,,R1,
M-1199,"1493 Grain Elevator Rd, Wiley, CO 81092",Resident 1199,A-20199,2025-05-16,199471,gallons,,R2,
M-1200,"1500 Main St, Wiley, CO 81092",Resident 1200,A-20200,2025-05-16,317907,gallons,,R3,
M-1201,"1507 County Rd 10, Wiley, CO 81092",Resident 1201,A-20201,2025-05-16,244973,gallons,,R4,
M-1202,"1514 County Rd 14, Wiley, CO 81092",Resident 1202,A-20202,2025-05-16,225713,gallons,,R5,
M-1203,"1521 Highway 287, Wiley, CO 81092",Resident 1203,A-20203,2025-05-16,135527,gallons,,R6,
M-1204,"1528 Maple Ave, Wiley, CO 81092",Resident 1204,A-20204,2025-05-16,239568,gallons,,R1,
M-1205,"1535 Oak St, Wiley, CO 81092",Resident 1205,A-20205,2025-05-16,274683,gallons,,R2,
M-1206,"1542 Elm St, Wiley, CO 81092",Resident 1206,A-20206,2025-05-16,411796,gallons,,R3,
M-1207,"1549 3rd Ave, Wiley, CO 81092",Resident 1207,A-20207,2025-05-16,358974,gallons,,R4,
M-1208,"1556 5th St, Wiley, CO 81092",Resident 1208,A-20208,2025-05-16,323654,gallons,,R5,
M-1209,"1563 Ranch Rd, Wiley, CO 81092",Resident 1209,A-20209,2025-05-16,357877,gallons,,R6,
M-1210,"1570 Irrigation Ln, Wiley, CO 81092",Resident 1210,A-20210,2025-05-16,251475,gallons,,R1,
M-1211,"1577 North Frontage, Wiley, CO 81092",Resident 1211,A-20211,2025-05-16,145685,gallons,,R2,
M-1212,"1584 South Loop, Wiley, CO 81092",Resident 1212,A-20212,2025-05-16,173600,gallons,,R3,
M-1213,"1591 Pioneer Rd, Wiley, CO 81092",Resident 1213,A-20213,2025-05-16,214136,gallons,,R4,
M-1214,"1598 Cottonwood Dr, Wiley, CO 81092",Resident 1214,A-20214,2025-05-16,224824,gallons,,R5,
M-1215,"1605 Sand Creek Rd, Wiley, CO 81092",Resident 1215,A-20215,2025-05-16,416502,gallons,,R6,
M-1216,"1612 Prairie View, Wiley, CO 81092",Resident 1216,A-20216,2025-05-16,267385,gallons,,R1,
M-1217,"1619 School House Rd, Wiley, CO 81092",Resident 1217,A-20217,2025-05-16,100834,gallons,,R2,
M-1218,"1626 Cemetery Rd, Wiley, CO 81092",Resident 1218,A-20218,2025-05-16,137164,gallons,,R3,
M-1219,"1633 Grain Elevator Rd, Wiley, CO 81092",Resident 1219,A-20219,2025-05-16,434281,gallons,,R4,
M-1220,"1640 Main St, Wiley, CO 81092",Resident 1220,A-20220,2025-05-16,335336,gallons,,R5,
M-1221,"1647 County Rd 10, Wiley, CO 81092",Resident 1221,A-20221,2025-05-16,294719,gallons,,R6,
M-1222,"1654 County Rd 14, Wiley, CO 81092",Resident 1222,A-20222,2025-05-16,248267,gallons,,R1,
M-1223,"1661 Highway 287, Wiley, CO 81092",Resident 1223,A-20223,2025-05-16,321012,gallons,,R2,
M-1224,"1668 Maple Ave, Wiley, CO 81092",Resident 1224,A-20224,2025-05-16,431691,gallons,,R3,
M-1225,"1675 Oak St, Wiley, CO 81092",Resident 1225,A-20225,2025-05-16,388260,gallons,,R4,
M-1226,"1682 Elm St, Wiley, CO 81092",Resident 1226,A-20226,2025-05-16,163788,gallons,,R5,
M-1227,"1689 3rd Ave, Wiley, CO 81092",Resident 1227,A-20227,2025-05-16,289697,gallons,,R6,
M-1228,"1696 5th St, Wiley, CO 81092",Resident 1228,A-20228,2025-05-16,417977,gallons,,R1,
M-1229,"1703 Ranch Rd, Wiley, CO 81092",Resident 1229,A-20229,2025-05-16,231977,gallons,,R2,
M-1230,"1710 Irrigation Ln, Wiley, CO 81092",Resident 1230,A-20230,2025-05-16,262144,gallons,,R3,
M-1231,"1717 North Frontage, Wiley, CO 81092",Resident 1231,A-20231,2025-05-16,148186,gallons,,R4,
M-1232,"1724 South Loop, Wiley, CO 81092",Resident 1232,A-20232,2025-05-16,315985,gallons,,R5,
M-1233,"1731 Pioneer Rd, Wiley, CO 81092",Resident 1233,A-20233,2025-05-16,128426,gallons,,R6,
M-1234,"1738 Cottonwood Dr, Wiley, CO 81092",Resident 1234,A-20234,2025-05-16,367775,gallons,,R1,
M-1235,"1745 Sand Creek Rd, Wiley, CO 81092",Resident 1235,A-20235,2025-05-16,386244,gallons,,R2,
M-1236,"1752 Prairie View, Wiley, CO 81092",Resident 1236,A-20236,2025-05-16,229560,gallons,,R3,
M-1237,"1759 School House Rd, Wiley, CO 81092",Resident 1237,A-20237,2025-05-16,316151,gallons,,R4,
M-1238,"1766 Cemetery Rd, Wiley, CO 81092",Resident 1238,A-20238,2025-05-16,326582,gallons,,R5,
M-1239,"1773 Grain Elevator Rd, Wiley, CO 81092",Resident 1239,A-20239,2025-05-16,141901,gallons,,R6,
M-1240,"1780 Main St, Wiley, CO 81092",Resident 1240,A-20240,2025-05-16,461647,gallons,,R1,
M-1241,"1787 County Rd 10, Wiley, CO 81092",Resident 1241,A-20241,2025-05-16,278917,gallons,,R2,
M-1242,"1794 County Rd 14, Wiley, CO 81092",Resident 1242,A-20242,2025-05-16,408216,gallons,,R3,
M-1243,"1801 Highway 287, Wiley, CO 81092",Resident 1243,A-20243,2025-05-16,255442,gallons,,R4,
M-1244,"1808 Maple Ave, Wiley, CO 81092",Resident 1244,A-20244,2025-05-16,603623,gallons,,R5,
M-1245,"1815 Oak St, Wiley, CO 81092",Resident 1245,A-20245,2025-05-16,140841,gallons,,R6,
M-1246,"1822 Elm St, Wiley, CO 81092",Resident 1246,A-20246,2025-05-16,254854,gallons,,R1,
M-1247,"1829 3rd Ave, Wiley, CO 81092",Resident 1247,A-20247,2025-05-16,338790,gallons,,R2,
M-1248,"1836 5th St, Wiley, CO 81092",Resident 1248,A-20248,2025-05-16,281829,gallons,,R3,
M-1249,"1843 Ranch Rd, Wiley, CO 81092",Resident 1249,A-20249,2025-05-16,464557,gallons,,R4,
M-1250,"1850 Irrigation Ln, Wiley, CO 81092",Resident 1250,A-20250,2025-05-16,302612,gallons,,R5,
M-1251,"1857 North Frontage, Wiley, CO 81092",Resident 1251,A-20251,2025-05-16,287662,gallons,,R6,
M-1252,"1864 South Loop, Wiley, CO 81092",Resident 1252,A-20252,2025-05-16,300347,gallons,,R1,
M-1253,"1871 Pioneer Rd, Wiley, CO 81092",Resident 1253,A-20253,2025-05-16,227193,gallons,,R2,
M-1254,"1878 Cottonwood Dr, Wiley, CO 81092",Resident 1254,A-20254,2025-05-16,368157,gallons,,R3,
M-1255,"1885 Sand Creek Rd, Wiley, CO 81092",Resident 1255,A-20255,2025-05-16,195258,gallons,,R4,
M-1256,"1892 Prairie View, Wiley, CO 81092",Resident 1256,A-20256,2025-05-16,223387,gallons,,R5,
M-1257,"1899 School House Rd, Wiley, CO 81092",Resident 1257,A-20257,2025-05-16,294895,gallons,,R6,
M-1258,"1906 Cemetery Rd, Wiley, CO 81092",Resident 1258,A-20258,2025-05-16,438601,gallons,,R1,
M-1259,"1913 Grain Elevator Rd, Wiley, CO 81092",Resident 1259,A-20259,2025-05-16,275737,gallons,,R2,
M-1260,"1920 Main St, Wiley, CO 81092",Resident 1260,A-20260,2025-05-16,165741,gallons,,R3,
M-1261,"1927 County Rd 10, Wiley, CO 81092",Resident 1261,A-20261,2025-05-16,417785,gallons,,R4,
M-1262,"1934 County Rd 14, Wiley, CO 81092",Resident 1262,A-20262,2025-05-16,375446,gallons,,R5,
M-1263,"1941 Highway 287, Wiley, CO 81092",Resident 1263,A-20263,2025-05-16,267839,gallons,,R6,
M-1264,"1948 Maple Ave, Wiley, CO 81092",Resident 1264,A-20264,2025-05-16,301489,gallons,,R1,
M-1265,"1955 Oak St, Wiley, CO 81092",Resident 1265,A-20265,2025-05-16,379401,gallons,,R2,
M-1266,"1962 Elm St, Wiley, CO 81092",Resident 1266,A-20266,2025-05-16,123010,gallons,,R3,
M-1267,"1969 3rd Ave, Wiley, CO 81092",Resident 1267,A-20267,2025-05-16,267074,gallons,,R4,
M-1268,"1976 5th St, Wiley, CO 81092",Resident 1268,A-20268,2025-05-16,239511,gallons,,R5,
M-1269,"1983 Ranch Rd, Wiley, CO 81092",Resident 1269,A-20269,2025-05-16,228121,gallons,,R6,
M-1270,"1990 Irrigation Ln, Wiley, CO 81092",Resident 1270,A-20270,2025-05-16,307379,gallons,,R1,
M-1271,"1997 North Frontage, Wiley, CO 81092",Resident 1271,A-20271,2025-05-16,431658,gallons,,R2,
M-1272,"2004 South Loop, Wiley, CO 81092",Resident 1272,A-20272,2025-05-16,433452,gallons,,R3,
M-1273,"2011 Pioneer Rd, Wiley, CO 81092",Resident 1273,A-20273,2025-05-16,460128,gallons,,R4,
M-1274,"2018 Cottonwood Dr, Wiley, CO 81092",Resident 1274,A-20274,2025-05-16,276841,gallons,,R5,
M-1275,"2025 Sand Creek Rd, Wiley, CO 81092",Resident 1275,A-20275,2025-05-16,336138,gallons,,R6,
M-1276,"2032 Prairie View, Wiley, CO 81092",Resident 1276,A-20276,2025-05-16,342762,gallons,,R1,
M-1277,"2039 School House Rd, Wiley, CO 81092",Resident 1277,A-20277,2025-05-16,336083,gallons,,R2,
M-1278,"2046 Cemetery Rd, Wiley, CO 81092",Resident 1278,A-20278,2025-05-16,197521,gallons,,R3,
M-1279,"2053 Grain Elevator Rd, Wiley, CO 81092",Resident 1279,A-20279,2025-05-16,346572,gallons,,R4,
M-1280,"2060 Main St, Wiley, CO 81092",Resident 1280,A-20280,2025-05-16,327400,gallons,,R5,
M-1281,"2067 County Rd 10, Wiley, CO 81092",Resident 1281,A-20281,2025-05-16,214255,gallons,,R6,
M-1282,"2074 County Rd 14, Wiley, CO 81092",Resident 1282,A-20282,2025-05-16,451290,gallons,,R1,
M-1283,"2081 Highway 287, Wiley, CO 81092",Resident 1283,A-20283,2025-05-16,143969,gallons,,R2,
M-1284,"2088 Maple Ave, Wiley, CO 81092",Resident 1284,A-20284,2025-05-16,254289,gallons,,R3,
M-1285,"2095 Oak St, Wiley, CO 81092",Resident 1285,A-20285,2025-05-16,374708,gallons,,R4,
M-1286,"2102 Elm St, Wiley, CO 81092",Resident 1286,A-20286,2025-05-16,456573,gallons,,R5,
M-1287,"2109 3rd Ave, Wiley, CO 81092",Resident 1287,A-20287,2025-05-16,461347,gallons,,R6,
M-1289,"2123 Ranch Rd, Wiley, CO 81092",Resident 1289,A-20289,2025-05-16,299448,gallons,,R2,
M-1290,"2130 Irrigation Ln, Wiley, CO 81092",Resident 1290,A-20290,2025-05-16,169173,gallons,,R3,
M-1291,"2137 North Frontage, Wiley, CO 81092",Resident 1291,A-20291,2025-05-16,245313,gallons,,R4,
M-1292,"2144 South Loop, Wiley, CO 81092",Resident 1292,A-20292,2025-05-16,240067,gallons,,R5,
M-1293,"2151 Pioneer Rd, Wiley, CO 81092",Resident 1293,A-20293,2025-05-16,193624,gallons,,R6,
M-1294,"2158 Cottonwood Dr, Wiley, CO 81092",Resident 1294,A-20294,2025-05-16,206946,gallons,,R1,
M-1295,"2165 Sand Creek Rd, Wiley, CO 81092",Resident 1295,A-20295,2025-05-16,209021,gallons,,R2,
M-1296,"2172 Prairie View, Wiley, CO 81092",Resident 1296,A-20296,2025-05-16,110947,gallons,,R3,
M-1297,"2179 School House Rd, Wiley, CO 81092",Resident 1297,A-20297,2025-05-16,104828,gallons,,R4,
M-1298,"2186 Cemetery Rd, Wiley, CO 81092",Resident 1298,A-20298,2025-05-16,217172,gallons,,R5,
M-1299,"2193 Grain Elevator Rd, Wiley, CO 81092",Resident 1299,A-20299,2025-05-16,333996,gallons,,R6,
M-1300,"2200 Main St, Wiley, CO 81092",Resident 1300,A-20300,2025-05-16,406554,gallons,,R1,
M-1001,"107 County Rd 10, Wiley, CO 81092",Resident 1001,A-20001,2025-06-12,409479,gallons,,R2,
M-1002,"114 County Rd 14, Wiley, CO 81092",Resident 1002,A-20002,2025-06-12,319537,gallons,,R3,
M-1003,"121 Highway 287, Wiley, CO 81092",Resident 1003,A-20003,2025-06-12,150007,gallons,,R4,
M-1004,"128 Maple Ave, Wiley, CO 81092",Resident 1004,A-20004,2025-06-12,363222,gallons,,R5,
M-1005,"135 Oak St, Wiley, CO 81092",Resident 1005,A-20005,2025-06-12,195153,gallons,,R6,
M-1006,"142 Elm St, Wiley, CO 81092",Resident 1006,A-20006,2025-06-12,241471,gallons,,R1,
M-1007,"149 3rd Ave, Wiley, CO 81092",Resident 1007,A-20007,2025-06-12,336137,gallons,,R2,
M-1008,"156 5th St, Wiley, CO 81092",Resident 1008,A-20008,2025-06-12,216159,gallons,,R3,
M-1009,"163 Ranch Rd, Wiley, CO 81092",Resident 1009,A-20009,2025-06-12,180136,gallons,,R4,
M-1010,"170 Irrigation Ln, Wiley, CO 81092",Resident 1010,A-20010,2025-06-12,314626,gallons,,R5,
M-1011,"177 North Frontage, Wiley, CO 81092",Resident 1011,A-20011,2025-06-12,419751,gallons,,R6,
M-1012,"184 South Loop, Wiley, CO 81092",Resident 1012,A-20012,2025-06-12,193842,gallons,,R1,
M-1013,"191 Pioneer Rd, Wiley, CO 81092",Resident 1013,A-20013,2025-06-12,146886,gallons,,R2,
M-1014,"198 Cottonwood Dr, Wiley, CO 81092",Resident 1014,A-20014,2025-06-12,424244,gallons,,R3,
M-1015,"205 Sand Creek Rd, Wiley, CO 81092",Resident 1015,A-20015,2025-06-12,408948,gallons,,R4,
M-1016,"212 Prairie View, Wiley, CO 81092",Resident 1016,A-20016,2025-06-12,120067,gallons,,R5,
M-1017,"219 School House Rd, Wiley, CO 81092",Resident 1017,A-20017,2025-06-12,124705,gallons,,R6,
M-1018,"226 Cemetery Rd, Wiley, CO 81092",Resident 1018,A-20018,2025-06-12,201260,gallons,,R1,
M-1019,"233 Grain Elevator Rd, Wiley, CO 81092",Resident 1019,A-20019,2025-06-12,168135,gallons,,R2,
M-1020,"240 Main St, Wiley, CO 81092",Resident 1020,A-20020,2025-06-12,305070,gallons,,R3,
M-1021,"247 County Rd 10, Wiley, CO 81092",Resident 1021,A-20021,2025-06-12,350824,gallons,,R4,
M-1022,"254 County Rd 14, Wiley, CO 81092",Resident 1022,A-20022,2025-06-12,370037,gallons,,R5,
M-1023,"261 Highway 287, Wiley, CO 81092",Resident 1023,A-20023,2025-06-12,239452,gallons,,R6,
M-1024,"268 Maple Ave, Wiley, CO 81092",Resident 1024,A-20024,2025-06-12,288498,gallons,,R1,
M-1025,"275 Oak St, Wiley, CO 81092",Resident 1025,A-20025,2025-06-12,158113,gallons,,R2,
M-1026,"282 Elm St, Wiley, CO 81092",Resident 1026,A-20026,2025-06-12,179609,gallons,,R3,
M-1027,"289 3rd Ave, Wiley, CO 81092",Resident 1027,A-20027,2025-06-12,336546,gallons,,R4,
M-1028,"296 5th St, Wiley, CO 81092",Resident 1028,A-20028,2025-06-12,135654,gallons,,R5,
M-1029,"303 Ranch Rd, Wiley, CO 81092",Resident 1029,A-20029,2025-06-12,341689,gallons,,R6,
M-1030,"310 Irrigation Ln, Wiley, CO 81092",Resident 1030,A-20030,2025-06-12,262202,gallons,,R1,
M-1031,"317 North Frontage, Wiley, CO 81092",Resident 1031,A-20031,2025-06-12,353237,gallons,,R2,
M-1032,"324 South Loop, Wiley, CO 81092",Resident 1032,A-20032,2025-06-12,242195,gallons,,R3,
M-1033,"331 Pioneer Rd, Wiley, CO 81092",Resident 1033,A-20033,2025-06-12,549042,gallons,,R4,
M-1034,"338 Cottonwood Dr, Wiley, CO 81092",Resident 1034,A-20034,2025-06-12,423094,gallons,,R5,
M-1035,"345 Sand Creek Rd, Wiley, CO 81092",Resident 1035,A-20035,2025-06-12,446317,gallons,,R6,
M-1036,"352 Prairie View, Wiley, CO 81092",Resident 1036,A-20036,2025-06-12,329892,gallons,,R1,
M-1037,"359 School House Rd, Wiley, CO 81092",Resident 1037,A-20037,2025-06-12,225599,gallons,,R2,
M-1038,"366 Cemetery Rd, Wiley, CO 81092",Resident 1038,A-20038,2025-06-12,187785,gallons,,R3,
M-1039,"373 Grain Elevator Rd, Wiley, CO 81092",Resident 1039,A-20039,2025-06-12,292506,gallons,,R4,
M-1040,"380 Main St, Wiley, CO 81092",Resident 1040,A-20040,2025-06-12,223215,gallons,,R5,
M-1041,"387 County Rd 10, Wiley, CO 81092",Resident 1041,A-20041,2025-06-12,137054,gallons,,R6,
M-1042,"394 County Rd 14, Wiley, CO 81092",Resident 1042,A-20042,2025-06-12,401171,gallons,,R1,
M-1043,"401 Highway 287, Wiley, CO 81092",Resident 1043,A-20043,2025-06-12,371839,gallons,,R2,
M-1044,"408 Maple Ave, Wiley, CO 81092",Resident 1044,A-20044,2025-06-12,124997,gallons,,R3,
M-1045,"415 Oak St, Wiley, CO 81092",Resident 1045,A-20045,2025-06-12,308412,gallons,,R4,
M-1046,"422 Elm St, Wiley, CO 81092",Resident 1046,A-20046,2025-06-12,132567,gallons,,R5,
M-1047,"429 3rd Ave, Wiley, CO 81092",Resident 1047,A-20047,2025-06-12,109346,gallons,,R6,
M-1048,"436 5th St, Wiley, CO 81092",Resident 1048,A-20048,2025-06-12,388181,gallons,,R1,
M-1049,"443 Ranch Rd, Wiley, CO 81092",Resident 1049,A-20049,2025-06-12,357815,gallons,,R2,
M-1050,"450 Irrigation Ln, Wiley, CO 81092",Resident 1050,A-20050,2025-06-12,346815,gallons,,R3,
M-1051,"457 North Frontage, Wiley, CO 81092",Resident 1051,A-20051,2025-06-12,384044,gallons,,R4,
M-1052,"464 South Loop, Wiley, CO 81092",Resident 1052,A-20052,2025-06-12,189901,gallons,,R5,
M-1053,"471 Pioneer Rd, Wiley, CO 81092",Resident 1053,A-20053,2025-06-12,159069,gallons,,R6,
M-1054,"478 Cottonwood Dr, Wiley, CO 81092",Resident 1054,A-20054,2025-06-12,365991,gallons,,R1,
M-1055,"485 Sand Creek Rd, Wiley, CO 81092",Resident 1055,A-20055,2025-06-12,114679,gallons,,R2,
M-1056,"492 Prairie View, Wiley, CO 81092",Resident 1056,A-20056,2025-06-12,234202,gallons,,R3,
M-1057,"499 School House Rd, Wiley, CO 81092",Resident 1057,A-20057,2025-06-12,150599,gallons,,R4,
M-1058,"506 Cemetery Rd, Wiley, CO 81092",Resident 1058,A-20058,2025-06-12,433340,gallons,,R5,
M-1059,"513 Grain Elevator Rd, Wiley, CO 81092",Resident 1059,A-20059,2025-06-12,122097,gallons,,R6,
M-1060,"520 Main St, Wiley, CO 81092",Resident 1060,A-20060,2025-06-12,233687,gallons,,R1,
M-1061,"527 County Rd 10, Wiley, CO 81092",Resident 1061,A-20061,2025-06-12,293364,gallons,,R2,
M-1062,"534 County Rd 14, Wiley, CO 81092",Resident 1062,A-20062,2025-06-12,185521,gallons,,R3,
M-1063,"541 Highway 287, Wiley, CO 81092",Resident 1063,A-20063,2025-06-12,399794,gallons,,R4,
M-1064,"548 Maple Ave, Wiley, CO 81092",Resident 1064,A-20064,2025-06-12,258513,gallons,,R5,
M-1065,"555 Oak St, Wiley, CO 81092",Resident 1065,A-20065,2025-06-12,433539,gallons,,R6,
M-1066,"562 Elm St, Wiley, CO 81092",Resident 1066,A-20066,2025-06-12,420538,gallons,,R1,
M-1067,"569 3rd Ave, Wiley, CO 81092",Resident 1067,A-20067,2025-06-12,148071,gallons,,R2,
M-1068,"576 5th St, Wiley, CO 81092",Resident 1068,A-20068,2025-06-12,416519,gallons,,R3,
M-1069,"583 Ranch Rd, Wiley, CO 81092",Resident 1069,A-20069,2025-06-12,181032,gallons,,R4,
M-1070,"590 Irrigation Ln, Wiley, CO 81092",Resident 1070,A-20070,2025-06-12,300113,gallons,,R5,
M-1071,"597 North Frontage, Wiley, CO 81092",Resident 1071,A-20071,2025-06-12,422473,gallons,,R6,
M-1072,"604 South Loop, Wiley, CO 81092",Resident 1072,A-20072,2025-06-12,441017,gallons,,R1,
M-1073,"611 Pioneer Rd, Wiley, CO 81092",Resident 1073,A-20073,2025-06-12,392086,gallons,,R2,
M-1074,"618 Cottonwood Dr, Wiley, CO 81092",Resident 1074,A-20074,2025-06-12,374095,gallons,,R3,
M-1075,"625 Sand Creek Rd, Wiley, CO 81092",Resident 1075,A-20075,2025-06-12,247012,gallons,,R4,
M-1076,"632 Prairie View, Wiley, CO 81092",Resident 1076,A-20076,2025-06-12,230817,gallons,,R5,
M-1077,"639 School House Rd, Wiley, CO 81092",Resident 1077,A-20077,2025-06-12,189846,gallons,,R6,
M-1078,"646 Cemetery Rd, Wiley, CO 81092",Resident 1078,A-20078,2025-06-12,275915,gallons,,R1,
M-1079,"653 Grain Elevator Rd, Wiley, CO 81092",Resident 1079,A-20079,2025-06-12,226054,gallons,,R2,
M-1080,"660 Main St, Wiley, CO 81092",Resident 1080,A-20080,2025-06-12,252752,gallons,,R3,
M-1081,"667 County Rd 10, Wiley, CO 81092",Resident 1081,A-20081,2025-06-12,339493,gallons,,R4,
M-1082,"674 County Rd 14, Wiley, CO 81092",Resident 1082,A-20082,2025-06-12,173815,gallons,,R5,
M-1083,"681 Highway 287, Wiley, CO 81092",Resident 1083,A-20083,2025-06-12,427087,gallons,,R6,
M-1084,"688 Maple Ave, Wiley, CO 81092",Resident 1084,A-20084,2025-06-12,264313,gallons,,R1,
M-1085,"695 Oak St, Wiley, CO 81092",Resident 1085,A-20085,2025-06-12,346280,gallons,,R2,
M-1086,"702 Elm St, Wiley, CO 81092",Resident 1086,A-20086,2025-06-12,259963,gallons,,R3,
M-1087,"709 3rd Ave, Wiley, CO 81092",Resident 1087,A-20087,2025-06-12,171424,gallons,,R4,
M-1088,"716 5th St, Wiley, CO 81092",Resident 1088,A-20088,2025-06-12,102298,gallons,,R5,
M-1089,"723 Ranch Rd, Wiley, CO 81092",Resident 1089,A-20089,2025-06-12,509322,gallons,,R6,
M-1090,"730 Irrigation Ln, Wiley, CO 81092",Resident 1090,A-20090,2025-06-12,455071,gallons,,R1,
M-1091,"737 North Frontage, Wiley, CO 81092",Resident 1091,A-20091,2025-06-12,423170,gallons,,R2,
M-1092,"744 South Loop, Wiley, CO 81092",Resident 1092,A-20092,2025-06-12,143273,gallons,,R3,
M-1093,"751 Pioneer Rd, Wiley, CO 81092",Resident 1093,A-20093,2025-06-12,160089,gallons,,R4,
M-1094,"758 Cottonwood Dr, Wiley, CO 81092",Resident 1094,A-20094,2025-06-12,420025,gallons,,R5,
M-1095,"765 Sand Creek Rd, Wiley, CO 81092",Resident 1095,A-20095,2025-06-12,209689,gallons,,R6,
M-1096,"772 Prairie View, Wiley, CO 81092",Resident 1096,A-20096,2025-06-12,355094,gallons,,R1,
M-1097,"779 School House Rd, Wiley, CO 81092",Resident 1097,A-20097,2025-06-12,254836,gallons,,R2,
M-1098,"786 Cemetery Rd, Wiley, CO 81092",Resident 1098,A-20098,2025-06-12,178353,gallons,,R3,
M-1099,"793 Grain Elevator Rd, Wiley, CO 81092",Resident 1099,A-20099,2025-06-12,282392,gallons,,R4,
M-1100,"800 Main St, Wiley, CO 81092",Resident 1100,A-20100,2025-06-12,165197,gallons,,R5,
M-1101,"807 County Rd 10, Wiley, CO 81092",Resident 1101,A-20101,2025-06-12,262397,gallons,,R6,
M-1102,"814 County Rd 14, Wiley, CO 81092",Resident 1102,A-20102,2025-06-12,321735,gallons,,R1,
M-1103,"821 Highway 287, Wiley, CO 81092",Resident 1103,A-20103,2025-06-12,245451,gallons,,R2,
M-1104,"828 Maple Ave, Wiley, CO 81092",Resident 1104,A-20104,2025-06-12,217003,gallons,,R3,
M-1105,"835 Oak St, Wiley, CO 81092",Resident 1105,A-20105,2025-06-12,333577,gallons,,R4,
M-1106,"842 Elm St, Wiley, CO 81092",Resident 1106,A-20106,2025-06-12,428069,gallons,,R5,
M-1107,"849 3rd Ave, Wiley, CO 81092",Resident 1107,A-20107,2025-06-12,238559,gallons,,R6,
M-1108,"856 5th St, Wiley, CO 81092",Resident 1108,A-20108,2025-06-12,415677,gallons,,R1,
M-1109,"863 Ranch Rd, Wiley, CO 81092",Resident 1109,A-20109,2025-06-12,421347,gallons,,R2,
M-1110,"870 Irrigation Ln, Wiley, CO 81092",Resident 1110,A-20110,2025-06-12,381786,gallons,,R3,
M-1111,"877 North Frontage, Wiley, CO 81092",Resident 1111,A-20111,2025-06-12,113539,gallons,,R4,
M-1112,"884 South Loop, Wiley, CO 81092",Resident 1112,A-20112,2025-06-12,386052,gallons,,R5,
M-1113,"891 Pioneer Rd, Wiley, CO 81092",Resident 1113,A-20113,2025-06-12,237862,gallons,,R6,
M-1114,"898 Cottonwood Dr, Wiley, CO 81092",Resident 1114,A-20114,2025-06-12,441887,gallons,,R1,
M-1115,"905 Sand Creek Rd, Wiley, CO 81092",Resident 1115,A-20115,2025-06-12,180440,gallons,,R2,
M-1116,"912 Prairie View, Wiley, CO 81092",Resident 1116,A-20116,2025-06-12,204921,gallons,,R3,
M-1117,"919 School House Rd, Wiley, CO 81092",Resident 1117,A-20117,2025-06-12,243633,gallons,,R4,
M-1118,"926 Cemetery Rd, Wiley, CO 81092",Resident 1118,A-20118,2025-06-12,154850,gallons,,R5,
M-1119,"933 Grain Elevator Rd, Wiley, CO 81092",Resident 1119,A-20119,2025-06-12,190195,gallons,,R6,
M-1120,"940 Main St, Wiley, CO 81092",Resident 1120,A-20120,2025-06-12,405477,gallons,,R1,
M-1121,"947 County Rd 10, Wiley, CO 81092",Resident 1121,A-20121,2025-06-12,190574,gallons,,R2,
M-1122,"954 County Rd 14, Wiley, CO 81092",Resident 1122,A-20122,2025-06-12,276787,gallons,,R3,
M-1123,"961 Highway 287, Wiley, CO 81092",Resident 1123,A-20123,2025-06-12,263129,gallons,,R4,
M-1124,"968 Maple Ave, Wiley, CO 81092",Resident 1124,A-20124,2025-06-12,405155,gallons,,R5,
M-1125,"975 Oak St, Wiley, CO 81092",Resident 1125,A-20125,2025-06-12,207356,gallons,,R6,
M-1126,"982 Elm St, Wiley, CO 81092",Resident 1126,A-20126,2025-06-12,265866,gallons,,R1,
M-1127,"989 3rd Ave, Wiley, CO 81092",Resident 1127,A-20127,2025-06-12,204054,gallons,,R2,
M-1128,"996 5th St, Wiley, CO 81092",Resident 1128,A-20128,2025-06-12,477895,gallons,,R3,
M-1129,"1003 Ranch Rd, Wiley, CO 81092",Resident 1129,A-20129,2025-06-12,263380,gallons,,R4,
M-1130,"1010 Irrigation Ln, Wiley, CO 81092",Resident 1130,A-20130,2025-06-12,389483,gallons,,R5,
M-1131,"1017 North Frontage, Wiley, CO 81092",Resident 1131,A-20131,2025-06-12,353728,gallons,,R6,
M-1132,"1024 South Loop, Wiley, CO 81092",Resident 1132,A-20132,2025-06-12,273730,gallons,,R1,
M-1133,"1031 Pioneer Rd, Wiley, CO 81092",Resident 1133,A-20133,2025-06-12,152388,gallons,,R2,
M-1134,"1038 Cottonwood Dr, Wiley, CO 81092",Resident 1134,A-20134,2025-06-12,159255,gallons,,R3,
M-1135,"1045 Sand Creek Rd, Wiley, CO 81092",Resident 1135,A-20135,2025-06-12,457494,gallons,,R4,
M-1136,"1052 Prairie View, Wiley, CO 81092",Resident 1136,A-20136,2025-06-12,333688,gallons,,R5,
M-1137,"1059 School House Rd, Wiley, CO 81092",Resident 1137,A-20137,2025-06-12,254812,gallons,,R6,
M-1138,"1066 Cemetery Rd, Wiley, CO 81092",Resident 1138,A-20138,2025-06-12,119156,gallons,,R1,
M-1139,"1073 Grain Elevator Rd, Wiley, CO 81092",Resident 1139,A-20139,2025-06-12,88297,gallons,,R2,
M-1140,"1080 Main St, Wiley, CO 81092",Resident 1140,A-20140,2025-06-12,293585,gallons,,R3,
M-1141,"1087 County Rd 10, Wiley, CO 81092",Resident 1141,A-20141,2025-06-12,188886,gallons,,R4,
M-1142,"1094 County Rd 14, Wiley, CO 81092",Resident 1142,A-20142,2025-06-12,415867,gallons,,R5,
M-1143,"1101 Highway 287, Wiley, CO 81092",Resident 1143,A-20143,2025-06-12,280491,gallons,,R6,
M-1144,"1108 Maple Ave, Wiley, CO 81092",Resident 1144,A-20144,2025-06-12,163168,gallons,,R1,
M-1145,"1115 Oak St, Wiley, CO 81092",Resident 1145,A-20145,2025-06-12,317220,gallons,,R2,
M-1146,"1122 Elm St, Wiley, CO 81092",Resident 1146,A-20146,2025-06-12,376632,gallons,,R3,
M-1147,"1129 3rd Ave, Wiley, CO 81092",Resident 1147,A-20147,2025-06-12,356822,gallons,,R4,
M-1148,"1136 5th St, Wiley, CO 81092",Resident 1148,A-20148,2025-06-12,382261,gallons,,R5,
M-1149,"1143 Ranch Rd, Wiley, CO 81092",Resident 1149,A-20149,2025-06-12,139531,gallons,,R6,
M-1150,"1150 Irrigation Ln, Wiley, CO 81092",Resident 1150,A-20150,2025-06-12,173780,gallons,,R1,
M-1151,"1157 North Frontage, Wiley, CO 81092",Resident 1151,A-20151,2025-06-12,166298,gallons,,R2,
M-1152,"1164 South Loop, Wiley, CO 81092",Resident 1152,A-20152,2025-06-12,158946,gallons,,R3,
M-1153,"1171 Pioneer Rd, Wiley, CO 81092",Resident 1153,A-20153,2025-06-12,395606,gallons,,R4,
M-1154,"1178 Cottonwood Dr, Wiley, CO 81092",Resident 1154,A-20154,2025-06-12,130575,gallons,,R5,
M-1155,"1185 Sand Creek Rd, Wiley, CO 81092",Resident 1155,A-20155,2025-06-12,320370,gallons,,R6,
M-1156,"1192 Prairie View, Wiley, CO 81092",Resident 1156,A-20156,2025-06-12,640069,gallons,,R1,
M-1157,"1199 School House Rd, Wiley, CO 81092",Resident 1157,A-20157,2025-06-12,411878,gallons,,R2,
M-1158,"1206 Cemetery Rd, Wiley, CO 81092",Resident 1158,A-20158,2025-06-12,174118,gallons,,R3,
M-1159,"1213 Grain Elevator Rd, Wiley, CO 81092",Resident 1159,A-20159,2025-06-12,348116,gallons,,R4,
M-1160,"1220 Main St, Wiley, CO 81092",Resident 1160,A-20160,2025-06-12,141779,gallons,,R5,
M-1161,"1227 County Rd 10, Wiley, CO 81092",Resident 1161,A-20161,2025-06-12,158913,gallons,,R6,
M-1162,"1234 County Rd 14, Wiley, CO 81092",Resident 1162,A-20162,2025-06-12,303004,gallons,,R1,
M-1163,"1241 Highway 287, Wiley, CO 81092",Resident 1163,A-20163,2025-06-12,276781,gallons,,R2,
M-1164,"1248 Maple Ave, Wiley, CO 81092",Resident 1164,A-20164,2025-06-12,155013,gallons,,R3,
M-1165,"1255 Oak St, Wiley, CO 81092",Resident 1165,A-20165,2025-06-12,308509,gallons,,R4,
M-1166,"1262 Elm St, Wiley, CO 81092",Resident 1166,A-20166,2025-06-12,254166,gallons,,R5,
M-1167,"1269 3rd Ave, Wiley, CO 81092",Resident 1167,A-20167,2025-06-12,228114,gallons,,R6,
M-1168,"1276 5th St, Wiley, CO 81092",Resident 1168,A-20168,2025-06-12,492372,gallons,,R1,
M-1169,"1283 Ranch Rd, Wiley, CO 81092",Resident 1169,A-20169,2025-06-12,186541,gallons,,R2,
M-1170,"1290 Irrigation Ln, Wiley, CO 81092",Resident 1170,A-20170,2025-06-12,280146,gallons,,R3,
M-1171,"1297 North Frontage, Wiley, CO 81092",Resident 1171,A-20171,2025-06-12,377760,gallons,,R4,
M-1172,"1304 South Loop, Wiley, CO 81092",Resident 1172,A-20172,2025-06-12,310642,gallons,,R5,
M-1173,"1311 Pioneer Rd, Wiley, CO 81092",Resident 1173,A-20173,2025-06-12,440259,gallons,,R6,
M-1174,"1318 Cottonwood Dr, Wiley, CO 81092",Resident 1174,A-20174,2025-06-12,169294,gallons,,R1,
M-1175,"1325 Sand Creek Rd, Wiley, CO 81092",Resident 1175,A-20175,2025-06-12,238843,gallons,,R2,
M-1176,"1332 Prairie View, Wiley, CO 81092",Resident 1176,A-20176,2025-06-12,159475,gallons,,R3,
M-1177,"1339 School House Rd, Wiley, CO 81092",Resident 1177,A-20177,2025-06-12,234105,gallons,,R4,
M-1178,"1346 Cemetery Rd, Wiley, CO 81092",Resident 1178,A-20178,2025-06-12,360328,gallons,,R5,
M-1179,"1353 Grain Elevator Rd, Wiley, CO 81092",Resident 1179,A-20179,2025-06-12,111946,gallons,,R6,
M-1180,"1360 Main St, Wiley, CO 81092",Resident 1180,A-20180,2025-06-12,211477,gallons,,R1,
M-1181,"1367 County Rd 10, Wiley, CO 81092",Resident 1181,A-20181,2025-06-12,316681,gallons,,R2,
M-1182,"1374 County Rd 14, Wiley, CO 81092",Resident 1182,A-20182,2025-06-12,307356,gallons,,R3,
M-1183,"1381 Highway 287, Wiley, CO 81092",Resident 1183,A-20183,2025-06-12,251452,gallons,,R4,
M-1184,"1388 Maple Ave, Wiley, CO 81092",Resident 1184,A-20184,2025-06-12,223802,gallons,,R5,
M-1185,"1395 Oak St, Wiley, CO 81092",Resident 1185,A-20185,2025-06-12,214360,gallons,,R6,
M-1186,"1402 Elm St, Wiley, CO 81092",Resident 1186,A-20186,2025-06-12,157974,gallons,,R1,
M-1187,"1409 3rd Ave, Wiley, CO 81092",Resident 1187,A-20187,2025-06-12,334796,gallons,,R2,
M-1188,"1416 5th St, Wiley, CO 81092",Resident 1188,A-20188,2025-06-12,138083,gallons,,R3,
M-1189,"1423 Ranch Rd, Wiley, CO 81092",Resident 1189,A-20189,2025-06-12,374824,gallons,,R4,
M-1190,"1430 Irrigation Ln, Wiley, CO 81092",Resident 1190,A-20190,2025-06-12,208713,gallons,,R5,
M-1191,"1437 North Frontage, Wiley, CO 81092",Resident 1191,A-20191,2025-06-12,190785,gallons,,R6,
M-1192,"1444 South Loop, Wiley, CO 81092",Resident 1192,A-20192,2025-06-12,349659,gallons,,R1,
M-1193,"1451 Pioneer Rd, Wiley, CO 81092",Resident 1193,A-20193,2025-06-12,324958,gallons,,R2,
M-1194,"1458 Cottonwood Dr, Wiley, CO 81092",Resident 1194,A-20194,2025-06-12,249535,gallons,,R3,
M-1195,"1465 Sand Creek Rd, Wiley, CO 81092",Resident 1195,A-20195,2025-06-12,244051,gallons,,R4,
M-1196,"1472 Prairie View, Wiley, CO 81092",Resident 1196,A-20196,2025-06-12,240514,gallons,,R5,
M-1197,"1479 School House Rd, Wiley, CO 81092",Resident 1197,A-20197,2025-06-12,87301,gallons,,R6,
M-1198,"1486 Cemetery Rd, Wiley, CO 81092",Resident 1198,A-20198,2025-06-12,476825,gallons,,R1,
M-1199,"1493 Grain Elevator Rd, Wiley, CO 81092",Resident 1199,A-20199,2025-06-12,206407,gallons,,R2,
M-1200,"1500 Main St, Wiley, CO 81092",Resident 1200,A-20200,2025-06-12,325833,gallons,,R3,
M-1201,"1507 County Rd 10, Wiley, CO 81092",Resident 1201,A-20201,2025-06-12,247790,gallons,,R4,
M-1202,"1514 County Rd 14, Wiley, CO 81092",Resident 1202,A-20202,2025-06-12,229733,gallons,,R5,
M-1203,"1521 Highway 287, Wiley, CO 81092",Resident 1203,A-20203,2025-06-12,142469,gallons,,R6,
M-1204,"1528 Maple Ave, Wiley, CO 81092",Resident 1204,A-20204,2025-06-12,246073,gallons,,R1,
M-1205,"1535 Oak St, Wiley, CO 81092",Resident 1205,A-20205,2025-06-12,280582,gallons,,R2,
M-1206,"1542 Elm St, Wiley, CO 81092",Resident 1206,A-20206,2025-06-12,415316,gallons,,R3,
M-1207,"1549 3rd Ave, Wiley, CO 81092",Resident 1207,A-20207,2025-06-12,365026,gallons,,R4,
M-1208,"1556 5th St, Wiley, CO 81092",Resident 1208,A-20208,2025-06-12,333844,gallons,,R5,
M-1209,"1563 Ranch Rd, Wiley, CO 81092",Resident 1209,A-20209,2025-06-12,361471,gallons,,R6,
M-1210,"1570 Irrigation Ln, Wiley, CO 81092",Resident 1210,A-20210,2025-06-12,255799,gallons,,R1,
M-1211,"1577 North Frontage, Wiley, CO 81092",Resident 1211,A-20211,2025-06-12,157771,gallons,,R2,
M-1212,"1584 South Loop, Wiley, CO 81092",Resident 1212,A-20212,2025-06-12,182001,gallons,,R3,
M-1213,"1591 Pioneer Rd, Wiley, CO 81092",Resident 1213,A-20213,2025-06-12,217338,gallons,,R4,
M-1214,"1598 Cottonwood Dr, Wiley, CO 81092",Resident 1214,A-20214,2025-06-12,234993,gallons,,R5,
M-1215,"1605 Sand Creek Rd, Wiley, CO 81092",Resident 1215,A-20215,2025-06-12,425814,gallons,,R6,
M-1216,"1612 Prairie View, Wiley, CO 81092",Resident 1216,A-20216,2025-06-12,277793,gallons,,R1,
M-1217,"1619 School House Rd, Wiley, CO 81092",Resident 1217,A-20217,2025-06-12,105521,gallons,,R2,
M-1218,"1626 Cemetery Rd, Wiley, CO 81092",Resident 1218,A-20218,2025-06-12,141106,gallons,,R3,
M-1219,"1633 Grain Elevator Rd, Wiley, CO 81092",Resident 1219,A-20219,2025-06-12,443889,gallons,,R4,
M-1220,"1640 Main St, Wiley, CO 81092",Resident 1220,A-20220,2025-06-12,342946,gallons,,R5,
M-1221,"1647 County Rd 10, Wiley, CO 81092",Resident 1221,A-20221,2025-06-12,304689,gallons,,R6,
M-1222,"1654 County Rd 14, Wiley, CO 81092",Resident 1222,A-20222,2025-06-12,253336,gallons,,R1,
M-1223,"1661 Highway 287, Wiley, CO 81092",Resident 1223,A-20223,2025-06-12,326550,gallons,,R2,
M-1224,"1668 Maple Ave, Wiley, CO 81092",Resident 1224,A-20224,2025-06-12,441165,gallons,,R3,
M-1225,"1675 Oak St, Wiley, CO 81092",Resident 1225,A-20225,2025-06-12,396580,gallons,,R4,
M-1226,"1682 Elm St, Wiley, CO 81092",Resident 1226,A-20226,2025-06-12,172157,gallons,,R5,
M-1227,"1689 3rd Ave, Wiley, CO 81092",Resident 1227,A-20227,2025-06-12,294375,gallons,,R6,
M-1228,"1696 5th St, Wiley, CO 81092",Resident 1228,A-20228,2025-06-12,427896,gallons,,R1,
M-1229,"1703 Ranch Rd, Wiley, CO 81092",Resident 1229,A-20229,2025-06-12,244112,gallons,,R2,
M-1230,"1710 Irrigation Ln, Wiley, CO 81092",Resident 1230,A-20230,2025-06-12,274394,gallons,,R3,
M-1231,"1717 North Frontage, Wiley, CO 81092",Resident 1231,A-20231,2025-06-12,159555,gallons,,R4,
M-1232,"1724 South Loop, Wiley, CO 81092",Resident 1232,A-20232,2025-06-12,321273,gallons,,R5,
M-1233,"1731 Pioneer Rd, Wiley, CO 81092",Resident 1233,A-20233,2025-06-12,138425,gallons,,R6,
M-1234,"1738 Cottonwood Dr, Wiley, CO 81092",Resident 1234,A-20234,2025-06-12,374738,gallons,,R1,
M-1235,"1745 Sand Creek Rd, Wiley, CO 81092",Resident 1235,A-20235,2025-06-12,394287,gallons,,R2,
M-1236,"1752 Prairie View, Wiley, CO 81092",Resident 1236,A-20236,2025-06-12,239295,gallons,,R3,
M-1237,"1759 School House Rd, Wiley, CO 81092",Resident 1237,A-20237,2025-06-12,326808,gallons,,R4,
M-1238,"1766 Cemetery Rd, Wiley, CO 81092",Resident 1238,A-20238,2025-06-12,334590,gallons,,R5,
M-1239,"1773 Grain Elevator Rd, Wiley, CO 81092",Resident 1239,A-20239,2025-06-12,149451,gallons,,R6,
M-1240,"1780 Main St, Wiley, CO 81092",Resident 1240,A-20240,2025-06-12,471530,gallons,,R1,
M-1241,"1787 County Rd 10, Wiley, CO 81092",Resident 1241,A-20241,2025-06-12,288015,gallons,,R2,
M-1242,"1794 County Rd 14, Wiley, CO 81092",Resident 1242,A-20242,2025-06-12,412281,gallons,,R3,
M-1243,"1801 Highway 287, Wiley, CO 81092",Resident 1243,A-20243,2025-06-12,261241,gallons,,R4,
M-1244,"1808 Maple Ave, Wiley, CO 81092",Resident 1244,A-20244,2025-06-12,628615,gallons,,R5,
M-1245,"1815 Oak St, Wiley, CO 81092",Resident 1245,A-20245,2025-06-12,144244,gallons,,R6,
M-1246,"1822 Elm St, Wiley, CO 81092",Resident 1246,A-20246,2025-06-12,261804,gallons,,R1,
M-1247,"1829 3rd Ave, Wiley, CO 81092",Resident 1247,A-20247,2025-06-12,342262,gallons,,R2,
M-1248,"1836 5th St, Wiley, CO 81092",Resident 1248,A-20248,2025-06-12,292356,gallons,,R3,
M-1249,"1843 Ranch Rd, Wiley, CO 81092",Resident 1249,A-20249,2025-06-12,474552,gallons,,R4,
M-1250,"1850 Irrigation Ln, Wiley, CO 81092",Resident 1250,A-20250,2025-06-12,308807,gallons,,R5,
M-1251,"1857 North Frontage, Wiley, CO 81092",Resident 1251,A-20251,2025-06-12,297720,gallons,,R6,
M-1252,"1864 South Loop, Wiley, CO 81092",Resident 1252,A-20252,2025-06-12,305991,gallons,,R1,
M-1253,"1871 Pioneer Rd, Wiley, CO 81092",Resident 1253,A-20253,2025-06-12,230474,gallons,,R2,
M-1254,"1878 Cottonwood Dr, Wiley, CO 81092",Resident 1254,A-20254,2025-06-12,371963,gallons,,R3,
M-1255,"1885 Sand Creek Rd, Wiley, CO 81092",Resident 1255,A-20255,2025-06-12,206390,gallons,,R4,
M-1256,"1892 Prairie View, Wiley, CO 81092",Resident 1256,A-20256,2025-06-12,234159,gallons,,R5,
M-1257,"1899 School House Rd, Wiley, CO 81092",Resident 1257,A-20257,2025-06-12,299020,gallons,,R6,
M-1258,"1906 Cemetery Rd, Wiley, CO 81092",Resident 1258,A-20258,2025-06-12,443762,gallons,,R1,
M-1259,"1913 Grain Elevator Rd, Wiley, CO 81092",Resident 1259,A-20259,2025-06-12,279092,gallons,,R2,
M-1260,"1920 Main St, Wiley, CO 81092",Resident 1260,A-20260,2025-06-12,169239,gallons,,R3,
M-1261,"1927 County Rd 10, Wiley, CO 81092",Resident 1261,A-20261,2025-06-12,423786,gallons,,R4,
M-1262,"1934 County Rd 14, Wiley, CO 81092",Resident 1262,A-20262,2025-06-12,378831,gallons,,R5,
M-1263,"1941 Highway 287, Wiley, CO 81092",Resident 1263,A-20263,2025-06-12,276529,gallons,,R6,
M-1264,"1948 Maple Ave, Wiley, CO 81092",Resident 1264,A-20264,2025-06-12,306883,gallons,,R1,
M-1265,"1955 Oak St, Wiley, CO 81092",Resident 1265,A-20265,2025-06-12,385320,gallons,,R2,
M-1266,"1962 Elm St, Wiley, CO 81092",Resident 1266,A-20266,2025-06-12,133554,gallons,,R3,
M-1267,"1969 3rd Ave, Wiley, CO 81092",Resident 1267,A-20267,2025-06-12,274486,gallons,,R4,
M-1268,"1976 5th St, Wiley, CO 81092",Resident 1268,A-20268,2025-06-12,244984,gallons,,R5,
M-1269,"1983 Ranch Rd, Wiley, CO 81092",Resident 1269,A-20269,2025-06-12,236397,gallons,,R6,
M-1270,"1990 Irrigation Ln, Wiley, CO 81092",Resident 1270,A-20270,2025-06-12,311585,gallons,,R1,
M-1271,"1997 North Frontage, Wiley, CO 81092",Resident 1271,A-20271,2025-06-12,443316,gallons,,R2,
M-1272,"2004 South Loop, Wiley, CO 81092",Resident 1272,A-20272,2025-06-12,441774,gallons,,R3,
M-1273,"2011 Pioneer Rd, Wiley, CO 81092",Resident 1273,A-20273,2025-06-12,468499,gallons,,R4,
M-1274,"2018 Cottonwood Dr, Wiley, CO 81092",Resident 1274,A-20274,2025-06-12,284602,gallons,,R5,
M-1275,"2025 Sand Creek Rd, Wiley, CO 81092",Resident 1275,A-20275,2025-06-12,341032,gallons,,R6,
M-1276,"2032 Prairie View, Wiley, CO 81092",Resident 1276,A-20276,2025-06-12,352025,gallons,,R1,
M-1277,"2039 School House Rd, Wiley, CO 81092",Resident 1277,A-20277,2025-06-12,343813,gallons,,R2,
M-1278,"2046 Cemetery Rd, Wiley, CO 81092",Resident 1278,A-20278,2025-06-12,202842,gallons,,R3,
M-1279,"2053 Grain Elevator Rd, Wiley, CO 81092",Resident 1279,A-20279,2025-06-12,350572,gallons,,R4,
M-1280,"2060 Main St, Wiley, CO 81092",Resident 1280,A-20280,2025-06-12,331530,gallons,,R5,
M-1281,"2067 County Rd 10, Wiley, CO 81092",Resident 1281,A-20281,2025-06-12,224075,gallons,,R6,
M-1282,"2074 County Rd 14, Wiley, CO 81092",Resident 1282,A-20282,2025-06-12,459686,gallons,,R1,
M-1283,"2081 Highway 287, Wiley, CO 81092",Resident 1283,A-20283,2025-06-12,150480,gallons,,R2,
M-1284,"2088 Maple Ave, Wiley, CO 81092",Resident 1284,A-20284,2025-06-12,261299,gallons,,R3,
M-1285,"2095 Oak St, Wiley, CO 81092",Resident 1285,A-20285,2025-06-12,381510,gallons,,R4,
M-1286,"2102 Elm St, Wiley, CO 81092",Resident 1286,A-20286,2025-06-12,463653,gallons,,R5,
M-1287,"2109 3rd Ave, Wiley, CO 81092",Resident 1287,A-20287,2025-06-12,472396,gallons,,R6,
M-1288,"2116 5th St, Wiley, CO 81092",Resident 1288,A-20288,2025-06-12,398136,gallons,,R1,
M-1289,"2123 Ranch Rd, Wiley, CO 81092",Resident 1289,A-20289,2025-06-12,309980,gallons,,R2,
M-1290,"2130 Irrigation Ln, Wiley, CO 81092",Resident 1290,A-20290,2025-06-12,178121,gallons,,R3,
M-1291,"2137 North Frontage, Wiley, CO 81092",Resident 1291,A-20291,2025-06-12,254582,gallons,,R4,
M-1292,"2144 South Loop, Wiley, CO 81092",Resident 1292,A-20292,2025-06-12,243776,gallons,,R5,
M-1293,"2151 Pioneer Rd, Wiley, CO 81092",Resident 1293,A-20293,2025-06-12,197080,gallons,,R6,
M-1294,"2158 Cottonwood Dr, Wiley, CO 81092",Resident 1294,A-20294,2025-06-12,214058,gallons,,R1,
M-1295,"2165 Sand Creek Rd, Wiley, CO 81092",Resident 1295,A-20295,2025-06-12,219112,gallons,,R2,
M-1296,"2172 Prairie View, Wiley, CO 81092",Resident 1296,A-20296,2025-06-12,118178,gallons,,R3,
M-1297,"2179 School House Rd, Wiley, CO 81092",Resident 1297,A-20297,2025-06-12,109044,gallons,,R4,
M-1298,"2186 Cemetery Rd, Wiley, CO 81092",Resident 1298,A-20298,2025-06-12,223742,gallons,,R5,
M-1299,"2193 Grain Elevator Rd, Wiley, CO 81092",Resident 1299,A-20299,2025-06-12,339578,gallons,,R6,
M-1300,"2200 Main St, Wiley, CO 81092",Resident 1300,A-20300,2025-06-12,412359,gallons,,R1,
M-1001,"107 County Rd 10, Wiley, CO 81092",Resident 1001,A-20001,2025-07-13,418040,gallons,,R2,
M-1002,"114 County Rd 14, Wiley, CO 81092",Resident 1002,A-20002,2025-07-13,323951,gallons,,R3,
M-1003,"121 Highway 287, Wiley, CO 81092",Resident 1003,A-20003,2025-07-13,153199,gallons,,R4,
M-1004,"128 Maple Ave, Wiley, CO 81092",Resident 1004,A-20004,2025-07-13,375747,gallons,,R5,
M-1005,"135 Oak St, Wiley, CO 81092",Resident 1005,A-20005,2025-07-13,201369,gallons,,R6,
M-1006,"142 Elm St, Wiley, CO 81092",Resident 1006,A-20006,2025-07-13,247355,gallons,,R1,
M-1007,"149 3rd Ave, Wiley, CO 81092",Resident 1007,A-20007,2025-07-13,342323,gallons,,R2,
M-1008,"156 5th St, Wiley, CO 81092",Resident 1008,A-20008,2025-07-13,220919,gallons,,R3,
M-1009,"163 Ranch Rd, Wiley, CO 81092",Resident 1009,A-20009,2025-07-13,190653,gallons,,R4,
M-1010,"170 Irrigation Ln, Wiley, CO 81092",Resident 1010,A-20010,2025-07-13,319240,gallons,,R5,
M-1011,"177 North Frontage, Wiley, CO 81092",Resident 1011,A-20011,2025-07-13,431599,gallons,,R6,
M-1012,"184 South Loop, Wiley, CO 81092",Resident 1012,A-20012,2025-07-13,204620,gallons,,R1,
M-1013,"191 Pioneer Rd, Wiley, CO 81092",Resident 1013,A-20013,2025-07-13,155995,gallons,,R2,
M-1014,"198 Cottonwood Dr, Wiley, CO 81092",Resident 1014,A-20014,2025-07-13,427919,gallons,,R3,
M-1015,"205 Sand Creek Rd, Wiley, CO 81092",Resident 1015,A-20015,2025-07-13,419620,gallons,,R4,
M-1016,"212 Prairie View, Wiley, CO 81092",Resident 1016,A-20016,2025-07-13,128440,gallons,,R5,
M-1017,"219 School House Rd, Wiley, CO 81092",Resident 1017,A-20017,2025-07-13,127901,gallons,,R6,
M-1018,"226 Cemetery Rd, Wiley, CO 81092",Resident 1018,A-20018,2025-07-13,204859,gallons,,R1,
M-1019,"233 Grain Elevator Rd, Wiley, CO 81092",Resident 1019,A-20019,2025-07-13,172075,gallons,,R2,
M-1020,"240 Main St, Wiley, CO 81092",Resident 1020,A-20020,2025-07-13,309720,gallons,,R3,
M-1021,"247 County Rd 10, Wiley, CO 81092",Resident 1021,A-20021,2025-07-13,357027,gallons,,R4,
M-1022,"254 County Rd 14, Wiley, CO 81092",Resident 1022,A-20022,2025-07-13,377805,gallons,,R5,
M-1023,"261 Highway 287, Wiley, CO 81092",Resident 1023,A-20023,2025-07-13,249118,gallons,,R6,
M-1024,"268 Maple Ave, Wiley, CO 81092",Resident 1024,A-20024,2025-07-13,292199,gallons,,R1,
M-1025,"275 Oak St, Wiley, CO 81092",Resident 1025,A-20025,2025-07-13,166373,gallons,,R2,
M-1026,"282 Elm St, Wiley, CO 81092",Resident 1026,A-20026,2025-07-13,185484,gallons,,R3,
M-1027,"289 3rd Ave, Wiley, CO 81092",Resident 1027,A-20027,2025-07-13,347557,gallons,,R4,
M-1028,"296 5th St, Wiley, CO 81092",Resident 1028,A-20028,2025-07-13,144308,gallons,,R5,
M-1029,"303 Ranch Rd, Wiley, CO 81092",Resident 1029,A-20029,2025-07-13,351016,gallons,,R6,
M-1030,"310 Irrigation Ln, Wiley, CO 81092",Resident 1030,A-20030,2025-07-13,271658,gallons,,R1,
M-1031,"317 North Frontage, Wiley, CO 81092",Resident 1031,A-20031,2025-07-13,361470,gallons,,R2,
M-1032,"324 South Loop, Wiley, CO 81092",Resident 1032,A-20032,2025-07-13,248193,gallons,,R3,
M-1033,"331 Pioneer Rd, Wiley, CO 81092",Resident 1033,A-20033,2025-07-13,582498,gallons,,R4,
M-1034,"338 Cottonwood Dr, Wiley, CO 81092",Resident 1034,A-20034,2025-07-13,431453,gallons,,R5,
M-1035,"345 Sand Creek Rd, Wiley, CO 81092",Resident 1035,A-20035,2025-07-13,452430,gallons,,R6,
M-1036,"352 Prairie View, Wiley, CO 81092",Resident 1036,A-20036,2025-07-13,333118,gallons,,R1,
M-1037,"359 School House Rd, Wiley, CO 81092",Resident 1037,A-20037,2025-07-13,238583,gallons,,R2,
M-1038,"366 Cemetery Rd, Wiley, CO 81092",Resident 1038,A-20038,2025-07-13,192910,gallons,,R3,
M-1039,"373 Grain Elevator Rd, Wiley, CO 81092",Resident 1039,A-20039,2025-07-13,303666,gallons,,R4,
M-1040,"380 Main St, Wiley, CO 81092",Resident 1040,A-20040,2025-07-13,231867,gallons,,R5,
M-1041,"387 County Rd 10, Wiley, CO 81092",Resident 1041,A-20041,2025-07-13,144285,gallons,,R6,
M-1042,"394 County Rd 14, Wiley, CO 81092",Resident 1042,A-20042,2025-07-13,406585,gallons,,R1,
M-1043,"401 Highway 287, Wiley, CO 81092",Resident 1043,A-20043,2025-07-13,376470,gallons,,R2,
M-1044,"408 Maple Ave, Wiley, CO 81092",Resident 1044,A-20044,2025-07-13,130076,gallons,,R3,
M-1045,"415 Oak St, Wiley, CO 81092",Resident 1045,A-20045,2025-07-13,318412,gallons,,R4,
M-1046,"422 Elm St, Wiley, CO 81092",Resident 1046,A-20046,2025-07-13,138364,gallons,,R5,
M-1047,"429 3rd Ave, Wiley, CO 81092",Resident 1047,A-20047,2025-07-13,113807,gallons,,R6,
M-1048,"436 5th St, Wiley, CO 81092",Resident 1048,A-20048,2025-07-13,392245,gallons,,R1,
M-1049,"443 Ranch Rd, Wiley, CO 81092",Resident 1049,A-20049,2025-07-13,365147,gallons,,R2,
M-1050,"450 Irrigation Ln, Wiley, CO 81092",Resident 1050,A-20050,2025-07-13,350524,gallons,,R3,
M-1051,"457 North Frontage, Wiley, CO 81092",Resident 1051,A-20051,2025-07-13,390480,gallons,,R4,
M-1052,"464 South Loop, Wiley, CO 81092",Resident 1052,A-20052,2025-07-13,196446,gallons,,R5,
M-1053,"471 Pioneer Rd, Wiley, CO 81092",Resident 1053,A-20053,2025-07-13,169091,gallons,,R6,
M-1054,"478 Cottonwood Dr, Wiley, CO 81092",Resident 1054,A-20054,2025-07-13,371766,gallons,,R1,
M-1055,"485 Sand Creek Rd, Wiley, CO 81092",Resident 1055,A-20055,2025-07-13,117628,gallons,,R2,
M-1056,"492 Prairie View, Wiley, CO 81092",Resident 1056,A-20056,2025-07-13,245814,gallons,,R3,
M-1057,"499 School House Rd, Wiley, CO 81092",Resident 1057,A-20057,2025-07-13,158733,gallons,,R4,
M-1058,"506 Cemetery Rd, Wiley, CO 81092",Resident 1058,A-20058,2025-07-13,442616,gallons,,R5,
M-1059,"513 Grain Elevator Rd, Wiley, CO 81092",Resident 1059,A-20059,2025-07-13,126601,gallons,,R6,
M-1060,"520 Main St, Wiley, CO 81092",Resident 1060,A-20060,2025-07-13,241391,gallons,,R1,
M-1061,"527 County Rd 10, Wiley, CO 81092",Resident 1061,A-20061,2025-07-13,297303,gallons,,R2,
M-1062,"534 County Rd 14, Wiley, CO 81092",Resident 1062,A-20062,2025-07-13,195142,gallons,,R3,
M-1063,"541 Highway 287, Wiley, CO 81092",Resident 1063,A-20063,2025-07-13,405208,gallons,,R4,
M-1064,"548 Maple Ave, Wiley, CO 81092",Resident 1064,A-20064,2025-07-13,269708,gallons,,R5,
M-1065,"555 Oak St, Wiley, CO 81092",Resident 1065,A-20065,2025-07-13,442189,gallons,,R6,
M-1066,"562 Elm St, Wiley, CO 81092",Resident 1066,A-20066,2025-07-13,428106,gallons,,R1,
M-1067,"569 3rd Ave, Wiley, CO 81092",Resident 1067,A-20067,2025-07-13,156867,gallons,,R2,
M-1068,"576 5th St, Wiley, CO 81092",Resident 1068,A-20068,2025-07-13,420983,gallons,,R3,
M-1069,"583 Ranch Rd, Wiley, CO 81092",Resident 1069,A-20069,2025-07-13,192649,gallons,,R4,
M-1070,"590 Irrigation Ln, Wiley, CO 81092",Resident 1070,A-20070,2025-07-13,303781,gallons,,R5,
M-1071,"597 North Frontage, Wiley, CO 81092",Resident 1071,A-20071,2025-07-13,425839,gallons,,R6,
M-1072,"604 South Loop, Wiley, CO 81092",Resident 1072,A-20072,2025-07-13,451795,gallons,,R1,
M-1073,"611 Pioneer Rd, Wiley, CO 81092",Resident 1073,A-20073,2025-07-13,397532,gallons,,R2,
M-1074,"618 Cottonwood Dr, Wiley, CO 81092",Resident 1074,A-20074,2025-07-13,380326,gallons,,R3,
M-1075,"625 Sand Creek Rd, Wiley, CO 81092",Resident 1075,A-20075,2025-07-13,250443,gallons,,R4,
M-1076,"632 Prairie View, Wiley, CO 81092",Resident 1076,A-20076,2025-07-13,236180,gallons,,R5,
M-1077,"639 School House Rd, Wiley, CO 81092",Resident 1077,A-20077,2025-07-13,194297,gallons,,R6,
M-1078,"646 Cemetery Rd, Wiley, CO 81092",Resident 1078,A-20078,2025-07-13,283185,gallons,,R1,
M-1079,"653 Grain Elevator Rd, Wiley, CO 81092",Resident 1079,A-20079,2025-07-13,232932,gallons,,R2,
M-1080,"660 Main St, Wiley, CO 81092",Resident 1080,A-20080,2025-07-13,259883,gallons,,R3,
M-1081,"667 County Rd 10, Wiley, CO 81092",Resident 1081,A-20081,2025-07-13,350024,gallons,,R4,
M-1082,"674 County Rd 14, Wiley, CO 81092",Resident 1082,A-20082,2025-07-13,181689,gallons,,R5,
M-1083,"681 Highway 287, Wiley, CO 81092",Resident 1083,A-20083,2025-07-13,432277,gallons,,R6,
M-1084,"688 Maple Ave, Wiley, CO 81092",Resident 1084,A-20084,2025-07-13,271862,gallons,,R1,
M-1085,"695 Oak St, Wiley, CO 81092",Resident 1085,A-20085,2025-07-13,352915,gallons,,R2,
M-1086,"702 Elm St, Wiley, CO 81092",Resident 1086,A-20086,2025-07-13,265962,gallons,,R3,
M-1087,"709 3rd Ave, Wiley, CO 81092",Resident 1087,A-20087,2025-07-13,181972,gallons,,R4,
M-1088,"716 5th St, Wiley, CO 81092",Resident 1088,A-20088,2025-07-13,108318,gallons,,R5,
M-1089,"723 Ranch Rd, Wiley, CO 81092",Resident 1089,A-20089,2025-07-13,532275,gallons,,R6,
M-1090,"730 Irrigation Ln, Wiley, CO 81092",Resident 1090,A-20090,2025-07-13,463336,gallons,,R1,
M-1091,"737 North Frontage, Wiley, CO 81092",Resident 1091,A-20091,2025-07-13,433451,gallons,,R2,
M-1092,"744 South Loop, Wiley, CO 81092",Resident 1092,A-20092,2025-07-13,148188,gallons,,R3,
M-1093,"751 Pioneer Rd, Wiley, CO 81092",Resident 1093,A-20093,2025-07-13,170155,gallons,,R4,
M-1094,"758 Cottonwood Dr, Wiley, CO 81092",Resident 1094,A-20094,2025-07-13,430412,gallons,,R5,
M-1095,"765 Sand Creek Rd, Wiley, CO 81092",Resident 1095,A-20095,2025-07-13,215788,gallons,,R6,
M-1096,"772 Prairie View, Wiley, CO 81092",Resident 1096,A-20096,2025-07-13,360448,gallons,,R1,
M-1097,"779 School House Rd, Wiley, CO 81092",Resident 1097,A-20097,2025-07-13,262538,gallons,,R2,
M-1098,"786 Cemetery Rd, Wiley, CO 81092",Resident 1098,A-20098,2025-07-13,185331,gallons,,R3,
M-1099,"793 Grain Elevator Rd, Wiley, CO 81092",Resident 1099,A-20099,2025-07-13,288607,gallons,,R4,
M-1100,"800 Main St, Wiley, CO 81092",Resident 1100,A-20100,2025-07-13,175281,gallons,,R5,
M-1101,"807 County Rd 10, Wiley, CO 81092",Resident 1101,A-20101,2025-07-13,271900,gallons,,R6,
M-1102,"814 County Rd 14, Wiley, CO 81092",Resident 1102,A-20102,2025-07-13,330099,gallons,,R1,
M-1103,"821 Highway 287, Wiley, CO 81092",Resident 1103,A-20103,2025-07-13,251391,gallons,,R2,
M-1104,"828 Maple Ave, Wiley, CO 81092",Resident 1104,A-20104,2025-07-13,226577,gallons,,R3,
M-1105,"835 Oak St, Wiley, CO 81092",Resident 1105,A-20105,2025-07-13,339505,gallons,,R4,
M-1106,"842 Elm St, Wiley, CO 81092",Resident 1106,A-20106,2025-07-13,440566,gallons,,R5,
M-1107,"849 3rd Ave, Wiley, CO 81092",Resident 1107,A-20107,2025-07-13,242526,gallons,,R6,
M-1108,"856 5th St, Wiley, CO 81092",Resident 1108,A-20108,2025-07-13,421759,gallons,,R1,
M-1109,"863 Ranch Rd, Wiley, CO 81092",Resident 1109,A-20109,2025-07-13,425101,gallons,,R2,
M-1110,"870 Irrigation Ln, Wiley, CO 81092",Resident 1110,A-20110,2025-07-13,389202,gallons,,R3,
M-1111,"877 North Frontage, Wiley, CO 81092",Resident 1111,A-20111,2025-07-13,120859,gallons,,R4,
M-1112,"884 South Loop, Wiley, CO 81092",Resident 1112,A-20112,2025-07-13,392070,gallons,,R5,
M-1113,"891 Pioneer Rd, Wiley, CO 81092",Resident 1113,A-20113,2025-07-13,241331,gallons,,R6,
M-1114,"898 Cottonwood Dr, Wiley, CO 81092",Resident 1114,A-20114,2025-07-13,446501,gallons,,R1,
M-1115,"905 Sand Creek Rd, Wiley, CO 81092",Resident 1115,A-20115,2025-07-13,188568,gallons,,R2,
M-1116,"912 Prairie View, Wiley, CO 81092",Resident 1116,A-20116,2025-07-13,216568,gallons,,R3,
M-1117,"919 School House Rd, Wiley, CO 81092",Resident 1117,A-20117,2025-07-13,250057,gallons,,R4,
M-1118,"926 Cemetery Rd, Wiley, CO 81092",Resident 1118,A-20118,2025-07-13,159900,gallons,,R5,
M-1119,"933 Grain Elevator Rd, Wiley, CO 81092",Resident 1119,A-20119,2025-07-13,199273,gallons,,R6,
M-1120,"940 Main St, Wiley, CO 81092",Resident 1120,A-20120,2025-07-13,414363,gallons,,R1,
M-1121,"947 County Rd 10, Wiley, CO 81092",Resident 1121,A-20121,2025-07-13,197038,gallons,,R2,
M-1122,"954 County Rd 14, Wiley, CO 81092",Resident 1122,A-20122,2025-07-13,287227,gallons,,R3,
M-1123,"961 Highway 287, Wiley, CO 81092",Resident 1123,A-20123,2025-07-13,272137,gallons,,R4,
M-1124,"968 Maple Ave, Wiley, CO 81092",Resident 1124,A-20124,2025-07-13,409455,gallons,,R5,
M-1125,"975 Oak St, Wiley, CO 81092",Resident 1125,A-20125,2025-07-13,213166,gallons,,R6,
M-1126,"982 Elm St, Wiley, CO 81092",Resident 1126,A-20126,2025-07-13,270536,gallons,,R1,
M-1127,"989 3rd Ave, Wiley, CO 81092",Resident 1127,A-20127,2025-07-13,209418,gallons,,R2,
M-1128,"996 5th St, Wiley, CO 81092",Resident 1128,A-20128,2025-07-13,489385,gallons,,R3,
M-1129,"1003 Ranch Rd, Wiley, CO 81092",Resident 1129,A-20129,2025-07-13,272737,gallons,,R4,
M-1130,"1010 Irrigation Ln, Wiley, CO 81092",Resident 1130,A-20130,2025-07-13,398050,gallons,,R5,
M-1131,"1017 North Frontage, Wiley, CO 81092",Resident 1131,A-20131,2025-07-13,359279,gallons,,R6,
M-1132,"1024 South Loop, Wiley, CO 81092",Resident 1132,A-20132,2025-07-13,284719,gallons,,R1,
M-1133,"1031 Pioneer Rd, Wiley, CO 81092",Resident 1133,A-20133,2025-07-13,160420,gallons,,R2,
M-1134,"1038 Cottonwood Dr, Wiley, CO 81092",Resident 1134,A-20134,2025-07-13,166375,gallons,,R3,
M-1135,"1045 Sand Creek Rd, Wiley, CO 81092",Resident 1135,A-20135,2025-07-13,466129,gallons,,R4,
M-1136,"1052 Prairie View, Wiley, CO 81092",Resident 1136,A-20136,2025-07-13,341605,gallons,,R5,
M-1137,"1059 School House Rd, Wiley, CO 81092",Resident 1137,A-20137,2025-07-13,261651,gallons,,R6,
M-1138,"1066 Cemetery Rd, Wiley, CO 81092",Resident 1138,A-20138,2025-07-13,125101,gallons,,R1,
M-1139,"1073 Grain Elevator Rd, Wiley, CO 81092",Resident 1139,A-20139,2025-07-13,92302,gallons,,R2,
M-1140,"1080 Main St, Wiley, CO 81092",Resident 1140,A-20140,2025-07-13,302791,gallons,,R3,
M-1141,"1087 County Rd 10, Wiley, CO 81092",Resident 1141,A-20141,2025-07-13,198267,gallons,,R4,
M-1142,"1094 County Rd 14, Wiley, CO 81092",Resident 1142,A-20142,2025-07-13,419797,gallons,,R5,
M-1143,"1101 Highway 287, Wiley, CO 81092",Resident 1143,A-20143,2025-07-13,291338,gallons,,R6,
M-1144,"1108 Maple Ave, Wiley, CO 81092",Resident 1144,A-20144,2025-07-13,166454,gallons,,R1,
M-1145,"1115 Oak St, Wiley, CO 81092",Resident 1145,A-20145,2025-07-13,321467,gallons,,R2,
M-1146,"1122 Elm St, Wiley, CO 81092",Resident 1146,A-20146,2025-07-13,380838,gallons,,R3,
M-1147,"1129 3rd Ave, Wiley, CO 81092",Resident 1147,A-20147,2025-07-13,367047,gallons,,R4,
M-1148,"1136 5th St, Wiley, CO 81092",Resident 1148,A-20148,2025-07-13,387485,gallons,,R5,
M-1149,"1143 Ranch Rd, Wiley, CO 81092",Resident 1149,A-20149,2025-07-13,151155,gallons,,R6,
M-1150,"1150 Irrigation Ln, Wiley, CO 81092",Resident 1150,A-20150,2025-07-13,180593,gallons,,R1,
M-1151,"1157 North Frontage, Wiley, CO 81092",Resident 1151,A-20151,2025-07-13,175973,gallons,,R2,
M-1152,"1164 South Loop, Wiley, CO 81092",Resident 1152,A-20152,2025-07-13,162357,gallons,,R3,
M-1153,"1171 Pioneer Rd, Wiley, CO 81092",Resident 1153,A-20153,2025-07-13,403668,gallons,,R4,
M-1154,"1178 Cottonwood Dr, Wiley, CO 81092",Resident 1154,A-20154,2025-07-13,136851,gallons,,R5,
M-1155,"1185 Sand Creek Rd, Wiley, CO 81092",Resident 1155,A-20155,2025-07-13,328711,gallons,,R6,
M-1156,"1192 Prairie View, Wiley, CO 81092",Resident 1156,A-20156,2025-07-13,669716,gallons,,R1,
M-1157,"1199 School House Rd, Wiley, CO 81092",Resident 1157,A-20157,2025-07-13,420717,gallons,,R2,
M-1158,"1206 Cemetery Rd, Wiley, CO 81092",Resident 1158,A-20158,2025-07-13,179059,gallons,,R3,
M-1159,"1213 Grain Elevator Rd, Wiley, CO 81092",Resident 1159,A-20159,2025-07-13,357427,gallons,,R4,
M-1160,"1220 Main St, Wiley, CO 81092",Resident 1160,A-20160,2025-07-13,144787,gallons,,R5,
M-1161,"1227 County Rd 10, Wiley, CO 81092",Resident 1161,A-20161,2025-07-13,169688,gallons,,R6,
M-1162,"1234 County Rd 14, Wiley, CO 81092",Resident 1162,A-20162,2025-07-13,315277,gallons,,R1,
M-1163,"1241 Highway 287, Wiley, CO 81092",Resident 1163,A-20163,2025-07-13,281082,gallons,,R2,
M-1164,"1248 Maple Ave, Wiley, CO 81092",Resident 1164,A-20164,2025-07-13,165658,gallons,,R3,
M-1165,"1255 Oak St, Wiley, CO 81092",Resident 1165,A-20165,2025-07-13,318748,gallons,,R4,
M-1166,"1262 Elm St, Wiley, CO 81092",Resident 1166,A-20166,2025-07-13,265345,gallons,,R5,
M-1167,"1269 3rd Ave, Wiley, CO 81092",Resident 1167,A-20167,2025-07-13,234522,gallons,,R6,
M-1168,"1276 5th St, Wiley, CO 81092",Resident 1168,A-20168,2025-07-13,503379,gallons,,R1,
M-1169,"1283 Ranch Rd, Wiley, CO 81092",Resident 1169,A-20169,2025-07-13,195763,gallons,,R2,
M-1170,"1290 Irrigation Ln, Wiley, CO 81092",Resident 1170,A-20170,2025-07-13,287426,gallons,,R3,
M-1171,"1297 North Frontage, Wiley, CO 81092",Resident 1171,A-20171,2025-07-13,382256,gallons,,R4,
M-1172,"1304 South Loop, Wiley, CO 81092",Resident 1172,A-20172,2025-07-13,316467,gallons,,R5,
M-1173,"1311 Pioneer Rd, Wiley, CO 81092",Resident 1173,A-20173,2025-07-13,447953,gallons,,R6,
M-1174,"1318 Cottonwood Dr, Wiley, CO 81092",Resident 1174,A-20174,2025-07-13,174026,gallons,,R1,
M-1175,"1325 Sand Creek Rd, Wiley, CO 81092",Resident 1175,A-20175,2025-07-13,246582,gallons,,R2,
M-1176,"1332 Prairie View, Wiley, CO 81092",Resident 1176,A-20176,2025-07-13,162482,gallons,,R3,
M-1177,"1339 School House Rd, Wiley, CO 81092",Resident 1177,A-20177,2025-07-13,245594,gallons,,R4,
M-1178,"1346 Cemetery Rd, Wiley, CO 81092",Resident 1178,A-20178,2025-07-13,372397,gallons,,R5,
M-1179,"1353 Grain Elevator Rd, Wiley, CO 81092",Resident 1179,A-20179,2025-07-13,118368,gallons,,R6,
M-1180,"1360 Main St, Wiley, CO 81092",Resident 1180,A-20180,2025-07-13,220272,gallons,,R1,
M-1181,"1367 County Rd 10, Wiley, CO 81092",Resident 1181,A-20181,2025-07-13,326934,gallons,,R2,
M-1182,"1374 County Rd 14, Wiley, CO 81092",Resident 1182,A-20182,2025-07-13,312322,gallons,,R3,
M-1183,"1381 Highway 287, Wiley, CO 81092",Resident 1183,A-20183,2025-07-13,259896,gallons,,R4,
M-1184,"1388 Maple Ave, Wiley, CO 81092",Resident 1184,A-20184,2025-07-13,227548,gallons,,R5,
M-1185,"1395 Oak St, Wiley, CO 81092",Resident 1185,A-20185,2025-07-13,225575,gallons,,R6,
M-1186,"1402 Elm St, Wiley, CO 81092",Resident 1186,A-20186,2025-07-13,164543,gallons,,R1,
M-1187,"1409 3rd Ave, Wiley, CO 81092",Resident 1187,A-20187,2025-07-13,346240,gallons,,R2,
M-1188,"1416 5th St, Wiley, CO 81092",Resident 1188,A-20188,2025-07-13,147273,gallons,,R3,
M-1189,"1423 Ranch Rd, Wiley, CO 81092",Resident 1189,A-20189,2025-07-13,384479,gallons,,R4,
M-1190,"1430 Irrigation Ln, Wiley, CO 81092",Resident 1190,A-20190,2025-07-13,213663,gallons,,R5,
M-1191,"1437 North Frontage, Wiley, CO 81092",Resident 1191,A-20191,2025-07-13,195052,gallons,,R6,
M-1192,"1444 South Loop, Wiley, CO 81092",Resident 1192,A-20192,2025-07-13,356737,gallons,,R1,
M-1193,"1451 Pioneer Rd, Wiley, CO 81092",Resident 1193,A-20193,2025-07-13,334864,gallons,,R2,
M-1194,"1458 Cottonwood Dr, Wiley, CO 81092",Resident 1194,A-20194,2025-07-13,254104,gallons,,R3,
M-1195,"1465 Sand Creek Rd, Wiley, CO 81092",Resident 1195,A-20195,2025-07-13,251759,gallons,,R4,
M-1196,"1472 Prairie View, Wiley, CO 81092",Resident 1196,A-20196,2025-07-13,248571,gallons,,R5,
M-1197,"1479 School House Rd, Wiley, CO 81092",Resident 1197,A-20197,2025-07-13,90640,gallons,,R6,
M-1198,"1486 Cemetery Rd, Wiley, CO 81092",Resident 1198,A-20198,2025-07-13,486018,gallons,,R1,
M-1199,"1493 Grain Elevator Rd, Wiley, CO 81092",Resident 1199,A-20199,2025-07-13,212901,gallons,,R2,
M-1200,"1500 Main St, Wiley, CO 81092",Resident 1200,A-20200,2025-07-13,334091,gallons,,R3,
M-1201,"1507 County Rd 10, Wiley, CO 81092",Resident 1201,A-20201,2025-07-13,250541,gallons,,R4,
M-1202,"1514 County Rd 14, Wiley, CO 81092",Resident 1202,A-20202,2025-07-13,234546,gallons,,R5,
M-1203,"1521 Highway 287, Wiley, CO 81092",Resident 1203,A-20203,2025-07-13,149083,gallons,,R6,
M-1204,"1528 Maple Ave, Wiley, CO 81092",Resident 1204,A-20204,2025-07-13,252833,gallons,,R1,
M-1205,"1535 Oak St, Wiley, CO 81092",Resident 1205,A-20205,2025-07-13,286235,gallons,,R2,
M-1206,"1542 Elm St, Wiley, CO 81092",Resident 1206,A-20206,2025-07-13,419282,gallons,,R3,
M-1207,"1549 3rd Ave, Wiley, CO 81092",Resident 1207,A-20207,2025-07-13,371225,gallons,,R4,
M-1208,"1556 5th St, Wiley, CO 81092",Resident 1208,A-20208,2025-07-13,342431,gallons,,R5,
M-1209,"1563 Ranch Rd, Wiley, CO 81092",Resident 1209,A-20209,2025-07-13,365362,gallons,,R6,
M-1210,"1570 Irrigation Ln, Wiley, CO 81092",Resident 1210,A-20210,2025-07-13,259332,gallons,,R1,
M-1211,"1577 North Frontage, Wiley, CO 81092",Resident 1211,A-20211,2025-07-13,169344,gallons,,R2,
M-1212,"1584 South Loop, Wiley, CO 81092",Resident 1212,A-20212,2025-07-13,190008,gallons,,R3,
M-1213,"1591 Pioneer Rd, Wiley, CO 81092",Resident 1213,A-20213,2025-07-13,221243,gallons,,R4,
M-1214,"1598 Cottonwood Dr, Wiley, CO 81092",Resident 1214,A-20214,2025-07-13,247518,gallons,,R5,
M-1215,"1605 Sand Creek Rd, Wiley, CO 81092",Resident 1215,A-20215,2025-07-13,434718,gallons,,R6,
M-1216,"1612 Prairie View, Wiley, CO 81092",Resident 1216,A-20216,2025-07-13,288807,gallons,,R1,
M-1217,"1619 School House Rd, Wiley, CO 81092",Resident 1217,A-20217,2025-07-13,110414,gallons,,R2,
M-1218,"1626 Cemetery Rd, Wiley, CO 81092",Resident 1218,A-20218,2025-07-13,145516,gallons,,R3,
M-1219,"1633 Grain Elevator Rd, Wiley, CO 81092",Resident 1219,A-20219,2025-07-13,453701,gallons,,R4,
M-1220,"1640 Main St, Wiley, CO 81092",Resident 1220,A-20220,2025-07-13,352078,gallons,,R5,
M-1221,"1647 County Rd 10, Wiley, CO 81092",Resident 1221,A-20221,2025-07-13,313702,gallons,,R6,
M-1222,"1654 County Rd 14, Wiley, CO 81092",Resident 1222,A-20222,2025-07-13,258105,gallons,,R1,
M-1223,"1661 Highway 287, Wiley, CO 81092",Resident 1223,A-20223,2025-07-13,332635,gallons,,R2,
M-1224,"1668 Maple Ave, Wiley, CO 81092",Resident 1224,A-20224,2025-07-13,449974,gallons,,R3,
M-1225,"1675 Oak St, Wiley, CO 81092",Resident 1225,A-20225,2025-07-13,405209,gallons,,R4,
M-1226,"1682 Elm St, Wiley, CO 81092",Resident 1226,A-20226,2025-07-13,179038,gallons,,R5,
M-1227,"1689 3rd Ave, Wiley, CO 81092",Resident 1227,A-20227,2025-07-13,299013,gallons,,R6,
M-1228,"1696 5th St, Wiley, CO 81092",Resident 1228,A-20228,2025-07-13,437213,gallons,,R1,
M-1229,"1703 Ranch Rd, Wiley, CO 81092",Resident 1229,A-20229,2025-07-13,254454,gallons,,R2,
M-1230,"1710 Irrigation Ln, Wiley, CO 81092",Resident 1230,A-20230,2025-07-13,284398,gallons,,R3,
M-1231,"1717 North Frontage, Wiley, CO 81092",Resident 1231,A-20231,2025-07-13,169715,gallons,,R4,
M-1232,"1724 South Loop, Wiley, CO 81092",Resident 1232,A-20232,2025-07-13,326805,gallons,,R5,
M-1233,"1731 Pioneer Rd, Wiley, CO 81092",Resident 1233,A-20233,2025-07-13,148036,gallons,,R6,
M-1234,"1738 Cottonwood Dr, Wiley, CO 81092",Resident 1234,A-20234,2025-07-13,380635,gallons,,R1,
M-1235,"1745 Sand Creek Rd, Wiley, CO 81092",Resident 1235,A-20235,2025-07-13,402357,gallons,,R2,
M-1236,"1752 Prairie View, Wiley, CO 81092",Resident 1236,A-20236,2025-07-13,250379,gallons,,R3,
M-1237,"1759 School House Rd, Wiley, CO 81092",Resident 1237,A-20237,2025-07-13,336907,gallons,,R4,
M-1238,"1766 Cemetery Rd, Wiley, CO 81092",Resident 1238,A-20238,2025-07-13,341644,gallons,,R5,
M-1239,"1773 Grain Elevator Rd, Wiley, CO 81092",Resident 1239,A-20239,2025-07-13,156586,gallons,,R6,
M-1240,"1780 Main St, Wiley, CO 81092",Resident 1240,A-20240,2025-07-13,479339,gallons,,R1,
M-1241,"1787 County Rd 10, Wiley, CO 81092",Resident 1241,A-20241,2025-07-13,296773,gallons,,R2,
M-1242,"1794 County Rd 14, Wiley, CO 81092",Resident 1242,A-20242,2025-07-13,415971,gallons,,R3,
M-1243,"1801 Highway 287, Wiley, CO 81092",Resident 1243,A-20243,2025-07-13,266168,gallons,,R4,
M-1244,"1808 Maple Ave, Wiley, CO 81092",Resident 1244,A-20244,2025-07-13,658529,gallons,,R5,
M-1245,"1815 Oak St, Wiley, CO 81092",Resident 1245,A-20245,2025-07-13,147547,gallons,,R6,
M-1246,"1822 Elm St, Wiley, CO 81092",Resident 1246,A-20246,2025-07-13,268772,gallons,,R1,
M-1247,"1829 3rd Ave, Wiley, CO 81092",Resident 1247,A-20247,2025-07-13,345021,gallons,,R2,
M-1248,"1836 5th St, Wiley, CO 81092",Resident 1248,A-20248,2025-07-13,302037,gallons,,R3,
M-1249,"1843 Ranch Rd, Wiley, CO 81092",Resident 1249,A-20249,2025-07-13,482435,gallons,,R4,
M-1250,"1850 Irrigation Ln, Wiley, CO 81092",Resident 1250,A-20250,2025-07-13,313921,gallons,,R5,
M-1251,"1857 North Frontage, Wiley, CO 81092",Resident 1251,A-20251,2025-07-13,306287,gallons,,R6,
M-1252,"1864 South Loop, Wiley, CO 81092",Resident 1252,A-20252,2025-07-13,312139,gallons,,R1,
M-1253,"1871 Pioneer Rd, Wiley, CO 81092",Resident 1253,A-20253,2025-07-13,233613,gallons,,R2,
M-1254,"1878 Cottonwood Dr, Wiley, CO 81092",Resident 1254,A-20254,2025-07-13,375788,gallons,,R3,
M-1255,"1885 Sand Creek Rd, Wiley, CO 81092",Resident 1255,A-20255,2025-07-13,215628,gallons,,R4,
M-1256,"1892 Prairie View, Wiley, CO 81092",Resident 1256,A-20256,2025-07-13,244762,gallons,,R5,
M-1257,"1899 School House Rd, Wiley, CO 81092",Resident 1257,A-20257,2025-07-13,302816,gallons,,R6,
M-1258,"1906 Cemetery Rd, Wiley, CO 81092",Resident 1258,A-20258,2025-07-13,448905,gallons,,R1,
M-1259,"1913 Grain Elevator Rd, Wiley, CO 81092",Resident 1259,A-20259,2025-07-13,282345,gallons,,R2,
M-1260,"1920 Main St, Wiley, CO 81092",Resident 1260,A-20260,2025-07-13,172505,gallons,,R3,
M-1261,"1927 County Rd 10, Wiley, CO 81092",Resident 1261,A-20261,2025-07-13,431388,gallons,,R4,
M-1262,"1934 County Rd 14, Wiley, CO 81092",Resident 1262,A-20262,2025-07-13,382997,gallons,,R5,
M-1263,"1941 Highway 287, Wiley, CO 81092",Resident 1263,A-20263,2025-07-13,284328,gallons,,R6,
M-1264,"1948 Maple Ave, Wiley, CO 81092",Resident 1264,A-20264,2025-07-13,313039,gallons,,R1,
M-1265,"1955 Oak St, Wiley, CO 81092",Resident 1265,A-20265,2025-07-13,391552,gallons,,R2,
M-1266,"1962 Elm St, Wiley, CO 81092",Resident 1266,A-20266,2025-07-13,144838,gallons,,R3,
M-1267,"1969 3rd Ave, Wiley, CO 81092",Resident 1267,A-20267,2025-07-13,283625,gallons,,R4,
M-1268,"1976 5th St, Wiley, CO 81092",Resident 1268,A-20268,2025-07-13,249813,gallons,,R5,
M-1269,"1983 Ranch Rd, Wiley, CO 81092",Resident 1269,A-20269,2025-07-13,245757,gallons,,R6,
M-1270,"1990 Irrigation Ln, Wiley, CO 81092",Resident 1270,A-20270,2025-07-13,315703,gallons,,R1,
M-1271,"1997 North Frontage, Wiley, CO 81092",Resident 1271,A-20271,2025-07-13,455022,gallons,,R2,
M-1272,"2004 South Loop, Wiley, CO 81092",Resident 1272,A-20272,2025-07-13,450619,gallons,,R3,
M-1273,"2011 Pioneer Rd, Wiley, CO 81092",Resident 1273,A-20273,2025-07-13,477710,gallons,,R4,
M-1274,"2018 Cottonwood Dr, Wiley, CO 81092",Resident 1274,A-20274,2025-07-13,293021,gallons,,R5,
M-1275,"2025 Sand Creek Rd, Wiley, CO 81092",Resident 1275,A-20275,2025-07-13,346230,gallons,,R6,
M-1276,"2032 Prairie View, Wiley, CO 81092",Resident 1276,A-20276,2025-07-13,359943,gallons,,R1,
M-1277,"2039 School House Rd, Wiley, CO 81092",Resident 1277,A-20277,2025-07-13,350406,gallons,,R2,
M-1278,"2046 Cemetery Rd, Wiley, CO 81092",Resident 1278,A-20278,2025-07-13,207463,gallons,,R3,
M-1279,"2053 Grain Elevator Rd, Wiley, CO 81092",Resident 1279,A-20279,2025-07-13,355017,gallons,,R4,
M-1280,"2060 Main St, Wiley, CO 81092",Resident 1280,A-20280,2025-07-13,335577,gallons,,R5,
M-1281,"2067 County Rd 10, Wiley, CO 81092",Resident 1281,A-20281,2025-07-13,234085,gallons,,R6,
M-1282,"2074 County Rd 14, Wiley, CO 81092",Resident 1282,A-20282,2025-07-13,466609,gallons,,R1,
M-1283,"2081 Highway 287, Wiley, CO 81092",Resident 1283,A-20283,2025-07-13,156533,gallons,,R2,
M-1284,"2088 Maple Ave, Wiley, CO 81092",Resident 1284,A-20284,2025-07-13,268896,gallons,,R3,
M-1285,"2095 Oak St, Wiley, CO 81092",Resident 1285,A-20285,2025-07-13,389284,gallons,,R4,
M-1286,"2102 Elm St, Wiley, CO 81092",Resident 1286,A-20286,2025-07-13,470661,gallons,,R5,
M-1287,"2109 3rd Ave, Wiley, CO 81092",Resident 1287,A-20287,2025-07-13,484367,gallons,,R6,
M-1288,"2116 5th St, Wiley, CO 81092",Resident 1288,A-20288,2025-07-13,401707,gallons,,R1,
M-1289,"2123 Ranch Rd, Wiley, CO 81092",Resident 1289,A-20289,2025-07-13,319201,gallons,,R2,
M-1290,"2130 Irrigation Ln, Wiley, CO 81092",Resident 1290,A-20290,2025-07-13,188263,gallons,,R3,
M-1291,"2137 North Frontage, Wiley, CO 81092",Resident 1291,A-20291,2025-07-13,263575,gallons,,R4,
M-1292,"2144 South Loop, Wiley, CO 81092",Resident 1292,A-20292,2025-07-13,247960,gallons,,R5,
M-1293,"2151 Pioneer Rd, Wiley, CO 81092",Resident 1293,A-20293,2025-07-13,201077,gallons,,R6,
M-1294,"2158 Cottonwood Dr, Wiley, CO 81092",Resident 1294,A-20294,2025-07-13,222364,gallons,,R1,
M-1295,"2165 Sand Creek Rd, Wiley, CO 81092",Resident 1295,A-20295,2025-07-13,231043,gallons,,R2,
M-1296,"2172 Prairie View, Wiley, CO 81092",Resident 1296,A-20296,2025-07-13,125200,gallons,,R3,
M-1297,"2179 School House Rd, Wiley, CO 81092",Resident 1297,A-20297,2025-07-13,113249,gallons,,R4,
M-1298,"2186 Cemetery Rd, Wiley, CO 81092",Resident 1298,A-20298,2025-07-13,229238,gallons,,R5,
M-1299,"2193 Grain Elevator Rd, Wiley, CO 81092",Resident 1299,A-20299,2025-07-13,343969,gallons,,R6,
M-1300,"2200 Main St, Wiley, CO 81092",Resident 1300,A-20300,2025-07-13,417477,gallons,,R1,
M-1001,"107 County Rd 10, Wiley, CO 81092",Resident 1001,A-20001,2025-08-14,427266,gallons,,R2,
M-1002,"114 County Rd 14, Wiley, CO 81092",Resident 1002,A-20002,2025-08-14,328533,gallons,,R3,
M-1003,"121 Highway 287, Wiley, CO 81092",Resident 1003,A-20003,2025-08-14,156726,gallons,,R4,
M-1004,"128 Maple Ave, Wiley, CO 81092",Resident 1004,A-20004,2025-08-14,386518,gallons,,R5,
M-1005,"135 Oak St, Wiley, CO 81092",Resident 1005,A-20005,2025-08-14,207541,gallons,,R6,
M-1006,"142 Elm St, Wiley, CO 81092",Resident 1006,A-20006,2025-08-14,253444,gallons,,R1,
M-1007,"149 3rd Ave, Wiley, CO 81092",Resident 1007,A-20007,2025-08-14,348187,gallons,,R2,
M-1008,"156 5th St, Wiley, CO 81092",Resident 1008,A-20008,2025-08-14,225698,gallons,,R3,
M-1009,"163 Ranch Rd, Wiley, CO 81092",Resident 1009,A-20009,2025-08-14,200426,gallons,,R4,
M-1010,"170 Irrigation Ln, Wiley, CO 81092",Resident 1010,A-20010,2025-08-14,322892,gallons,,R5,
M-1011,"177 North Frontage, Wiley, CO 81092",Resident 1011,A-20011,2025-08-14,441980,gallons,,R6,
M-1012,"184 South Loop, Wiley, CO 81092",Resident 1012,A-20012,2025-08-14,214884,gallons,,R1,
M-1013,"191 Pioneer Rd, Wiley, CO 81092",Resident 1013,A-20013,2025-08-14,165964,gallons,,R2,
M-1014,"198 Cottonwood Dr, Wiley, CO 81092",Resident 1014,A-20014,2025-08-14,431594,gallons,,R3,
M-1015,"205 Sand Creek Rd, Wiley, CO 81092",Resident 1015,A-20015,2025-08-14,430193,gallons,,R4,
M-1016,"212 Prairie View, Wiley, CO 81092",Resident 1016,A-20016,2025-08-14,135866,gallons,,R5,
M-1017,"219 School House Rd, Wiley, CO 81092",Resident 1017,A-20017,2025-08-14,130912,gallons,,R6,
M-1018,"226 Cemetery Rd, Wiley, CO 81092",Resident 1018,A-20018,2025-08-14,208365,gallons,,R1,
M-1019,"233 Grain Elevator Rd, Wiley, CO 81092",Resident 1019,A-20019,2025-08-14,176428,gallons,,R2,
M-1020,"240 Main St, Wiley, CO 81092",Resident 1020,A-20020,2025-08-14,315233,gallons,,R3,
M-1021,"247 County Rd 10, Wiley, CO 81092",Resident 1021,A-20021,2025-08-14,361933,gallons,,R4,
M-1022,"254 County Rd 14, Wiley, CO 81092",Resident 1022,A-20022,2025-08-14,385097,gallons,,R5,
M-1023,"261 Highway 287, Wiley, CO 81092",Resident 1023,A-20023,2025-08-14,259191,gallons,,R6,
M-1024,"268 Maple Ave, Wiley, CO 81092",Resident 1024,A-20024,2025-08-14,295645,gallons,,R1,
M-1025,"275 Oak St, Wiley, CO 81092",Resident 1025,A-20025,2025-08-14,175042,gallons,,R2,
M-1026,"282 Elm St, Wiley, CO 81092",Resident 1026,A-20026,2025-08-14,190438,gallons,,R3,
M-1027,"289 3rd Ave, Wiley, CO 81092",Resident 1027,A-20027,2025-08-14,357317,gallons,,R4,
M-1028,"296 5th St, Wiley, CO 81092",Resident 1028,A-20028,2025-08-14,154925,gallons,,R5,
M-1029,"303 Ranch Rd, Wiley, CO 81092",Resident 1029,A-20029,2025-08-14,360949,gallons,,R6,
M-1030,"310 Irrigation Ln, Wiley, CO 81092",Resident 1030,A-20030,2025-08-14,281612,gallons,,R1,
M-1031,"317 North Frontage, Wiley, CO 81092",Resident 1031,A-20031,2025-08-14,368904,gallons,,R2,
M-1032,"324 South Loop, Wiley, CO 81092",Resident 1032,A-20032,2025-08-14,253381,gallons,,R3,
M-1033,"331 Pioneer Rd, Wiley, CO 81092",Resident 1033,A-20033,2025-08-14,614427,gallons,,R4,
M-1034,"338 Cottonwood Dr, Wiley, CO 81092",Resident 1034,A-20034,2025-08-14,441453,gallons,,R5,
M-1035,"345 Sand Creek Rd, Wiley, CO 81092",Resident 1035,A-20035,2025-08-14,458937,gallons,,R6,
M-1036,"352 Prairie View, Wiley, CO 81092",Resident 1036,A-20036,2025-08-14,336080,gallons,,R1,
M-1037,"359 School House Rd, Wiley, CO 81092",Resident 1037,A-20037,2025-08-14,250911,gallons,,R2,
M-1038,"366 Cemetery Rd, Wiley, CO 81092",Resident 1038,A-20038,2025-08-14,197619,gallons,,R3,
M-1039,"373 Grain Elevator Rd, Wiley, CO 81092",Resident 1039,A-20039,2025-08-14,313940,gallons,,R4,
M-1040,"380 Main St, Wiley, CO 81092",Resident 1040,A-20040,2025-08-14,239636,gallons,,R5,
M-1041,"387 County Rd 10, Wiley, CO 81092",Resident 1041,A-20041,2025-08-14,150520,gallons,,R6,
M-1042,"394 County Rd 14, Wiley, CO 81092",Resident 1042,A-20042,2025-08-14,412277,gallons,,R1,
M-1043,"401 Highway 287, Wiley, CO 81092",Resident 1043,A-20043,2025-08-14,380939,gallons,,R2,
M-1044,"408 Maple Ave, Wiley, CO 81092",Resident 1044,A-20044,2025-08-14,135755,gallons,,R3,
M-1045,"415 Oak St, Wiley, CO 81092",Resident 1045,A-20045,2025-08-14,330632,gallons,,R4,
M-1046,"422 Elm St, Wiley, CO 81092",Resident 1046,A-20046,2025-08-14,145768,gallons,,R5,
M-1047,"429 3rd Ave, Wiley, CO 81092",Resident 1047,A-20047,2025-08-14,118102,gallons,,R6,
M-1048,"436 5th St, Wiley, CO 81092",Resident 1048,A-20048,2025-08-14,396536,gallons,,R1,
M-1049,"443 Ranch Rd, Wiley, CO 81092",Resident 1049,A-20049,2025-08-14,372203,gallons,,R2,
M-1050,"450 Irrigation Ln, Wiley, CO 81092",Resident 1050,A-20050,2025-08-14,354804,gallons,,R3,
M-1051,"457 North Frontage, Wiley, CO 81092",Resident 1051,A-20051,2025-08-14,396714,gallons,,R4,
M-1052,"464 South Loop, Wiley, CO 81092",Resident 1052,A-20052,2025-08-14,202638,gallons,,R5,
M-1053,"471 Pioneer Rd, Wiley, CO 81092",Resident 1053,A-20053,2025-08-14,178449,gallons,,R6,
M-1054,"478 Cottonwood Dr, Wiley, CO 81092",Resident 1054,A-20054,2025-08-14,377374,gallons,,R1,
M-1055,"485 Sand Creek Rd, Wiley, CO 81092",Resident 1055,A-20055,2025-08-14,121129,gallons,,R2,
M-1056,"492 Prairie View, Wiley, CO 81092",Resident 1056,A-20056,2025-08-14,257505,gallons,,R3,
M-1057,"499 School House Rd, Wiley, CO 81092",Resident 1057,A-20057,2025-08-14,167282,gallons,,R4,
M-1058,"506 Cemetery Rd, Wiley, CO 81092",Resident 1058,A-20058,2025-08-14,450609,gallons,,R5,
M-1059,"513 Grain Elevator Rd, Wiley, CO 81092",Resident 1059,A-20059,2025-08-14,131556,gallons,,R6,
M-1060,"520 Main St, Wiley, CO 81092",Resident 1060,A-20060,2025-08-14,247484,gallons,,R1,
M-1061,"527 County Rd 10, Wiley, CO 81092",Resident 1061,A-20061,2025-08-14,300672,gallons,,R2,
M-1062,"534 County Rd 14, Wiley, CO 81092",Resident 1062,A-20062,2025-08-14,203251,gallons,,R3,
M-1063,"541 Highway 287, Wiley, CO 81092",Resident 1063,A-20063,2025-08-14,412212,gallons,,R4,
M-1064,"548 Maple Ave, Wiley, CO 81092",Resident 1064,A-20064,2025-08-14,279436,gallons,,R5,
M-1065,"555 Oak St, Wiley, CO 81092",Resident 1065,A-20065,2025-08-14,450715,gallons,,R6,
M-1066,"562 Elm St, Wiley, CO 81092",Resident 1066,A-20066,2025-08-14,434493,gallons,,R1,
M-1067,"569 3rd Ave, Wiley, CO 81092",Resident 1067,A-20067,2025-08-14,165042,gallons,,R2,
M-1068,"576 5th St, Wiley, CO 81092",Resident 1068,A-20068,2025-08-14,425372,gallons,,R3,
M-1069,"583 Ranch Rd, Wiley, CO 81092",Resident 1069,A-20069,2025-08-14,203036,gallons,,R4,
M-1070,"590 Irrigation Ln, Wiley, CO 81092",Resident 1070,A-20070,2025-08-14,308062,gallons,,R5,
M-1071,"597 North Frontage, Wiley, CO 81092",Resident 1071,A-20071,2025-08-14,429434,gallons,,R6,
M-1072,"604 South Loop, Wiley, CO 81092",Resident 1072,A-20072,2025-08-14,462142,gallons,,R1,
M-1073,"611 Pioneer Rd, Wiley, CO 81092",Resident 1073,A-20073,2025-08-14,403369,gallons,,R2,
M-1074,"618 Cottonwood Dr, Wiley, CO 81092",Resident 1074,A-20074,2025-08-14,386675,gallons,,R3,
M-1075,"625 Sand Creek Rd, Wiley, CO 81092",Resident 1075,A-20075,2025-08-14,254809,gallons,,R4,
M-1076,"632 Prairie View, Wiley, CO 81092",Resident 1076,A-20076,2025-08-14,242257,gallons,,R5,
M-1077,"639 School House Rd, Wiley, CO 81092",Resident 1077,A-20077,2025-08-14,198555,gallons,,R6,
M-1078,"646 Cemetery Rd, Wiley, CO 81092",Resident 1078,A-20078,2025-08-14,290226,gallons,,R1,
M-1079,"653 Grain Elevator Rd, Wiley, CO 81092",Resident 1079,A-20079,2025-08-14,238435,gallons,,R2,
M-1080,"660 Main St, Wiley, CO 81092",Resident 1080,A-20080,2025-08-14,268242,gallons,,R3,
M-1081,"667 County Rd 10, Wiley, CO 81092",Resident 1081,A-20081,2025-08-14,360935,gallons,,R4,
M-1082,"674 County Rd 14, Wiley, CO 81092",Resident 1082,A-20082,2025-08-14,188243,gallons,,R5,
M-1083,"681 Highway 287, Wiley, CO 81092",Resident 1083,A-20083,2025-08-14,436378,gallons,,R6,
M-1084,"688 Maple Ave, Wiley, CO 81092",Resident 1084,A-20084,2025-08-14,279136,gallons,,R1,
M-1085,"695 Oak St, Wiley, CO 81092",Resident 1085,A-20085,2025-08-14,359846,gallons,,R2,
M-1086,"702 Elm St, Wiley, CO 81092",Resident 1086,A-20086,2025-08-14,270823,gallons,,R3,
M-1087,"709 3rd Ave, Wiley, CO 81092",Resident 1087,A-20087,2025-08-14,191324,gallons,,R4,
M-1088,"716 5th St, Wiley, CO 81092",Resident 1088,A-20088,2025-08-14,113416,gallons,,R5,
M-1089,"723 Ranch Rd, Wiley, CO 81092",Resident 1089,A-20089,2025-08-14,556128,gallons,,R6,
M-1090,"730 Irrigation Ln, Wiley, CO 81092",Resident 1090,A-20090,2025-08-14,471587,gallons,,R1,
M-1091,"737 North Frontage, Wiley, CO 81092",Resident 1091,A-20091,2025-08-14,442415,gallons,,R2,
M-1092,"744 South Loop, Wiley, CO 81092",Resident 1092,A-20092,2025-08-14,153773,gallons,,R3,
M-1093,"751 Pioneer Rd, Wiley, CO 81092",Resident 1093,A-20093,2025-08-14,179775,gallons,,R4,
M-1094,"758 Cottonwood Dr, Wiley, CO 81092",Resident 1094,A-20094,2025-08-14,440959,gallons,,R5,
M-1095,"765 Sand Creek Rd, Wiley, CO 81092",Resident 1095,A-20095,2025-08-14,221286,gallons,,R6,
M-1096,"772 Prairie View, Wiley, CO 81092",Resident 1096,A-20096,2025-08-14,365347,gallons,,R1,
M-1097,"779 School House Rd, Wiley, CO 81092",Resident 1097,A-20097,2025-08-14,270662,gallons,,R2,
M-1098,"786 Cemetery Rd, Wiley, CO 81092",Resident 1098,A-20098,2025-08-14,193006,gallons,,R3,
M-1099,"793 Grain Elevator Rd, Wiley, CO 81092",Resident 1099,A-20099,2025-08-14,293791,gallons,,R4,
M-1100,"800 Main St, Wiley, CO 81092",Resident 1100,A-20100,2025-08-14,184092,gallons,,R5,
M-1101,"807 County Rd 10, Wiley, CO 81092",Resident 1101,A-20101,2025-08-14,281795,gallons,,R6,
M-1102,"814 County Rd 14, Wiley, CO 81092",Resident 1102,A-20102,2025-08-14,340130,gallons,,R1,
M-1103,"821 Highway 287, Wiley, CO 81092",Resident 1103,A-20103,2025-08-14,257461,gallons,,R2,
M-1104,"828 Maple Ave, Wiley, CO 81092",Resident 1104,A-20104,2025-08-14,236637,gallons,,R3,
M-1105,"835 Oak St, Wiley, CO 81092",Resident 1105,A-20105,2025-08-14,346971,gallons,,R4,
M-1106,"842 Elm St, Wiley, CO 81092",Resident 1106,A-20106,2025-08-14,451264,gallons,,R5,
M-1107,"849 3rd Ave, Wiley, CO 81092",Resident 1107,A-20107,2025-08-14,246228,gallons,,R6,
M-1108,"856 5th St, Wiley, CO 81092",Resident 1108,A-20108,2025-08-14,426757,gallons,,R1,
M-1109,"863 Ranch Rd, Wiley, CO 81092",Resident 1109,A-20109,2025-08-14,428853,gallons,,R2,
M-1110,"870 Irrigation Ln, Wiley, CO 81092",Resident 1110,A-20110,2025-08-14,395805,gallons,,R3,
M-1111,"877 North Frontage, Wiley, CO 81092",Resident 1111,A-20111,2025-08-14,127734,gallons,,R4,
M-1112,"884 South Loop, Wiley, CO 81092",Resident 1112,A-20112,2025-08-14,397835,gallons,,R5,
M-1113,"891 Pioneer Rd, Wiley, CO 81092",Resident 1113,A-20113,2025-08-14,244595,gallons,,R6,
M-1114,"898 Cottonwood Dr, Wiley, CO 81092",Resident 1114,A-20114,2025-08-14,451123,gallons,,R1,
M-1115,"905 Sand Creek Rd, Wiley, CO 81092",Resident 1115,A-20115,2025-08-14,197239,gallons,,R2,
M-1116,"912 Prairie View, Wiley, CO 81092",Resident 1116,A-20116,2025-08-14,228940,gallons,,R3,
M-1117,"919 School House Rd, Wiley, CO 81092",Resident 1117,A-20117,2025-08-14,257092,gallons,,R4,
M-1118,"926 Cemetery Rd, Wiley, CO 81092",Resident 1118,A-20118,2025-08-14,165949,gallons,,R5,
M-1119,"933 Grain Elevator Rd, Wiley, CO 81092",Resident 1119,A-20119,2025-08-14,210644,gallons,,R6,
M-1120,"940 Main St, Wiley, CO 81092",Resident 1120,A-20120,2025-08-14,423650,gallons,,R1,
M-1121,"947 County Rd 10, Wiley, CO 81092",Resident 1121,A-20121,2025-08-14,204548,gallons,,R2,
M-1122,"954 County Rd 14, Wiley, CO 81092",Resident 1122,A-20122,2025-08-14,297893,gallons,,R3,
M-1123,"961 Highway 287, Wiley, CO 81092",Resident 1123,A-20123,2025-08-14,281304,gallons,,R4,
M-1124,"968 Maple Ave, Wiley, CO 81092",Resident 1124,A-20124,2025-08-14,414090,gallons,,R5,
M-1125,"975 Oak St, Wiley, CO 81092",Resident 1125,A-20125,2025-08-14,219541,gallons,,R6,
M-1126,"982 Elm St, Wiley, CO 81092",Resident 1126,A-20126,2025-08-14,275397,gallons,,R1,
M-1127,"989 3rd Ave, Wiley, CO 81092",Resident 1127,A-20127,2025-08-14,215903,gallons,,R2,
M-1128,"996 5th St, Wiley, CO 81092",Resident 1128,A-20128,2025-08-14,500454,gallons,,R3,
M-1129,"1003 Ranch Rd, Wiley, CO 81092",Resident 1129,A-20129,2025-08-14,281806,gallons,,R4,
M-1130,"1010 Irrigation Ln, Wiley, CO 81092",Resident 1130,A-20130,2025-08-14,407212,gallons,,R5,
M-1131,"1017 North Frontage, Wiley, CO 81092",Resident 1131,A-20131,2025-08-14,364321,gallons,,R6,
M-1132,"1024 South Loop, Wiley, CO 81092",Resident 1132,A-20132,2025-08-14,294656,gallons,,R1,
M-1133,"1031 Pioneer Rd, Wiley, CO 81092",Resident 1133,A-20133,2025-08-14,168629,gallons,,R2,
M-1134,"1038 Cottonwood Dr, Wiley, CO 81092",Resident 1134,A-20134,2025-08-14,174391,gallons,,R3,
M-1135,"1045 Sand Creek Rd, Wiley, CO 81092",Resident 1135,A-20135,2025-08-14,476949,gallons,,R4,
M-1136,"1052 Prairie View, Wiley, CO 81092",Resident 1136,A-20136,2025-08-14,349382,gallons,,R5,
M-1137,"1059 School House Rd, Wiley, CO 81092",Resident 1137,A-20137,2025-08-14,268058,gallons,,R6,
M-1138,"1066 Cemetery Rd, Wiley, CO 81092",Resident 1138,A-20138,2025-08-14,130197,gallons,,R1,
M-1139,"1073 Grain Elevator Rd, Wiley, CO 81092",Resident 1139,A-20139,2025-08-14,97416,gallons,,R2,
M-1140,"1080 Main St, Wiley, CO 81092",Resident 1140,A-20140,2025-08-14,311438,gallons,,R3,
M-1141,"1087 County Rd 10, Wiley, CO 81092",Resident 1141,A-20141,2025-08-14,205454,gallons,,R4,
M-1142,"1094 County Rd 14, Wiley, CO 81092",Resident 1142,A-20142,2025-08-14,424167,gallons,,R5,
M-1143,"1101 Highway 287, Wiley, CO 81092",Resident 1143,A-20143,2025-08-14,301810,gallons,,R6,
M-1144,"1108 Maple Ave, Wiley, CO 81092",Resident 1144,A-20144,2025-08-14,169517,gallons,,R1,
M-1145,"1115 Oak St, Wiley, CO 81092",Resident 1145,A-20145,2025-08-14,325867,gallons,,R2,
M-1146,"1122 Elm St, Wiley, CO 81092",Resident 1146,A-20146,2025-08-14,385947,gallons,,R3,
M-1147,"1129 3rd Ave, Wiley, CO 81092",Resident 1147,A-20147,2025-08-14,375695,gallons,,R4,
M-1148,"1136 5th St, Wiley, CO 81092",Resident 1148,A-20148,2025-08-14,392836,gallons,,R5,
M-1149,"1143 Ranch Rd, Wiley, CO 81092",Resident 1149,A-20149,2025-08-14,161576,gallons,,R6,
M-1150,"1150 Irrigation Ln, Wiley, CO 81092",Resident 1150,A-20150,2025-08-14,187895,gallons,,R1,
M-1151,"1157 North Frontage, Wiley, CO 81092",Resident 1151,A-20151,2025-08-14,186669,gallons,,R2,
M-1152,"1164 South Loop, Wiley, CO 81092",Resident 1152,A-20152,2025-08-14,165774,gallons,,R3,
M-1153,"1171 Pioneer Rd, Wiley, CO 81092",Resident 1153,A-20153,2025-08-14,411862,gallons,,R4,
M-1154,"1178 Cottonwood Dr, Wiley, CO 81092",Resident 1154,A-20154,2025-08-14,144436,gallons,,R5,
M-1155,"1185 Sand Creek Rd, Wiley, CO 81092",Resident 1155,A-20155,2025-08-14,339445,gallons,,R6,
M-1156,"1192 Prairie View, Wiley, CO 81092",Resident 1156,A-20156,2025-08-14,704357,gallons,,R1,
M-1157,"1199 School House Rd, Wiley, CO 81092",Resident 1157,A-20157,2025-08-14,428743,gallons,,R2,
M-1158,"1206 Cemetery Rd, Wiley, CO 81092",Resident 1158,A-20158,2025-08-14,185214,gallons,,R3,
M-1159,"1213 Grain Elevator Rd, Wiley, CO 81092",Resident 1159,A-20159,2025-08-14,367531,gallons,,R4,
M-1160,"1220 Main St, Wiley, CO 81092",Resident 1160,A-20160,2025-08-14,147611,gallons,,R5,
M-1161,"1227 County Rd 10, Wiley, CO 81092",Resident 1161,A-20161,2025-08-14,179244,gallons,,R6,
M-1162,"1234 County Rd 14, Wiley, CO 81092",Resident 1162,A-20162,2025-08-14,325395,gallons,,R1,
M-1163,"1241 Highway 287, Wiley, CO 81092",Resident 1163,A-20163,2025-08-14,285469,gallons,,R2,
M-1164,"1248 Maple Ave, Wiley, CO 81092",Resident 1164,A-20164,2025-08-14,175081,gallons,,R3,
M-1165,"1255 Oak St, Wiley, CO 81092",Resident 1165,A-20165,2025-08-14,326604,gallons,,R4,
M-1166,"1262 Elm St, Wiley, CO 81092",Resident 1166,A-20166,2025-08-14,278039,gallons,,R5,
M-1167,"1269 3rd Ave, Wiley, CO 81092",Resident 1167,A-20167,2025-08-14,240753,gallons,,R6,
M-1168,"1276 5th St, Wiley, CO 81092",Resident 1168,A-20168,2025-08-14,515410,gallons,,R1,
M-1169,"1283 Ranch Rd, Wiley, CO 81092",Resident 1169,A-20169,2025-08-14,206163,gallons,,R2,
M-1170,"1290 Irrigation Ln, Wiley, CO 81092",Resident 1170,A-20170,2025-08-14,294690,gallons,,R3,
M-1171,"1297 North Frontage, Wiley, CO 81092",Resident 1171,A-20171,2025-08-14,386510,gallons,,R4,
M-1172,"1304 South Loop, Wiley, CO 81092",Resident 1172,A-20172,2025-08-14,321828,gallons,,R5,
M-1173,"1311 Pioneer Rd, Wiley, CO 81092",Resident 1173,A-20173,2025-08-14,455689,gallons,,R6,
M-1174,"1318 Cottonwood Dr, Wiley, CO 81092",Resident 1174,A-20174,2025-08-14,178915,gallons,,R1,
M-1175,"1325 Sand Creek Rd, Wiley, CO 81092",Resident 1175,A-20175,2025-08-14,254550,gallons,,R2,
M-1176,"1332 Prairie View, Wiley, CO 81092",Resident 1176,A-20176,2025-08-14,165924,gallons,,R3,
M-1177,"1339 School House Rd, Wiley, CO 81092",Resident 1177,A-20177,2025-08-14,257854,gallons,,R4,
M-1178,"1346 Cemetery Rd, Wiley, CO 81092",Resident 1178,A-20178,2025-08-14,384534,gallons,,R5,
M-1179,"1353 Grain Elevator Rd, Wiley, CO 81092",Resident 1179,A-20179,2025-08-14,124233,gallons,,R6,
M-1180,"1360 Main St, Wiley, CO 81092",Resident 1180,A-20180,2025-08-14,230012,gallons,,R1,
M-1181,"1367 County Rd 10, Wiley, CO 81092",Resident 1181,A-20181,2025-08-14,339751,gallons,,R2,
M-1182,"1374 County Rd 14, Wiley, CO 81092",Resident 1182,A-20182,2025-08-14,316941,gallons,,R3,
M-1183,"1381 Highway 287, Wiley, CO 81092",Resident 1183,A-20183,2025-08-14,267763,gallons,,R4,
M-1184,"1388 Maple Ave, Wiley, CO 81092",Resident 1184,A-20184,2025-08-14,231789,gallons,,R5,
M-1185,"1395 Oak St, Wiley, CO 81092",Resident 1185,A-20185,2025-08-14,234137,gallons,,R6,
M-1186,"1402 Elm St, Wiley, CO 81092",Resident 1186,A-20186,2025-08-14,171375,gallons,,R1,
M-1187,"1409 3rd Ave, Wiley, CO 81092",Resident 1187,A-20187,2025-08-14,356210,gallons,,R2,
M-1188,"1416 5th St, Wiley, CO 81092",Resident 1188,A-20188,2025-08-14,155961,gallons,,R3,
M-1189,"1423 Ranch Rd, Wiley, CO 81092",Resident 1189,A-20189,2025-08-14,394190,gallons,,R4,
M-1190,"1430 Irrigation Ln, Wiley, CO 81092",Resident 1190,A-20190,2025-08-14,218667,gallons,,R5,
M-1191,"1437 North Frontage, Wiley, CO 81092",Resident 1191,A-20191,2025-08-14,199972,gallons,,R6,
M-1192,"1444 South Loop, Wiley, CO 81092",Resident 1192,A-20192,2025-08-14,363148,gallons,,R1,
M-1193,"1451 Pioneer Rd, Wiley, CO 81092",Resident 1193,A-20193,2025-08-14,347896,gallons,,R2,
M-1194,"1458 Cottonwood Dr, Wiley, CO 81092",Resident 1194,A-20194,2025-08-14,259142,gallons,,R3,
M-1195,"1465 Sand Creek Rd, Wiley, CO 81092",Resident 1195,A-20195,2025-08-14,260586,gallons,,R4,
M-1196,"1472 Prairie View, Wiley, CO 81092",Resident 1196,A-20196,2025-08-14,257906,gallons,,R5,
M-1197,"1479 School House Rd, Wiley, CO 81092",Resident 1197,A-20197,2025-08-14,93179,gallons,,R6,
M-1198,"1486 Cemetery Rd, Wiley, CO 81092",Resident 1198,A-20198,2025-08-14,494778,gallons,,R1,
M-1199,"1493 Grain Elevator Rd, Wiley, CO 81092",Resident 1199,A-20199,2025-08-14,219614,gallons,,R2,
M-1200,"1500 Main St, Wiley, CO 81092",Resident 1200,A-20200,2025-08-14,342025,gallons,,R3,
M-1201,"1507 County Rd 10, Wiley, CO 81092",Resident 1201,A-20201,2025-08-14,253833,gallons,,R4,
M-1202,"1514 County Rd 14, Wiley, CO 81092",Resident 1202,A-20202,2025-08-14,238449,gallons,,R5,
M-1203,"1521 Highway 287, Wiley, CO 81092",Resident 1203,A-20203,2025-08-14,156168,gallons,,R6,
M-1204,"1528 Maple Ave, Wiley, CO 81092",Resident 1204,A-20204,2025-08-14,258701,gallons,,R1,
M-1205,"1535 Oak St, Wiley, CO 81092",Resident 1205,A-20205,2025-08-14,291804,gallons,,R2,
M-1206,"1542 Elm St, Wiley, CO 81092",Resident 1206,A-20206,2025-08-14,423014,gallons,,R3,
M-1207,"1549 3rd Ave, Wiley, CO 81092",Resident 1207,A-20207,2025-08-14,376631,gallons,,R4,
M-1208,"1556 5th St, Wiley, CO 81092",Resident 1208,A-20208,2025-08-14,351671,gallons,,R5,
M-1209,"1563 Ranch Rd, Wiley, CO 81092",Resident 1209,A-20209,2025-08-14,368869,gallons,,R6,
M-1210,"1570 Irrigation Ln, Wiley, CO 81092",Resident 1210,A-20210,2025-08-14,263484,gallons,,R1,
M-1211,"1577 North Frontage, Wiley, CO 81092",Resident 1211,A-20211,2025-08-14,179983,gallons,,R2,
M-1212,"1584 South Loop, Wiley, CO 81092",Resident 1212,A-20212,2025-08-14,199239,gallons,,R3,
M-1213,"1591 Pioneer Rd, Wiley, CO 81092",Resident 1213,A-20213,2025-08-14,224730,gallons,,R4,
M-1214,"1598 Cottonwood Dr, Wiley, CO 81092",Resident 1214,A-20214,2025-08-14,257805,gallons,,R5,
M-1215,"1605 Sand Creek Rd, Wiley, CO 81092",Resident 1215,A-20215,2025-08-14,442597,gallons,,R6,
M-1216,"1612 Prairie View, Wiley, CO 81092",Resident 1216,A-20216,2025-08-14,300505,gallons,,R1,
M-1217,"1619 School House Rd, Wiley, CO 81092",Resident 1217,A-20217,2025-08-14,114419,gallons,,R2,
M-1218,"1626 Cemetery Rd, Wiley, CO 81092",Resident 1218,A-20218,2025-08-14,149378,gallons,,R3,
M-1219,"1633 Grain Elevator Rd, Wiley, CO 81092",Resident 1219,A-20219,2025-08-14,463257,gallons,,R4,
M-1220,"1640 Main St, Wiley, CO 81092",Resident 1220,A-20220,2025-08-14,359651,gallons,,R5,
M-1221,"1647 County Rd 10, Wiley, CO 81092",Resident 1221,A-20221,2025-08-14,322567,gallons,,R6,
M-1222,"1654 County Rd 14, Wiley, CO 81092",Resident 1222,A-20222,2025-08-14,262728,gallons,,R1,
M-1223,"1661 Highway 287, Wiley, CO 81092",Resident 1223,A-20223,2025-08-14,337908,gallons,,R2,
M-1224,"1668 Maple Ave, Wiley, CO 81092",Resident 1224,A-20224,2025-08-14,459991,gallons,,R3,
M-1225,"1675 Oak St, Wiley, CO 81092",Resident 1225,A-20225,2025-08-14,413869,gallons,,R4,
M-1226,"1682 Elm St, Wiley, CO 81092",Resident 1226,A-20226,2025-08-14,187388,gallons,,R5,
M-1227,"1689 3rd Ave, Wiley, CO 81092",Resident 1227,A-20227,2025-08-14,303809,gallons,,R6,
M-1228,"1696 5th St, Wiley, CO 81092",Resident 1228,A-20228,2025-08-14,446144,gallons,,R1,
M-1229,"1703 Ranch Rd, Wiley, CO 81092",Resident 1229,A-20229,2025-08-14,267459,gallons,,R2,
M-1230,"1710 Irrigation Ln, Wiley, CO 81092",Resident 1230,A-20230,2025-08-14,296597,gallons,,R3,
M-1231,"1717 North Frontage, Wiley, CO 81092",Resident 1231,A-20231,2025-08-14,180367,gallons,,R4,
M-1232,"1724 South Loop, Wiley, CO 81092",Resident 1232,A-20232,2025-08-14,332342,gallons,,R5,
M-1233,"1731 Pioneer Rd, Wiley, CO 81092",Resident 1233,A-20233,2025-08-14,159819,gallons,,R6,
M-1234,"1738 Cottonwood Dr, Wiley, CO 81092",Resident 1234,A-20234,2025-08-14,386666,gallons,,R1,
M-1235,"1745 Sand Creek Rd, Wiley, CO 81092",Resident 1235,A-20235,2025-08-14,409876,gallons,,R2,
M-1236,"1752 Prairie View, Wiley, CO 81092",Resident 1236,A-20236,2025-08-14,260988,gallons,,R3,
M-1237,"1759 School House Rd, Wiley, CO 81092",Resident 1237,A-20237,2025-08-14,346753,gallons,,R4,
M-1238,"1766 Cemetery Rd, Wiley, CO 81092",Resident 1238,A-20238,2025-08-14,349149,gallons,,R5,
M-1239,"1773 Grain Elevator Rd, Wiley, CO 81092",Resident 1239,A-20239,2025-08-14,163368,gallons,,R6,
M-1240,"1780 Main St, Wiley, CO 81092",Resident 1240,A-20240,2025-08-14,488850,gallons,,R1,
M-1241,"1787 County Rd 10, Wiley, CO 81092",Resident 1241,A-20241,2025-08-14,304679,gallons,,R2,
M-1242,"1794 County Rd 14, Wiley, CO 81092",Resident 1242,A-20242,2025-08-14,420446,gallons,,R3,
M-1243,"1801 Highway 287, Wiley, CO 81092",Resident 1243,A-20243,2025-08-14,271792,gallons,,R4,
M-1244,"1808 Maple Ave, Wiley, CO 81092",Resident 1244,A-20244,2025-08-14,686346,gallons,,R5,
M-1245,"1815 Oak St, Wiley, CO 81092",Resident 1245,A-20245,2025-08-14,151071,gallons,,R6,
M-1246,"1822 Elm St, Wiley, CO 81092",Resident 1246,A-20246,2025-08-14,275601,gallons,,R1,
M-1247,"1829 3rd Ave, Wiley, CO 81092",Resident 1247,A-20247,2025-08-14,348638,gallons,,R2,
M-1248,"1836 5th St, Wiley, CO 81092",Resident 1248,A-20248,2025-08-14,310823,gallons,,R3,
M-1249,"1843 Ranch Rd, Wiley, CO 81092",Resident 1249,A-20249,2025-08-14,490219,gallons,,R4,
M-1250,"1850 Irrigation Ln, Wiley, CO 81092",Resident 1250,A-20250,2025-08-14,318809,gallons,,R5,
M-1251,"1857 North Frontage, Wiley, CO 81092",Resident 1251,A-20251,2025-08-14,316808,gallons,,R6,
M-1252,"1864 South Loop, Wiley, CO 81092",Resident 1252,A-20252,2025-08-14,318295,gallons,,R1,
M-1253,"1871 Pioneer Rd, Wiley, CO 81092",Resident 1253,A-20253,2025-08-14,236386,gallons,,R2,
M-1254,"1878 Cottonwood Dr, Wiley, CO 81092",Resident 1254,A-20254,2025-08-14,379627,gallons,,R3,
M-1255,"1885 Sand Creek Rd, Wiley, CO 81092",Resident 1255,A-20255,2025-08-14,226908,gallons,,R4,
M-1256,"1892 Prairie View, Wiley, CO 81092",Resident 1256,A-20256,2025-08-14,253738,gallons,,R5,
M-1257,"1899 School House Rd, Wiley, CO 81092",Resident 1257,A-20257,2025-08-14,306741,gallons,,R6,
M-1258,"1906 Cemetery Rd, Wiley, CO 81092",Resident 1258,A-20258,2025-08-14,454167,gallons,,R1,
M-1259,"1913 Grain Elevator Rd, Wiley, CO 81092",Resident 1259,A-20259,2025-08-14,286253,gallons,,R2,
M-1260,"1920 Main St, Wiley, CO 81092",Resident 1260,A-20260,2025-08-14,175809,gallons,,R3,
M-1261,"1927 County Rd 10, Wiley, CO 81092",Resident 1261,A-20261,2025-08-14,438481,gallons,,R4,
M-1262,"1934 County Rd 14, Wiley, CO 81092",Resident 1262,A-20262,2025-08-14,387188,gallons,,R5,
M-1263,"1941 Highway 287, Wiley, CO 81092",Resident 1263,A-20263,2025-08-14,292674,gallons,,R6,
M-1264,"1948 Maple Ave, Wiley, CO 81092",Resident 1264,A-20264,2025-08-14,318281,gallons,,R1,
M-1265,"1955 Oak St, Wiley, CO 81092",Resident 1265,A-20265,2025-08-14,397840,gallons,,R2,
M-1266,"1962 Elm St, Wiley, CO 81092",Resident 1266,A-20266,2025-08-14,154101,gallons,,R3,
M-1267,"1969 3rd Ave, Wiley, CO 81092",Resident 1267,A-20267,2025-08-14,291131,gallons,,R4,
M-1268,"1976 5th St, Wiley, CO 81092",Resident 1268,A-20268,2025-08-14,255645,gallons,,R5,
M-1269,"1983 Ranch Rd, Wiley, CO 81092",Resident 1269,A-20269,2025-08-14,254254,gallons,,R6,
M-1270,"1990 Irrigation Ln, Wiley, CO 81092",Resident 1270,A-20270,2025-08-14,320309,gallons,,R1,
M-1271,"1997 North Frontage, Wiley, CO 81092",Resident 1271,A-20271,2025-08-14,466226,gallons,,R2,
M-1272,"2004 South Loop, Wiley, CO 81092",Resident 1272,A-20272,2025-08-14,460874,gallons,,R3,
M-1273,"2011 Pioneer Rd, Wiley, CO 81092",Resident 1273,A-20273,2025-08-14,485850,gallons,,R4,
M-1274,"2018 Cottonwood Dr, Wiley, CO 81092",Resident 1274,A-20274,2025-08-14,300387,gallons,,R5,
M-1275,"2025 Sand Creek Rd, Wiley, CO 81092",Resident 1275,A-20275,2025-08-14,351425,gallons,,R6,
M-1276,"2032 Prairie View, Wiley, CO 81092",Resident 1276,A-20276,2025-08-14,367692,gallons,,R1,
M-1277,"2039 School House Rd, Wiley, CO 81092",Resident 1277,A-20277,2025-08-14,357409,gallons,,R2,
M-1278,"2046 Cemetery Rd, Wiley, CO 81092",Resident 1278,A-20278,2025-08-14,212183,gallons,,R3,
M-1279,"2053 Grain Elevator Rd, Wiley, CO 81092",Resident 1279,A-20279,2025-08-14,359203,gallons,,R4,
M-1280,"2060 Main St, Wiley, CO 81092",Resident 1280,A-20280,2025-08-14,339341,gallons,,R5,
M-1281,"2067 County Rd 10, Wiley, CO 81092",Resident 1281,A-20281,2025-08-14,244172,gallons,,R6,
M-1282,"2074 County Rd 14, Wiley, CO 81092",Resident 1282,A-20282,2025-08-14,475187,gallons,,R1,
M-1283,"2081 Highway 287, Wiley, CO 81092",Resident 1283,A-20283,2025-08-14,163137,gallons,,R2,
M-1284,"2088 Maple Ave, Wiley, CO 81092",Resident 1284,A-20284,2025-08-14,276748,gallons,,R3,
M-1285,"2095 Oak St, Wiley, CO 81092",Resident 1285,A-20285,2025-08-14,397849,gallons,,R4,
M-1286,"2102 Elm St, Wiley, CO 81092",Resident 1286,A-20286,2025-08-14,478584,gallons,,R5,
M-1287,"2109 3rd Ave, Wiley, CO 81092",Resident 1287,A-20287,2025-08-14,494352,gallons,,R6,
M-1288,"2116 5th St, Wiley, CO 81092",Resident 1288,A-20288,2025-08-14,404764,gallons,,R1,
M-1289,"2123 Ranch Rd, Wiley, CO 81092",Resident 1289,A-20289,2025-08-14,330329,gallons,,R2,
M-1290,"2130 Irrigation Ln, Wiley, CO 81092",Resident 1290,A-20290,2025-08-14,198955,gallons,,R3,
M-1291,"2137 North Frontage, Wiley, CO 81092",Resident 1291,A-20291,2025-08-14,275027,gallons,,R4,
M-1292,"2144 South Loop, Wiley, CO 81092",Resident 1292,A-20292,2025-08-14,252262,gallons,,R5,
M-1293,"2151 Pioneer Rd, Wiley, CO 81092",Resident 1293,A-20293,2025-08-14,204258,gallons,,R6,
M-1294,"2158 Cottonwood Dr, Wiley, CO 81092",Resident 1294,A-20294,2025-08-14,229044,gallons,,R1,
M-1295,"2165 Sand Creek Rd, Wiley, CO 81092",Resident 1295,A-20295,2025-08-14,240752,gallons,,R2,
M-1296,"2172 Prairie View, Wiley, CO 81092",Resident 1296,A-20296,2025-08-14,131042,gallons,,R3,
M-1297,"2179 School House Rd, Wiley, CO 81092",Resident 1297,A-20297,2025-08-14,117901,gallons,,R4,
M-1298,"2186 Cemetery Rd, Wiley, CO 81092",Resident 1298,A-20298,2025-08-14,235039,gallons,,R5,
M-1299,"2193 Grain Elevator Rd, Wiley, CO 81092",Resident 1299,A-20299,2025-08-14,348334,gallons,,R6,
M-1300,"2200 Main St, Wiley, CO 81092",Resident 1300,A-20300,2025-08-14,422393,gallons,,R1,
M-1001,"107 County Rd 10, Wiley, CO 81092",Resident 1001,A-20001,2025-09-15,436499,gallons,,R2,
M-1002,"114 County Rd 14, Wiley, CO 81092",Resident 1002,A-20002,2025-09-15,331664,gallons,,R3,
M-1003,"121 Highway 287, Wiley, CO 81092",Resident 1003,A-20003,2025-09-15,159293,gallons,,R4,
M-1004,"128 Maple Ave, Wiley, CO 81092",Resident 1004,A-20004,2025-09-15,395049,gallons,,R5,
M-1005,"135 Oak St, Wiley, CO 81092",Resident 1005,A-20005,2025-09-15,212899,gallons,,R6,
M-1006,"142 Elm St, Wiley, CO 81092",Resident 1006,A-20006,2025-09-15,258840,gallons,,R1,
M-1007,"149 3rd Ave, Wiley, CO 81092",Resident 1007,A-20007,2025-09-15,352554,gallons,,R2,
M-1008,"156 5th St, Wiley, CO 81092",Resident 1008,A-20008,2025-09-15,229251,gallons,,R3,
M-1009,"163 Ranch Rd, Wiley, CO 81092",Resident 1009,A-20009,2025-09-15,209280,gallons,,R4,
M-1010,"170 Irrigation Ln, Wiley, CO 81092",Resident 1010,A-20010,2025-09-15,326519,gallons,,R5,
M-1011,"177 North Frontage, Wiley, CO 81092",Resident 1011,A-20011,2025-09-15,449899,gallons,,R6,
M-1012,"184 South Loop, Wiley, CO 81092",Resident 1012,A-20012,2025-09-15,225356,gallons,,R1,
M-1013,"191 Pioneer Rd, Wiley, CO 81092",Resident 1013,A-20013,2025-09-15,172546,gallons,,R2,
M-1014,"198 Cottonwood Dr, Wiley, CO 81092",Resident 1014,A-20014,2025-09-15,435107,gallons,,R3,
M-1015,"205 Sand Creek Rd, Wiley, CO 81092",Resident 1015,A-20015,2025-09-15,439160,gallons,,R4,
M-1016,"212 Prairie View, Wiley, CO 81092",Resident 1016,A-20016,2025-09-15,142029,gallons,,R5,
M-1017,"219 School House Rd, Wiley, CO 81092",Resident 1017,A-20017,2025-09-15,133720,gallons,,R6,
M-1018,"226 Cemetery Rd, Wiley, CO 81092",Resident 1018,A-20018,2025-09-15,211576,gallons,,R1,
M-1019,"233 Grain Elevator Rd, Wiley, CO 81092",Resident 1019,A-20019,2025-09-15,179881,gallons,,R2,
M-1020,"240 Main St, Wiley, CO 81092",Resident 1020,A-20020,2025-09-15,319509,gallons,,R3,
M-1021,"247 County Rd 10, Wiley, CO 81092",Resident 1021,A-20021,2025-09-15,366575,gallons,,R4,
M-1022,"254 County Rd 14, Wiley, CO 81092",Resident 1022,A-20022,2025-09-15,393413,gallons,,R5,
M-1023,"261 Highway 287, Wiley, CO 81092",Resident 1023,A-20023,2025-09-15,267877,gallons,,R6,
M-1024,"268 Maple Ave, Wiley, CO 81092",Resident 1024,A-20024,2025-09-15,298155,gallons,,R1,
M-1025,"275 Oak St, Wiley, CO 81092",Resident 1025,A-20025,2025-09-15,183087,gallons,,R2,
M-1026,"282 Elm St, Wiley, CO 81092",Resident 1026,A-20026,2025-09-15,195013,gallons,,R3,
M-1027,"289 3rd Ave, Wiley, CO 81092",Resident 1027,A-20027,2025-09-15,366969,gallons,,R4,
M-1028,"296 5th St, Wiley, CO 81092",Resident 1028,A-20028,2025-09-15,163742,gallons,,R5,
M-1029,"303 Ranch Rd, Wiley, CO 81092",Resident 1029,A-20029,2025-09-15,370150,gallons,,R6,
M-1030,"310 Irrigation Ln, Wiley, CO 81092",Resident 1030,A-20030,2025-09-15,289596,gallons,,R1,
M-1031,"317 North Frontage, Wiley, CO 81092",Resident 1031,A-20031,2025-09-15,375015,gallons,,R2,
M-1032,"324 South Loop, Wiley, CO 81092",Resident 1032,A-20032,2025-09-15,257775,gallons,,R3,
M-1033,"331 Pioneer Rd, Wiley, CO 81092",Resident 1033,A-20033,2025-09-15,643936,gallons,,R4,
M-1034,"338 Cottonwood Dr, Wiley, CO 81092",Resident 1034,A-20034,2025-09-15,450272,gallons,,R5,
M-1035,"345 Sand Creek Rd, Wiley, CO 81092",Resident 1035,A-20035,2025-09-15,463996,gallons,,R6,
M-1036,"352 Prairie View, Wiley, CO 81092",Resident 1036,A-20036,2025-09-15,338566,gallons,,R1,
M-1037,"359 School House Rd, Wiley, CO 81092",Resident 1037,A-20037,2025-09-15,259891,gallons,,R2,
M-1038,"366 Cemetery Rd, Wiley, CO 81092",Resident 1038,A-20038,2025-09-15,201414,gallons,,R3,
M-1039,"373 Grain Elevator Rd, Wiley, CO 81092",Resident 1039,A-20039,2025-09-15,321681,gallons,,R4,
M-1040,"380 Main St, Wiley, CO 81092",Resident 1040,A-20040,2025-09-15,246763,gallons,,R5,
M-1041,"387 County Rd 10, Wiley, CO 81092",Resident 1041,A-20041,2025-09-15,156853,gallons,,R6,
M-1042,"394 County Rd 14, Wiley, CO 81092",Resident 1042,A-20042,2025-09-15,417183,gallons,,R1,
M-1043,"401 Highway 287, Wiley, CO 81092",Resident 1043,A-20043,2025-09-15,384896,gallons,,R2,
M-1044,"408 Maple Ave, Wiley, CO 81092",Resident 1044,A-20044,2025-09-15,139640,gallons,,R3,
M-1045,"415 Oak St, Wiley, CO 81092",Resident 1045,A-20045,2025-09-15,341585,gallons,,R4,
M-1046,"422 Elm St, Wiley, CO 81092",Resident 1046,A-20046,2025-09-15,152232,gallons,,R5,
M-1047,"429 3rd Ave, Wiley, CO 81092",Resident 1047,A-20047,2025-09-15,121570,gallons,,R6,
M-1048,"436 5th St, Wiley, CO 81092",Resident 1048,A-20048,2025-09-15,399437,gallons,,R1,
M-1049,"443 Ranch Rd, Wiley, CO 81092",Resident 1049,A-20049,2025-09-15,378184,gallons,,R2,
M-1050,"450 Irrigation Ln, Wiley, CO 81092",Resident 1050,A-20050,2025-09-15,358031,gallons,,R3,
M-1051,"457 North Frontage, Wiley, CO 81092",Resident 1051,A-20051,2025-09-15,402148,gallons,,R4,
M-1052,"464 South Loop, Wiley, CO 81092",Resident 1052,A-20052,2025-09-15,207554,gallons,,R5,
M-1053,"471 Pioneer Rd, Wiley, CO 81092",Resident 1053,A-20053,2025-09-15,186354,gallons,,R6,
M-1054,"478 Cottonwood Dr, Wiley, CO 81092",Resident 1054,A-20054,2025-09-15,382261,gallons,,R1,
M-1055,"485 Sand Creek Rd, Wiley, CO 81092",Resident 1055,A-20055,2025-09-15,124120,gallons,,R2,
M-1056,"492 Prairie View, Wiley, CO 81092",Resident 1056,A-20056,2025-09-15,266611,gallons,,R3,
M-1057,"499 School House Rd, Wiley, CO 81092",Resident 1057,A-20057,2025-09-15,173446,gallons,,R4,
M-1058,"506 Cemetery Rd, Wiley, CO 81092",Resident 1058,A-20058,2025-09-15,458729,gallons,,R5,
M-1059,"513 Grain Elevator Rd, Wiley, CO 81092",Resident 1059,A-20059,2025-09-15,135138,gallons,,R6,
M-1060,"520 Main St, Wiley, CO 81092",Resident 1060,A-20060,2025-09-15,253356,gallons,,R1,
M-1061,"527 County Rd 10, Wiley, CO 81092",Resident 1061,A-20061,2025-09-15,303711,gallons,,R2,
M-1062,"534 County Rd 14, Wiley, CO 81092",Resident 1062,A-20062,2025-09-15,210800,gallons,,R3,
M-1063,"541 Highway 287, Wiley, CO 81092",Resident 1063,A-20063,2025-09-15,417089,gallons,,R4,
M-1064,"548 Maple Ave, Wiley, CO 81092",Resident 1064,A-20064,2025-09-15,288558,gallons,,R5,
M-1065,"555 Oak St, Wiley, CO 81092",Resident 1065,A-20065,2025-09-15,460098,gallons,,R6,
M-1066,"562 Elm St, Wiley, CO 81092",Resident 1066,A-20066,2025-09-15,440977,gallons,,R1,
M-1067,"569 3rd Ave, Wiley, CO 81092",Resident 1067,A-20067,2025-09-15,173451,gallons,,R2,
M-1068,"576 5th St, Wiley, CO 81092",Resident 1068,A-20068,2025-09-15,429432,gallons,,R3,
M-1069,"583 Ranch Rd, Wiley, CO 81092",Resident 1069,A-20069,2025-09-15,212870,gallons,,R4,
M-1070,"590 Irrigation Ln, Wiley, CO 81092",Resident 1070,A-20070,2025-09-15,311541,gallons,,R5,
M-1071,"597 North Frontage, Wiley, CO 81092",Resident 1071,A-20071,2025-09-15,432317,gallons,,R6,
M-1072,"604 South Loop, Wiley, CO 81092",Resident 1072,A-20072,2025-09-15,471830,gallons,,R1,
M-1073,"611 Pioneer Rd, Wiley, CO 81092",Resident 1073,A-20073,2025-09-15,407599,gallons,,R2,
M-1074,"618 Cottonwood Dr, Wiley, CO 81092",Resident 1074,A-20074,2025-09-15,391598,gallons,,R3,
M-1075,"625 Sand Creek Rd, Wiley, CO 81092",Resident 1075,A-20075,2025-09-15,258224,gallons,,R4,
M-1076,"632 Prairie View, Wiley, CO 81092",Resident 1076,A-20076,2025-09-15,247146,gallons,,R5,
M-1077,"639 School House Rd, Wiley, CO 81092",Resident 1077,A-20077,2025-09-15,201798,gallons,,R6,
M-1078,"646 Cemetery Rd, Wiley, CO 81092",Resident 1078,A-20078,2025-09-15,296560,gallons,,R1,
M-1079,"653 Grain Elevator Rd, Wiley, CO 81092",Resident 1079,A-20079,2025-09-15,243101,gallons,,R2,
M-1080,"660 Main St, Wiley, CO 81092",Resident 1080,A-20080,2025-09-15,274062,gallons,,R3,
M-1081,"667 County Rd 10, Wiley, CO 81092",Resident 1081,A-20081,2025-09-15,368302,gallons,,R4,
M-1082,"674 County Rd 14, Wiley, CO 81092",Resident 1082,A-20082,2025-09-15,194271,gallons,,R5,
M-1083,"681 Highway 287, Wiley, CO 81092",Resident 1083,A-20083,2025-09-15,440057,gallons,,R6,
M-1084,"688 Maple Ave, Wiley, CO 81092",Resident 1084,A-20084,2025-09-15,284434,gallons,,R1,
M-1085,"695 Oak St, Wiley, CO 81092",Resident 1085,A-20085,2025-09-15,365315,gallons,,R2,
M-1086,"702 Elm St, Wiley, CO 81092",Resident 1086,A-20086,2025-09-15,275617,gallons,,R3,
M-1087,"709 3rd Ave, Wiley, CO 81092",Resident 1087,A-20087,2025-09-15,200770,gallons,,R4,
M-1088,"716 5th St, Wiley, CO 81092",Resident 1088,A-20088,2025-09-15,118056,gallons,,R5,
M-1089,"723 Ranch Rd, Wiley, CO 81092",Resident 1089,A-20089,2025-09-15,575862,gallons,,R6,
M-1090,"730 Irrigation Ln, Wiley, CO 81092",Resident 1090,A-20090,2025-09-15,479839,gallons,,R1,
M-1091,"737 North Frontage, Wiley, CO 81092",Resident 1091,A-20091,2025-09-15,450522,gallons,,R2,
M-1092,"744 South Loop, Wiley, CO 81092",Resident 1092,A-20092,2025-09-15,157680,gallons,,R3,
M-1093,"751 Pioneer Rd, Wiley, CO 81092",Resident 1093,A-20093,2025-09-15,188015,gallons,,R4,
M-1094,"758 Cottonwood Dr, Wiley, CO 81092",Resident 1094,A-20094,2025-09-15,451762,gallons,,R5,
M-1095,"765 Sand Creek Rd, Wiley, CO 81092",Resident 1095,A-20095,2025-09-15,226069,gallons,,R6,
M-1096,"772 Prairie View, Wiley, CO 81092",Resident 1096,A-20096,2025-09-15,369771,gallons,,R1,
M-1097,"779 School House Rd, Wiley, CO 81092",Resident 1097,A-20097,2025-09-15,277195,gallons,,R2,
M-1098,"786 Cemetery Rd, Wiley, CO 81092",Resident 1098,A-20098,2025-09-15,199739,gallons,,R3,
M-1099,"793 Grain Elevator Rd, Wiley, CO 81092",Resident 1099,A-20099,2025-09-15,299550,gallons,,R4,
M-1100,"800 Main St, Wiley, CO 81092",Resident 1100,A-20100,2025-09-15,191510,gallons,,R5,
M-1101,"807 County Rd 10, Wiley, CO 81092",Resident 1101,A-20101,2025-09-15,291552,gallons,,R6,
M-1102,"814 County Rd 14, Wiley, CO 81092",Resident 1102,A-20102,2025-09-15,346906,gallons,,R1,
M-1103,"821 Highway 287, Wiley, CO 81092",Resident 1103,A-20103,2025-09-15,262018,gallons,,R2,
M-1104,"828 Maple Ave, Wiley, CO 81092",Resident 1104,A-20104,2025-09-15,244787,gallons,,R3,
M-1105,"835 Oak St, Wiley, CO 81092",Resident 1105,A-20105,2025-09-15,353127,gallons,,R4,
M-1106,"842 Elm St, Wiley, CO 81092",Resident 1106,A-20106,2025-09-15,461961,gallons,,R5,
M-1107,"849 3rd Ave, Wiley, CO 81092",Resident 1107,A-20107,2025-09-15,249585,gallons,,R6,
M-1108,"856 5th St, Wiley, CO 81092",Resident 1108,A-20108,2025-09-15,430912,gallons,,R1,
M-1109,"863 Ranch Rd, Wiley, CO 81092",Resident 1109,A-20109,2025-09-15,431912,gallons,,R2,
M-1110,"870 Irrigation Ln, Wiley, CO 81092",Resident 1110,A-20110,2025-09-15,400892,gallons,,R3,
M-1111,"877 North Frontage, Wiley, CO 81092",Resident 1111,A-20111,2025-09-15,134556,gallons,,R4,
M-1112,"884 South Loop, Wiley, CO 81092",Resident 1112,A-20112,2025-09-15,402800,gallons,,R5,
M-1113,"891 Pioneer Rd, Wiley, CO 81092",Resident 1113,A-20113,2025-09-15,247973,gallons,,R6,
M-1114,"898 Cottonwood Dr, Wiley, CO 81092",Resident 1114,A-20114,2025-09-15,455008,gallons,,R1,
M-1115,"905 Sand Creek Rd, Wiley, CO 81092",Resident 1115,A-20115,2025-09-15,205019,gallons,,R2,
M-1116,"912 Prairie View, Wiley, CO 81092",Resident 1116,A-20116,2025-09-15,238988,gallons,,R3,
M-1117,"919 School House Rd, Wiley, CO 81092",Resident 1117,A-20117,2025-09-15,262620,gallons,,R4,
M-1118,"926 Cemetery Rd, Wiley, CO 81092",Resident 1118,A-20118,2025-09-15,171136,gallons,,R5,
M-1119,"933 Grain Elevator Rd, Wiley, CO 81092",Resident 1119,A-20119,2025-09-15,219277,gallons,,R6,
M-1120,"940 Main St, Wiley, CO 81092",Resident 1120,A-20120,2025-09-15,431276,gallons,,R1,
M-1121,"947 County Rd 10, Wiley, CO 81092",Resident 1121,A-20121,2025-09-15,210452,gallons,,R2,
M-1122,"954 County Rd 14, Wiley, CO 81092",Resident 1122,A-20122,2025-09-15,306023,gallons,,R3,
M-1123,"961 Highway 287, Wiley, CO 81092",Resident 1123,A-20123,2025-09-15,288421,gallons,,R4,
M-1124,"968 Maple Ave, Wiley, CO 81092",Resident 1124,A-20124,2025-09-15,417433,gallons,,R5,
M-1125,"975 Oak St, Wiley, CO 81092",Resident 1125,A-20125,2025-09-15,225224,gallons,,R6,
M-1126,"982 Elm St, Wiley, CO 81092",Resident 1126,A-20126,2025-09-15,279265,gallons,,R1,
M-1127,"989 3rd Ave, Wiley, CO 81092",Resident 1127,A-20127,2025-09-15,220396,gallons,,R2,
M-1128,"996 5th St, Wiley, CO 81092",Resident 1128,A-20128,2025-09-15,510398,gallons,,R3,
M-1129,"1003 Ranch Rd, Wiley, CO 81092",Resident 1129,A-20129,2025-09-15,288917,gallons,,R4,
M-1130,"1010 Irrigation Ln, Wiley, CO 81092",Resident 1130,A-20130,2025-09-15,415703,gallons,,R5,
M-1131,"1017 North Frontage, Wiley, CO 81092",Resident 1131,A-20131,2025-09-15,369871,gallons,,R6,
M-1132,"1024 South Loop, Wiley, CO 81092",Resident 1132,A-20132,2025-09-15,303412,gallons,,R1,
M-1133,"1031 Pioneer Rd, Wiley, CO 81092",Resident 1133,A-20133,2025-09-15,175732,gallons,,R2,
M-1134,"1038 Cottonwood Dr, Wiley, CO 81092",Resident 1134,A-20134,2025-09-15,181218,gallons,,R3,
M-1135,"1045 Sand Creek Rd, Wiley, CO 81092",Resident 1135,A-20135,2025-09-15,484553,gallons,,R4,
M-1136,"1052 Prairie View, Wiley, CO 81092",Resident 1136,A-20136,2025-09-15,355045,gallons,,R5,
M-1137,"1059 School House Rd, Wiley, CO 81092",Resident 1137,A-20137,2025-09-15,273598,gallons,,R6,
M-1138,"1066 Cemetery Rd, Wiley, CO 81092",Resident 1138,A-20138,2025-09-15,134268,gallons,,R1,
M-1139,"1073 Grain Elevator Rd, Wiley, CO 81092",Resident 1139,A-20139,2025-09-15,101581,gallons,,R2,
M-1140,"1080 Main St, Wiley, CO 81092",Resident 1140,A-20140,2025-09-15,317688,gallons,,R3,
M-1141,"1087 County Rd 10, Wiley, CO 81092",Resident 1141,A-20141,2025-09-15,211645,gallons,,R4,
M-1142,"1094 County Rd 14, Wiley, CO 81092",Resident 1142,A-20142,2025-09-15,427840,gallons,,R5,
M-1143,"1101 Highway 287, Wiley, CO 81092",Resident 1143,A-20143,2025-09-15,311388,gallons,,R6,
M-1144,"1108 Maple Ave, Wiley, CO 81092",Resident 1144,A-20144,2025-09-15,172575,gallons,,R1,
M-1145,"1115 Oak St, Wiley, CO 81092",Resident 1145,A-20145,2025-09-15,329292,gallons,,R2,
M-1146,"1122 Elm St, Wiley, CO 81092",Resident 1146,A-20146,2025-09-15,389427,gallons,,R3,
M-1147,"1129 3rd Ave, Wiley, CO 81092",Resident 1147,A-20147,2025-09-15,383269,gallons,,R4,
M-1148,"1136 5th St, Wiley, CO 81092",Resident 1148,A-20148,2025-09-15,396377,gallons,,R5,
M-1149,"1143 Ranch Rd, Wiley, CO 81092",Resident 1149,A-20149,2025-09-15,170834,gallons,,R6,
M-1150,"1150 Irrigation Ln, Wiley, CO 81092",Resident 1150,A-20150,2025-09-15,195242,gallons,,R1,
M-1151,"1157 North Frontage, Wiley, CO 81092",Resident 1151,A-20151,2025-09-15,196031,gallons,,R2,
M-1152,"1164 South Loop, Wiley, CO 81092",Resident 1152,A-20152,2025-09-15,169019,gallons,,R3,
M-1153,"1171 Pioneer Rd, Wiley, CO 81092",Resident 1153,A-20153,2025-09-15,417203,gallons,,R4,
M-1154,"1178 Cottonwood Dr, Wiley, CO 81092",Resident 1154,A-20154,2025-09-15,150826,gallons,,R5,
M-1155,"1185 Sand Creek Rd, Wiley, CO 81092",Resident 1155,A-20155,2025-09-15,348079,gallons,,R6,
M-1156,"1192 Prairie View, Wiley, CO 81092",Resident 1156,A-20156,2025-09-15,736456,gallons,,R1,
M-1157,"1199 School House Rd, Wiley, CO 81092",Resident 1157,A-20157,2025-09-15,435413,gallons,,R2,
M-1158,"1206 Cemetery Rd, Wiley, CO 81092",Resident 1158,A-20158,2025-09-15,189719,gallons,,R3,
M-1159,"1213 Grain Elevator Rd, Wiley, CO 81092",Resident 1159,A-20159,2025-09-15,376391,gallons,,R4,
M-1160,"1220 Main St, Wiley, CO 81092",Resident 1160,A-20160,2025-09-15,150477,gallons,,R5,
M-1161,"1227 County Rd 10, Wiley, CO 81092",Resident 1161,A-20161,2025-09-15,188870,gallons,,R6,
M-1162,"1234 County Rd 14, Wiley, CO 81092",Resident 1162,A-20162,2025-09-15,335568,gallons,,R1,
M-1163,"1241 Highway 287, Wiley, CO 81092",Resident 1163,A-20163,2025-09-15,289011,gallons,,R2,
M-1164,"1248 Maple Ave, Wiley, CO 81092",Resident 1164,A-20164,2025-09-15,183208,gallons,,R3,
M-1165,"1255 Oak St, Wiley, CO 81092",Resident 1165,A-20165,2025-09-15,334622,gallons,,R4,
M-1166,"1262 Elm St, Wiley, CO 81092",Resident 1166,A-20166,2025-09-15,287234,gallons,,R5,
M-1167,"1269 3rd Ave, Wiley, CO 81092",Resident 1167,A-20167,2025-09-15,245243,gallons,,R6,
M-1168,"1276 5th St, Wiley, CO 81092",Resident 1168,A-20168,2025-09-15,526348,gallons,,R1,
M-1169,"1283 Ranch Rd, Wiley, CO 81092",Resident 1169,A-20169,2025-09-15,214692,gallons,,R2,
M-1170,"1290 Irrigation Ln, Wiley, CO 81092",Resident 1170,A-20170,2025-09-15,300316,gallons,,R3,
M-1171,"1297 North Frontage, Wiley, CO 81092",Resident 1171,A-20171,2025-09-15,389869,gallons,,R4,
M-1172,"1304 South Loop, Wiley, CO 81092",Resident 1172,A-20172,2025-09-15,327435,gallons,,R5,
M-1173,"1311 Pioneer Rd, Wiley, CO 81092",Resident 1173,A-20173,2025-09-15,461697,gallons,,R6,
M-1174,"1318 Cottonwood Dr, Wiley, CO 81092",Resident 1174,A-20174,2025-09-15,182556,gallons,,R1,
M-1175,"1325 Sand Creek Rd, Wiley, CO 81092",Resident 1175,A-20175,2025-09-15,261042,gallons,,R2,
M-1176,"1332 Prairie View, Wiley, CO 81092",Resident 1176,A-20176,2025-09-15,168662,gallons,,R3,
M-1177,"1339 School House Rd, Wiley, CO 81092",Resident 1177,A-20177,2025-09-15,266557,gallons,,R4,
M-1178,"1346 Cemetery Rd, Wiley, CO 81092",Resident 1178,A-20178,2025-09-15,394768,gallons,,R5,
M-1179,"1353 Grain Elevator Rd, Wiley, CO 81092",Resident 1179,A-20179,2025-09-15,129866,gallons,,R6,
M-1180,"1360 Main St, Wiley, CO 81092",Resident 1180,A-20180,2025-09-15,237375,gallons,,R1,
M-1181,"1367 County Rd 10, Wiley, CO 81092",Resident 1181,A-20181,2025-09-15,348202,gallons,,R2,
M-1182,"1374 County Rd 14, Wiley, CO 81092",Resident 1182,A-20182,2025-09-15,320717,gallons,,R3,
M-1183,"1381 Highway 287, Wiley, CO 81092",Resident 1183,A-20183,2025-09-15,274626,gallons,,R4,
M-1184,"1388 Maple Ave, Wiley, CO 81092",Resident 1184,A-20184,2025-09-15,235069,gallons,,R5,
M-1185,"1395 Oak St, Wiley, CO 81092",Resident 1185,A-20185,2025-09-15,242221,gallons,,R6,
M-1186,"1402 Elm St, Wiley, CO 81092",Resident 1186,A-20186,2025-09-15,175915,gallons,,R1,
M-1187,"1409 3rd Ave, Wiley, CO 81092",Resident 1187,A-20187,2025-09-15,365113,gallons,,R2,
M-1188,"1416 5th St, Wiley, CO 81092",Resident 1188,A-20188,2025-09-15,163007,gallons,,R3,
M-1189,"1423 Ranch Rd, Wiley, CO 81092",Resident 1189,A-20189,2025-09-15,401676,gallons,,R4,
M-1190,"1430 Irrigation Ln, Wiley, CO 81092",Resident 1190,A-20190,2025-09-15,222434,gallons,,R5,
M-1191,"1437 North Frontage, Wiley, CO 81092",Resident 1191,A-20191,2025-09-15,204366,gallons,,R6,
M-1192,"1444 South Loop, Wiley, CO 81092",Resident 1192,A-20192,2025-09-15,369701,gallons,,R1,
M-1193,"1451 Pioneer Rd, Wiley, CO 81092",Resident 1193,A-20193,2025-09-15,356847,gallons,,R2,
M-1194,"1458 Cottonwood Dr, Wiley, CO 81092",Resident 1194,A-20194,2025-09-15,263462,gallons,,R3,
M-1195,"1465 Sand Creek Rd, Wiley, CO 81092",Resident 1195,A-20195,2025-09-15,268558,gallons,,R4,
M-1196,"1472 Prairie View, Wiley, CO 81092",Resident 1196,A-20196,2025-09-15,265519,gallons,,R5,
M-1197,"1479 School House Rd, Wiley, CO 81092",Resident 1197,A-20197,2025-09-15,95628,gallons,,R6,
M-1198,"1486 Cemetery Rd, Wiley, CO 81092",Resident 1198,A-20198,2025-09-15,503008,gallons,,R1,
M-1199,"1493 Grain Elevator Rd, Wiley, CO 81092",Resident 1199,A-20199,2025-09-15,225193,gallons,,R2,
M-1200,"1500 Main St, Wiley, CO 81092",Resident 1200,A-20200,2025-09-15,349267,gallons,,R3,
M-1201,"1507 County Rd 10, Wiley, CO 81092",Resident 1201,A-20201,2025-09-15,256637,gallons,,R4,
M-1202,"1514 County Rd 14, Wiley, CO 81092",Resident 1202,A-20202,2025-09-15,241841,gallons,,R5,
M-1203,"1521 Highway 287, Wiley, CO 81092",Resident 1203,A-20203,2025-09-15,162368,gallons,,R6,
M-1204,"1528 Maple Ave, Wiley, CO 81092",Resident 1204,A-20204,2025-09-15,263493,gallons,,R1,
M-1205,"1535 Oak St, Wiley, CO 81092",Resident 1205,A-20205,2025-09-15,296622,gallons,,R2,
M-1206,"1542 Elm St, Wiley, CO 81092",Resident 1206,A-20206,2025-09-15,425689,gallons,,R3,
M-1207,"1549 3rd Ave, Wiley, CO 81092",Resident 1207,A-20207,2025-09-15,381912,gallons,,R4,
M-1208,"1556 5th St, Wiley, CO 81092",Resident 1208,A-20208,2025-09-15,358670,gallons,,R5,
M-1209,"1563 Ranch Rd, Wiley, CO 81092",Resident 1209,A-20209,2025-09-15,372507,gallons,,R6,
M-1210,"1570 Irrigation Ln, Wiley, CO 81092",Resident 1210,A-20210,2025-09-15,266521,gallons,,R1,
M-1211,"1577 North Frontage, Wiley, CO 81092",Resident 1211,A-20211,2025-09-15,189365,gallons,,R2,
M-1212,"1584 South Loop, Wiley, CO 81092",Resident 1212,A-20212,2025-09-15,205491,gallons,,R3,
M-1213,"1591 Pioneer Rd, Wiley, CO 81092",Resident 1213,A-20213,2025-09-15,227978,gallons,,R4,
M-1214,"1598 Cottonwood Dr, Wiley, CO 81092",Resident 1214,A-20214,2025-09-15,268477,gallons,,R5,
M-1215,"1605 Sand Creek Rd, Wiley, CO 81092",Resident 1215,A-20215,2025-09-15,450502,gallons,,R6,
M-1216,"1612 Prairie View, Wiley, CO 81092",Resident 1216,A-20216,2025-09-15,310324,gallons,,R1,
M-1217,"1619 School House Rd, Wiley, CO 81092",Resident 1217,A-20217,2025-09-15,118357,gallons,,R2,
M-1218,"1626 Cemetery Rd, Wiley, CO 81092",Resident 1218,A-20218,2025-09-15,152842,gallons,,R3,
M-1219,"1633 Grain Elevator Rd, Wiley, CO 81092",Resident 1219,A-20219,2025-09-15,471650,gallons,,R4,
M-1220,"1640 Main St, Wiley, CO 81092",Resident 1220,A-20220,2025-09-15,366880,gallons,,R5,
M-1221,"1647 County Rd 10, Wiley, CO 81092",Resident 1221,A-20221,2025-09-15,329283,gallons,,R6,
M-1222,"1654 County Rd 14, Wiley, CO 81092",Resident 1222,A-20222,2025-09-15,267339,gallons,,R1,
M-1223,"1661 Highway 287, Wiley, CO 81092",Resident 1223,A-20223,2025-09-15,342495,gallons,,R2,
M-1224,"1668 Maple Ave, Wiley, CO 81092",Resident 1224,A-20224,2025-09-15,467471,gallons,,R3,
M-1225,"1675 Oak St, Wiley, CO 81092",Resident 1225,A-20225,2025-09-15,423077,gallons,,R4,
M-1226,"1682 Elm St, Wiley, CO 81092",Resident 1226,A-20226,2025-09-15,193082,gallons,,R5,
M-1227,"1689 3rd Ave, Wiley, CO 81092",Resident 1227,A-20227,2025-09-15,308742,gallons,,R6,
M-1228,"1696 5th St, Wiley, CO 81092",Resident 1228,A-20228,2025-09-15,452750,gallons,,R1,
M-1229,"1703 Ranch Rd, Wiley, CO 81092",Resident 1229,A-20229,2025-09-15,277271,gallons,,R2,
M-1230,"1710 Irrigation Ln, Wiley, CO 81092",Resident 1230,A-20230,2025-09-15,307239,gallons,,R3,
M-1231,"1717 North Frontage, Wiley, CO 81092",Resident 1231,A-20231,2025-09-15,189168,gallons,,R4,
M-1232,"1724 South Loop, Wiley, CO 81092",Resident 1232,A-20232,2025-09-15,336592,gallons,,R5,
M-1233,"1731 Pioneer Rd, Wiley, CO 81092",Resident 1233,A-20233,2025-09-15,169643,gallons,,R6,
M-1234,"1738 Cottonwood Dr, Wiley, CO 81092",Resident 1234,A-20234,2025-09-15,392662,gallons,,R1,
M-1235,"1745 Sand Creek Rd, Wiley, CO 81092",Resident 1235,A-20235,2025-09-15,415722,gallons,,R2,
M-1236,"1752 Prairie View, Wiley, CO 81092",Resident 1236,A-20236,2025-09-15,268624,gallons,,R3,
M-1237,"1759 School House Rd, Wiley, CO 81092",Resident 1237,A-20237,2025-09-15,354289,gallons,,R4,
M-1238,"1766 Cemetery Rd, Wiley, CO 81092",Resident 1238,A-20238,2025-09-15,354841,gallons,,R5,
M-1239,"1773 Grain Elevator Rd, Wiley, CO 81092",Resident 1239,A-20239,2025-09-15,170912,gallons,,R6,
M-1240,"1780 Main St, Wiley, CO 81092",Resident 1240,A-20240,2025-09-15,497278,gallons,,R1,
M-1241,"1787 County Rd 10, Wiley, CO 81092",Resident 1241,A-20241,2025-09-15,310641,gallons,,R2,
M-1242,"1794 County Rd 14, Wiley, CO 81092",Resident 1242,A-20242,2025-09-15,424363,gallons,,R3,
M-1243,"1801 Highway 287, Wiley, CO 81092",Resident 1243,A-20243,2025-09-15,276702,gallons,,R4,
M-1244,"1808 Maple Ave, Wiley, CO 81092",Resident 1244,A-20244,2025-09-15,708956,gallons,,R5,
M-1245,"1815 Oak St, Wiley, CO 81092",Resident 1245,A-20245,2025-09-15,154228,gallons,,R6,
M-1246,"1822 Elm St, Wiley, CO 81092",Resident 1246,A-20246,2025-09-15,280884,gallons,,R1,
M-1247,"1829 3rd Ave, Wiley, CO 81092",Resident 1247,A-20247,2025-09-15,351468,gallons,,R2,
M-1248,"1836 5th St, Wiley, CO 81092",Resident 1248,A-20248,2025-09-15,318117,gallons,,R3,
M-1249,"1843 Ranch Rd, Wiley, CO 81092",Resident 1249,A-20249,2025-09-15,498545,gallons,,R4,
M-1250,"1850 Irrigation Ln, Wiley, CO 81092",Resident 1250,A-20250,2025-09-15,323387,gallons,,R5,
M-1251,"1857 North Frontage, Wiley, CO 81092",Resident 1251,A-20251,2025-09-15,323925,gallons,,R6,
M-1252,"1864 South Loop, Wiley, CO 81092",Resident 1252,A-20252,2025-09-15,323091,gallons,,R1,
M-1253,"1871 Pioneer Rd, Wiley, CO 81092",Resident 1253,A-20253,2025-09-15,238872,gallons,,R2,
M-1254,"1878 Cottonwood Dr, Wiley, CO 81092",Resident 1254,A-20254,2025-09-15,382785,gallons,,R3,
M-1255,"1885 Sand Creek Rd, Wiley, CO 81092",Resident 1255,A-20255,2025-09-15,236561,gallons,,R4,
M-1256,"1892 Prairie View, Wiley, CO 81092",Resident 1256,A-20256,2025-09-15,263185,gallons,,R5,
M-1257,"1899 School House Rd, Wiley, CO 81092",Resident 1257,A-20257,2025-09-15,309517,gallons,,R6,
M-1258,"1906 Cemetery Rd, Wiley, CO 81092",Resident 1258,A-20258,2025-09-15,458403,gallons,,R1,
M-1259,"1913 Grain Elevator Rd, Wiley, CO 81092",Resident 1259,A-20259,2025-09-15,289324,gallons,,R2,
M-1260,"1920 Main St, Wiley, CO 81092",Resident 1260,A-20260,2025-09-15,178496,gallons,,R3,
M-1261,"1927 County Rd 10, Wiley, CO 81092",Resident 1261,A-20261,2025-09-15,443544,gallons,,R4,
M-1262,"1934 County Rd 14, Wiley, CO 81092",Resident 1262,A-20262,2025-09-15,390863,gallons,,R5,
M-1263,"1941 Highway 287, Wiley, CO 81092",Resident 1263,A-20263,2025-09-15,299920,gallons,,R6,
M-1264,"1948 Maple Ave, Wiley, CO 81092",Resident 1264,A-20264,2025-09-15,322840,gallons,,R1,
M-1265,"1955 Oak St, Wiley, CO 81092",Resident 1265,A-20265,2025-09-15,402707,gallons,,R2,
M-1266,"1962 Elm St, Wiley, CO 81092",Resident 1266,A-20266,2025-09-15,164235,gallons,,R3,
M-1267,"1969 3rd Ave, Wiley, CO 81092",Resident 1267,A-20267,2025-09-15,297859,gallons,,R4,
M-1268,"1976 5th St, Wiley, CO 81092",Resident 1268,A-20268,2025-09-15,260018,gallons,,R5,
M-1269,"1983 Ranch Rd, Wiley, CO 81092",Resident 1269,A-20269,2025-09-15,262466,gallons,,R6,
M-1270,"1990 Irrigation Ln, Wiley, CO 81092",Resident 1270,A-20270,2025-09-15,324005,gallons,,R1,
M-1271,"1997 North Frontage, Wiley, CO 81092",Resident 1271,A-20271,2025-09-15,476202,gallons,,R2,
M-1272,"2004 South Loop, Wiley, CO 81092",Resident 1272,A-20272,2025-09-15,469039,gallons,,R3,
M-1273,"2011 Pioneer Rd, Wiley, CO 81092",Resident 1273,A-20273,2025-09-15,493958,gallons,,R4,
M-1274,"2018 Cottonwood Dr, Wiley, CO 81092",Resident 1274,A-20274,2025-09-15,306770,gallons,,R5,
M-1275,"2025 Sand Creek Rd, Wiley, CO 81092",Resident 1275,A-20275,2025-09-15,356627,gallons,,R6,
M-1276,"2032 Prairie View, Wiley, CO 81092",Resident 1276,A-20276,2025-09-15,375570,gallons,,R1,
M-1277,"2039 School House Rd, Wiley, CO 81092",Resident 1277,A-20277,2025-09-15,363303,gallons,,R2,
M-1278,"2046 Cemetery Rd, Wiley, CO 81092",Resident 1278,A-20278,2025-09-15,217104,gallons,,R3,
M-1279,"2053 Grain Elevator Rd, Wiley, CO 81092",Resident 1279,A-20279,2025-09-15,362566,gallons,,R4,
M-1280,"2060 Main St, Wiley, CO 81092",Resident 1280,A-20280,2025-09-15,342677,gallons,,R5,
M-1281,"2067 County Rd 10, Wiley, CO 81092",Resident 1281,A-20281,2025-09-15,253502,gallons,,R6,
M-1282,"2074 County Rd 14, Wiley, CO 81092",Resident 1282,A-20282,2025-09-15,482732,gallons,,R1,
M-1283,"2081 Highway 287, Wiley, CO 81092",Resident 1283,A-20283,2025-09-15,169172,gallons,,R2,
M-1284,"2088 Maple Ave, Wiley, CO 81092",Resident 1284,A-20284,2025-09-15,283301,gallons,,R3,
M-1285,"2095 Oak St, Wiley, CO 81092",Resident 1285,A-20285,2025-09-15,405198,gallons,,R4,
M-1286,"2102 Elm St, Wiley, CO 81092",Resident 1286,A-20286,2025-09-15,485100,gallons,,R5,
M-1287,"2109 3rd Ave, Wiley, CO 81092",Resident 1287,A-20287,2025-09-15,503186,gallons,,R6,
M-1288,"2116 5th St, Wiley, CO 81092",Resident 1288,A-20288,2025-09-15,407549,gallons,,R1,
M-1289,"2123 Ranch Rd, Wiley, CO 81092",Resident 1289,A-20289,2025-09-15,340149,gallons,,R2,
M-1290,"2130 Irrigation Ln, Wiley, CO 81092",Resident 1290,A-20290,2025-09-15,206394,gallons,,R3,
M-1291,"2137 North Frontage, Wiley, CO 81092",Resident 1291,A-20291,2025-09-15,284476,gallons,,R4,
M-1292,"2144 South Loop, Wiley, CO 81092",Resident 1292,A-20292,2025-09-15,255915,gallons,,R5,
M-1293,"2151 Pioneer Rd, Wiley, CO 81092",Resident 1293,A-20293,2025-09-15,207150,gallons,,R6,
M-1294,"2158 Cottonwood Dr, Wiley, CO 81092",Resident 1294,A-20294,2025-09-15,235468,gallons,,R1,
M-1295,"2165 Sand Creek Rd, Wiley, CO 81092",Resident 1295,A-20295,2025-09-15,250300,gallons,,R2,
M-1296,"2172 Prairie View, Wiley, CO 81092",Resident 1296,A-20296,2025-09-15,137499,gallons,,R3,
M-1297,"2179 School House Rd, Wiley, CO 81092",Resident 1297,A-20297,2025-09-15,121091,gallons,,R4,
M-1298,"2186 Cemetery Rd, Wiley, CO 81092",Resident 1298,A-20298,2025-09-15,239234,gallons,,R5,
M-1299,"2193 Grain Elevator Rd, Wiley, CO 81092",Resident 1299,A-20299,2025-09-15,352480,gallons,,R6,
M-1300,"2200 Main St, Wiley, CO 81092",Resident 1300,A-20300,2025-09-15,426245,gallons,,R1,
M-1001,"107 County Rd 10, Wiley, CO 81092",Resident 1001,A-20001,2025-10-16,443640,gallons,,R2,
M-1002,"114 County Rd 14, Wiley, CO 81092",Resident 1002,A-20002,2025-10-16,334852,gallons,,R3,
M-1003,"121 Highway 287, Wiley, CO 81092",Resident 1003,A-20003,2025-10-16,161504,gallons,,R4,
M-1004,"128 Maple Ave, Wiley, CO 81092",Resident 1004,A-20004,2025-10-16,404095,gallons,,R5,
M-1005,"135 Oak St, Wiley, CO 81092",Resident 1005,A-20005,2025-10-16,216806,gallons,,R6,
M-1006,"142 Elm St, Wiley, CO 81092",Resident 1006,A-20006,2025-10-16,262919,gallons,,R1,
M-1007,"149 3rd Ave, Wiley, CO 81092",Resident 1007,A-20007,2025-10-16,357086,gallons,,R2,
M-1008,"156 5th St, Wiley, CO 81092",Resident 1008,A-20008,2025-10-16,232828,gallons,,R3,
M-1009,"163 Ranch Rd, Wiley, CO 81092",Resident 1009,A-20009,2025-10-16,218065,gallons,,R4,
M-1010,"170 Irrigation Ln, Wiley, CO 81092",Resident 1010,A-20010,2025-10-16,329825,gallons,,R5,
M-1011,"177 North Frontage, Wiley, CO 81092",Resident 1011,A-20011,2025-10-16,456882,gallons,,R6,
M-1012,"184 South Loop, Wiley, CO 81092",Resident 1012,A-20012,2025-10-16,234430,gallons,,R1,
M-1013,"191 Pioneer Rd, Wiley, CO 81092",Resident 1013,A-20013,2025-10-16,179592,gallons,,R2,
M-1014,"198 Cottonwood Dr, Wiley, CO 81092",Resident 1014,A-20014,2025-10-16,438085,gallons,,R3,
M-1015,"205 Sand Creek Rd, Wiley, CO 81092",Resident 1015,A-20015,2025-10-16,447057,gallons,,R4,
M-1016,"212 Prairie View, Wiley, CO 81092",Resident 1016,A-20016,2025-10-16,147846,gallons,,R5,
M-1017,"219 School House Rd, Wiley, CO 81092",Resident 1017,A-20017,2025-10-16,136032,gallons,,R6,
M-1018,"226 Cemetery Rd, Wiley, CO 81092",Resident 1018,A-20018,2025-10-16,214189,gallons,,R1,
M-1019,"233 Grain Elevator Rd, Wiley, CO 81092",Resident 1019,A-20019,2025-10-16,182915,gallons,,R2,
M-1020,"240 Main St, Wiley, CO 81092",Resident 1020,A-20020,2025-10-16,322995,gallons,,R3,
M-1021,"247 County Rd 10, Wiley, CO 81092",Resident 1021,A-20021,2025-10-16,370133,gallons,,R4,
M-1022,"254 County Rd 14, Wiley, CO 81092",Resident 1022,A-20022,2025-10-16,400267,gallons,,R5,
M-1023,"261 Highway 287, Wiley, CO 81092",Resident 1023,A-20023,2025-10-16,274682,gallons,,R6,
M-1024,"268 Maple Ave, Wiley, CO 81092",Resident 1024,A-20024,2025-10-16,300801,gallons,,R1,
M-1025,"275 Oak St, Wiley, CO 81092",Resident 1025,A-20025,2025-10-16,189713,gallons,,R2,
M-1026,"282 Elm St, Wiley, CO 81092",Resident 1026,A-20026,2025-10-16,199263,gallons,,R3,
M-1027,"289 3rd Ave, Wiley, CO 81092",Resident 1027,A-20027,2025-10-16,375928,gallons,,R4,
M-1028,"296 5th St, Wiley, CO 81092",Resident 1028,A-20028,2025-10-16,170648,gallons,,R5,
M-1029,"303 Ranch Rd, Wiley, CO 81092",Resident 1029,A-20029,2025-10-16,378459,gallons,,R6,
M-1030,"310 Irrigation Ln, Wiley, CO 81092",Resident 1030,A-20030,2025-10-16,296464,gallons,,R1,
M-1031,"317 North Frontage, Wiley, CO 81092",Resident 1031,A-20031,2025-10-16,379824,gallons,,R2,
M-1032,"324 South Loop, Wiley, CO 81092",Resident 1032,A-20032,2025-10-16,262113,gallons,,R3,
M-1033,"331 Pioneer Rd, Wiley, CO 81092",Resident 1033,A-20033,2025-10-16,668400,gallons,,R4,
M-1034,"338 Cottonwood Dr, Wiley, CO 81092",Resident 1034,A-20034,2025-10-16,456887,gallons,,R5,
M-1035,"345 Sand Creek Rd, Wiley, CO 81092",Resident 1035,A-20035,2025-10-16,467857,gallons,,R6,
M-1036,"352 Prairie View, Wiley, CO 81092",Resident 1036,A-20036,2025-10-16,340845,gallons,,R1,
M-1037,"359 School House Rd, Wiley, CO 81092",Resident 1037,A-20037,2025-10-16,267422,gallons,,R2,
M-1038,"366 Cemetery Rd, Wiley, CO 81092",Resident 1038,A-20038,2025-10-16,204923,gallons,,R3,
M-1039,"373 Grain Elevator Rd, Wiley, CO 81092",Resident 1039,A-20039,2025-10-16,328936,gallons,,R4,
M-1040,"380 Main St, Wiley, CO 81092",Resident 1040,A-20040,2025-10-16,251661,gallons,,R5,
M-1041,"387 County Rd 10, Wiley, CO 81092",Resident 1041,A-20041,2025-10-16,162186,gallons,,R6,
M-1042,"394 County Rd 14, Wiley, CO 81092",Resident 1042,A-20042,2025-10-16,421515,gallons,,R1,
M-1043,"401 Highway 287, Wiley, CO 81092",Resident 1043,A-20043,2025-10-16,388312,gallons,,R2,
M-1044,"408 Maple Ave, Wiley, CO 81092",Resident 1044,A-20044,2025-10-16,143716,gallons,,R3,
M-1045,"415 Oak St, Wiley, CO 81092",Resident 1045,A-20045,2025-10-16,350050,gallons,,R4,
M-1046,"422 Elm St, Wiley, CO 81092",Resident 1046,A-20046,2025-10-16,156775,gallons,,R5,
M-1047,"429 3rd Ave, Wiley, CO 81092",Resident 1047,A-20047,2025-10-16,124415,gallons,,R6,
M-1048,"436 5th St, Wiley, CO 81092",Resident 1048,A-20048,2025-10-16,402302,gallons,,R1,
M-1049,"443 Ranch Rd, Wiley, CO 81092",Resident 1049,A-20049,2025-10-16,382909,gallons,,R2,
M-1050,"450 Irrigation Ln, Wiley, CO 81092",Resident 1050,A-20050,2025-10-16,360648,gallons,,R3,
M-1051,"457 North Frontage, Wiley, CO 81092",Resident 1051,A-20051,2025-10-16,407398,gallons,,R4,
M-1052,"464 South Loop, Wiley, CO 81092",Resident 1052,A-20052,2025-10-16,211892,gallons,,R5,
M-1053,"471 Pioneer Rd, Wiley, CO 81092",Resident 1053,A-20053,2025-10-16,193282,gallons,,R6,
M-1054,"478 Cottonwood Dr, Wiley, CO 81092",Resident 1054,A-20054,2025-10-16,386083,gallons,,R1,
M-1055,"485 Sand Creek Rd, Wiley, CO 81092",Resident 1055,A-20055,2025-10-16,126676,gallons,,R2,
M-1056,"492 Prairie View, Wiley, CO 81092",Resident 1056,A-20056,2025-10-16,275459,gallons,,R3,
M-1057,"499 School House Rd, Wiley, CO 81092",Resident 1057,A-20057,2025-10-16,178747,gallons,,R4,
M-1058,"506 Cemetery Rd, Wiley, CO 81092",Resident 1058,A-20058,2025-10-16,464598,gallons,,R5,
M-1059,"513 Grain Elevator Rd, Wiley, CO 81092",Resident 1059,A-20059,2025-10-16,138417,gallons,,R6,
M-1060,"520 Main St, Wiley, CO 81092",Resident 1060,A-20060,2025-10-16,258636,gallons,,R1,
M-1061,"527 County Rd 10, Wiley, CO 81092",Resident 1061,A-20061,2025-10-16,306685,gallons,,R2,
M-1062,"534 County Rd 14, Wiley, CO 81092",Resident 1062,A-20062,2025-10-16,216909,gallons,,R3,
M-1063,"541 Highway 287, Wiley, CO 81092",Resident 1063,A-20063,2025-10-16,421850,gallons,,R4,
M-1064,"548 Maple Ave, Wiley, CO 81092",Resident 1064,A-20064,2025-10-16,296426,gallons,,R5,
M-1065,"555 Oak St, Wiley, CO 81092",Resident 1065,A-20065,2025-10-16,466810,gallons,,R6,
M-1066,"562 Elm St, Wiley, CO 81092",Resident 1066,A-20066,2025-10-16,445475,gallons,,R1,
M-1067,"569 3rd Ave, Wiley, CO 81092",Resident 1067,A-20067,2025-10-16,180955,gallons,,R2,
M-1068,"576 5th St, Wiley, CO 81092",Resident 1068,A-20068,2025-10-16,433007,gallons,,R3,
M-1069,"583 Ranch Rd, Wiley, CO 81092",Resident 1069,A-20069,2025-10-16,221855,gallons,,R4,
M-1070,"590 Irrigation Ln, Wiley, CO 81092",Resident 1070,A-20070,2025-10-16,313969,gallons,,R5,
M-1071,"597 North Frontage, Wiley, CO 81092",Resident 1071,A-20071,2025-10-16,435024,gallons,,R6,
M-1072,"604 South Loop, Wiley, CO 81092",Resident 1072,A-20072,2025-10-16,479272,gallons,,R1,
M-1073,"611 Pioneer Rd, Wiley, CO 81092",Resident 1073,A-20073,2025-10-16,411479,gallons,,R2,
M-1074,"618 Cottonwood Dr, Wiley, CO 81092",Resident 1074,A-20074,2025-10-16,395922,gallons,,R3,
M-1075,"625 Sand Creek Rd, Wiley, CO 81092",Resident 1075,A-20075,2025-10-16,261157,gallons,,R4,
M-1076,"632 Prairie View, Wiley, CO 81092",New Occupant 1076,A-20076,2025-10-16,250666,gallons,,R5,Ownership change
M-1077,"639 School House Rd, Wiley, CO 81092",Resident 1077,A-20077,2025-10-16,204647,gallons,,R6,
M-1078,"646 Cemetery Rd, Wiley, CO 81092",Resident 1078,A-20078,2025-10-16,302650,gallons,,R1,
M-1079,"653 Grain Elevator Rd, Wiley, CO 81092",Resident 1079,A-20079,2025-10-16,247734,gallons,,R2,
M-1080,"660 Main St, Wiley, CO 81092",Resident 1080,A-20080,2025-10-16,280845,gallons,,R3,
M-1081,"667 County Rd 10, Wiley, CO 81092",Resident 1081,A-20081,2025-10-16,375580,gallons,,R4,
M-1082,"674 County Rd 14, Wiley, CO 81092",Resident 1082,A-20082,2025-10-16,198907,gallons,,R5,
M-1083,"681 Highway 287, Wiley, CO 81092",Resident 1083,A-20083,2025-10-16,443106,gallons,,R6,
M-1084,"688 Maple Ave, Wiley, CO 81092",Resident 1084,A-20084,2025-10-16,290165,gallons,,R1,
M-1085,"695 Oak St, Wiley, CO 81092",Resident 1085,A-20085,2025-10-16,369964,gallons,,R2,
M-1086,"702 Elm St, Wiley, CO 81092",Resident 1086,A-20086,2025-10-16,279384,gallons,,R3,
M-1087,"709 3rd Ave, Wiley, CO 81092",Resident 1087,A-20087,2025-10-16,209054,gallons,,R4,
M-1088,"716 5th St, Wiley, CO 81092",Resident 1088,A-20088,2025-10-16,122907,gallons,,R5,
M-1089,"723 Ranch Rd, Wiley, CO 81092",Resident 1089,A-20089,2025-10-16,592801,gallons,,R6,
M-1090,"730 Irrigation Ln, Wiley, CO 81092",Resident 1090,A-20090,2025-10-16,486068,gallons,,R1,
M-1091,"737 North Frontage, Wiley, CO 81092",Resident 1091,A-20091,2025-10-16,458919,gallons,,R2,
M-1092,"744 South Loop, Wiley, CO 81092",Resident 1092,A-20092,2025-10-16,161741,gallons,,R3,
M-1093,"751 Pioneer Rd, Wiley, CO 81092",Resident 1093,A-20093,2025-10-16,195317,gallons,,R4,
M-1094,"758 Cottonwood Dr, Wiley, CO 81092",Resident 1094,A-20094,2025-10-16,460719,gallons,,R5,
M-1095,"765 Sand Creek Rd, Wiley, CO 81092",Resident 1095,A-20095,2025-10-16,229660,gallons,,R6,
M-1096,"772 Prairie View, Wiley, CO 81092",Resident 1096,A-20096,2025-10-16,373514,gallons,,R1,
M-1097,"779 School House Rd, Wiley, CO 81092",Resident 1097,A-20097,2025-10-16,282482,gallons,,R2,
M-1098,"786 Cemetery Rd, Wiley, CO 81092",Resident 1098,A-20098,2025-10-16,204967,gallons,,R3,
M-1099,"793 Grain Elevator Rd, Wiley, CO 81092",Resident 1099,A-20099,2025-10-16,303329,gallons,,R4,
M-1100,"800 Main St, Wiley, CO 81092",Resident 1100,A-20100,2025-10-16,198302,gallons,,R5,
M-1101,"807 County Rd 10, Wiley, CO 81092",Resident 1101,A-20101,2025-10-16,299478,gallons,,R6,
M-1102,"814 County Rd 14, Wiley, CO 81092",Resident 1102,A-20102,2025-10-16,353067,gallons,,R1,
M-1103,"821 Highway 287, Wiley, CO 81092",Resident 1103,A-20103,2025-10-16,266044,gallons,,R2,
M-1104,"828 Maple Ave, Wiley, CO 81092",Resident 1104,A-20104,2025-10-16,252029,gallons,,R3,
M-1105,"835 Oak St, Wiley, CO 81092",Resident 1105,A-20105,2025-10-16,357958,gallons,,R4,
M-1106,"842 Elm St, Wiley, CO 81092",Resident 1106,A-20106,2025-10-16,471040,gallons,,R5,
M-1107,"849 3rd Ave, Wiley, CO 81092",Resident 1107,A-20107,2025-10-16,251957,gallons,,R6,
M-1108,"856 5th St, Wiley, CO 81092",Resident 1108,A-20108,2025-10-16,435231,gallons,,R1,
M-1109,"863 Ranch Rd, Wiley, CO 81092",Resident 1109,A-20109,2025-10-16,434018,gallons,,R2,
M-1110,"870 Irrigation Ln, Wiley, CO 81092",Resident 1110,A-20110,2025-10-16,405795,gallons,,R3,
M-1111,"877 North Frontage, Wiley, CO 81092",Resident 1111,A-20111,2025-10-16,140311,gallons,,R4,
M-1112,"884 South Loop, Wiley, CO 81092",Resident 1112,A-20112,2025-10-16,406591,gallons,,R5,
M-1113,"891 Pioneer Rd, Wiley, CO 81092",Resident 1113,A-20113,2025-10-16,250443,gallons,,R6,
M-1114,"898 Cottonwood Dr, Wiley, CO 81092",Resident 1114,A-20114,2025-10-16,458681,gallons,,R1,
M-1115,"905 Sand Creek Rd, Wiley, CO 81092",Resident 1115,A-20115,2025-10-16,212458,gallons,,R2,
M-1116,"912 Prairie View, Wiley, CO 81092",Resident 1116,A-20116,2025-10-16,247354,gallons,,R3,
M-1117,"919 School House Rd, Wiley, CO 81092",Resident 1117,A-20117,2025-10-16,266756,gallons,,R4,
M-1118,"926 Cemetery Rd, Wiley, CO 81092",Resident 1118,A-20118,2025-10-16,175259,gallons,,R5,
M-1119,"933 Grain Elevator Rd, Wiley, CO 81092",Resident 1119,A-20119,2025-10-16,225729,gallons,,R6,
M-1120,"940 Main St, Wiley, CO 81092",Resident 1120,A-20120,2025-10-16,437354,gallons,,R1,
M-1121,"947 County Rd 10, Wiley, CO 81092",Resident 1121,A-20121,2025-10-16,215519,gallons,,R2,
M-1122,"954 County Rd 14, Wiley, CO 81092",Resident 1122,A-20122,2025-10-16,314277,gallons,,R3,
M-1123,"961 Highway 287, Wiley, CO 81092",Resident 1123,A-20123,2025-10-16,294665,gallons,,R4,
M-1124,"968 Maple Ave, Wiley, CO 81092",Resident 1124,A-20124,2025-10-16,421171,gallons,,R5,
M-1125,"975 Oak St, Wiley, CO 81092",Resident 1125,A-20125,2025-10-16,228962,gallons,,R6,
M-1126,"982 Elm St, Wiley, CO 81092",Resident 1126,A-20126,2025-10-16,282976,gallons,,R1,
M-1127,"989 3rd Ave, Wiley, CO 81092",Resident 1127,A-20127,2025-10-16,224805,gallons,,R2,
M-1128,"996 5th St, Wiley, CO 81092",Resident 1128,A-20128,2025-10-16,518030,gallons,,R3,
M-1129,"1003 Ranch Rd, Wiley, CO 81092",Resident 1129,A-20129,2025-10-16,295471,gallons,,R4,
M-1130,"1010 Irrigation Ln, Wiley, CO 81092",Resident 1130,A-20130,2025-10-16,423263,gallons,,R5,
M-1131,"1017 North Frontage, Wiley, CO 81092",Resident 1131,A-20131,2025-10-16,373700,gallons,,R6,
M-1132,"1024 South Loop, Wiley, CO 81092",Resident 1132,A-20132,2025-10-16,311270,gallons,,R1,
M-1133,"1031 Pioneer Rd, Wiley, CO 81092",Resident 1133,A-20133,2025-10-16,183488,gallons,,R2,
M-1134,"1038 Cottonwood Dr, Wiley, CO 81092",Resident 1134,A-20134,2025-10-16,186981,gallons,,R3,
M-1135,"1045 Sand Creek Rd, Wiley, CO 81092",Resident 1135,A-20135,2025-10-16,490876,gallons,,R4,
M-1136,"1052 Prairie View, Wiley, CO 81092",Resident 1136,A-20136,2025-10-16,360517,gallons,,R5,
M-1137,"1059 School House Rd, Wiley, CO 81092",Resident 1137,A-20137,2025-10-16,278697,gallons,,R6,
M-1138,"1066 Cemetery Rd, Wiley, CO 81092",Resident 1138,A-20138,2025-10-16,138775,gallons,,R1,
M-1139,"1073 Grain Elevator Rd, Wiley, CO 81092",Resident 1139,A-20139,2025-10-16,104435,gallons,,R2,
M-1140,"1080 Main St, Wiley, CO 81092",Resident 1140,A-20140,2025-10-16,323578,gallons,,R3,
M-1141,"1087 County Rd 10, Wiley, CO 81092",Resident 1141,A-20141,2025-10-16,217942,gallons,,R4,
M-1142,"1094 County Rd 14, Wiley, CO 81092",Resident 1142,A-20142,2025-10-16,430637,gallons,,R5,
M-1143,"1101 Highway 287, Wiley, CO 81092",Resident 1143,A-20143,2025-10-16,319510,gallons,,R6,
M-1144,"1108 Maple Ave, Wiley, CO 81092",Resident 1144,A-20144,2025-10-16,174894,gallons,,R1,
M-1145,"1115 Oak St, Wiley, CO 81092",Resident 1145,A-20145,2025-10-16,332247,gallons,,R2,
M-1146,"1122 Elm St, Wiley, CO 81092",Resident 1146,A-20146,2025-10-16,392725,gallons,,R3,
M-1147,"1129 3rd Ave, Wiley, CO 81092",Resident 1147,A-20147,2025-10-16,390884,gallons,,R4,
M-1148,"1136 5th St, Wiley, CO 81092",Resident 1148,A-20148,2025-10-16,399609,gallons,,R5,
M-1149,"1143 Ranch Rd, Wiley, CO 81092",Resident 1149,A-20149,2025-10-16,179723,gallons,,R6,
M-1150,"1150 Irrigation Ln, Wiley, CO 81092",Resident 1150,A-20150,2025-10-16,200902,gallons,,R1,
M-1151,"1157 North Frontage, Wiley, CO 81092",Resident 1151,A-20151,2025-10-16,203778,gallons,,R2,
M-1152,"1164 South Loop, Wiley, CO 81092",Resident 1152,A-20152,2025-10-16,171841,gallons,,R3,
M-1153,"1171 Pioneer Rd, Wiley, CO 81092",Resident 1153,A-20153,2025-10-16,423163,gallons,,R4,
M-1154,"1178 Cottonwood Dr, Wiley, CO 81092",Resident 1154,A-20154,2025-10-16,156775,gallons,,R5,
M-1155,"1185 Sand Creek Rd, Wiley, CO 81092",Resident 1155,A-20155,2025-10-16,355828,gallons,,R6,
M-1156,"1192 Prairie View, Wiley, CO 81092",Resident 1156,A-20156,2025-10-16,758500,gallons,,R1,
M-1157,"1199 School House Rd, Wiley, CO 81092",Resident 1157,A-20157,2025-10-16,442054,gallons,,R2,
M-1158,"1206 Cemetery Rd, Wiley, CO 81092",Resident 1158,A-20158,2025-10-16,193697,gallons,,R3,
M-1159,"1213 Grain Elevator Rd, Wiley, CO 81092",Resident 1159,A-20159,2025-10-16,382419,gallons,,R4,
M-1160,"1220 Main St, Wiley, CO 81092",Resident 1160,A-20160,2025-10-16,153044,gallons,,R5,
M-1161,"1227 County Rd 10, Wiley, CO 81092",Resident 1161,A-20161,2025-10-16,197007,gallons,,R6,
M-1162,"1234 County Rd 14, Wiley, CO 81092",Resident 1162,A-20162,2025-10-16,342669,gallons,,R1,
M-1163,"1241 Highway 287, Wiley, CO 81092",Resident 1163,A-20163,2025-10-16,292038,gallons,,R2,
M-1164,"1248 Maple Ave, Wiley, CO 81092",Resident 1164,A-20164,2025-10-16,192067,gallons,,R3,
M-1165,"1255 Oak St, Wiley, CO 81092",Resident 1165,A-20165,2025-10-16,341442,gallons,,R4,
M-1166,"1262 Elm St, Wiley, CO 81092",Resident 1166,A-20166,2025-10-16,295899,gallons,,R5,
M-1167,"1269 3rd Ave, Wiley, CO 81092",Resident 1167,A-20167,2025-10-16,249269,gallons,,R6,
M-1168,"1276 5th St, Wiley, CO 81092",Resident 1168,A-20168,2025-10-16,534182,gallons,,R1,
M-1169,"1283 Ranch Rd, Wiley, CO 81092",Resident 1169,A-20169,2025-10-16,221365,gallons,,R2,
M-1170,"1290 Irrigation Ln, Wiley, CO 81092",Resident 1170,A-20170,2025-10-16,306005,gallons,,R3,
M-1171,"1297 North Frontage, Wiley, CO 81092",Resident 1171,A-20171,2025-10-16,393364,gallons,,R4,
M-1172,"1304 South Loop, Wiley, CO 81092",Resident 1172,A-20172,2025-10-16,331803,gallons,,R5,
M-1173,"1311 Pioneer Rd, Wiley, CO 81092",Resident 1173,A-20173,2025-10-16,467530,gallons,,R6,
M-1174,"1318 Cottonwood Dr, Wiley, CO 81092",Resident 1174,A-20174,2025-10-16,185743,gallons,,R1,
M-1175,"1325 Sand Creek Rd, Wiley, CO 81092",Resident 1175,A-20175,2025-10-16,266316,gallons,,R2,
M-1176,"1332 Prairie View, Wiley, CO 81092",Resident 1176,A-20176,2025-10-16,170915,gallons,,R3,
M-1177,"1339 School House Rd, Wiley, CO 81092",Resident 1177,A-20177,2025-10-16,275402,gallons,,R4,
M-1178,"1346 Cemetery Rd, Wiley, CO 81092",Resident 1178,A-20178,2025-10-16,403743,gallons,,R5,
M-1179,"1353 Grain Elevator Rd, Wiley, CO 81092",Resident 1179,A-20179,2025-10-16,133973,gallons,,R6,
M-1180,"1360 Main St, Wiley, CO 81092",Resident 1180,A-20180,2025-10-16,244062,gallons,,R1,
M-1181,"1367 County Rd 10, Wiley, CO 81092",Resident 1181,A-20181,2025-10-16,356703,gallons,,R2,
M-1182,"1374 County Rd 14, Wiley, CO 81092",Resident 1182,A-20182,2025-10-16,323979,gallons,,R3,
M-1183,"1381 Highway 287, Wiley, CO 81092",Resident 1183,A-20183,2025-10-16,281929,gallons,,R4,
M-1184,"1388 Maple Ave, Wiley, CO 81092",Resident 1184,A-20184,2025-10-16,238578,gallons,,R5,
M-1185,"1395 Oak St, Wiley, CO 81092",Resident 1185,A-20185,2025-10-16,248763,gallons,,R6,
M-1186,"1402 Elm St, Wiley, CO 81092",Resident 1186,A-20186,2025-10-16,181162,gallons,,R1,
M-1187,"1409 3rd Ave, Wiley, CO 81092",Resident 1187,A-20187,2025-10-16,373477,gallons,,R2,
M-1188,"1416 5th St, Wiley, CO 81092",Resident 1188,A-20188,2025-10-16,169016,gallons,,R3,
M-1189,"1423 Ranch Rd, Wiley, CO 81092",Resident 1189,A-20189,2025-10-16,408987,gallons,,R4,
M-1190,"1430 Irrigation Ln, Wiley, CO 81092",Resident 1190,A-20190,2025-10-16,226778,gallons,,R5,
M-1191,"1437 North Frontage, Wiley, CO 81092",New Occupant 1191,A-20191,2025-10-16,207422,gallons,,R6,Ownership change
M-1192,"1444 South Loop, Wiley, CO 81092",Resident 1192,A-20192,2025-10-16,374676,gallons,,R1,
M-1193,"1451 Pioneer Rd, Wiley, CO 81092",Resident 1193,A-20193,2025-10-16,366254,gallons,,R2,
M-1194,"1458 Cottonwood Dr, Wiley, CO 81092",Resident 1194,A-20194,2025-10-16,267225,gallons,,R3,
M-1195,"1465 Sand Creek Rd, Wiley, CO 81092",Resident 1195,A-20195,2025-10-16,275702,gallons,,R4,
M-1196,"1472 Prairie View, Wiley, CO 81092",Resident 1196,A-20196,2025-10-16,272809,gallons,,R5,
M-1197,"1479 School House Rd, Wiley, CO 81092",Resident 1197,A-20197,2025-10-16,97775,gallons,,R6,
M-1198,"1486 Cemetery Rd, Wiley, CO 81092",Resident 1198,A-20198,2025-10-16,509924,gallons,,R1,
M-1199,"1493 Grain Elevator Rd, Wiley, CO 81092",Resident 1199,A-20199,2025-10-16,229964,gallons,,R2,
M-1200,"1500 Main St, Wiley, CO 81092",Resident 1200,A-20200,2025-10-16,356276,gallons,,R3,
M-1201,"1507 County Rd 10, Wiley, CO 81092",Resident 1201,A-20201,2025-10-16,259274,gallons,,R4,
M-1202,"1514 County Rd 14, Wiley, CO 81092",Resident 1202,A-20202,2025-10-16,245362,gallons,,R5,
M-1203,"1521 Highway 287, Wiley, CO 81092",Resident 1203,A-20203,2025-10-16,167189,gallons,,R6,
M-1204,"1528 Maple Ave, Wiley, CO 81092",Resident 1204,A-20204,2025-10-16,268607,gallons,,R1,
M-1205,"1535 Oak St, Wiley, CO 81092",Resident 1205,A-20205,2025-10-16,300292,gallons,,R2,
M-1206,"1542 Elm St, Wiley, CO 81092",Resident 1206,A-20206,2025-10-16,428110,gallons,,R3,
M-1207,"1549 3rd Ave, Wiley, CO 81092",Resident 1207,A-20207,2025-10-16,386413,gallons,,R4,
M-1208,"1556 5th St, Wiley, CO 81092",Resident 1208,A-20208,2025-10-16,365747,gallons,,R5,
M-1209,"1563 Ranch Rd, Wiley, CO 81092",Resident 1209,A-20209,2025-10-16,375153,gallons,,R6,
M-1210,"1570 Irrigation Ln, Wiley, CO 81092",Resident 1210,A-20210,2025-10-16,269480,gallons,,R1,
M-1211,"1577 North Frontage, Wiley, CO 81092",Resident 1211,A-20211,2025-10-16,196898,gallons,,R2,
M-1212,"1584 South Loop, Wiley, CO 81092",Resident 1212,A-20212,2025-10-16,211175,gallons,,R3,
M-1213,"1591 Pioneer Rd, Wiley, CO 81092",Resident 1213,A-20213,2025-10-16,230899,gallons,,R4,
M-1214,"1598 Cottonwood Dr, Wiley, CO 81092",Resident 1214,A-20214,2025-10-16,276551,gallons,,R5,
M-1215,"1605 Sand Creek Rd, Wiley, CO 81092",Resident 1215,A-20215,2025-10-16,457435,gallons,,R6,
M-1216,"1612 Prairie View, Wiley, CO 81092",Resident 1216,A-20216,2025-10-16,318737,gallons,,R1,
M-1217,"1619 School House Rd, Wiley, CO 81092",Resident 1217,A-20217,2025-10-16,121589,gallons,,R2,
M-1218,"1626 Cemetery Rd, Wiley, CO 81092",Resident 1218,A-20218,2025-10-16,156195,gallons,,R3,
M-1219,"1633 Grain Elevator Rd, Wiley, CO 81092",Resident 1219,A-20219,2025-10-16,479737,gallons,,R4,
M-1220,"1640 Main St, Wiley, CO 81092",Resident 1220,A-20220,2025-10-16,372742,gallons,,R5,
M-1221,"1647 County Rd 10, Wiley, CO 81092",Resident 1221,A-20221,2025-10-16,336694,gallons,,R6,
M-1222,"1654 County Rd 14, Wiley, CO 81092",Resident 1222,A-20222,2025-10-16,270881,gallons,,R1,
M-1223,"1661 Highway 287, Wiley, CO 81092",Resident 1223,A-20223,2025-10-16,346390,gallons,,R2,
M-1224,"1668 Maple Ave, Wiley, CO 81092",Resident 1224,A-20224,2025-10-16,473392,gallons,,R3,
M-1225,"1675 Oak St, Wiley, CO 81092",Resident 1225,A-20225,2025-10-16,429239,gallons,,R4,
M-1226,"1682 Elm St, Wiley, CO 81092",Resident 1226,A-20226,2025-10-16,199197,gallons,,R5,
M-1227,"1689 3rd Ave, Wiley, CO 81092",Resident 1227,A-20227,2025-10-16,312104,gallons,,R6,
M-1228,"1696 5th St, Wiley, CO 81092",Resident 1228,A-20228,2025-10-16,458910,gallons,,R1,
M-1229,"1703 Ranch Rd, Wiley, CO 81092",Resident 1229,A-20229,2025-10-16,285439,gallons,,R2,
M-1230,"1710 Irrigation Ln, Wiley, CO 81092",Resident 1230,A-20230,2025-10-16,316012,gallons,,R3,
M-1231,"1717 North Frontage, Wiley, CO 81092",Resident 1231,A-20231,2025-10-16,198168,gallons,,R4,
M-1232,"1724 South Loop, Wiley, CO 81092",Resident 1232,A-20232,2025-10-16,340736,gallons,,R5,
M-1233,"1731 Pioneer Rd, Wiley, CO 81092",Resident 1233,A-20233,2025-10-16,176636,gallons,,R6,
M-1234,"1738 Cottonwood Dr, Wiley, CO 81092",Resident 1234,A-20234,2025-10-16,398024,gallons,,R1,
M-1235,"1745 Sand Creek Rd, Wiley, CO 81092",Resident 1235,A-20235,2025-10-16,421986,gallons,,R2,
M-1236,"1752 Prairie View, Wiley, CO 81092",Resident 1236,A-20236,2025-10-16,277174,gallons,,R3,
M-1237,"1759 School House Rd, Wiley, CO 81092",Resident 1237,A-20237,2025-10-16,361789,gallons,,R4,
M-1238,"1766 Cemetery Rd, Wiley, CO 81092",Resident 1238,A-20238,2025-10-16,359823,gallons,,R5,
M-1239,"1773 Grain Elevator Rd, Wiley, CO 81092",Resident 1239,A-20239,2025-10-16,176626,gallons,,R6,
M-1240,"1780 Main St, Wiley, CO 81092",Resident 1240,A-20240,2025-10-16,503227,gallons,,R1,
M-1241,"1787 County Rd 10, Wiley, CO 81092",Resident 1241,A-20241,2025-10-16,316370,gallons,,R2,
M-1242,"1794 County Rd 14, Wiley, CO 81092",Resident 1242,A-20242,2025-10-16,427115,gallons,,R3,
M-1243,"1801 Highway 287, Wiley, CO 81092",Resident 1243,A-20243,2025-10-16,281230,gallons,,R4,
M-1244,"1808 Maple Ave, Wiley, CO 81092",Resident 1244,A-20244,2025-10-16,729858,gallons,,R5,
M-1245,"1815 Oak St, Wiley, CO 81092",Resident 1245,A-20245,2025-10-16,156799,gallons,,R6,
M-1246,"1822 Elm St, Wiley, CO 81092",Resident 1246,A-20246,2025-10-16,286019,gallons,,R1,
M-1247,"1829 3rd Ave, Wiley, CO 81092",Resident 1247,A-20247,2025-10-16,354012,gallons,,R2,
M-1248,"1836 5th St, Wiley, CO 81092",Resident 1248,A-20248,2025-10-16,325333,gallons,,R3,
M-1249,"1843 Ranch Rd, Wiley, CO 81092",Resident 1249,A-20249,2025-10-16,505332,gallons,,R4,
M-1250,"1850 Irrigation Ln, Wiley, CO 81092",Resident 1250,A-20250,2025-10-16,327932,gallons,,R5,
M-1251,"1857 North Frontage, Wiley, CO 81092",Resident 1251,A-20251,2025-10-16,331549,gallons,,R6,
M-1252,"1864 South Loop, Wiley, CO 81092",Resident 1252,A-20252,2025-10-16,327119,gallons,,R1,
M-1253,"1871 Pioneer Rd, Wiley, CO 81092",Resident 1253,A-20253,2025-10-16,241097,gallons,,R2,
M-1254,"1878 Cottonwood Dr, Wiley, CO 81092",Resident 1254,A-20254,2025-10-16,385838,gallons,,R3,
M-1255,"1885 Sand Creek Rd, Wiley, CO 81092",Resident 1255,A-20255,2025-10-16,243461,gallons,,R4,
M-1256,"1892 Prairie View, Wiley, CO 81092",Resident 1256,A-20256,2025-10-16,271650,gallons,,R5,
M-1257,"1899 School House Rd, Wiley, CO 81092",Resident 1257,A-20257,2025-10-16,312214,gallons,,R6,
M-1258,"1906 Cemetery Rd, Wiley, CO 81092",Resident 1258,A-20258,2025-10-16,462350,gallons,,R1,
M-1259,"1913 Grain Elevator Rd, Wiley, CO 81092",Resident 1259,A-20259,2025-10-16,292270,gallons,,R2,
M-1260,"1920 Main St, Wiley, CO 81092",Resident 1260,A-20260,2025-10-16,180995,gallons,,R3,
M-1261,"1927 County Rd 10, Wiley, CO 81092",Resident 1261,A-20261,2025-10-16,448473,gallons,,R4,
M-1262,"1934 County Rd 14, Wiley, CO 81092",Resident 1262,A-20262,2025-10-16,393751,gallons,,R5,
M-1263,"1941 Highway 287, Wiley, CO 81092",Resident 1263,A-20263,2025-10-16,305464,gallons,,R6,
M-1264,"1948 Maple Ave, Wiley, CO 81092",Resident 1264,A-20264,2025-10-16,326729,gallons,,R1,
M-1265,"1955 Oak St, Wiley, CO 81092",Resident 1265,A-20265,2025-10-16,407050,gallons,,R2,
M-1266,"1962 Elm St, Wiley, CO 81092",Resident 1266,A-20266,2025-10-16,171464,gallons,,R3,
M-1267,"1969 3rd Ave, Wiley, CO 81092",Resident 1267,A-20267,2025-10-16,304642,gallons,,R4,
M-1268,"1976 5th St, Wiley, CO 81092",Resident 1268,A-20268,2025-10-16,263927,gallons,,R5,
M-1269,"1983 Ranch Rd, Wiley, CO 81092",Resident 1269,A-20269,2025-10-16,268929,gallons,,R6,
M-1270,"1990 Irrigation Ln, Wiley, CO 81092",Resident 1270,A-20270,2025-10-16,327399,gallons,,R1,
M-1271,"1997 North Frontage, Wiley, CO 81092",Resident 1271,A-20271,2025-10-16,483241,gallons,,R2,
M-1272,"2004 South Loop, Wiley, CO 81092",Resident 1272,A-20272,2025-10-16,475951,gallons,,R3,
M-1273,"2011 Pioneer Rd, Wiley, CO 81092",Resident 1273,A-20273,2025-10-16,500135,gallons,,R4,
M-1274,"2018 Cottonwood Dr, Wiley, CO 81092",Resident 1274,A-20274,2025-10-16,313442,gallons,,R5,
M-1275,"2025 Sand Creek Rd, Wiley, CO 81092",Resident 1275,A-20275,2025-10-16,360756,gallons,,R6,
M-1276,"2032 Prairie View, Wiley, CO 81092",Resident 1276,A-20276,2025-10-16,382049,gallons,,R1,
M-1277,"2039 School House Rd, Wiley, CO 81092",Resident 1277,A-20277,2025-10-16,368194,gallons,,R2,
M-1278,"2046 Cemetery Rd, Wiley, CO 81092",Resident 1278,A-20278,2025-10-16,221177,gallons,,R3,
M-1279,"2053 Grain Elevator Rd, Wiley, CO 81092",Resident 1279,A-20279,2025-10-16,365928,gallons,,R4,
M-1280,"2060 Main St, Wiley, CO 81092",Resident 1280,A-20280,2025-10-16,345847,gallons,,R5,
M-1281,"2067 County Rd 10, Wiley, CO 81092",Resident 1281,A-20281,2025-10-16,260268,gallons,,R6,
M-1282,"2074 County Rd 14, Wiley, CO 81092",Resident 1282,A-20282,2025-10-16,488314,gallons,,R1,
M-1283,"2081 Highway 287, Wiley, CO 81092",Resident 1283,A-20283,2025-10-16,174198,gallons,,R2,
M-1284,"2088 Maple Ave, Wiley, CO 81092",Resident 1284,A-20284,2025-10-16,288423,gallons,,R3,
M-1285,"2095 Oak St, Wiley, CO 81092",Resident 1285,A-20285,2025-10-16,410915,gallons,,R4,
M-1286,"2102 Elm St, Wiley, CO 81092",Resident 1286,A-20286,2025-10-16,491509,gallons,,R5,
M-1287,"2109 3rd Ave, Wiley, CO 81092",Resident 1287,A-20287,2025-10-16,510627,gallons,,R6,
M-1288,"2116 5th St, Wiley, CO 81092",Resident 1288,A-20288,2025-10-16,410156,gallons,,R1,
M-1289,"2123 Ranch Rd, Wiley, CO 81092",Resident 1289,A-20289,2025-10-16,347286,gallons,,R2,
M-1290,"2130 Irrigation Ln, Wiley, CO 81092",Resident 1290,A-20290,2025-10-16,214381,gallons,,R3,
M-1291,"2137 North Frontage, Wiley, CO 81092",Resident 1291,A-20291,2025-10-16,292884,gallons,,R4,
M-1292,"2144 South Loop, Wiley, CO 81092",Resident 1292,A-20292,2025-10-16,259188,gallons,,R5,
M-1293,"2151 Pioneer Rd, Wiley, CO 81092",Resident 1293,A-20293,2025-10-16,210022,gallons,,R6,
M-1294,"2158 Cottonwood Dr, Wiley, CO 81092",Resident 1294,A-20294,2025-10-16,240345,gallons,,R1,
M-1295,"2165 Sand Creek Rd, Wiley, CO 81092",Resident 1295,A-20295,2025-10-16,257519,gallons,,R2,
M-1296,"2172 Prairie View, Wiley, CO 81092",Resident 1296,A-20296,2025-10-16,142402,gallons,,R3,
M-1297,"2179 School House Rd, Wiley, CO 81092",Resident 1297,A-20297,2025-10-16,124058,gallons,,R4,
M-1298,"2186 Cemetery Rd, Wiley, CO 81092",Resident 1298,A-20298,2025-10-16,243500,gallons,,R5,
M-1299,"2193 Grain Elevator Rd, Wiley, CO 81092",Resident 1299,A-20299,2025-10-16,356117,gallons,,R6,
M-1300,"2200 Main St, Wiley, CO 81092",Resident 1300,A-20300,2025-10-16,430331,gallons,,R1,
M-1001,"107 County Rd 10, Wiley, CO 81092",Resident 1001,A-20001,2025-11-12,449238,gallons,,R2,
M-1002,"114 County Rd 14, Wiley, CO 81092",Resident 1002,A-20002,2025-11-12,337500,gallons,,R3,
M-1003,"121 Highway 287, Wiley, CO 81092",Resident 1003,A-20003,2025-11-12,163241,gallons,,R4,
M-1004,"128 Maple Ave, Wiley, CO 81092",Resident 1004,A-20004,2025-11-12,410078,gallons,,R5,
M-1005,"135 Oak St, Wiley, CO 81092",Resident 1005,A-20005,2025-11-12,220414,gallons,,R6,
M-1006,"142 Elm St, Wiley, CO 81092",Resident 1006,A-20006,2025-11-12,266463,gallons,,R1,
M-1007,"149 3rd Ave, Wiley, CO 81092",Resident 1007,A-20007,2025-11-12,360166,gallons,,R2,
M-1008,"156 5th St, Wiley, CO 81092",Resident 1008,A-20008,2025-11-12,235455,gallons,,R3,
M-1009,"163 Ranch Rd, Wiley, CO 81092",Resident 1009,A-20009,2025-11-12,223591,gallons,,R4,
M-1010,"170 Irrigation Ln, Wiley, CO 81092",Resident 1010,A-20010,2025-11-12,332356,gallons,,R5,
M-1011,"177 North Frontage, Wiley, CO 81092",Resident 1011,A-20011,2025-11-12,462129,gallons,,R6,
M-1012,"184 South Loop, Wiley, CO 81092",Resident 1012,A-20012,2025-11-12,241024,gallons,,R1,
M-1013,"191 Pioneer Rd, Wiley, CO 81092",Resident 1013,A-20013,2025-11-12,184471,gallons,,R2,
M-1014,"198 Cottonwood Dr, Wiley, CO 81092",Resident 1014,A-20014,2025-11-12,440144,gallons,,R3,
M-1015,"205 Sand Creek Rd, Wiley, CO 81092",Resident 1015,A-20015,2025-11-12,452760,gallons,,R4,
M-1016,"212 Prairie View, Wiley, CO 81092",Resident 1016,A-20016,2025-11-12,152019,gallons,,R5,
M-1017,"219 School House Rd, Wiley, CO 81092",Resident 1017,A-20017,2025-11-12,137946,gallons,,R6,
M-1018,"226 Cemetery Rd, Wiley, CO 81092",Resident 1018,A-20018,2025-11-12,215811,gallons,,R1,
M-1019,"233 Grain Elevator Rd, Wiley, CO 81092",Resident 1019,A-20019,2025-11-12,184894,gallons,,R2,
M-1020,"240 Main St, Wiley, CO 81092",Resident 1020,A-20020,2025-11-12,325721,gallons,,R3,
M-1021,"247 County Rd 10, Wiley, CO 81092",Resident 1021,A-20021,2025-11-12,373324,gallons,,R4,
M-1022,"254 County Rd 14, Wiley, CO 81092",Resident 1022,A-20022,2025-11-12,404669,gallons,,R5,
M-1023,"261 Highway 287, Wiley, CO 81092",Resident 1023,A-20023,2025-11-12,279963,gallons,,R6,
M-1024,"268 Maple Ave, Wiley, CO 81092",Resident 1024,A-20024,2025-11-12,302807,gallons,,R1,
M-1025,"275 Oak St, Wiley, CO 81092",Resident 1025,A-20025,2025-11-12,194877,gallons,,R2,
M-1026,"282 Elm St, Wiley, CO 81092",Resident 1026,A-20026,2025-11-12,201708,gallons,,R3,
M-1027,"289 3rd Ave, Wiley, CO 81092",Resident 1027,A-20027,2025-11-12,382671,gallons,,R4,
M-1028,"296 5th St, Wiley, CO 81092",Resident 1028,A-20028,2025-11-12,175846,gallons,,R5,
M-1029,"303 Ranch Rd, Wiley, CO 81092",Resident 1029,A-20029,2025-11-12,384576,gallons,,R6,
M-1030,"310 Irrigation Ln, Wiley, CO 81092",Resident 1030,A-20030,2025-11-12,301425,gallons,,R1,
M-1031,"317 North Frontage, Wiley, CO 81092",Resident 1031,A-20031,2025-11-12,383937,gallons,,R2,
M-1032,"324 South Loop, Wiley, CO 81092",Resident 1032,A-20032,2025-11-12,264737,gallons,,R3,
M-1033,"331 Pioneer Rd, Wiley, CO 81092",Resident 1033,A-20033,2025-11-12,687990,gallons,,R4,
M-1034,"338 Cottonwood Dr, Wiley, CO 81092",Resident 1034,A-20034,2025-11-12,461753,gallons,,R5,
M-1035,"345 Sand Creek Rd, Wiley, CO 81092",Resident 1035,A-20035,2025-11-12,471263,gallons,,R6,
M-1036,"352 Prairie View, Wiley, CO 81092",Resident 1036,A-20036,2025-11-12,342595,gallons,,R1,
M-1037,"359 School House Rd, Wiley, CO 81092",Resident 1037,A-20037,2025-11-12,273842,gallons,,R2,
M-1038,"366 Cemetery Rd, Wiley, CO 81092",Resident 1038,A-20038,2025-11-12,207809,gallons,,R3,
M-1039,"373 Grain Elevator Rd, Wiley, CO 81092",Resident 1039,A-20039,2025-11-12,334071,gallons,,R4,
M-1040,"380 Main St, Wiley, CO 81092",Resident 1040,A-20040,2025-11-12,255459,gallons,,R5,
M-1041,"387 County Rd 10, Wiley, CO 81092",Resident 1041,A-20041,2025-11-12,166098,gallons,,R6,
M-1042,"394 County Rd 14, Wiley, CO 81092",Resident 1042,A-20042,2025-11-12,424405,gallons,,R1,
M-1043,"401 Highway 287, Wiley, CO 81092",Resident 1043,A-20043,2025-11-12,391193,gallons,,R2,
M-1044,"408 Maple Ave, Wiley, CO 81092",Resident 1044,A-20044,2025-11-12,146837,gallons,,R3,
M-1045,"415 Oak St, Wiley, CO 81092",Resident 1045,A-20045,2025-11-12,357033,gallons,,R4,
M-1046,"422 Elm St, Wiley, CO 81092",Resident 1046,A-20046,2025-11-12,160267,gallons,,R5,
M-1047,"429 3rd Ave, Wiley, CO 81092",Resident 1047,A-20047,2025-11-12,126980,gallons,,R6,
M-1048,"436 5th St, Wiley, CO 81092",Resident 1048,A-20048,2025-11-12,404221,gallons,,R1,
M-1049,"443 Ranch Rd, Wiley, CO 81092",Resident 1049,A-20049,2025-11-12,386793,gallons,,R2,
M-1050,"450 Irrigation Ln, Wiley, CO 81092",Resident 1050,A-20050,2025-11-12,362675,gallons,,R3,
M-1051,"457 North Frontage, Wiley, CO 81092",Resident 1051,A-20051,2025-11-12,411452,gallons,,R4,
M-1052,"464 South Loop, Wiley, CO 81092",Resident 1052,A-20052,2025-11-12,215780,gallons,,R5,
M-1053,"471 Pioneer Rd, Wiley, CO 81092",Resident 1053,A-20053,2025-11-12,198948,gallons,,R6,
M-1054,"478 Cottonwood Dr, Wiley, CO 81092",Resident 1054,A-20054,2025-11-12,389450,gallons,,R1,
M-1056,"492 Prairie View, Wiley, CO 81092",Resident 1056,A-20056,2025-11-12,282120,gallons,,R3,
M-1057,"499 School House Rd, Wiley, CO 81092",Resident 1057,A-20057,2025-11-12,182786,gallons,,R4,
M-1058,"506 Cemetery Rd, Wiley, CO 81092",Resident 1058,A-20058,2025-11-12,469475,gallons,,R5,
M-1059,"513 Grain Elevator Rd, Wiley, CO 81092",Resident 1059,A-20059,2025-11-12,140890,gallons,,R6,
M-1060,"520 Main St, Wiley, CO 81092",Resident 1060,A-20060,2025-11-12,263125,gallons,,R1,
M-1061,"527 County Rd 10, Wiley, CO 81092",Resident 1061,A-20061,2025-11-12,308558,gallons,,R2,
M-1062,"534 County Rd 14, Wiley, CO 81092",Resident 1062,A-20062,2025-11-12,221646,gallons,,R3,
M-1063,"541 Highway 287, Wiley, CO 81092",Resident 1063,A-20063,2025-11-12,425164,gallons,,R4,
M-1064,"548 Maple Ave, Wiley, CO 81092",Resident 1064,A-20064,2025-11-12,301737,gallons,,R5,
M-1065,"555 Oak St, Wiley, CO 81092",Resident 1065,A-20065,2025-11-12,471552,gallons,,R6,
M-1066,"562 Elm St, Wiley, CO 81092",Resident 1066,A-20066,2025-11-12,449262,gallons,,R1,
M-1067,"569 3rd Ave, Wiley, CO 81092",Resident 1067,A-20067,2025-11-12,186230,gallons,,R2,
M-1068,"576 5th St, Wiley, CO 81092",Resident 1068,A-20068,2025-11-12,435662,gallons,,R3,
M-1069,"583 Ranch Rd, Wiley, CO 81092",Resident 1069,A-20069,2025-11-12,227177,gallons,,R4,
M-1070,"590 Irrigation Ln, Wiley, CO 81092",Resident 1070,A-20070,2025-11-12,316167,gallons,,R5,
M-1071,"597 North Frontage, Wiley, CO 81092",Resident 1071,A-20071,2025-11-12,436824,gallons,,R6,
M-1072,"604 South Loop, Wiley, CO 81092",Resident 1072,A-20072,2025-11-12,485031,gallons,,R1,
M-1073,"611 Pioneer Rd, Wiley, CO 81092",Resident 1073,A-20073,2025-11-12,414551,gallons,,R2,
M-1074,"618 Cottonwood Dr, Wiley, CO 81092",Resident 1074,A-20074,2025-11-12,399550,gallons,,R3,
M-1075,"625 Sand Creek Rd, Wiley, CO 81092",Resident 1075,A-20075,2025-11-12,263368,gallons,,R4,
M-1076,"632 Prairie View, Wiley, CO 81092",New Occupant 1076,A-20076,2025-11-12,253385,gallons,,R5,
M-1077,"639 School House Rd, Wiley, CO 81092",Resident 1077,A-20077,2025-11-12,207073,gallons,,R6,
M-1078,"646 Cemetery Rd, Wiley, CO 81092",Resident 1078,A-20078,2025-11-12,306788,gallons,,R1,
M-1079,"653 Grain Elevator Rd, Wiley, CO 81092",Resident 1079,A-20079,2025-11-12,251582,gallons,,R2,
M-1080,"660 Main St, Wiley, CO 81092",Resident 1080,A-20080,2025-11-12,285258,gallons,,R3,
M-1081,"667 County Rd 10, Wiley, CO 81092",Resident 1081,A-20081,2025-11-12,381449,gallons,,R4,
M-1082,"674 County Rd 14, Wiley, CO 81092",Resident 1082,A-20082,2025-11-12,203304,gallons,,R5,
M-1083,"681 Highway 287, Wiley, CO 81092",Resident 1083,A-20083,2025-11-12,446141,gallons,,R6,
M-1084,"688 Maple Ave, Wiley, CO 81092",Resident 1084,A-20084,2025-11-12,293838,gallons,,R1,
M-1085,"695 Oak St, Wiley, CO 81092",Resident 1085,A-20085,2025-11-12,373921,gallons,,R2,
M-1086,"702 Elm St, Wiley, CO 81092",Resident 1086,A-20086,2025-11-12,282159,gallons,,R3,
M-1087,"709 3rd Ave, Wiley, CO 81092",Resident 1087,A-20087,2025-11-12,214865,gallons,,R4,
M-1088,"716 5th St, Wiley, CO 81092",Resident 1088,A-20088,2025-11-12,126685,gallons,,R5,
M-1089,"723 Ranch Rd, Wiley, CO 81092",Resident 1089,A-20089,2025-11-12,606547,gallons,,R6,
M-1090,"730 Irrigation Ln, Wiley, CO 81092",Resident 1090,A-20090,2025-11-12,490861,gallons,,R1,
M-1091,"737 North Frontage, Wiley, CO 81092",Resident 1091,A-20091,2025-11-12,464574,gallons,,R2,
M-1092,"744 South Loop, Wiley, CO 81092",Resident 1092,A-20092,2025-11-12,164457,gallons,,R3,
M-1093,"751 Pioneer Rd, Wiley, CO 81092",Resident 1093,A-20093,2025-11-12,200443,gallons,,R4,
M-1094,"758 Cottonwood Dr, Wiley, CO 81092",Resident 1094,A-20094,2025-11-12,466834,gallons,,R5,
M-1095,"765 Sand Creek Rd, Wiley, CO 81092",Resident 1095,A-20095,2025-11-12,232510,gallons,,R6,
M-1096,"772 Prairie View, Wiley, CO 81092",Resident 1096,A-20096,2025-11-12,376254,gallons,,R1,
M-1097,"779 School House Rd, Wiley, CO 81092",Resident 1097,A-20097,2025-11-12,287252,gallons,,R2,
M-1098,"786 Cemetery Rd, Wiley, CO 81092",Resident 1098,A-20098,2025-11-12,209520,gallons,,R3,
M-1099,"793 Grain Elevator Rd, Wiley, CO 81092",Resident 1099,A-20099,2025-11-12,306142,gallons,,R4,
M-1100,"800 Main St, Wiley, CO 81092",Resident 1100,A-20100,2025-11-12,203086,gallons,,R5,
M-1101,"807 County Rd 10, Wiley, CO 81092",Resident 1101,A-20101,2025-11-12,305576,gallons,,R6,
M-1102,"814 County Rd 14, Wiley, CO 81092",Resident 1102,A-20102,2025-11-12,357557,gallons,,R1,
M-1103,"821 Highway 287, Wiley, CO 81092",Resident 1103,A-20103,2025-11-12,269356,gallons,,R2,
M-1104,"828 Maple Ave, Wiley, CO 81092",Resident 1104,A-20104,2025-11-12,258411,gallons,,R3,
M-1105,"835 Oak St, Wiley, CO 81092",Resident 1105,A-20105,2025-11-12,362145,gallons,,R4,
M-1106,"842 Elm St, Wiley, CO 81092",Resident 1106,A-20106,2025-11-12,477246,gallons,,R5,
M-1107,"849 3rd Ave, Wiley, CO 81092",Resident 1107,A-20107,2025-11-12,253851,gallons,,R6,
M-1108,"856 5th St, Wiley, CO 81092",Resident 1108,A-20108,2025-11-12,438343,gallons,,R1,
M-1109,"863 Ranch Rd, Wiley, CO 81092",Resident 1109,A-20109,2025-11-12,435940,gallons,,R2,
M-1110,"870 Irrigation Ln, Wiley, CO 81092",Resident 1110,A-20110,2025-11-12,408856,gallons,,R3,
M-1111,"877 North Frontage, Wiley, CO 81092",Resident 1111,A-20111,2025-11-12,144056,gallons,,R4,
M-1112,"884 South Loop, Wiley, CO 81092",Resident 1112,A-20112,2025-11-12,409669,gallons,,R5,
M-1113,"891 Pioneer Rd, Wiley, CO 81092",Resident 1113,A-20113,2025-11-12,252678,gallons,,R6,
M-1114,"898 Cottonwood Dr, Wiley, CO 81092",Resident 1114,A-20114,2025-11-12,461457,gallons,,R1,
M-1115,"905 Sand Creek Rd, Wiley, CO 81092",Resident 1115,A-20115,2025-11-12,217602,gallons,,R2,
M-1116,"912 Prairie View, Wiley, CO 81092",Resident 1116,A-20116,2025-11-12,253094,gallons,,R3,
M-1117,"919 School House Rd, Wiley, CO 81092",Resident 1117,A-20117,2025-11-12,269807,gallons,,R4,
M-1118,"926 Cemetery Rd, Wiley, CO 81092",Resident 1118,A-20118,2025-11-12,178379,gallons,,R5,
M-1119,"933 Grain Elevator Rd, Wiley, CO 81092",Resident 1119,A-20119,2025-11-12,231135,gallons,,R6,
M-1120,"940 Main St, Wiley, CO 81092",Resident 1120,A-20120,2025-11-12,442388,gallons,,R1,
M-1121,"947 County Rd 10, Wiley, CO 81092",Resident 1121,A-20121,2025-11-12,219741,gallons,,R2,
M-1122,"954 County Rd 14, Wiley, CO 81092",Resident 1122,A-20122,2025-11-12,319085,gallons,,R3,
M-1123,"961 Highway 287, Wiley, CO 81092",Resident 1123,A-20123,2025-11-12,298698,gallons,,R4,
M-1124,"968 Maple Ave, Wiley, CO 81092",Resident 1124,A-20124,2025-11-12,423569,gallons,,R5,
M-1125,"975 Oak St, Wiley, CO 81092",Resident 1125,A-20125,2025-11-12,232079,gallons,,R6,
M-1126,"982 Elm St, Wiley, CO 81092",Resident 1126,A-20126,2025-11-12,285612,gallons,,R1,
M-1127,"989 3rd Ave, Wiley, CO 81092",Resident 1127,A-20127,2025-11-12,228365,gallons,,R2,
M-1128,"996 5th St, Wiley, CO 81092",Resident 1128,A-20128,2025-11-12,524811,gallons,,R3,
M-1129,"1003 Ranch Rd, Wiley, CO 81092",Resident 1129,A-20129,2025-11-12,300792,gallons,,R4,
M-1130,"1010 Irrigation Ln, Wiley, CO 81092",Resident 1130,A-20130,2025-11-12,428196,gallons,,R5,
M-1131,"1017 North Frontage, Wiley, CO 81092",Resident 1131,A-20131,2025-11-12,377088,gallons,,R6,
M-1132,"1024 South Loop, Wiley, CO 81092",Resident 1132,A-20132,2025-11-12,318243,gallons,,R1,
M-1133,"1031 Pioneer Rd, Wiley, CO 81092",Resident 1133,A-20133,2025-11-12,188787,gallons,,R2,
M-1134,"1038 Cottonwood Dr, Wiley, CO 81092",Resident 1134,A-20134,2025-11-12,191050,gallons,,R3,
M-1135,"1045 Sand Creek Rd, Wiley, CO 81092",Resident 1135,A-20135,2025-11-12,496557,gallons,,R4,
M-1136,"1052 Prairie View, Wiley, CO 81092",Resident 1136,A-20136,2025-11-12,364514,gallons,,R5,
M-1137,"1059 School House Rd, Wiley, CO 81092",Resident 1137,A-20137,2025-11-12,282852,gallons,,R6,
M-1138,"1066 Cemetery Rd, Wiley, CO 81092",Resident 1138,A-20138,2025-11-12,142073,gallons,,R1,
M-1139,"1073 Grain Elevator Rd, Wiley, CO 81092",Resident 1139,A-20139,2025-11-12,106784,gallons,,R2,
M-1140,"1080 Main St, Wiley, CO 81092",Resident 1140,A-20140,2025-11-12,328681,gallons,,R3,
M-1141,"1087 County Rd 10, Wiley, CO 81092",Resident 1141,A-20141,2025-11-12,222364,gallons,,R4,
M-1142,"1094 County Rd 14, Wiley, CO 81092",Resident 1142,A-20142,2025-11-12,432868,gallons,,R5,
M-1143,"1101 Highway 287, Wiley, CO 81092",Resident 1143,A-20143,2025-11-12,325252,gallons,,R6,
M-1144,"1108 Maple Ave, Wiley, CO 81092",Resident 1144,A-20144,2025-11-12,176940,gallons,,R1,
M-1145,"1115 Oak St, Wiley, CO 81092",Resident 1145,A-20145,2025-11-12,334779,gallons,,R2,
M-1146,"1122 Elm St, Wiley, CO 81092",Resident 1146,A-20146,2025-11-12,395615,gallons,,R3,
M-1147,"1129 3rd Ave, Wiley, CO 81092",Resident 1147,A-20147,2025-11-12,396147,gallons,,R4,
M-1148,"1136 5th St, Wiley, CO 81092",Resident 1148,A-20148,2025-11-12,402612,gallons,,R5,
M-1149,"1143 Ranch Rd, Wiley, CO 81092",Resident 1149,A-20149,2025-11-12,185169,gallons,,R6,
M-1150,"1150 Irrigation Ln, Wiley, CO 81092",Resident 1150,A-20150,2025-11-12,204548,gallons,,R1,
M-1151,"1157 North Frontage, Wiley, CO 81092",Resident 1151,A-20151,2025-11-12,209862,gallons,,R2,
M-1152,"1164 South Loop, Wiley, CO 81092",Resident 1152,A-20152,2025-11-12,173958,gallons,,R3,
M-1153,"1171 Pioneer Rd, Wiley, CO 81092",Resident 1153,A-20153,2025-11-12,427589,gallons,,R4,
M-1154,"1178 Cottonwood Dr, Wiley, CO 81092",Resident 1154,A-20154,2025-11-12,160854,gallons,,R5,
M-1155,"1185 Sand Creek Rd, Wiley, CO 81092",Resident 1155,A-20155,2025-11-12,360962,gallons,,R6,
M-1156,"1192 Prairie View, Wiley, CO 81092",Resident 1156,A-20156,2025-11-12,778300,gallons,,R1,
M-1157,"1199 School House Rd, Wiley, CO 81092",Resident 1157,A-20157,2025-11-12,447490,gallons,,R2,
M-1158,"1206 Cemetery Rd, Wiley, CO 81092",Resident 1158,A-20158,2025-11-12,197132,gallons,,R3,
M-1159,"1213 Grain Elevator Rd, Wiley, CO 81092",Resident 1159,A-20159,2025-11-12,387778,gallons,,R4,
M-1160,"1220 Main St, Wiley, CO 81092",Resident 1160,A-20160,2025-11-12,154668,gallons,,R5,
M-1161,"1227 County Rd 10, Wiley, CO 81092",Resident 1161,A-20161,2025-11-12,202016,gallons,,R6,
M-1162,"1234 County Rd 14, Wiley, CO 81092",Resident 1162,A-20162,2025-11-12,348589,gallons,,R1,
M-1163,"1241 Highway 287, Wiley, CO 81092",Resident 1163,A-20163,2025-11-12,294389,gallons,,R2,
M-1164,"1248 Maple Ave, Wiley, CO 81092",Resident 1164,A-20164,2025-11-12,197445,gallons,,R3,
M-1165,"1255 Oak St, Wiley, CO 81092",Resident 1165,A-20165,2025-11-12,346319,gallons,,R4,
M-1166,"1262 Elm St, Wiley, CO 81092",Resident 1166,A-20166,2025-11-12,303009,gallons,,R5,
M-1167,"1269 3rd Ave, Wiley, CO 81092",Resident 1167,A-20167,2025-11-12,252277,gallons,,R6,
M-1168,"1276 5th St, Wiley, CO 81092",Resident 1168,A-20168,2025-11-12,540176,gallons,,R1,
M-1169,"1283 Ranch Rd, Wiley, CO 81092",Resident 1169,A-20169,2025-11-12,226302,gallons,,R2,
M-1171,"1297 North Frontage, Wiley, CO 81092",Resident 1171,A-20171,2025-11-12,395898,gallons,,R4,
M-1172,"1304 South Loop, Wiley, CO 81092",Resident 1172,A-20172,2025-11-12,335543,gallons,,R5,
M-1173,"1311 Pioneer Rd, Wiley, CO 81092",Resident 1173,A-20173,2025-11-12,472386,gallons,,R6,
M-1174,"1318 Cottonwood Dr, Wiley, CO 81092",Resident 1174,A-20174,2025-11-12,188320,gallons,,R1,
M-1175,"1325 Sand Creek Rd, Wiley, CO 81092",Resident 1175,A-20175,2025-11-12,270120,gallons,,R2,
M-1176,"1332 Prairie View, Wiley, CO 81092",Resident 1176,A-20176,2025-11-12,172575,gallons,,R3,
M-1177,"1339 School House Rd, Wiley, CO 81092",Resident 1177,A-20177,2025-11-12,281488,gallons,,R4,
M-1178,"1346 Cemetery Rd, Wiley, CO 81092",Resident 1178,A-20178,2025-11-12,409250,gallons,,R5,
M-1179,"1353 Grain Elevator Rd, Wiley, CO 81092",Resident 1179,A-20179,2025-11-12,137656,gallons,,R6,
M-1180,"1360 Main St, Wiley, CO 81092",Resident 1180,A-20180,2025-11-12,249116,gallons,,R1,
M-1181,"1367 County Rd 10, Wiley, CO 81092",Resident 1181,A-20181,2025-11-12,363078,gallons,,R2,
M-1182,"1374 County Rd 14, Wiley, CO 81092",Resident 1182,A-20182,2025-11-12,326953,gallons,,R3,
M-1183,"1381 Highway 287, Wiley, CO 81092",Resident 1183,A-20183,2025-11-12,286187,gallons,,R4,
M-1184,"1388 Maple Ave, Wiley, CO 81092",Resident 1184,A-20184,2025-11-12,241138,gallons,,R5,
M-1185,"1395 Oak St, Wiley, CO 81092",Resident 1185,A-20185,2025-11-12,254785,gallons,,R6,
M-1186,"1402 Elm St, Wiley, CO 81092",Resident 1186,A-20186,2025-11-12,185102,gallons,,R1,
M-1187,"1409 3rd Ave, Wiley, CO 81092",Resident 1187,A-20187,2025-11-12,379348,gallons,,R2,
M-1188,"1416 5th St, Wiley, CO 81092",Resident 1188,A-20188,2025-11-12,173259,gallons,,R3,
M-1189,"1423 Ranch Rd, Wiley, CO 81092",Resident 1189,A-20189,2025-11-12,414741,gallons,,R4,
M-1190,"1430 Irrigation Ln, Wiley, CO 81092",Resident 1190,A-20190,2025-11-12,229614,gallons,,R5,
M-1191,"1437 North Frontage, Wiley, CO 81092",New Occupant 1191,A-20191,2025-11-12,210176,gallons,,R6,
M-1192,"1444 South Loop, Wiley, CO 81092",Resident 1192,A-20192,2025-11-12,378649,gallons,,R1,
M-1193,"1451 Pioneer Rd, Wiley, CO 81092",Resident 1193,A-20193,2025-11-12,371646,gallons,,R2,
M-1194,"1458 Cottonwood Dr, Wiley, CO 81092",Resident 1194,A-20194,2025-11-12,270209,gallons,,R3,
M-1195,"1465 Sand Creek Rd, Wiley, CO 81092",Resident 1195,A-20195,2025-11-12,280944,gallons,,R4,
M-1196,"1472 Prairie View, Wiley, CO 81092",Resident 1196,A-20196,2025-11-12,277855,gallons,,R5,
M-1197,"1479 School House Rd, Wiley, CO 81092",Resident 1197,A-20197,2025-11-12,99223,gallons,,R6,
M-1198,"1486 Cemetery Rd, Wiley, CO 81092",Resident 1198,A-20198,2025-11-12,515200,gallons,,R1,
M-1199,"1493 Grain Elevator Rd, Wiley, CO 81092",Resident 1199,A-20199,2025-11-12,233109,gallons,,R2,
M-1200,"1500 Main St, Wiley, CO 81092",Resident 1200,A-20200,2025-11-12,360956,gallons,,R3,
M-1201,"1507 County Rd 10, Wiley, CO 81092",Resident 1201,A-20201,2025-11-12,261127,gallons,,R4,
M-1202,"1514 County Rd 14, Wiley, CO 81092",Resident 1202,A-20202,2025-11-12,247567,gallons,,R5,
M-1203,"1521 Highway 287, Wiley, CO 81092",Resident 1203,A-20203,2025-11-12,171159,gallons,,R6,
M-1204,"1528 Maple Ave, Wiley, CO 81092",Resident 1204,A-20204,2025-11-12,271946,gallons,,R1,
M-1205,"1535 Oak St, Wiley, CO 81092",Resident 1205,A-20205,2025-11-12,303779,gallons,,R2,
M-1206,"1542 Elm St, Wiley, CO 81092",Resident 1206,A-20206,2025-11-12,430007,gallons,,R3,
M-1207,"1549 3rd Ave, Wiley, CO 81092",Resident 1207,A-20207,2025-11-12,389254,gallons,,R4,
M-1208,"1556 5th St, Wiley, CO 81092",Resident 1208,A-20208,2025-11-12,370538,gallons,,R5,
M-1209,"1563 Ranch Rd, Wiley, CO 81092",Resident 1209,A-20209,2025-11-12,377170,gallons,,R6,
M-1210,"1570 Irrigation Ln, Wiley, CO 81092",Resident 1210,A-20210,2025-11-12,271617,gallons,,R1,
M-1211,"1577 North Frontage, Wiley, CO 81092",Resident 1211,A-20211,2025-11-12,202339,gallons,,R2,
M-1212,"1584 South Loop, Wiley, CO 81092",Resident 1212,A-20212,2025-11-12,215323,gallons,,R3,
M-1213,"1591 Pioneer Rd, Wiley, CO 81092",Resident 1213,A-20213,2025-11-12,232832,gallons,,R4,
M-1214,"1598 Cottonwood Dr, Wiley, CO 81092",Resident 1214,A-20214,2025-11-12,281954,gallons,,R5,
M-1215,"1605 Sand Creek Rd, Wiley, CO 81092",Resident 1215,A-20215,2025-11-12,462538,gallons,,R6,
M-1216,"1612 Prairie View, Wiley, CO 81092",Resident 1216,A-20216,2025-11-12,325118,gallons,,R1,
M-1217,"1619 School House Rd, Wiley, CO 81092",Resident 1217,A-20217,2025-11-12,123798,gallons,,R2,
M-1218,"1626 Cemetery Rd, Wiley, CO 81092",Resident 1218,A-20218,2025-11-12,158523,gallons,,R3,
M-1219,"1633 Grain Elevator Rd, Wiley, CO 81092",Resident 1219,A-20219,2025-11-12,485129,gallons,,R4,
M-1220,"1640 Main St, Wiley, CO 81092",Resident 1220,A-20220,2025-11-12,376820,gallons,,R5,
M-1221,"1647 County Rd 10, Wiley, CO 81092",Resident 1221,A-20221,2025-11-12,342029,gallons,,R6,
M-1222,"1654 County Rd 14, Wiley, CO 81092",Resident 1222,A-20222,2025-11-12,273371,gallons,,R1,
M-1223,"1661 Highway 287, Wiley, CO 81092",Resident 1223,A-20223,2025-11-12,349417,gallons,,R2,
M-1224,"1668 Maple Ave, Wiley, CO 81092",Resident 1224,A-20224,2025-11-12,477654,gallons,,R3,
M-1225,"1675 Oak St, Wiley, CO 81092",Resident 1225,A-20225,2025-11-12,434798,gallons,,R4,
M-1226,"1682 Elm St, Wiley, CO 81092",Resident 1226,A-20226,2025-11-12,203240,gallons,,R5,
M-1227,"1689 3rd Ave, Wiley, CO 81092",Resident 1227,A-20227,2025-11-12,315005,gallons,,R6,
M-1228,"1696 5th St, Wiley, CO 81092",Resident 1228,A-20228,2025-11-12,463321,gallons,,R1,
M-1229,"1703 Ranch Rd, Wiley, CO 81092",Resident 1229,A-20229,2025-11-12,291674,gallons,,R2,
M-1230,"1710 Irrigation Ln, Wiley, CO 81092",Resident 1230,A-20230,2025-11-12,322469,gallons,,R3,
M-1231,"1717 North Frontage, Wiley, CO 81092",Resident 1231,A-20231,2025-11-12,203360,gallons,,R4,
M-1232,"1724 South Loop, Wiley, CO 81092",Resident 1232,A-20232,2025-11-12,343235,gallons,,R5,
M-1233,"1731 Pioneer Rd, Wiley, CO 81092",Resident 1233,A-20233,2025-11-12,182532,gallons,,R6,
M-1234,"1738 Cottonwood Dr, Wiley, CO 81092",Resident 1234,A-20234,2025-11-12,401245,gallons,,R1,
M-1235,"1745 Sand Creek Rd, Wiley, CO 81092",Resident 1235,A-20235,2025-11-12,426205,gallons,,R2,
M-1236,"1752 Prairie View, Wiley, CO 81092",Resident 1236,A-20236,2025-11-12,283111,gallons,,R3,
M-1237,"1759 School House Rd, Wiley, CO 81092",Resident 1237,A-20237,2025-11-12,368000,gallons,,R4,
M-1238,"1766 Cemetery Rd, Wiley, CO 81092",Resident 1238,A-20238,2025-11-12,364003,gallons,,R5,
M-1239,"1773 Grain Elevator Rd, Wiley, CO 81092",Resident 1239,A-20239,2025-11-12,181118,gallons,,R6,
M-1240,"1780 Main St, Wiley, CO 81092",Resident 1240,A-20240,2025-11-12,507784,gallons,,R1,
M-1241,"1787 County Rd 10, Wiley, CO 81092",Resident 1241,A-20241,2025-11-12,321214,gallons,,R2,
M-1242,"1794 County Rd 14, Wiley, CO 81092",Resident 1242,A-20242,2025-11-12,429661,gallons,,R3,
M-1243,"1801 Highway 287, Wiley, CO 81092",Resident 1243,A-20243,2025-11-12,284565,gallons,,R4,
M-1244,"1808 Maple Ave, Wiley, CO 81092",Resident 1244,A-20244,2025-11-12,746282,gallons,,R5,
M-1245,"1815 Oak St, Wiley, CO 81092",Resident 1245,A-20245,2025-11-12,159132,gallons,,R6,
M-1246,"1822 Elm St, Wiley, CO 81092",Resident 1246,A-20246,2025-11-12,290031,gallons,,R1,
M-1247,"1829 3rd Ave, Wiley, CO 81092",Resident 1247,A-20247,2025-11-12,355772,gallons,,R2,
M-1248,"1836 5th St, Wiley, CO 81092",Resident 1248,A-20248,2025-11-12,330015,gallons,,R3,
M-1249,"1843 Ranch Rd, Wiley, CO 81092",Resident 1249,A-20249,2025-11-12,510858,gallons,,R4,
M-1250,"1850 Irrigation Ln, Wiley, CO 81092",Resident 1250,A-20250,2025-11-12,331381,gallons,,R5,
M-1251,"1857 North Frontage, Wiley, CO 81092",Resident 1251,A-20251,2025-11-12,336763,gallons,,R6,
M-1252,"1864 South Loop, Wiley, CO 81092",Resident 1252,A-20252,2025-11-12,330081,gallons,,R1,
M-1253,"1871 Pioneer Rd, Wiley, CO 81092",Resident 1253,A-20253,2025-11-12,242884,gallons,,R2,
M-1254,"1878 Cottonwood Dr, Wiley, CO 81092",Resident 1254,A-20254,2025-11-12,388055,gallons,,R3,
M-1255,"1885 Sand Creek Rd, Wiley, CO 81092",Resident 1255,A-20255,2025-11-12,249397,gallons,,R4,
M-1256,"1892 Prairie View, Wiley, CO 81092",Resident 1256,A-20256,2025-11-12,276731,gallons,,R5,
M-1257,"1899 School House Rd, Wiley, CO 81092",Resident 1257,A-20257,2025-11-12,314058,gallons,,R6,
M-1258,"1906 Cemetery Rd, Wiley, CO 81092",Resident 1258,A-20258,2025-11-12,465737,gallons,,R1,
M-1259,"1913 Grain Elevator Rd, Wiley, CO 81092",Resident 1259,A-20259,2025-11-12,294406,gallons,,R2,
M-1260,"1920 Main St, Wiley, CO 81092",Resident 1260,A-20260,2025-11-12,183065,gallons,,R3,
M-1261,"1927 County Rd 10, Wiley, CO 81092",Resident 1261,A-20261,2025-11-12,452033,gallons,,R4,
M-1262,"1934 County Rd 14, Wiley, CO 81092",Resident 1262,A-20262,2025-11-12,395960,gallons,,R5,
M-1263,"1941 Highway 287, Wiley, CO 81092",Resident 1263,A-20263,2025-11-12,310510,gallons,,R6,
M-1264,"1948 Maple Ave, Wiley, CO 81092",Resident 1264,A-20264,2025-11-12,330110,gallons,,R1,
M-1265,"1955 Oak St, Wiley, CO 81092",Resident 1265,A-20265,2025-11-12,410796,gallons,,R2,
M-1266,"1962 Elm St, Wiley, CO 81092",Resident 1266,A-20266,2025-11-12,177143,gallons,,R3,
M-1267,"1969 3rd Ave, Wiley, CO 81092",Resident 1267,A-20267,2025-11-12,308621,gallons,,R4,
M-1268,"1976 5th St, Wiley, CO 81092",Resident 1268,A-20268,2025-11-12,266871,gallons,,R5,
M-1269,"1983 Ranch Rd, Wiley, CO 81092",Resident 1269,A-20269,2025-11-12,273670,gallons,,R6,
M-1270,"1990 Irrigation Ln, Wiley, CO 81092",Resident 1270,A-20270,2025-11-12,329832,gallons,,R1,
M-1271,"1997 North Frontage, Wiley, CO 81092",Resident 1271,A-20271,2025-11-12,488732,gallons,,R2,
M-1272,"2004 South Loop, Wiley, CO 81092",Resident 1272,A-20272,2025-11-12,481523,gallons,,R3,
M-1273,"2011 Pioneer Rd, Wiley, CO 81092",Resident 1273,A-20273,2025-11-12,505487,gallons,,R4,
M-1274,"2018 Cottonwood Dr, Wiley, CO 81092",Resident 1274,A-20274,2025-11-12,317486,gallons,,R5,
M-1275,"2025 Sand Creek Rd, Wiley, CO 81092",Resident 1275,A-20275,2025-11-12,363524,gallons,,R6,
M-1276,"2032 Prairie View, Wiley, CO 81092",Resident 1276,A-20276,2025-11-12,387038,gallons,,R1,
M-1277,"2039 School House Rd, Wiley, CO 81092",Resident 1277,A-20277,2025-11-12,372714,gallons,,R2,
M-1278,"2046 Cemetery Rd, Wiley, CO 81092",Resident 1278,A-20278,2025-11-12,223848,gallons,,R3,
M-1279,"2053 Grain Elevator Rd, Wiley, CO 81092",Resident 1279,A-20279,2025-11-12,368256,gallons,,R4,
M-1280,"2060 Main St, Wiley, CO 81092",Resident 1280,A-20280,2025-11-12,348289,gallons,,R5,
M-1281,"2067 County Rd 10, Wiley, CO 81092",Resident 1281,A-20281,2025-11-12,266022,gallons,,R6,
M-1282,"2074 County Rd 14, Wiley, CO 81092",Resident 1282,A-20282,2025-11-12,492484,gallons,,R1,
M-1283,"2081 Highway 287, Wiley, CO 81092",Resident 1283,A-20283,2025-11-12,177925,gallons,,R2,
M-1284,"2088 Maple Ave, Wiley, CO 81092",Resident 1284,A-20284,2025-11-12,292828,gallons,,R3,
M-1285,"2095 Oak St, Wiley, CO 81092",Resident 1285,A-20285,2025-11-12,415150,gallons,,R4,
M-1286,"2102 Elm St, Wiley, CO 81092",Resident 1286,A-20286,2025-11-12,496670,gallons,,R5,
M-1287,"2109 3rd Ave, Wiley, CO 81092",Resident 1287,A-20287,2025-11-12,516542,gallons,,R6,
M-1289,"2123 Ranch Rd, Wiley, CO 81092",Resident 1289,A-20289,2025-11-12,352796,gallons,,R2,
M-1290,"2130 Irrigation Ln, Wiley, CO 81092",Resident 1290,A-20290,2025-11-12,220579,gallons,,R3,
M-1291,"2137 North Frontage, Wiley, CO 81092",Resident 1291,A-20291,2025-11-12,298657,gallons,,R4,
M-1292,"2144 South Loop, Wiley, CO 81092",Resident 1292,A-20292,2025-11-12,261634,gallons,,R5,
M-1293,"2151 Pioneer Rd, Wiley, CO 81092",Resident 1293,A-20293,2025-11-12,212004,gallons,,R6,
M-1294,"2158 Cottonwood Dr, Wiley, CO 81092",Resident 1294,A-20294,2025-11-12,244823,gallons,,R1,
M-1295,"2165 Sand Creek Rd, Wiley, CO 81092",Resident 1295,A-20295,2025-11-12,263724,gallons,,R2,
M-1296,"2172 Prairie View, Wiley, CO 81092",Resident 1296,A-20296,2025-11-12,145840,gallons,,R3,
M-1297,"2179 School House Rd, Wiley, CO 81092",Resident 1297,A-20297,2025-11-12,126492,gallons,,R4,
M-1298,"2186 Cemetery Rd, Wiley, CO 81092",Resident 1298,A-20298,2025-11-12,246274,gallons,,R5,
M-1299,"2193 Grain Elevator Rd, Wiley, CO 81092",Resident 1299,A-20299,2025-11-12,359309,gallons,,R6,
M-1300,"2200 Main St, Wiley, CO 81092",Resident 1300,A-20300,2025-11-12,433212,gallons,,R1,
M-1001,"107 County Rd 10, Wiley, CO 81092",Resident 1001,A-20001,2025-12-13,454794,gallons,,R2,
M-1002,"114 County Rd 14, Wiley, CO 81092",Resident 1002,A-20002,2025-12-13,339898,gallons,,R3,
M-1003,"121 Highway 287, Wiley, CO 81092",Resident 1003,A-20003,2025-12-13,165023,gallons,,R4,
M-1004,"128 Maple Ave, Wiley, CO 81092",Resident 1004,A-20004,2025-12-13,416386,gallons,,R5,
M-1005,"135 Oak St, Wiley, CO 81092",Resident 1005,A-20005,2025-12-13,224076,gallons,,R6,
M-1006,"142 Elm St, Wiley, CO 81092",Resident 1006,A-20006,2025-12-13,269311,gallons,,R1,
M-1007,"149 3rd Ave, Wiley, CO 81092",Resident 1007,A-20007,2025-12-13,363600,gallons,,R2,
M-1008,"156 5th St, Wiley, CO 81092",Resident 1008,A-20008,2025-12-13,237638,gallons,,R3,
M-1009,"163 Ranch Rd, Wiley, CO 81092",Resident 1009,A-20009,2025-12-13,229040,gallons,,R4,
M-1010,"170 Irrigation Ln, Wiley, CO 81092",Resident 1010,A-20010,2025-12-13,334850,gallons,,R5,
M-1011,"177 North Frontage, Wiley, CO 81092",Resident 1011,A-20011,2025-12-13,468408,gallons,,R6,
M-1012,"184 South Loop, Wiley, CO 81092",Resident 1012,A-20012,2025-12-13,246999,gallons,,R1,
M-1013,"191 Pioneer Rd, Wiley, CO 81092",Resident 1013,A-20013,2025-12-13,189462,gallons,,R2,
M-1014,"198 Cottonwood Dr, Wiley, CO 81092",Resident 1014,A-20014,2025-12-13,442432,gallons,,R3,
M-1015,"205 Sand Creek Rd, Wiley, CO 81092",Resident 1015,A-20015,2025-12-13,457389,gallons,,R4,
M-1016,"212 Prairie View, Wiley, CO 81092",Resident 1016,A-20016,2025-12-13,156664,gallons,,R5,
M-1017,"219 School House Rd, Wiley, CO 81092",Resident 1017,A-20017,2025-12-13,140005,gallons,,R6,
M-1018,"226 Cemetery Rd, Wiley, CO 81092",Resident 1018,A-20018,2025-12-13,217865,gallons,,R1,
M-1019,"233 Grain Elevator Rd, Wiley, CO 81092",Resident 1019,A-20019,2025-12-13,187210,gallons,,R2,
M-1020,"240 Main St, Wiley, CO 81092",Resident 1020,A-20020,2025-12-13,328265,gallons,,R3,
M-1021,"247 County Rd 10, Wiley, CO 81092",Resident 1021,A-20021,2025-12-13,376076,gallons,,R4,
M-1022,"254 County Rd 14, Wiley, CO 81092",Resident 1022,A-20022,2025-12-13,408922,gallons,,R5,
M-1023,"261 Highway 287, Wiley, CO 81092",Resident 1023,A-20023,2025-12-13,285361,gallons,,R6,
M-1024,"268 Maple Ave, Wiley, CO 81092",Resident 1024,A-20024,2025-12-13,304559,gallons,,R1,
M-1025,"275 Oak St, Wiley, CO 81092",Resident 1025,A-20025,2025-12-13,200093,gallons,,R2,
M-1026,"282 Elm St, Wiley, CO 81092",Resident 1026,A-20026,2025-12-13,204316,gallons,,R3,
M-1027,"289 3rd Ave, Wiley, CO 81092",Resident 1027,A-20027,2025-12-13,389049,gallons,,R4,
M-1028,"296 5th St, Wiley, CO 81092",Resident 1028,A-20028,2025-12-13,181177,gallons,,R5,
M-1029,"303 Ranch Rd, Wiley, CO 81092",Resident 1029,A-20029,2025-12-13,390660,gallons,,R6,
M-1030,"310 Irrigation Ln, Wiley, CO 81092",Resident 1030,A-20030,2025-12-13,307042,gallons,,R1,
M-1031,"317 North Frontage, Wiley, CO 81092",Resident 1031,A-20031,2025-12-13,387916,gallons,,R2,
M-1032,"324 South Loop, Wiley, CO 81092",Resident 1032,A-20032,2025-12-13,268140,gallons,,R3,
M-1033,"331 Pioneer Rd, Wiley, CO 81092",Resident 1033,A-20033,2025-12-13,706636,gallons,,R4,
M-1034,"338 Cottonwood Dr, Wiley, CO 81092",Resident 1034,A-20034,2025-12-13,467786,gallons,,R5,
M-1035,"345 Sand Creek Rd, Wiley, CO 81092",Resident 1035,A-20035,2025-12-13,474464,gallons,,R6,
M-1036,"352 Prairie View, Wiley, CO 81092",Resident 1036,A-20036,2025-12-13,344076,gallons,,R1,
M-1037,"359 School House Rd, Wiley, CO 81092",Resident 1037,A-20037,2025-12-13,279222,gallons,,R2,
M-1038,"366 Cemetery Rd, Wiley, CO 81092",Resident 1038,A-20038,2025-12-13,210823,gallons,,R3,
M-1039,"373 Grain Elevator Rd, Wiley, CO 81092",Resident 1039,A-20039,2025-12-13,339839,gallons,,R4,
M-1040,"380 Main St, Wiley, CO 81092",Resident 1040,A-20040,2025-12-13,259231,gallons,,R5,
M-1041,"387 County Rd 10, Wiley, CO 81092",Resident 1041,A-20041,2025-12-13,169607,gallons,,R6,
M-1042,"394 County Rd 14, Wiley, CO 81092",Resident 1042,A-20042,2025-12-13,427630,gallons,,R1,
M-1043,"401 Highway 287, Wiley, CO 81092",Resident 1043,A-20043,2025-12-13,393835,gallons,,R2,
M-1044,"408 Maple Ave, Wiley, CO 81092",Resident 1044,A-20044,2025-12-13,149410,gallons,,R3,
M-1045,"415 Oak St, Wiley, CO 81092",Resident 1045,A-20045,2025-12-13,363760,gallons,,R4,
M-1046,"422 Elm St, Wiley, CO 81092",Resident 1046,A-20046,2025-12-13,164342,gallons,,R5,
M-1047,"429 3rd Ave, Wiley, CO 81092",Resident 1047,A-20047,2025-12-13,129161,gallons,,R6,
M-1048,"436 5th St, Wiley, CO 81092",Resident 1048,A-20048,2025-12-13,406680,gallons,,R1,
M-1049,"443 Ranch Rd, Wiley, CO 81092",Resident 1049,A-20049,2025-12-13,391214,gallons,,R2,
M-1050,"450 Irrigation Ln, Wiley, CO 81092",Resident 1050,A-20050,2025-12-13,364740,gallons,,R3,
M-1051,"457 North Frontage, Wiley, CO 81092",Resident 1051,A-20051,2025-12-13,415540,gallons,,R4,
M-1052,"464 South Loop, Wiley, CO 81092",Resident 1052,A-20052,2025-12-13,219423,gallons,,R5,
M-1053,"471 Pioneer Rd, Wiley, CO 81092",Resident 1053,A-20053,2025-12-13,204014,gallons,,R6,
M-1054,"478 Cottonwood Dr, Wiley, CO 81092",Resident 1054,A-20054,2025-12-13,392609,gallons,,R1,
M-1055,"485 Sand Creek Rd, Wiley, CO 81092",Resident 1055,A-20055,2025-12-13,128524,gallons,,R2,
M-1056,"492 Prairie View, Wiley, CO 81092",Resident 1056,A-20056,2025-12-13,288335,gallons,,R3,
M-1057,"499 School House Rd, Wiley, CO 81092",Resident 1057,A-20057,2025-12-13,187476,gallons,,R4,
M-1058,"506 Cemetery Rd, Wiley, CO 81092",Resident 1058,A-20058,2025-12-13,474381,gallons,,R5,
M-1059,"513 Grain Elevator Rd, Wiley, CO 81092",Resident 1059,A-20059,2025-12-13,143080,gallons,,R6,
M-1060,"520 Main St, Wiley, CO 81092",Resident 1060,A-20060,2025-12-13,266962,gallons,,R1,
M-1061,"527 County Rd 10, Wiley, CO 81092",Resident 1061,A-20061,2025-12-13,310963,gallons,,R2,
M-1062,"534 County Rd 14, Wiley, CO 81092",Resident 1062,A-20062,2025-12-13,227201,gallons,,R3,
M-1063,"541 Highway 287, Wiley, CO 81092",Resident 1063,A-20063,2025-12-13,428256,gallons,,R4,
M-1064,"548 Maple Ave, Wiley, CO 81092",Resident 1064,A-20064,2025-12-13,308071,gallons,,R5,
M-1065,"555 Oak St, Wiley, CO 81092",Resident 1065,A-20065,2025-12-13,477279,gallons,,R6,
M-1066,"562 Elm St, Wiley, CO 81092",Resident 1066,A-20066,2025-12-13,452708,gallons,,R1,
M-1067,"569 3rd Ave, Wiley, CO 81092",Resident 1067,A-20067,2025-12-13,190759,gallons,,R2,
M-1068,"576 5th St, Wiley, CO 81092",Resident 1068,A-20068,2025-12-13,438081,gallons,,R3,
M-1069,"583 Ranch Rd, Wiley, CO 81092",Resident 1069,A-20069,2025-12-13,233552,gallons,,R4,
M-1070,"590 Irrigation Ln, Wiley, CO 81092",Resident 1070,A-20070,2025-12-13,318235,gallons,,R5,
M-1071,"597 North Frontage, Wiley, CO 81092",Resident 1071,A-20071,2025-12-13,438718,gallons,,R6,
M-1072,"604 South Loop, Wiley, CO 81092",Resident 1072,A-20072,2025-12-13,491583,gallons,,R1,
M-1073,"611 Pioneer Rd, Wiley, CO 81092",Resident 1073,A-20073,2025-12-13,417220,gallons,,R2,
M-1074,"618 Cottonwood Dr, Wiley, CO 81092",Resident 1074,A-20074,2025-12-13,403123,gallons,,R3,
M-1075,"625 Sand Creek Rd, Wiley, CO 81092",Resident 1075,A-20075,2025-12-13,265453,gallons,,R4,
M-1076,"632 Prairie View, Wiley, CO 81092",New Occupant 1076,A-20076,2025-12-13,256424,gallons,,R5,
M-1077,"639 School House Rd, Wiley, CO 81092",Resident 1077,A-20077,2025-12-13,209540,gallons,,R6,
M-1078,"646 Cemetery Rd, Wiley, CO 81092",Resident 1078,A-20078,2025-12-13,310897,gallons,,R1,
M-1079,"653 Grain Elevator Rd, Wiley, CO 81092",Resident 1079,A-20079,2025-12-13,254864,gallons,,R2,
M-1080,"660 Main St, Wiley, CO 81092",Resident 1080,A-20080,2025-12-13,289267,gallons,,R3,
M-1081,"667 County Rd 10, Wiley, CO 81092",Resident 1081,A-20081,2025-12-13,387019,gallons,,R4,
M-1082,"674 County Rd 14, Wiley, CO 81092",Resident 1082,A-20082,2025-12-13,207255,gallons,,R5,
M-1083,"681 Highway 287, Wiley, CO 81092",Resident 1083,A-20083,2025-12-13,448750,gallons,,R6,
M-1084,"688 Maple Ave, Wiley, CO 81092",Resident 1084,A-20084,2025-12-13,297591,gallons,,R1,
M-1085,"695 Oak St, Wiley, CO 81092",Resident 1085,A-20085,2025-12-13,377392,gallons,,R2,
M-1086,"702 Elm St, Wiley, CO 81092",Resident 1086,A-20086,2025-12-13,285188,gallons,,R3,
M-1087,"709 3rd Ave, Wiley, CO 81092",Resident 1087,A-20087,2025-12-13,220767,gallons,,R4,
M-1088,"716 5th St, Wiley, CO 81092",Resident 1088,A-20088,2025-12-13,130317,gallons,,R5,
M-1089,"723 Ranch Rd, Wiley, CO 81092",Resident 1089,A-20089,2025-12-13,619788,gallons,,R6,
M-1090,"730 Irrigation Ln, Wiley, CO 81092",Resident 1090,A-20090,2025-12-13,496256,gallons,,R1,
M-1091,"737 North Frontage, Wiley, CO 81092",Resident 1091,A-20091,2025-12-13,469976,gallons,,R2,
M-1092,"744 South Loop, Wiley, CO 81092",Resident 1092,A-20092,2025-12-13,167195,gallons,,R3,
M-1093,"751 Pioneer Rd, Wiley, CO 81092",Resident 1093,A-20093,2025-12-13,205177,gallons,,R4,
M-1094,"758 Cottonwood Dr, Wiley, CO 81092",Resident 1094,A-20094,2025-12-13,473843,gallons,,R5,
M-1095,"765 Sand Creek Rd, Wiley, CO 81092",Resident 1095,A-20095,2025-12-13,235728,gallons,,R6,
M-1096,"772 Prairie View, Wiley, CO 81092",Resident 1096,A-20096,2025-12-13,379070,gallons,,R1,
M-1097,"779 School House Rd, Wiley, CO 81092",Resident 1097,A-20097,2025-12-13,291220,gallons,,R2,
M-1098,"786 Cemetery Rd, Wiley, CO 81092",Resident 1098,A-20098,2025-12-13,213478,gallons,,R3,
M-1099,"793 Grain Elevator Rd, Wiley, CO 81092",Resident 1099,A-20099,2025-12-13,309639,gallons,,R4,
M-1100,"800 Main St, Wiley, CO 81092",Resident 1100,A-20100,2025-12-13,208068,gallons,,R5,
M-1101,"807 County Rd 10, Wiley, CO 81092",Resident 1101,A-20101,2025-12-13,305576,gallons,,R6,
M-1102,"814 County Rd 14, Wiley, CO 81092",Resident 1102,A-20102,2025-12-13,363364,gallons,,R1,
M-1103,"821 Highway 287, Wiley, CO 81092",Resident 1103,A-20103,2025-12-13,272790,gallons,,R2,
M-1104,"828 Maple Ave, Wiley, CO 81092",Resident 1104,A-20104,2025-12-13,264756,gallons,,R3,
M-1105,"835 Oak St, Wiley, CO 81092",Resident 1105,A-20105,2025-12-13,365748,gallons,,R4,
M-1106,"842 Elm St, Wiley, CO 81092",Resident 1106,A-20106,2025-12-13,482810,gallons,,R5,
M-1107,"849 3rd Ave, Wiley, CO 81092",Resident 1107,A-20107,2025-12-13,256077,gallons,,R6,
M-1108,"856 5th St, Wiley, CO 81092",Resident 1108,A-20108,2025-12-13,441022,gallons,,R1,
M-1109,"863 Ranch Rd, Wiley, CO 81092",Resident 1109,A-20109,2025-12-13,437771,gallons,,R2,
M-1110,"870 Irrigation Ln, Wiley, CO 81092",Resident 1110,A-20110,2025-12-13,412704,gallons,,R3,
M-1111,"877 North Frontage, Wiley, CO 81092",Resident 1111,A-20111,2025-12-13,148738,gallons,,R4,
M-1112,"884 South Loop, Wiley, CO 81092",Resident 1112,A-20112,2025-12-13,412546,gallons,,R5,
M-1113,"891 Pioneer Rd, Wiley, CO 81092",Resident 1113,A-20113,2025-12-13,254816,gallons,,R6,
M-1114,"898 Cottonwood Dr, Wiley, CO 81092",Resident 1114,A-20114,2025-12-13,464666,gallons,,R1,
M-1115,"905 Sand Creek Rd, Wiley, CO 81092",Resident 1115,A-20115,2025-12-13,222447,gallons,,R2,
M-1116,"912 Prairie View, Wiley, CO 81092",Resident 1116,A-20116,2025-12-13,258341,gallons,,R3,
M-1117,"919 School House Rd, Wiley, CO 81092",Resident 1117,A-20117,2025-12-13,273221,gallons,,R4,
M-1118,"926 Cemetery Rd, Wiley, CO 81092",Resident 1118,A-20118,2025-12-13,181581,gallons,,R5,
M-1119,"933 Grain Elevator Rd, Wiley, CO 81092",Resident 1119,A-20119,2025-12-13,236758,gallons,,R6,
M-1120,"940 Main St, Wiley, CO 81092",Resident 1120,A-20120,2025-12-13,447122,gallons,,R1,
M-1121,"947 County Rd 10, Wiley, CO 81092",Resident 1121,A-20121,2025-12-13,223784,gallons,,R2,
M-1122,"954 County Rd 14, Wiley, CO 81092",Resident 1122,A-20122,2025-12-13,325077,gallons,,R3,
M-1123,"961 Highway 287, Wiley, CO 81092",Resident 1123,A-20123,2025-12-13,303060,gallons,,R4,
M-1124,"968 Maple Ave, Wiley, CO 81092",Resident 1124,A-20124,2025-12-13,426445,gallons,,R5,
M-1125,"975 Oak St, Wiley, CO 81092",Resident 1125,A-20125,2025-12-13,235648,gallons,,R6,
M-1126,"982 Elm St, Wiley, CO 81092",Resident 1126,A-20126,2025-12-13,287960,gallons,,R1,
M-1127,"989 3rd Ave, Wiley, CO 81092",Resident 1127,A-20127,2025-12-13,231088,gallons,,R2,
M-1128,"996 5th St, Wiley, CO 81092",Resident 1128,A-20128,2025-12-13,531827,gallons,,R3,
M-1129,"1003 Ranch Rd, Wiley, CO 81092",Resident 1129,A-20129,2025-12-13,306272,gallons,,R4,
M-1130,"1010 Irrigation Ln, Wiley, CO 81092",Resident 1130,A-20130,2025-12-13,433495,gallons,,R5,
M-1131,"1017 North Frontage, Wiley, CO 81092",Resident 1131,A-20131,2025-12-13,380414,gallons,,R6,
M-1132,"1024 South Loop, Wiley, CO 81092",Resident 1132,A-20132,2025-12-13,323661,gallons,,R1,
M-1133,"1031 Pioneer Rd, Wiley, CO 81092",Resident 1133,A-20133,2025-12-13,193985,gallons,,R2,
M-1134,"1038 Cottonwood Dr, Wiley, CO 81092",Resident 1134,A-20134,2025-12-13,194906,gallons,,R3,
M-1135,"1045 Sand Creek Rd, Wiley, CO 81092",Resident 1135,A-20135,2025-12-13,501087,gallons,,R4,
M-1136,"1052 Prairie View, Wiley, CO 81092",Resident 1136,A-20136,2025-12-13,369220,gallons,,R5,
M-1137,"1059 School House Rd, Wiley, CO 81092",Resident 1137,A-20137,2025-12-13,287084,gallons,,R6,
M-1138,"1066 Cemetery Rd, Wiley, CO 81092",Resident 1138,A-20138,2025-12-13,145181,gallons,,R1,
M-1139,"1073 Grain Elevator Rd, Wiley, CO 81092",Resident 1139,A-20139,2025-12-13,109123,gallons,,R2,
M-1140,"1080 Main St, Wiley, CO 81092",Resident 1140,A-20140,2025-12-13,332862,gallons,,R3,
M-1141,"1087 County Rd 10, Wiley, CO 81092",Resident 1141,A-20141,2025-12-13,227053,gallons,,R4,
M-1142,"1094 County Rd 14, Wiley, CO 81092",Resident 1142,A-20142,2025-12-13,435308,gallons,,R5,
M-1143,"1101 Highway 287, Wiley, CO 81092",Resident 1143,A-20143,2025-12-13,331125,gallons,,R6,
M-1144,"1108 Maple Ave, Wiley, CO 81092",Resident 1144,A-20144,2025-12-13,178665,gallons,,R1,
M-1145,"1115 Oak St, Wiley, CO 81092",Resident 1145,A-20145,2025-12-13,336949,gallons,,R2,
M-1146,"1122 Elm St, Wiley, CO 81092",Resident 1146,A-20146,2025-12-13,398481,gallons,,R3,
M-1147,"1129 3rd Ave, Wiley, CO 81092",Resident 1147,A-20147,2025-12-13,400849,gallons,,R4,
M-1148,"1136 5th St, Wiley, CO 81092",Resident 1148,A-20148,2025-12-13,404937,gallons,,R5,
M-1149,"1143 Ranch Rd, Wiley, CO 81092",Resident 1149,A-20149,2025-12-13,190430,gallons,,R6,
M-1150,"1150 Irrigation Ln, Wiley, CO 81092",Resident 1150,A-20150,2025-12-13,208908,gallons,,R1,
M-1151,"1157 North Frontage, Wiley, CO 81092",Resident 1151,A-20151,2025-12-13,214619,gallons,,R2,
M-1152,"1164 South Loop, Wiley, CO 81092",Resident 1152,A-20152,2025-12-13,175965,gallons,,R3,
M-1153,"1171 Pioneer Rd, Wiley, CO 81092",Resident 1153,A-20153,2025-12-13,431973,gallons,,R4,
M-1154,"1178 Cottonwood Dr, Wiley, CO 81092",Resident 1154,A-20154,2025-12-13,164562,gallons,,R5,
M-1155,"1185 Sand Creek Rd, Wiley, CO 81092",Resident 1155,A-20155,2025-12-13,366592,gallons,,R6,
M-1156,"1192 Prairie View, Wiley, CO 81092",Resident 1156,A-20156,2025-12-13,797463,gallons,,R1,
M-1157,"1199 School House Rd, Wiley, CO 81092",Resident 1157,A-20157,2025-12-13,452830,gallons,,R2,
M-1158,"1206 Cemetery Rd, Wiley, CO 81092",Resident 1158,A-20158,2025-12-13,200673,gallons,,R3,
M-1159,"1213 Grain Elevator Rd, Wiley, CO 81092",Resident 1159,A-20159,2025-12-13,392588,gallons,,R4,
M-1160,"1220 Main St, Wiley, CO 81092",Resident 1160,A-20160,2025-12-13,156173,gallons,,R5,
M-1161,"1227 County Rd 10, Wiley, CO 81092",Resident 1161,A-20161,2025-12-13,207224,gallons,,R6,
M-1162,"1234 County Rd 14, Wiley, CO 81092",Resident 1162,A-20162,2025-12-13,355458,gallons,,R1,
M-1163,"1241 Highway 287, Wiley, CO 81092",Resident 1163,A-20163,2025-12-13,296498,gallons,,R2,
M-1164,"1248 Maple Ave, Wiley, CO 81092",Resident 1164,A-20164,2025-12-13,203275,gallons,,R3,
M-1165,"1255 Oak St, Wiley, CO 81092",Resident 1165,A-20165,2025-12-13,352000,gallons,,R4,
M-1166,"1262 Elm St, Wiley, CO 81092",Resident 1166,A-20166,2025-12-13,309780,gallons,,R5,
M-1167,"1269 3rd Ave, Wiley, CO 81092",Resident 1167,A-20167,2025-12-13,255307,gallons,,R6,
M-1168,"1276 5th St, Wiley, CO 81092",Resident 1168,A-20168,2025-12-13,546433,gallons,,R1,
M-1169,"1283 Ranch Rd, Wiley, CO 81092",Resident 1169,A-20169,2025-12-13,232120,gallons,,R2,
M-1170,"1290 Irrigation Ln, Wiley, CO 81092",Resident 1170,A-20170,2025-12-13,309420,gallons,,R3,
M-1171,"1297 North Frontage, Wiley, CO 81092",Resident 1171,A-20171,2025-12-13,398396,gallons,,R4,
M-1172,"1304 South Loop, Wiley, CO 81092",Resident 1172,A-20172,2025-12-13,338835,gallons,,R5,
M-1173,"1311 Pioneer Rd, Wiley, CO 81092",Resident 1173,A-20173,2025-12-13,476891,gallons,,R6,
M-1174,"1318 Cottonwood Dr, Wiley, CO 81092",Resident 1174,A-20174,2025-12-13,191142,gallons,,R1,
M-1175,"1325 Sand Creek Rd, Wiley, CO 81092",Resident 1175,A-20175,2025-12-13,274045,gallons,,R2,
M-1176,"1332 Prairie View, Wiley, CO 81092",Resident 1176,A-20176,2025-12-13,174078,gallons,,R3,
M-1177,"1339 School House Rd, Wiley, CO 81092",Resident 1177,A-20177,2025-12-13,287389,gallons,,R4,
M-1178,"1346 Cemetery Rd, Wiley, CO 81092",Resident 1178,A-20178,2025-12-13,414959,gallons,,R5,
M-1179,"1353 Grain Elevator Rd, Wiley, CO 81092",Resident 1179,A-20179,2025-12-13,141165,gallons,,R6,
M-1180,"1360 Main St, Wiley, CO 81092",Resident 1180,A-20180,2025-12-13,254198,gallons,,R1,
M-1181,"1367 County Rd 10, Wiley, CO 81092",Resident 1181,A-20181,2025-12-13,369470,gallons,,R2,
M-1182,"1374 County Rd 14, Wiley, CO 81092",Resident 1182,A-20182,2025-12-13,329601,gallons,,R3,
M-1183,"1381 Highway 287, Wiley, CO 81092",Resident 1183,A-20183,2025-12-13,291249,gallons,,R4,
M-1184,"1388 Maple Ave, Wiley, CO 81092",Resident 1184,A-20184,2025-12-13,243423,gallons,,R5,
M-1185,"1395 Oak St, Wiley, CO 81092",Resident 1185,A-20185,2025-12-13,259691,gallons,,R6,
M-1186,"1402 Elm St, Wiley, CO 81092",Resident 1186,A-20186,2025-12-13,188971,gallons,,R1,
M-1187,"1409 3rd Ave, Wiley, CO 81092",Resident 1187,A-20187,2025-12-13,384107,gallons,,R2,
M-1188,"1416 5th St, Wiley, CO 81092",Resident 1188,A-20188,2025-12-13,178638,gallons,,R3,
M-1189,"1423 Ranch Rd, Wiley, CO 81092",Resident 1189,A-20189,2025-12-13,420049,gallons,,R4,
M-1190,"1430 Irrigation Ln, Wiley, CO 81092",Resident 1190,A-20190,2025-12-13,232639,gallons,,R5,
M-1191,"1437 North Frontage, Wiley, CO 81092",New Occupant 1191,A-20191,2025-12-13,213123,gallons,,R6,
M-1192,"1444 South Loop, Wiley, CO 81092",Resident 1192,A-20192,2025-12-13,382812,gallons,,R1,
M-1193,"1451 Pioneer Rd, Wiley, CO 81092",Resident 1193,A-20193,2025-12-13,377108,gallons,,R2,
M-1194,"1458 Cottonwood Dr, Wiley, CO 81092",Resident 1194,A-20194,2025-12-13,273182,gallons,,R3,
M-1195,"1465 Sand Creek Rd, Wiley, CO 81092",Resident 1195,A-20195,2025-12-13,286112,gallons,,R4,
M-1196,"1472 Prairie View, Wiley, CO 81092",Resident 1196,A-20196,2025-12-13,283434,gallons,,R5,
M-1197,"1479 School House Rd, Wiley, CO 81092",Resident 1197,A-20197,2025-12-13,100842,gallons,,R6,
M-1198,"1486 Cemetery Rd, Wiley, CO 81092",Resident 1198,A-20198,2025-12-13,521197,gallons,,R1,
M-1199,"1493 Grain Elevator Rd, Wiley, CO 81092",Resident 1199,A-20199,2025-12-13,237141,gallons,,R2,
M-1200,"1500 Main St, Wiley, CO 81092",Resident 1200,A-20200,2025-12-13,365377,gallons,,R3,
M-1201,"1507 County Rd 10, Wiley, CO 81092",Resident 1201,A-20201,2025-12-13,262772,gallons,,R4,
M-1202,"1514 County Rd 14, Wiley, CO 81092",Resident 1202,A-20202,2025-12-13,249622,gallons,,R5,
M-1203,"1521 Highway 287, Wiley, CO 81092",Resident 1203,A-20203,2025-12-13,175218,gallons,,R6,
M-1204,"1528 Maple Ave, Wiley, CO 81092",Resident 1204,A-20204,2025-12-13,275369,gallons,,R1,
M-1205,"1535 Oak St, Wiley, CO 81092",Resident 1205,A-20205,2025-12-13,307155,gallons,,R2,
M-1206,"1542 Elm St, Wiley, CO 81092",Resident 1206,A-20206,2025-12-13,432162,gallons,,R3,
M-1207,"1549 3rd Ave, Wiley, CO 81092",Resident 1207,A-20207,2025-12-13,392603,gallons,,R4,
M-1208,"1556 5th St, Wiley, CO 81092",Resident 1208,A-20208,2025-12-13,375809,gallons,,R5,
M-1209,"1563 Ranch Rd, Wiley, CO 81092",Resident 1209,A-20209,2025-12-13,379108,gallons,,R6,
M-1210,"1570 Irrigation Ln, Wiley, CO 81092",Resident 1210,A-20210,2025-12-13,273686,gallons,,R1,
M-1211,"1577 North Frontage, Wiley, CO 81092",Resident 1211,A-20211,2025-12-13,208836,gallons,,R2,
M-1212,"1584 South Loop, Wiley, CO 81092",Resident 1212,A-20212,2025-12-13,219513,gallons,,R3,
M-1213,"1591 Pioneer Rd, Wiley, CO 81092",Resident 1213,A-20213,2025-12-13,234936,gallons,,R4,
M-1214,"1598 Cottonwood Dr, Wiley, CO 81092",Resident 1214,A-20214,2025-12-13,288604,gallons,,R5,
M-1215,"1605 Sand Creek Rd, Wiley, CO 81092",Resident 1215,A-20215,2025-12-13,467950,gallons,,R6,
M-1216,"1612 Prairie View, Wiley, CO 81092",Resident 1216,A-20216,2025-12-13,330542,gallons,,R1,
M-1217,"1619 School House Rd, Wiley, CO 81092",Resident 1217,A-20217,2025-12-13,125928,gallons,,R2,
M-1218,"1626 Cemetery Rd, Wiley, CO 81092",Resident 1218,A-20218,2025-12-13,160671,gallons,,R3,
M-1219,"1633 Grain Elevator Rd, Wiley, CO 81092",Resident 1219,A-20219,2025-12-13,490739,gallons,,R4,
M-1220,"1640 Main St, Wiley, CO 81092",Resident 1220,A-20220,2025-12-13,381005,gallons,,R5,
M-1221,"1647 County Rd 10, Wiley, CO 81092",Resident 1221,A-20221,2025-12-13,346729,gallons,,R6,
M-1222,"1654 County Rd 14, Wiley, CO 81092",Resident 1222,A-20222,2025-12-13,275789,gallons,,R1,
M-1223,"1661 Highway 287, Wiley, CO 81092",Resident 1223,A-20223,2025-12-13,352226,gallons,,R2,
M-1224,"1668 Maple Ave, Wiley, CO 81092",Resident 1224,A-20224,2025-12-13,481946,gallons,,R3,
M-1225,"1675 Oak St, Wiley, CO 81092",Resident 1225,A-20225,2025-12-13,440882,gallons,,R4,
M-1226,"1682 Elm St, Wiley, CO 81092",Resident 1226,A-20226,2025-12-13,207689,gallons,,R5,
M-1227,"1689 3rd Ave, Wiley, CO 81092",Resident 1227,A-20227,2025-12-13,318253,gallons,,R6,
M-1228,"1696 5th St, Wiley, CO 81092",Resident 1228,A-20228,2025-12-13,468954,gallons,,R1,
M-1229,"1703 Ranch Rd, Wiley, CO 81092",Resident 1229,A-20229,2025-12-13,298224,gallons,,R2,
M-1230,"1710 Irrigation Ln, Wiley, CO 81092",Resident 1230,A-20230,2025-12-13,328986,gallons,,R3,
M-1231,"1717 North Frontage, Wiley, CO 81092",Resident 1231,A-20231,2025-12-13,208576,gallons,,R4,
M-1232,"1724 South Loop, Wiley, CO 81092",Resident 1232,A-20232,2025-12-13,346428,gallons,,R5,
M-1233,"1731 Pioneer Rd, Wiley, CO 81092",Resident 1233,A-20233,2025-12-13,187892,gallons,,R6,
M-1234,"1738 Cottonwood Dr, Wiley, CO 81092",Resident 1234,A-20234,2025-12-13,404977,gallons,,R1,
M-1235,"1745 Sand Creek Rd, Wiley, CO 81092",Resident 1235,A-20235,2025-12-13,430797,gallons,,R2,
M-1236,"1752 Prairie View, Wiley, CO 81092",Resident 1236,A-20236,2025-12-13,289001,gallons,,R3,
M-1237,"1759 School House Rd, Wiley, CO 81092",Resident 1237,A-20237,2025-12-13,374433,gallons,,R4,
M-1238,"1766 Cemetery Rd, Wiley, CO 81092",Resident 1238,A-20238,2025-12-13,368415,gallons,,R5,
M-1239,"1773 Grain Elevator Rd, Wiley, CO 81092",Resident 1239,A-20239,2025-12-13,185713,gallons,,R6,
M-1240,"1780 Main St, Wiley, CO 81092",Resident 1240,A-20240,2025-12-13,512255,gallons,,R1,
M-1241,"1787 County Rd 10, Wiley, CO 81092",Resident 1241,A-20241,2025-12-13,325593,gallons,,R2,
M-1242,"1794 County Rd 14, Wiley, CO 81092",Resident 1242,A-20242,2025-12-13,432367,gallons,,R3,
M-1243,"1801 Highway 287, Wiley, CO 81092",Resident 1243,A-20243,2025-12-13,287869,gallons,,R4,
M-1244,"1808 Maple Ave, Wiley, CO 81092",Resident 1244,A-20244,2025-12-13,764604,gallons,,R5,
M-1245,"1815 Oak St, Wiley, CO 81092",Resident 1245,A-20245,2025-12-13,161037,gallons,,R6,
M-1246,"1822 Elm St, Wiley, CO 81092",Resident 1246,A-20246,2025-12-13,293676,gallons,,R1,
M-1247,"1829 3rd Ave, Wiley, CO 81092",Resident 1247,A-20247,2025-12-13,357766,gallons,,R2,
M-1248,"1836 5th St, Wiley, CO 81092",Resident 1248,A-20248,2025-12-13,335705,gallons,,R3,
M-1249,"1843 Ranch Rd, Wiley, CO 81092",Resident 1249,A-20249,2025-12-13,515643,gallons,,R4,
M-1250,"1850 Irrigation Ln, Wiley, CO 81092",Resident 1250,A-20250,2025-12-13,334134,gallons,,R5,
M-1251,"1857 North Frontage, Wiley, CO 81092",Resident 1251,A-20251,2025-12-13,341355,gallons,,R6,
M-1252,"1864 South Loop, Wiley, CO 81092",Resident 1252,A-20252,2025-12-13,333333,gallons,,R1,
M-1253,"1871 Pioneer Rd, Wiley, CO 81092",Resident 1253,A-20253,2025-12-13,244517,gallons,,R2,
M-1254,"1878 Cottonwood Dr, Wiley, CO 81092",Resident 1254,A-20254,2025-12-13,390036,gallons,,R3,
M-1255,"1885 Sand Creek Rd, Wiley, CO 81092",Resident 1255,A-20255,2025-12-13,254603,gallons,,R4,
M-1256,"1892 Prairie View, Wiley, CO 81092",Resident 1256,A-20256,2025-12-13,283013,gallons,,R5,
M-1257,"1899 School House Rd, Wiley, CO 81092",Resident 1257,A-20257,2025-12-13,315927,gallons,,R6,
M-1258,"1906 Cemetery Rd, Wiley, CO 81092",Resident 1258,A-20258,2025-12-13,468738,gallons,,R1,
M-1259,"1913 Grain Elevator Rd, Wiley, CO 81092",Resident 1259,A-20259,2025-12-13,296464,gallons,,R2,
M-1260,"1920 Main St, Wiley, CO 81092",Resident 1260,A-20260,2025-12-13,185144,gallons,,R3,
M-1261,"1927 County Rd 10, Wiley, CO 81092",Resident 1261,A-20261,2025-12-13,455834,gallons,,R4,
M-1262,"1934 County Rd 14, Wiley, CO 81092",Resident 1262,A-20262,2025-12-13,397843,gallons,,R5,
M-1263,"1941 Highway 287, Wiley, CO 81092",Resident 1263,A-20263,2025-12-13,315306,gallons,,R6,
M-1264,"1948 Maple Ave, Wiley, CO 81092",Resident 1264,A-20264,2025-12-13,332889,gallons,,R1,
M-1265,"1955 Oak St, Wiley, CO 81092",Resident 1265,A-20265,2025-12-13,414427,gallons,,R2,
M-1266,"1962 Elm St, Wiley, CO 81092",Resident 1266,A-20266,2025-12-13,182416,gallons,,R3,
M-1267,"1969 3rd Ave, Wiley, CO 81092",Resident 1267,A-20267,2025-12-13,313452,gallons,,R4,
M-1268,"1976 5th St, Wiley, CO 81092",Resident 1268,A-20268,2025-12-13,270204,gallons,,R5,
M-1269,"1983 Ranch Rd, Wiley, CO 81092",Resident 1269,A-20269,2025-12-13,278953,gallons,,R6,
M-1270,"1990 Irrigation Ln, Wiley, CO 81092",Resident 1270,A-20270,2025-12-13,332001,gallons,,R1,
M-1271,"1997 North Frontage, Wiley, CO 81092",Resident 1271,A-20271,2025-12-13,494044,gallons,,R2,
M-1272,"2004 South Loop, Wiley, CO 81092",Resident 1272,A-20272,2025-12-13,486791,gallons,,R3,
M-1273,"2011 Pioneer Rd, Wiley, CO 81092",Resident 1273,A-20273,2025-12-13,510288,gallons,,R4,
M-1274,"2018 Cottonwood Dr, Wiley, CO 81092",Resident 1274,A-20274,2025-12-13,321966,gallons,,R5,
M-1275,"2025 Sand Creek Rd, Wiley, CO 81092",Resident 1275,A-20275,2025-12-13,367040,gallons,,R6,
M-1276,"2032 Prairie View, Wiley, CO 81092",Resident 1276,A-20276,2025-12-13,391113,gallons,,R1,
M-1277,"2039 School House Rd, Wiley, CO 81092",Resident 1277,A-20277,2025-12-13,377039,gallons,,R2,
M-1278,"2046 Cemetery Rd, Wiley, CO 81092",Resident 1278,A-20278,2025-12-13,227033,gallons,,R3,
M-1279,"2053 Grain Elevator Rd, Wiley, CO 81092",Resident 1279,A-20279,2025-12-13,370595,gallons,,R4,
M-1280,"2060 Main St, Wiley, CO 81092",Resident 1280,A-20280,2025-12-13,350377,gallons,,R5,
M-1281,"2067 County Rd 10, Wiley, CO 81092",Resident 1281,A-20281,2025-12-13,272062,gallons,,R6,
M-1282,"2074 County Rd 14, Wiley, CO 81092",Resident 1282,A-20282,2025-12-13,497303,gallons,,R1,
M-1283,"2081 Highway 287, Wiley, CO 81092",Resident 1283,A-20283,2025-12-13,181837,gallons,,R2,
M-1284,"2088 Maple Ave, Wiley, CO 81092",Resident 1284,A-20284,2025-12-13,297099,gallons,,R3,
M-1285,"2095 Oak St, Wiley, CO 81092",Resident 1285,A-20285,2025-12-13,419876,gallons,,R4,
M-1286,"2102 Elm St, Wiley, CO 81092",Resident 1286,A-20286,2025-12-13,501176,gallons,,R5,
M-1287,"2109 3rd Ave, Wiley, CO 81092",Resident 1287,A-20287,2025-12-13,522553,gallons,,R6,
M-1288,"2116 5th St, Wiley, CO 81092",Resident 1288,A-20288,2025-12-13,412342,gallons,,R1,
M-1289,"2123 Ranch Rd, Wiley, CO 81092",Resident 1289,A-20289,2025-12-13,359070,gallons,,R2,
M-1290,"2130 Irrigation Ln, Wiley, CO 81092",Resident 1290,A-20290,2025-12-13,226728,gallons,,R3,
M-1291,"2137 North Frontage, Wiley, CO 81092",Resident 1291,A-20291,2025-12-13,304344,gallons,,R4,
M-1292,"2144 South Loop, Wiley, CO 81092",Resident 1292,A-20292,2025-12-13,263552,gallons,,R5,
M-1293,"2151 Pioneer Rd, Wiley, CO 81092",Resident 1293,A-20293,2025-12-13,214301,gallons,,R6,
M-1294,"2158 Cottonwood Dr, Wiley, CO 81092",Resident 1294,A-20294,2025-12-13,249339,gallons,,R1,
M-1295,"2165 Sand Creek Rd, Wiley, CO 81092",Resident 1295,A-20295,2025-12-13,269814,gallons,,R2,
M-1296,"2172 Prairie View, Wiley, CO 81092",Resident 1296,A-20296,2025-12-13,149649,gallons,,R3,
M-1297,"2179 School House Rd, Wiley, CO 81092",Resident 1297,A-20297,2025-12-13,129116,gallons,,R4,
M-1298,"2186 Cemetery Rd, Wiley, CO 81092",Resident 1298,A-20298,2025-12-13,249316,gallons,,R5,
M-1299,"2193 Grain Elevator Rd, Wiley, CO 81092",Resident 1299,A-20299,2025-12-13,362289,gallons,,R6,
M-1300,"2200 Main St, Wiley, CO 81092",Resident 1300,A-20300,2025-12-13,435946,gallons,,R1,
M-1001,"107 County Rd 10, Wiley, CO 81092",Resident 1001,A-20001,2026-01-14,460593,gallons,,R2,
M-1002,"114 County Rd 14, Wiley, CO 81092",Resident 1002,A-20002,2026-01-14,342553,gallons,,R3,
M-1003,"121 Highway 287, Wiley, CO 81092",Resident 1003,A-20003,2026-01-14,166604,gallons,,R4,
M-1004,"128 Maple Ave, Wiley, CO 81092",Resident 1004,A-20004,2026-01-14,422655,gallons,,R5,
M-1005,"135 Oak St, Wiley, CO 81092",Resident 1005,A-20005,2026-01-14,227877,gallons,,R6,
M-1006,"142 Elm St, Wiley, CO 81092",Resident 1006,A-20006,2026-01-14,272068,gallons,,R1,
M-1007,"149 3rd Ave, Wiley, CO 81092",Resident 1007,A-20007,2026-01-14,366584,gallons,,R2,
M-1008,"156 5th St, Wiley, CO 81092",Resident 1008,A-20008,2026-01-14,240345,gallons,,R3,
M-1009,"163 Ranch Rd, Wiley, CO 81092",Resident 1009,A-20009,2026-01-14,235488,gallons,,R4,
M-1010,"170 Irrigation Ln, Wiley, CO 81092",Resident 1010,A-20010,2026-01-14,336908,gallons,,R5,
M-1011,"177 North Frontage, Wiley, CO 81092",Resident 1011,A-20011,2026-01-14,473412,gallons,,R6,
M-1012,"184 South Loop, Wiley, CO 81092",Resident 1012,A-20012,2026-01-14,252983,gallons,,R1,
M-1013,"191 Pioneer Rd, Wiley, CO 81092",Resident 1013,A-20013,2026-01-14,193998,gallons,,R2,
M-1014,"198 Cottonwood Dr, Wiley, CO 81092",Resident 1014,A-20014,2026-01-14,444744,gallons,,R3,
M-1015,"205 Sand Creek Rd, Wiley, CO 81092",Resident 1015,A-20015,2026-01-14,463294,gallons,,R4,
M-1016,"212 Prairie View, Wiley, CO 81092",Resident 1016,A-20016,2026-01-14,161072,gallons,,R5,
M-1017,"219 School House Rd, Wiley, CO 81092",Resident 1017,A-20017,2026-01-14,141772,gallons,,R6,
M-1018,"226 Cemetery Rd, Wiley, CO 81092",Resident 1018,A-20018,2026-01-14,219469,gallons,,R1,
M-1019,"233 Grain Elevator Rd, Wiley, CO 81092",Resident 1019,A-20019,2026-01-14,189523,gallons,,R2,
M-1020,"240 Main St, Wiley, CO 81092",Resident 1020,A-20020,2026-01-14,331469,gallons,,R3,
M-1021,"247 County Rd 10, Wiley, CO 81092",Resident 1021,A-20021,2026-01-14,378822,gallons,,R4,
M-1022,"254 County Rd 14, Wiley, CO 81092",Resident 1022,A-20022,2026-01-14,413238,gallons,,R5,
M-1023,"261 Highway 287, Wiley, CO 81092",Resident 1023,A-20023,2026-01-14,291061,gallons,,R6,
M-1024,"268 Maple Ave, Wiley, CO 81092",Resident 1024,A-20024,2026-01-14,306422,gallons,,R1,
M-1025,"275 Oak St, Wiley, CO 81092",Resident 1025,A-20025,2026-01-14,205174,gallons,,R2,
M-1026,"282 Elm St, Wiley, CO 81092",Resident 1026,A-20026,2026-01-14,206810,gallons,,R3,
M-1027,"289 3rd Ave, Wiley, CO 81092",Resident 1027,A-20027,2026-01-14,395171,gallons,,R4,
M-1028,"296 5th St, Wiley, CO 81092",Resident 1028,A-20028,2026-01-14,186493,gallons,,R5,
M-1029,"303 Ranch Rd, Wiley, CO 81092",Resident 1029,A-20029,2026-01-14,396679,gallons,,R6,
M-1030,"310 Irrigation Ln, Wiley, CO 81092",Resident 1030,A-20030,2026-01-14,312541,gallons,,R1,
M-1031,"317 North Frontage, Wiley, CO 81092",Resident 1031,A-20031,2026-01-14,392078,gallons,,R2,
M-1032,"324 South Loop, Wiley, CO 81092",Resident 1032,A-20032,2026-01-14,271590,gallons,,R3,
M-1033,"331 Pioneer Rd, Wiley, CO 81092",Resident 1033,A-20033,2026-01-14,723013,gallons,,R4,
M-1034,"338 Cottonwood Dr, Wiley, CO 81092",Resident 1034,A-20034,2026-01-14,472354,gallons,,R5,
M-1035,"345 Sand Creek Rd, Wiley, CO 81092",Resident 1035,A-20035,2026-01-14,478112,gallons,,R6,
M-1036,"352 Prairie View, Wiley, CO 81092",Resident 1036,A-20036,2026-01-14,345533,gallons,,R1,
M-1037,"359 School House Rd, Wiley, CO 81092",Resident 1037,A-20037,2026-01-14,284810,gallons,,R2,
M-1038,"366 Cemetery Rd, Wiley, CO 81092",Resident 1038,A-20038,2026-01-14,213695,gallons,,R3,
M-1039,"373 Grain Elevator Rd, Wiley, CO 81092",Resident 1039,A-20039,2026-01-14,346076,gallons,,R4,
M-1040,"380 Main St, Wiley, CO 81092",Resident 1040,A-20040,2026-01-14,263424,gallons,,R5,
M-1041,"387 County Rd 10, Wiley, CO 81092",Resident 1041,A-20041,2026-01-14,173547,gallons,,R6,
M-1042,"394 County Rd 14, Wiley, CO 81092",Resident 1042,A-20042,2026-01-14,431363,gallons,,R1,
M-1043,"401 Highway 287, Wiley, CO 81092",Resident 1043,A-20043,2026-01-14,396165,gallons,,R2,
M-1044,"408 Maple Ave, Wiley, CO 81092",Resident 1044,A-20044,2026-01-14,152453,gallons,,R3,
M-1045,"415 Oak St, Wiley, CO 81092",Resident 1045,A-20045,2026-01-14,370908,gallons,,R4,
M-1046,"422 Elm St, Wiley, CO 81092",Resident 1046,A-20046,2026-01-14,167543,gallons,,R5,
M-1047,"429 3rd Ave, Wiley, CO 81092",Resident 1047,A-20047,2026-01-14,131193,gallons,,R6,
M-1048,"436 5th St, Wiley, CO 81092",Resident 1048,A-20048,2026-01-14,409001,gallons,,R1,
M-1049,"443 Ranch Rd, Wiley, CO 81092",Resident 1049,A-20049,2026-01-14,395163,gallons,,R2,
M-1050,"450 Irrigation Ln, Wiley, CO 81092",Resident 1050,A-20050,2026-01-14,367265,gallons,,R3,
M-1051,"457 North Frontage, Wiley, CO 81092",Resident 1051,A-20051,2026-01-14,418869,gallons,,R4,
M-1052,"464 South Loop, Wiley, CO 81092",Resident 1052,A-20052,2026-01-14,223412,gallons,,R5,
M-1053,"471 Pioneer Rd, Wiley, CO 81092",Resident 1053,A-20053,2026-01-14,208778,gallons,,R6,
M-1054,"478 Cottonwood Dr, Wiley, CO 81092",Resident 1054,A-20054,2026-01-14,395561,gallons,,R1,
M-1055,"485 Sand Creek Rd, Wiley, CO 81092",Resident 1055,A-20055,2026-01-14,130181,gallons,,R2,
M-1056,"492 Prairie View, Wiley, CO 81092",Resident 1056,A-20056,2026-01-14,294113,gallons,,R3,
M-1057,"499 School House Rd, Wiley, CO 81092",Resident 1057,A-20057,2026-01-14,192342,gallons,,R4,
M-1058,"506 Cemetery Rd, Wiley, CO 81092",Resident 1058,A-20058,2026-01-14,479260,gallons,,R5,
M-1059,"513 Grain Elevator Rd, Wiley, CO 81092",Resident 1059,A-20059,2026-01-14,145257,gallons,,R6,
M-1060,"520 Main St, Wiley, CO 81092",Resident 1060,A-20060,2026-01-14,271045,gallons,,R1,
M-1061,"527 County Rd 10, Wiley, CO 81092",Resident 1061,A-20061,2026-01-14,313300,gallons,,R2,
M-1062,"534 County Rd 14, Wiley, CO 81092",Resident 1062,A-20062,2026-01-14,231647,gallons,,R3,
M-1063,"541 Highway 287, Wiley, CO 81092",Resident 1063,A-20063,2026-01-14,431703,gallons,,R4,
M-1064,"548 Maple Ave, Wiley, CO 81092",Resident 1064,A-20064,2026-01-14,314077,gallons,,R5,
M-1065,"555 Oak St, Wiley, CO 81092",Resident 1065,A-20065,2026-01-14,482271,gallons,,R6,
M-1066,"562 Elm St, Wiley, CO 81092",Resident 1066,A-20066,2026-01-14,456933,gallons,,R1,
M-1067,"569 3rd Ave, Wiley, CO 81092",Resident 1067,A-20067,2026-01-14,195840,gallons,,R2,
M-1068,"576 5th St, Wiley, CO 81092",Resident 1068,A-20068,2026-01-14,441176,gallons,,R3,
M-1069,"583 Ranch Rd, Wiley, CO 81092",Resident 1069,A-20069,2026-01-14,240395,gallons,,R4,
M-1070,"590 Irrigation Ln, Wiley, CO 81092",Resident 1070,A-20070,2026-01-14,320422,gallons,,R5,
M-1071,"597 North Frontage, Wiley, CO 81092",Resident 1071,A-20071,2026-01-14,440547,gallons,,R6,
M-1072,"604 South Loop, Wiley, CO 81092",Resident 1072,A-20072,2026-01-14,498111,gallons,,R1,
M-1073,"611 Pioneer Rd, Wiley, CO 81092",Resident 1073,A-20073,2026-01-14,420338,gallons,,R2,
M-1074,"618 Cottonwood Dr, Wiley, CO 81092",Resident 1074,A-20074,2026-01-14,406177,gallons,,R3,
M-1075,"625 Sand Creek Rd, Wiley, CO 81092",Resident 1075,A-20075,2026-01-14,267808,gallons,,R4,
M-1076,"632 Prairie View, Wiley, CO 81092",New Occupant 1076,A-20076,2026-01-14,259775,gallons,,R5,
M-1077,"639 School House Rd, Wiley, CO 81092",Resident 1077,A-20077,2026-01-14,211990,gallons,,R6,
M-1078,"646 Cemetery Rd, Wiley, CO 81092",Resident 1078,A-20078,2026-01-14,314993,gallons,,R1,
M-1079,"653 Grain Elevator Rd, Wiley, CO 81092",Resident 1079,A-20079,2026-01-14,258056,gallons,,R2,
M-1080,"660 Main St, Wiley, CO 81092",Resident 1080,A-20080,2026-01-14,293197,gallons,,R3,
M-1081,"667 County Rd 10, Wiley, CO 81092",Resident 1081,A-20081,2026-01-14,391976,gallons,,R4,
M-1082,"674 County Rd 14, Wiley, CO 81092",Resident 1082,A-20082,2026-01-14,211046,gallons,,R5,
M-1083,"681 Highway 287, Wiley, CO 81092",Resident 1083,A-20083,2026-01-14,451554,gallons,,R6,
M-1084,"688 Maple Ave, Wiley, CO 81092",Resident 1084,A-20084,2026-01-14,301577,gallons,,R1,
M-1085,"695 Oak St, Wiley, CO 81092",Resident 1085,A-20085,2026-01-14,381153,gallons,,R2,
M-1086,"702 Elm St, Wiley, CO 81092",Resident 1086,A-20086,2026-01-14,288500,gallons,,R3,
M-1087,"709 3rd Ave, Wiley, CO 81092",Resident 1087,A-20087,2026-01-14,225739,gallons,,R4,
M-1088,"716 5th St, Wiley, CO 81092",Resident 1088,A-20088,2026-01-14,133212,gallons,,R5,
M-1089,"723 Ranch Rd, Wiley, CO 81092",Resident 1089,A-20089,2026-01-14,635662,gallons,,R6,
M-1090,"730 Irrigation Ln, Wiley, CO 81092",Resident 1090,A-20090,2026-01-14,501830,gallons,,R1,
M-1091,"737 North Frontage, Wiley, CO 81092",Resident 1091,A-20091,2026-01-14,475989,gallons,,R2,
M-1092,"744 South Loop, Wiley, CO 81092",Resident 1092,A-20092,2026-01-14,169503,gallons,,R3,
M-1093,"751 Pioneer Rd, Wiley, CO 81092",Resident 1093,A-20093,2026-01-14,210088,gallons,,R4,
M-1094,"758 Cottonwood Dr, Wiley, CO 81092",Resident 1094,A-20094,2026-01-14,479064,gallons,,R5,
M-1095,"765 Sand Creek Rd, Wiley, CO 81092",Resident 1095,A-20095,2026-01-14,238578,gallons,,R6,
M-1096,"772 Prairie View, Wiley, CO 81092",Resident 1096,A-20096,2026-01-14,381396,gallons,,R1,
M-1097,"779 School House Rd, Wiley, CO 81092",Resident 1097,A-20097,2026-01-14,295913,gallons,,R2,
M-1098,"786 Cemetery Rd, Wiley, CO 81092",Resident 1098,A-20098,2026-01-14,217921,gallons,,R3,
M-1099,"793 Grain Elevator Rd, Wiley, CO 81092",Resident 1099,A-20099,2026-01-14,312864,gallons,,R4,
M-1100,"800 Main St, Wiley, CO 81092",Resident 1100,A-20100,2026-01-14,214164,gallons,,R5,
M-1101,"807 County Rd 10, Wiley, CO 81092",Resident 1101,A-20101,2026-01-14,311934,gallons,,R6,
M-1102,"814 County Rd 14, Wiley, CO 81092",Resident 1102,A-20102,2026-01-14,368728,gallons,,R1,
M-1103,"821 Highway 287, Wiley, CO 81092",Resident 1103,A-20103,2026-01-14,275524,gallons,,R2,
M-1104,"828 Maple Ave, Wiley, CO 81092",Resident 1104,A-20104,2026-01-14,270857,gallons,,R3,
M-1105,"835 Oak St, Wiley, CO 81092",Resident 1105,A-20105,2026-01-14,369415,gallons,,R4,
M-1106,"842 Elm St, Wiley, CO 81092",Resident 1106,A-20106,2026-01-14,489012,gallons,,R5,
M-1107,"849 3rd Ave, Wiley, CO 81092",Resident 1107,A-20107,2026-01-14,258332,gallons,,R6,
M-1108,"856 5th St, Wiley, CO 81092",Resident 1108,A-20108,2026-01-14,444180,gallons,,R1,
M-1109,"863 Ranch Rd, Wiley, CO 81092",Resident 1109,A-20109,2026-01-14,439361,gallons,,R2,
M-1110,"870 Irrigation Ln, Wiley, CO 81092",Resident 1110,A-20110,2026-01-14,415947,gallons,,R3,
M-1111,"877 North Frontage, Wiley, CO 81092",Resident 1111,A-20111,2026-01-14,152852,gallons,,R4,
M-1112,"884 South Loop, Wiley, CO 81092",Resident 1112,A-20112,2026-01-14,416285,gallons,,R5,
M-1113,"891 Pioneer Rd, Wiley, CO 81092",Resident 1113,A-20113,2026-01-14,256950,gallons,,R6,
M-1114,"898 Cottonwood Dr, Wiley, CO 81092",Resident 1114,A-20114,2026-01-14,467861,gallons,,R1,
M-1115,"905 Sand Creek Rd, Wiley, CO 81092",Resident 1115,A-20115,2026-01-14,227347,gallons,,R2,
M-1116,"912 Prairie View, Wiley, CO 81092",Resident 1116,A-20116,2026-01-14,263500,gallons,,R3,
M-1117,"919 School House Rd, Wiley, CO 81092",Resident 1117,A-20117,2026-01-14,276519,gallons,,R4,
M-1118,"926 Cemetery Rd, Wiley, CO 81092",Resident 1118,A-20118,2026-01-14,184197,gallons,,R5,
M-1119,"933 Grain Elevator Rd, Wiley, CO 81092",Resident 1119,A-20119,2026-01-14,242486,gallons,,R6,
M-1120,"940 Main St, Wiley, CO 81092",Resident 1120,A-20120,2026-01-14,451266,gallons,,R1,
M-1121,"947 County Rd 10, Wiley, CO 81092",Resident 1121,A-20121,2026-01-14,227695,gallons,,R2,
M-1122,"954 County Rd 14, Wiley, CO 81092",Resident 1122,A-20122,2026-01-14,331115,gallons,,R3,
M-1123,"961 Highway 287, Wiley, CO 81092",Resident 1123,A-20123,2026-01-14,307581,gallons,,R4,
M-1124,"968 Maple Ave, Wiley, CO 81092",Resident 1124,A-20124,2026-01-14,428759,gallons,,R5,
M-1125,"975 Oak St, Wiley, CO 81092",Resident 1125,A-20125,2026-01-14,239190,gallons,,R6,
M-1126,"982 Elm St, Wiley, CO 81092",Resident 1126,A-20126,2026-01-14,290587,gallons,,R1,
M-1127,"989 3rd Ave, Wiley, CO 81092",Resident 1127,A-20127,2026-01-14,234040,gallons,,R2,
M-1128,"996 5th St, Wiley, CO 81092",Resident 1128,A-20128,2026-01-14,537481,gallons,,R3,
M-1129,"1003 Ranch Rd, Wiley, CO 81092",Resident 1129,A-20129,2026-01-14,311824,gallons,,R4,
M-1130,"1010 Irrigation Ln, Wiley, CO 81092",Resident 1130,A-20130,2026-01-14,438731,gallons,,R5,
M-1131,"1017 North Frontage, Wiley, CO 81092",Resident 1131,A-20131,2026-01-14,384136,gallons,,R6,
M-1132,"1024 South Loop, Wiley, CO 81092",Resident 1132,A-20132,2026-01-14,329852,gallons,,R1,
M-1133,"1031 Pioneer Rd, Wiley, CO 81092",Resident 1133,A-20133,2026-01-14,198717,gallons,,R2,
M-1134,"1038 Cottonwood Dr, Wiley, CO 81092",Resident 1134,A-20134,2026-01-14,199406,gallons,,R3,
M-1135,"1045 Sand Creek Rd, Wiley, CO 81092",Resident 1135,A-20135,2026-01-14,505604,gallons,,R4,
M-1136,"1052 Prairie View, Wiley, CO 81092",Resident 1136,A-20136,2026-01-14,373501,gallons,,R5,
M-1137,"1059 School House Rd, Wiley, CO 81092",Resident 1137,A-20137,2026-01-14,290707,gallons,,R6,
M-1138,"1066 Cemetery Rd, Wiley, CO 81092",Resident 1138,A-20138,2026-01-14,148119,gallons,,R1,
M-1139,"1073 Grain Elevator Rd, Wiley, CO 81092",Resident 1139,A-20139,2026-01-14,111498,gallons,,R2,
M-1140,"1080 Main St, Wiley, CO 81092",Resident 1140,A-20140,2026-01-14,338080,gallons,,R3,
M-1141,"1087 County Rd 10, Wiley, CO 81092",Resident 1141,A-20141,2026-01-14,232097,gallons,,R4,
M-1142,"1094 County Rd 14, Wiley, CO 81092",Resident 1142,A-20142,2026-01-14,437213,gallons,,R5,
M-1143,"1101 Highway 287, Wiley, CO 81092",Resident 1143,A-20143,2026-01-14,337872,gallons,,R6,
M-1144,"1108 Maple Ave, Wiley, CO 81092",Resident 1144,A-20144,2026-01-14,180850,gallons,,R1,
M-1145,"1115 Oak St, Wiley, CO 81092",Resident 1145,A-20145,2026-01-14,339046,gallons,,R2,
M-1146,"1122 Elm St, Wiley, CO 81092",Resident 1146,A-20146,2026-01-14,401291,gallons,,R3,
M-1147,"1129 3rd Ave, Wiley, CO 81092",Resident 1147,A-20147,2026-01-14,406329,gallons,,R4,
M-1148,"1136 5th St, Wiley, CO 81092",Resident 1148,A-20148,2026-01-14,407266,gallons,,R5,
M-1149,"1143 Ranch Rd, Wiley, CO 81092",Resident 1149,A-20149,2026-01-14,196951,gallons,,R6,
M-1150,"1150 Irrigation Ln, Wiley, CO 81092",Resident 1150,A-20150,2026-01-14,213433,gallons,,R1,
M-1151,"1157 North Frontage, Wiley, CO 81092",Resident 1151,A-20151,2026-01-14,220080,gallons,,R2,
M-1152,"1164 South Loop, Wiley, CO 81092",Resident 1152,A-20152,2026-01-14,177898,gallons,,R3,
M-1153,"1171 Pioneer Rd, Wiley, CO 81092",Resident 1153,A-20153,2026-01-14,435624,gallons,,R4,
M-1154,"1178 Cottonwood Dr, Wiley, CO 81092",Resident 1154,A-20154,2026-01-14,168768,gallons,,R5,
M-1155,"1185 Sand Creek Rd, Wiley, CO 81092",Resident 1155,A-20155,2026-01-14,371625,gallons,,R6,
M-1156,"1192 Prairie View, Wiley, CO 81092",Resident 1156,A-20156,2026-01-14,818325,gallons,,R1,
M-1157,"1199 School House Rd, Wiley, CO 81092",Resident 1157,A-20157,2026-01-14,457474,gallons,,R2,
M-1158,"1206 Cemetery Rd, Wiley, CO 81092",Resident 1158,A-20158,2026-01-14,203482,gallons,,R3,
M-1159,"1213 Grain Elevator Rd, Wiley, CO 81092",Resident 1159,A-20159,2026-01-14,397997,gallons,,R4,
M-1160,"1220 Main St, Wiley, CO 81092",Resident 1160,A-20160,2026-01-14,158084,gallons,,R5,
M-1161,"1227 County Rd 10, Wiley, CO 81092",Resident 1161,A-20161,2026-01-14,212835,gallons,,R6,
M-1162,"1234 County Rd 14, Wiley, CO 81092",Resident 1162,A-20162,2026-01-14,361026,gallons,,R1,
M-1163,"1241 Highway 287, Wiley, CO 81092",Resident 1163,A-20163,2026-01-14,298831,gallons,,R2,
M-1164,"1248 Maple Ave, Wiley, CO 81092",Resident 1164,A-20164,2026-01-14,209085,gallons,,R3,
M-1165,"1255 Oak St, Wiley, CO 81092",Resident 1165,A-20165,2026-01-14,357528,gallons,,R4,
M-1166,"1262 Elm St, Wiley, CO 81092",Resident 1166,A-20166,2026-01-14,315376,gallons,,R5,
M-1167,"1269 3rd Ave, Wiley, CO 81092",Resident 1167,A-20167,2026-01-14,259017,gallons,,R6,
M-1168,"1276 5th St, Wiley, CO 81092",Resident 1168,A-20168,2026-01-14,552718,gallons,,R1,
M-1169,"1283 Ranch Rd, Wiley, CO 81092",Resident 1169,A-20169,2026-01-14,237518,gallons,,R2,
M-1170,"1290 Irrigation Ln, Wiley, CO 81092",Resident 1170,A-20170,2026-01-14,312751,gallons,,R3,
M-1171,"1297 North Frontage, Wiley, CO 81092",Resident 1171,A-20171,2026-01-14,400884,gallons,,R4,
M-1172,"1304 South Loop, Wiley, CO 81092",Resident 1172,A-20172,2026-01-14,342424,gallons,,R5,
M-1173,"1311 Pioneer Rd, Wiley, CO 81092",Resident 1173,A-20173,2026-01-14,481828,gallons,,R6,
M-1174,"1318 Cottonwood Dr, Wiley, CO 81092",Resident 1174,A-20174,2026-01-14,193529,gallons,,R1,
M-1175,"1325 Sand Creek Rd, Wiley, CO 81092",Resident 1175,A-20175,2026-01-14,277985,gallons,,R2,
M-1176,"1332 Prairie View, Wiley, CO 81092",Resident 1176,A-20176,2026-01-14,175843,gallons,,R3,
M-1177,"1339 School House Rd, Wiley, CO 81092",Resident 1177,A-20177,2026-01-14,292671,gallons,,R4,
M-1178,"1346 Cemetery Rd, Wiley, CO 81092",Resident 1178,A-20178,2026-01-14,420368,gallons,,R5,
M-1179,"1353 Grain Elevator Rd, Wiley, CO 81092",Resident 1179,A-20179,2026-01-14,144777,gallons,,R6,
M-1180,"1360 Main St, Wiley, CO 81092",Resident 1180,A-20180,2026-01-14,258864,gallons,,R1,
M-1181,"1367 County Rd 10, Wiley, CO 81092",Resident 1181,A-20181,2026-01-14,375176,gallons,,R2,
M-1182,"1374 County Rd 14, Wiley, CO 81092",Resident 1182,A-20182,2026-01-14,332219,gallons,,R3,
M-1183,"1381 Highway 287, Wiley, CO 81092",Resident 1183,A-20183,2026-01-14,296570,gallons,,R4,
M-1184,"1388 Maple Ave, Wiley, CO 81092",Resident 1184,A-20184,2026-01-14,245797,gallons,,R5,
M-1185,"1395 Oak St, Wiley, CO 81092",Resident 1185,A-20185,2026-01-14,265659,gallons,,R6,
M-1186,"1402 Elm St, Wiley, CO 81092",Resident 1186,A-20186,2026-01-14,192598,gallons,,R1,
M-1187,"1409 3rd Ave, Wiley, CO 81092",Resident 1187,A-20187,2026-01-14,389869,gallons,,R2,
M-1188,"1416 5th St, Wiley, CO 81092",Resident 1188,A-20188,2026-01-14,182934,gallons,,R3,
M-1189,"1423 Ranch Rd, Wiley, CO 81092",Resident 1189,A-20189,2026-01-14,426200,gallons,,R4,
M-1190,"1430 Irrigation Ln, Wiley, CO 81092",Resident 1190,A-20190,2026-01-14,235816,gallons,,R5,
M-1191,"1437 North Frontage, Wiley, CO 81092",New Occupant 1191,A-20191,2026-01-14,215390,gallons,,R6,
M-1192,"1444 South Loop, Wiley, CO 81092",Resident 1192,A-20192,2026-01-14,387181,gallons,,R1,
M-1193,"1451 Pioneer Rd, Wiley, CO 81092",Resident 1193,A-20193,2026-01-14,383422,gallons,,R2,
M-1194,"1458 Cottonwood Dr, Wiley, CO 81092",Resident 1194,A-20194,2026-01-14,276217,gallons,,R3,
M-1195,"1465 Sand Creek Rd, Wiley, CO 81092",Resident 1195,A-20195,2026-01-14,291211,gallons,,R4,
M-1196,"1472 Prairie View, Wiley, CO 81092",Resident 1196,A-20196,2026-01-14,288838,gallons,,R5,
M-1197,"1479 School House Rd, Wiley, CO 81092",Resident 1197,A-20197,2026-01-14,102385,gallons,,R6,
M-1198,"1486 Cemetery Rd, Wiley, CO 81092",Resident 1198,A-20198,2026-01-14,526894,gallons,,R1,
M-1199,"1493 Grain Elevator Rd, Wiley, CO 81092",Resident 1199,A-20199,2026-01-14,241040,gallons,,R2,
M-1200,"1500 Main St, Wiley, CO 81092",Resident 1200,A-20200,2026-01-14,369674,gallons,,R3,
M-1201,"1507 County Rd 10, Wiley, CO 81092",Resident 1201,A-20201,2026-01-14,264449,gallons,,R4,
M-1202,"1514 County Rd 14, Wiley, CO 81092",Resident 1202,A-20202,2026-01-14,252014,gallons,,R5,
M-1203,"1521 Highway 287, Wiley, CO 81092",Resident 1203,A-20203,2026-01-14,179553,gallons,,R6,
M-1204,"1528 Maple Ave, Wiley, CO 81092",Resident 1204,A-20204,2026-01-14,279005,gallons,,R1,
M-1205,"1535 Oak St, Wiley, CO 81092",Resident 1205,A-20205,2026-01-14,309947,gallons,,R2,
M-1206,"1542 Elm St, Wiley, CO 81092",Resident 1206,A-20206,2026-01-14,434211,gallons,,R3,
M-1207,"1549 3rd Ave, Wiley, CO 81092",Resident 1207,A-20207,2026-01-14,395268,gallons,,R4,
M-1208,"1556 5th St, Wiley, CO 81092",Resident 1208,A-20208,2026-01-14,381684,gallons,,R5,
M-1209,"1563 Ranch Rd, Wiley, CO 81092",Resident 1209,A-20209,2026-01-14,380947,gallons,,R6,
M-1210,"1570 Irrigation Ln, Wiley, CO 81092",Resident 1210,A-20210,2026-01-14,275842,gallons,,R1,
M-1211,"1577 North Frontage, Wiley, CO 81092",Resident 1211,A-20211,2026-01-14,215477,gallons,,R2,
M-1212,"1584 South Loop, Wiley, CO 81092",Resident 1212,A-20212,2026-01-14,223500,gallons,,R3,
M-1213,"1591 Pioneer Rd, Wiley, CO 81092",Resident 1213,A-20213,2026-01-14,237029,gallons,,R4,
M-1214,"1598 Cottonwood Dr, Wiley, CO 81092",Resident 1214,A-20214,2026-01-14,294887,gallons,,R5,
M-1215,"1605 Sand Creek Rd, Wiley, CO 81092",Resident 1215,A-20215,2026-01-14,473312,gallons,,R6,
M-1216,"1612 Prairie View, Wiley, CO 81092",Resident 1216,A-20216,2026-01-14,337509,gallons,,R1,
M-1217,"1619 School House Rd, Wiley, CO 81092",Resident 1217,A-20217,2026-01-14,128315,gallons,,R2,
M-1218,"1626 Cemetery Rd, Wiley, CO 81092",Resident 1218,A-20218,2026-01-14,162919,gallons,,R3,
M-1219,"1633 Grain Elevator Rd, Wiley, CO 81092",Resident 1219,A-20219,2026-01-14,496542,gallons,,R4,
M-1220,"1640 Main St, Wiley, CO 81092",Resident 1220,A-20220,2026-01-14,384906,gallons,,R5,
M-1221,"1647 County Rd 10, Wiley, CO 81092",Resident 1221,A-20221,2026-01-14,352105,gallons,,R6,
M-1222,"1654 County Rd 14, Wiley, CO 81092",Resident 1222,A-20222,2026-01-14,278812,gallons,,R1,
M-1223,"1661 Highway 287, Wiley, CO 81092",Resident 1223,A-20223,2026-01-14,355143,gallons,,R2,
M-1224,"1668 Maple Ave, Wiley, CO 81092",Resident 1224,A-20224,2026-01-14,486537,gallons,,R3,
M-1225,"1675 Oak St, Wiley, CO 81092",Resident 1225,A-20225,2026-01-14,446496,gallons,,R4,
M-1226,"1682 Elm St, Wiley, CO 81092",Resident 1226,A-20226,2026-01-14,211416,gallons,,R5,
M-1227,"1689 3rd Ave, Wiley, CO 81092",Resident 1227,A-20227,2026-01-14,321186,gallons,,R6,
M-1228,"1696 5th St, Wiley, CO 81092",Resident 1228,A-20228,2026-01-14,473626,gallons,,R1,
M-1229,"1703 Ranch Rd, Wiley, CO 81092",Resident 1229,A-20229,2026-01-14,304897,gallons,,R2,
M-1230,"1710 Irrigation Ln, Wiley, CO 81092",Resident 1230,A-20230,2026-01-14,335778,gallons,,R3,
M-1231,"1717 North Frontage, Wiley, CO 81092",Resident 1231,A-20231,2026-01-14,214901,gallons,,R4,
M-1232,"1724 South Loop, Wiley, CO 81092",Resident 1232,A-20232,2026-01-14,348901,gallons,,R5,
M-1233,"1731 Pioneer Rd, Wiley, CO 81092",Resident 1233,A-20233,2026-01-14,193840,gallons,,R6,
M-1234,"1738 Cottonwood Dr, Wiley, CO 81092",Resident 1234,A-20234,2026-01-14,408832,gallons,,R1,
M-1235,"1745 Sand Creek Rd, Wiley, CO 81092",Resident 1235,A-20235,2026-01-14,435358,gallons,,R2,
M-1236,"1752 Prairie View, Wiley, CO 81092",Resident 1236,A-20236,2026-01-14,294613,gallons,,R3,
M-1237,"1759 School House Rd, Wiley, CO 81092",Resident 1237,A-20237,2026-01-14,380565,gallons,,R4,
M-1238,"1766 Cemetery Rd, Wiley, CO 81092",Resident 1238,A-20238,2026-01-14,372205,gallons,,R5,
M-1239,"1773 Grain Elevator Rd, Wiley, CO 81092",Resident 1239,A-20239,2026-01-14,190007,gallons,,R6,
M-1240,"1780 Main St, Wiley, CO 81092",Resident 1240,A-20240,2026-01-14,517277,gallons,,R1,
M-1241,"1787 County Rd 10, Wiley, CO 81092",Resident 1241,A-20241,2026-01-14,330494,gallons,,R2,
M-1242,"1794 County Rd 14, Wiley, CO 81092",Resident 1242,A-20242,2026-01-14,434452,gallons,,R3,
M-1243,"1801 Highway 287, Wiley, CO 81092",Resident 1243,A-20243,2026-01-14,291415,gallons,,R4,
M-1244,"1808 Maple Ave, Wiley, CO 81092",Resident 1244,A-20244,2026-01-14,780049,gallons,,R5,
M-1245,"1815 Oak St, Wiley, CO 81092",Resident 1245,A-20245,2026-01-14,162793,gallons,,R6,
M-1246,"1822 Elm St, Wiley, CO 81092",Resident 1246,A-20246,2026-01-14,297319,gallons,,R1,
M-1247,"1829 3rd Ave, Wiley, CO 81092",Resident 1247,A-20247,2026-01-14,359422,gallons,,R2,
M-1248,"1836 5th St, Wiley, CO 81092",Resident 1248,A-20248,2026-01-14,341673,gallons,,R3,
M-1249,"1843 Ranch Rd, Wiley, CO 81092",Resident 1249,A-20249,2026-01-14,520760,gallons,,R4,
M-1250,"1850 Irrigation Ln, Wiley, CO 81092",Resident 1250,A-20250,2026-01-14,337468,gallons,,R5,
M-1251,"1857 North Frontage, Wiley, CO 81092",Resident 1251,A-20251,2026-01-14,347074,gallons,,R6,
M-1252,"1864 South Loop, Wiley, CO 81092",Resident 1252,A-20252,2026-01-14,335958,gallons,,R1,
M-1253,"1871 Pioneer Rd, Wiley, CO 81092",Resident 1253,A-20253,2026-01-14,246403,gallons,,R2,
M-1254,"1878 Cottonwood Dr, Wiley, CO 81092",Resident 1254,A-20254,2026-01-14,392269,gallons,,R3,
M-1255,"1885 Sand Creek Rd, Wiley, CO 81092",Resident 1255,A-20255,2026-01-14,259800,gallons,,R4,
M-1256,"1892 Prairie View, Wiley, CO 81092",Resident 1256,A-20256,2026-01-14,289278,gallons,,R5,
M-1257,"1899 School House Rd, Wiley, CO 81092",Resident 1257,A-20257,2026-01-14,318043,gallons,,R6,
M-1258,"1906 Cemetery Rd, Wiley, CO 81092",Resident 1258,A-20258,2026-01-14,472149,gallons,,R1,
M-1259,"1913 Grain Elevator Rd, Wiley, CO 81092",Resident 1259,A-20259,2026-01-14,298287,gallons,,R2,
M-1260,"1920 Main St, Wiley, CO 81092",Resident 1260,A-20260,2026-01-14,186912,gallons,,R3,
M-1261,"1927 County Rd 10, Wiley, CO 81092",Resident 1261,A-20261,2026-01-14,459645,gallons,,R4,
M-1262,"1934 County Rd 14, Wiley, CO 81092",Resident 1262,A-20262,2026-01-14,399843,gallons,,R5,
M-1263,"1941 Highway 287, Wiley, CO 81092",Resident 1263,A-20263,2026-01-14,319645,gallons,,R6,
M-1264,"1948 Maple Ave, Wiley, CO 81092",Resident 1264,A-20264,2026-01-14,336055,gallons,,R1,
M-1265,"1955 Oak St, Wiley, CO 81092",Resident 1265,A-20265,2026-01-14,417351,gallons,,R2,
M-1266,"1962 Elm St, Wiley, CO 81092",Resident 1266,A-20266,2026-01-14,188537,gallons,,R3,
M-1267,"1969 3rd Ave, Wiley, CO 81092",Resident 1267,A-20267,2026-01-14,317673,gallons,,R4,
M-1268,"1976 5th St, Wiley, CO 81092",Resident 1268,A-20268,2026-01-14,273598,gallons,,R5,
M-1269,"1983 Ranch Rd, Wiley, CO 81092",Resident 1269,A-20269,2026-01-14,283526,gallons,,R6,
M-1270,"1990 Irrigation Ln, Wiley, CO 81092",Resident 1270,A-20270,2026-01-14,334177,gallons,,R1,
M-1271,"1997 North Frontage, Wiley, CO 81092",Resident 1271,A-20271,2026-01-14,500098,gallons,,R2,
M-1272,"2004 South Loop, Wiley, CO 81092",Resident 1272,A-20272,2026-01-14,492628,gallons,,R3,
M-1273,"2011 Pioneer Rd, Wiley, CO 81092",Resident 1273,A-20273,2026-01-14,515602,gallons,,R4,
M-1274,"2018 Cottonwood Dr, Wiley, CO 81092",Resident 1274,A-20274,2026-01-14,327147,gallons,,R5,
M-1275,"2025 Sand Creek Rd, Wiley, CO 81092",Resident 1275,A-20275,2026-01-14,369908,gallons,,R6,
M-1276,"2032 Prairie View, Wiley, CO 81092",Resident 1276,A-20276,2026-01-14,396003,gallons,,R1,
M-1277,"2039 School House Rd, Wiley, CO 81092",Resident 1277,A-20277,2026-01-14,380847,gallons,,R2,
M-1278,"2046 Cemetery Rd, Wiley, CO 81092",Resident 1278,A-20278,2026-01-14,229727,gallons,,R3,
M-1279,"2053 Grain Elevator Rd, Wiley, CO 81092",Resident 1279,A-20279,2026-01-14,372668,gallons,,R4,
M-1280,"2060 Main St, Wiley, CO 81092",Resident 1280,A-20280,2026-01-14,352743,gallons,,R5,
M-1281,"2067 County Rd 10, Wiley, CO 81092",Resident 1281,A-20281,2026-01-14,277379,gallons,,R6,
M-1282,"2074 County Rd 14, Wiley, CO 81092",Resident 1282,A-20282,2026-01-14,501038,gallons,,R1,
M-1283,"2081 Highway 287, Wiley, CO 81092",Resident 1283,A-20283,2026-01-14,185485,gallons,,R2,
M-1284,"2088 Maple Ave, Wiley, CO 81092",Resident 1284,A-20284,2026-01-14,301333,gallons,,R3,
M-1285,"2095 Oak St, Wiley, CO 81092",Resident 1285,A-20285,2026-01-14,424084,gallons,,R4,
M-1286,"2102 Elm St, Wiley, CO 81092",Resident 1286,A-20286,2026-01-14,505183,gallons,,R5,
M-1287,"2109 3rd Ave, Wiley, CO 81092",Resident 1287,A-20287,2026-01-14,529067,gallons,,R6,
M-1288,"2116 5th St, Wiley, CO 81092",Resident 1288,A-20288,2026-01-14,414430,gallons,,R1,
M-1289,"2123 Ranch Rd, Wiley, CO 81092",Resident 1289,A-20289,2026-01-14,364914,gallons,,R2,
M-1290,"2130 Irrigation Ln, Wiley, CO 81092",Resident 1290,A-20290,2026-01-14,232039,gallons,,R3,
M-1291,"2137 North Frontage, Wiley, CO 81092",Resident 1291,A-20291,2026-01-14,310167,gallons,,R4,
M-1292,"2144 South Loop, Wiley, CO 81092",Resident 1292,A-20292,2026-01-14,266009,gallons,,R5,
M-1293,"2151 Pioneer Rd, Wiley, CO 81092",Resident 1293,A-20293,2026-01-14,216593,gallons,,R6,
M-1294,"2158 Cottonwood Dr, Wiley, CO 81092",Resident 1294,A-20294,2026-01-14,253844,gallons,,R1,
M-1295,"2165 Sand Creek Rd, Wiley, CO 81092",Resident 1295,A-20295,2026-01-14,276747,gallons,,R2,
M-1296,"2172 Prairie View, Wiley, CO 81092",Resident 1296,A-20296,2026-01-14,152896,gallons,,R3,
M-1297,"2179 School House Rd, Wiley, CO 81092",Resident 1297,A-20297,2026-01-14,131710,gallons,,R4,
M-1298,"2186 Cemetery Rd, Wiley, CO 81092",Resident 1298,A-20298,2026-01-14,252452,gallons,,R5,
M-1299,"2193 Grain Elevator Rd, Wiley, CO 81092",Resident 1299,A-20299,2026-01-14,364759,gallons,,R6,
M-1300,"2200 Main St, Wiley, CO 81092",Resident 1300,A-20300,2026-01-14,439100,gallons,,R1,
M-1001,"107 County Rd 10, Wiley, CO 81092",Resident 1001,A-20001,2026-02-15,465817,gallons,,R2,
M-1002,"114 County Rd 14, Wiley, CO 81092",Resident 1002,A-20002,2026-02-15,345206,gallons,,R3,
M-1003,"121 Highway 287, Wiley, CO 81092",Resident 1003,A-20003,2026-02-15,168195,gallons,,R4,
M-1004,"128 Maple Ave, Wiley, CO 81092",Resident 1004,A-20004,2026-02-15,428443,gallons,,R5,
M-1005,"135 Oak St, Wiley, CO 81092",Resident 1005,A-20005,2026-02-15,231414,gallons,,R6,
M-1006,"142 Elm St, Wiley, CO 81092",Resident 1006,A-20006,2026-02-15,275219,gallons,,R1,
M-1007,"149 3rd Ave, Wiley, CO 81092",Resident 1007,A-20007,2026-02-15,369944,gallons,,R2,
M-1008,"156 5th St, Wiley, CO 81092",Resident 1008,A-20008,2026-02-15,242867,gallons,,R3,
M-1009,"163 Ranch Rd, Wiley, CO 81092",Resident 1009,A-20009,2026-02-15,241898,gallons,,R4,
M-1010,"170 Irrigation Ln, Wiley, CO 81092",Resident 1010,A-20010,2026-02-15,339045,gallons,,R5,
M-1011,"177 North Frontage, Wiley, CO 81092",Resident 1011,A-20011,2026-02-15,480037,gallons,,R6,
M-1012,"184 South Loop, Wiley, CO 81092",Resident 1012,A-20012,2026-02-15,259260,gallons,,R1,
M-1013,"191 Pioneer Rd, Wiley, CO 81092",Resident 1013,A-20013,2026-02-15,198446,gallons,,R2,
M-1014,"198 Cottonwood Dr, Wiley, CO 81092",Resident 1014,A-20014,2026-02-15,446827,gallons,,R3,
M-1015,"205 Sand Creek Rd, Wiley, CO 81092",Resident 1015,A-20015,2026-02-15,468482,gallons,,R4,
M-1016,"212 Prairie View, Wiley, CO 81092",Resident 1016,A-20016,2026-02-15,165498,gallons,,R5,
M-1017,"219 School House Rd, Wiley, CO 81092",Resident 1017,A-20017,2026-02-15,143501,gallons,,R6,
M-1018,"226 Cemetery Rd, Wiley, CO 81092",Resident 1018,A-20018,2026-02-15,221061,gallons,,R1,
M-1019,"233 Grain Elevator Rd, Wiley, CO 81092",Resident 1019,A-20019,2026-02-15,191996,gallons,,R2,
M-1020,"240 Main St, Wiley, CO 81092",Resident 1020,A-20020,2026-02-15,334221,gallons,,R3,
M-1021,"247 County Rd 10, Wiley, CO 81092",Resident 1021,A-20021,2026-02-15,382314,gallons,,R4,
M-1022,"254 County Rd 14, Wiley, CO 81092",Resident 1022,A-20022,2026-02-15,418198,gallons,TAMPER,R5,
M-1023,"261 Highway 287, Wiley, CO 81092",Resident 1023,A-20023,2026-02-15,296535,gallons,,R6,
M-1024,"268 Maple Ave, Wiley, CO 81092",Resident 1024,A-20024,2026-02-15,308319,gallons,,R1,
M-1025,"275 Oak St, Wiley, CO 81092",Resident 1025,A-20025,2026-02-15,210710,gallons,,R2,
M-1026,"282 Elm St, Wiley, CO 81092",Resident 1026,A-20026,2026-02-15,209669,gallons,,R3,
M-1027,"289 3rd Ave, Wiley, CO 81092",Resident 1027,A-20027,2026-02-15,401520,gallons,,R4,
M-1028,"296 5th St, Wiley, CO 81092",Resident 1028,A-20028,2026-02-15,192186,gallons,,R5,
M-1029,"303 Ranch Rd, Wiley, CO 81092",Resident 1029,A-20029,2026-02-15,402724,gallons,,R6,
M-1030,"310 Irrigation Ln, Wiley, CO 81092",Resident 1030,A-20030,2026-02-15,317476,gallons,,R1,
M-1031,"317 North Frontage, Wiley, CO 81092",Resident 1031,A-20031,2026-02-15,396390,gallons,,R2,
M-1032,"324 South Loop, Wiley, CO 81092",Resident 1032,A-20032,2026-02-15,274952,gallons,,R3,
M-1033,"331 Pioneer Rd, Wiley, CO 81092",Resident 1033,A-20033,2026-02-15,740928,gallons,,R4,
M-1034,"338 Cottonwood Dr, Wiley, CO 81092",Resident 1034,A-20034,2026-02-15,478081,gallons,,R5,
M-1035,"345 Sand Creek Rd, Wiley, CO 81092",Resident 1035,A-20035,2026-02-15,481195,gallons,,R6,
M-1036,"352 Prairie View, Wiley, CO 81092",Resident 1036,A-20036,2026-02-15,347157,gallons,,R1,
M-1037,"359 School House Rd, Wiley, CO 81092",Resident 1037,A-20037,2026-02-15,290720,gallons,,R2,
M-1038,"366 Cemetery Rd, Wiley, CO 81092",Resident 1038,A-20038,2026-02-15,216597,gallons,,R3,
M-1039,"373 Grain Elevator Rd, Wiley, CO 81092",Resident 1039,A-20039,2026-02-15,351388,gallons,,R4,
M-1040,"380 Main St, Wiley, CO 81092",Resident 1040,A-20040,2026-02-15,267395,gallons,,R5,
M-1041,"387 County Rd 10, Wiley, CO 81092",Resident 1041,A-20041,2026-02-15,177799,gallons,,R6,
M-1042,"394 County Rd 14, Wiley, CO 81092",Resident 1042,A-20042,2026-02-15,434839,gallons,,R1,
M-1043,"401 Highway 287, Wiley, CO 81092",Resident 1043,A-20043,2026-02-15,398504,gallons,,R2,
M-1044,"408 Maple Ave, Wiley, CO 81092",Resident 1044,A-20044,2026-02-15,155456,gallons,,R3,
M-1045,"415 Oak St, Wiley, CO 81092",Resident 1045,A-20045,2026-02-15,376644,gallons,,R4,
M-1046,"422 Elm St, Wiley, CO 81092",Resident 1046,A-20046,2026-02-15,170898,gallons,,R5,
M-1047,"429 3rd Ave, Wiley, CO 81092",Resident 1047,A-20047,2026-02-15,133612,gallons,,R6,
M-1048,"436 5th St, Wiley, CO 81092",Resident 1048,A-20048,2026-02-15,411489,gallons,,R1,
M-1049,"443 Ranch Rd, Wiley, CO 81092",Resident 1049,A-20049,2026-02-15,399498,gallons,,R2,
M-1050,"450 Irrigation Ln, Wiley, CO 81092",Resident 1050,A-20050,2026-02-15,369280,gallons,,R3,
M-1051,"457 North Frontage, Wiley, CO 81092",Resident 1051,A-20051,2026-02-15,422280,gallons,,R4,
M-1052,"464 South Loop, Wiley, CO 81092",Resident 1052,A-20052,2026-02-15,227732,gallons,,R5,
M-1053,"471 Pioneer Rd, Wiley, CO 81092",Resident 1053,A-20053,2026-02-15,214256,gallons,,R6,
M-1054,"478 Cottonwood Dr, Wiley, CO 81092",Resident 1054,A-20054,2026-02-15,398777,gallons,,R1,
M-1055,"485 Sand Creek Rd, Wiley, CO 81092",Resident 1055,A-20055,2026-02-15,132022,gallons,,R2,
M-1056,"492 Prairie View, Wiley, CO 81092",Resident 1056,A-20056,2026-02-15,299703,gallons,,R3,
M-1057,"499 School House Rd, Wiley, CO 81092",Resident 1057,A-20057,2026-02-15,197092,gallons,,R4,
M-1058,"506 Cemetery Rd, Wiley, CO 81092",Resident 1058,A-20058,2026-02-15,484449,gallons,,R5,
M-1059,"513 Grain Elevator Rd, Wiley, CO 81092",Resident 1059,A-20059,2026-02-15,148020,gallons,,R6,
M-1060,"520 Main St, Wiley, CO 81092",Resident 1060,A-20060,2026-02-15,274600,gallons,,R1,
M-1061,"527 County Rd 10, Wiley, CO 81092",Resident 1061,A-20061,2026-02-15,315400,gallons,,R2,
M-1062,"534 County Rd 14, Wiley, CO 81092",Resident 1062,A-20062,2026-02-15,237407,gallons,,R3,
M-1063,"541 Highway 287, Wiley, CO 81092",Resident 1063,A-20063,2026-02-15,435188,gallons,,R4,
M-1064,"548 Maple Ave, Wiley, CO 81092",Resident 1064,A-20064,2026-02-15,318962,gallons,,R5,
M-1065,"555 Oak St, Wiley, CO 81092",Resident 1065,A-20065,2026-02-15,486943,gallons,,R6,
M-1066,"562 Elm St, Wiley, CO 81092",Resident 1066,A-20066,2026-02-15,461305,gallons,,R1,
M-1067,"569 3rd Ave, Wiley, CO 81092",Resident 1067,A-20067,2026-02-15,201455,gallons,,R2,
M-1068,"576 5th St, Wiley, CO 81092",Resident 1068,A-20068,2026-02-15,444387,gallons,,R3,
M-1069,"583 Ranch Rd, Wiley, CO 81092",Resident 1069,A-20069,2026-02-15,247140,gallons,,R4,
M-1070,"590 Irrigation Ln, Wiley, CO 81092",Resident 1070,A-20070,2026-02-15,322284,gallons,,R5,
M-1071,"597 North Frontage, Wiley, CO 81092",Resident 1071,A-20071,2026-02-15,442750,gallons,,R6,
M-1072,"604 South Loop, Wiley, CO 81092",Resident 1072,A-20072,2026-02-15,503902,gallons,,R1,
M-1073,"611 Pioneer Rd, Wiley, CO 81092",Resident 1073,A-20073,2026-02-15,423394,gallons,,R2,
M-1074,"618 Cottonwood Dr, Wiley, CO 81092",Resident 1074,A-20074,2026-02-15,409755,gallons,,R3,
M-1075,"625 Sand Creek Rd, Wiley, CO 81092",Resident 1075,A-20075,2026-02-15,269816,gallons,,R4,
M-1076,"632 Prairie View, Wiley, CO 81092",New Occupant 1076,A-20076,2026-02-15,263221,gallons,,R5,
M-1077,"639 School House Rd, Wiley, CO 81092",Resident 1077,A-20077,2026-02-15,214580,gallons,,R6,
M-1078,"646 Cemetery Rd, Wiley, CO 81092",Resident 1078,A-20078,2026-02-15,319281,gallons,,R1,
M-1079,"653 Grain Elevator Rd, Wiley, CO 81092",Resident 1079,A-20079,2026-02-15,261911,gallons,,R2,
M-1080,"660 Main St, Wiley, CO 81092",Resident 1080,A-20080,2026-02-15,297854,gallons,,R3,
M-1081,"667 County Rd 10, Wiley, CO 81092",Resident 1081,A-20081,2026-02-15,398030,gallons,,R4,
M-1082,"674 County Rd 14, Wiley, CO 81092",Resident 1082,A-20082,2026-02-15,215203,gallons,,R5,
M-1083,"681 Highway 287, Wiley, CO 81092",Resident 1083,A-20083,2026-02-15,454538,gallons,,R6,
M-1084,"688 Maple Ave, Wiley, CO 81092",Resident 1084,A-20084,2026-02-15,305311,gallons,,R1,
M-1085,"695 Oak St, Wiley, CO 81092",Resident 1085,A-20085,2026-02-15,384539,gallons,,R2,
M-1086,"702 Elm St, Wiley, CO 81092",Resident 1086,A-20086,2026-02-15,291418,gallons,,R3,
M-1087,"709 3rd Ave, Wiley, CO 81092",Resident 1087,A-20087,2026-02-15,230710,gallons,,R4,
M-1088,"716 5th St, Wiley, CO 81092",Resident 1088,A-20088,2026-02-15,136677,gallons,,R5,
M-1089,"723 Ranch Rd, Wiley, CO 81092",Resident 1089,A-20089,2026-02-15,648386,gallons,,R6,
M-1090,"730 Irrigation Ln, Wiley, CO 81092",Resident 1090,A-20090,2026-02-15,506453,gallons,,R1,
M-1091,"737 North Frontage, Wiley, CO 81092",Resident 1091,A-20091,2026-02-15,481735,gallons,,R2,
M-1092,"744 South Loop, Wiley, CO 81092",Resident 1092,A-20092,2026-02-15,171977,gallons,,R3,
M-1093,"751 Pioneer Rd, Wiley, CO 81092",Resident 1093,A-20093,2026-02-15,214808,gallons,,R4,
M-1094,"758 Cottonwood Dr, Wiley, CO 81092",Resident 1094,A-20094,2026-02-15,484874,gallons,,R5,
M-1095,"765 Sand Creek Rd, Wiley, CO 81092",Resident 1095,A-20095,2026-02-15,241834,gallons,,R6,
M-1096,"772 Prairie View, Wiley, CO 81092",Resident 1096,A-20096,2026-02-15,383806,gallons,,R1,
M-1097,"779 School House Rd, Wiley, CO 81092",Resident 1097,A-20097,2026-02-15,300438,gallons,,R2,
M-1098,"786 Cemetery Rd, Wiley, CO 81092",Resident 1098,A-20098,2026-02-15,222237,gallons,,R3,
M-1099,"793 Grain Elevator Rd, Wiley, CO 81092",Resident 1099,A-20099,2026-02-15,316437,gallons,,R4,
M-1100,"800 Main St, Wiley, CO 81092",Resident 1100,A-20100,2026-02-15,219235,gallons,,R5,
M-1101,"807 County Rd 10, Wiley, CO 81092",Resident 1101,A-20101,2026-02-15,317077,gallons,,R6,
M-1102,"814 County Rd 14, Wiley, CO 81092",Resident 1102,A-20102,2026-02-15,374331,gallons,,R1,
M-1103,"821 Highway 287, Wiley, CO 81092",Resident 1103,A-20103,2026-02-15,278682,gallons,,R2,
M-1104,"828 Maple Ave, Wiley, CO 81092",Resident 1104,A-20104,2026-02-15,277516,gallons,,R3,
M-1105,"835 Oak St, Wiley, CO 81092",Resident 1105,A-20105,2026-02-15,373576,gallons,,R4,
M-1106,"842 Elm St, Wiley, CO 81092",Resident 1106,A-20106,2026-02-15,495180,gallons,,R5,
M-1107,"849 3rd Ave, Wiley, CO 81092",Resident 1107,A-20107,2026-02-15,260319,gallons,,R6,
M-1108,"856 5th St, Wiley, CO 81092",Resident 1108,A-20108,2026-02-15,447331,gallons,,R1,
M-1109,"863 Ranch Rd, Wiley, CO 81092",Resident 1109,A-20109,2026-02-15,441213,gallons,,R2,
M-1110,"870 Irrigation Ln, Wiley, CO 81092",Resident 1110,A-20110,2026-02-15,419057,gallons,,R3,
M-1111,"877 North Frontage, Wiley, CO 81092",Resident 1111,A-20111,2026-02-15,157172,gallons,,R4,
M-1112,"884 South Loop, Wiley, CO 81092",Resident 1112,A-20112,2026-02-15,419478,gallons,,R5,
M-1113,"891 Pioneer Rd, Wiley, CO 81092",Resident 1113,A-20113,2026-02-15,259139,gallons,,R6,
M-1114,"898 Cottonwood Dr, Wiley, CO 81092",Resident 1114,A-20114,2026-02-15,470743,gallons,,R1,
M-1115,"905 Sand Creek Rd, Wiley, CO 81092",Resident 1115,A-20115,2026-02-15,232306,gallons,,R2,
M-1116,"912 Prairie View, Wiley, CO 81092",Resident 1116,A-20116,2026-02-15,268673,gallons,,R3,
M-1117,"919 School House Rd, Wiley, CO 81092",Resident 1117,A-20117,2026-02-15,279935,gallons,,R4,
M-1118,"926 Cemetery Rd, Wiley, CO 81092",Resident 1118,A-20118,2026-02-15,186982,gallons,,R5,
M-1119,"933 Grain Elevator Rd, Wiley, CO 81092",Resident 1119,A-20119,2026-02-15,248070,gallons,,R6,
M-1120,"940 Main St, Wiley, CO 81092",Resident 1120,A-20120,2026-02-15,456069,gallons,,R1,
M-1121,"947 County Rd 10, Wiley, CO 81092",Resident 1121,A-20121,2026-02-15,231427,gallons,,R2,
M-1122,"954 County Rd 14, Wiley, CO 81092",Resident 1122,A-20122,2026-02-15,337365,gallons,,R3,
M-1123,"961 Highway 287, Wiley, CO 81092",Resident 1123,A-20123,2026-02-15,312373,gallons,,R4,
M-1124,"968 Maple Ave, Wiley, CO 81092",Resident 1124,A-20124,2026-02-15,431222,gallons,,R5,
M-1125,"975 Oak St, Wiley, CO 81092",Resident 1125,A-20125,2026-02-15,242410,gallons,,R6,
M-1126,"982 Elm St, Wiley, CO 81092",Resident 1126,A-20126,2026-02-15,292841,gallons,,R1,
M-1127,"989 3rd Ave, Wiley, CO 81092",Resident 1127,A-20127,2026-02-15,237421,gallons,,R2,
M-1128,"996 5th St, Wiley, CO 81092",Resident 1128,A-20128,2026-02-15,544450,gallons,,R3,
M-1129,"1003 Ranch Rd, Wiley, CO 81092",Resident 1129,A-20129,2026-02-15,317272,gallons,,R4,
M-1130,"1010 Irrigation Ln, Wiley, CO 81092",Resident 1130,A-20130,2026-02-15,443564,gallons,,R5,
M-1131,"1017 North Frontage, Wiley, CO 81092",Resident 1131,A-20131,2026-02-15,387728,gallons,,R6,
M-1132,"1024 South Loop, Wiley, CO 81092",Resident 1132,A-20132,2026-02-15,336274,gallons,,R1,
M-1133,"1031 Pioneer Rd, Wiley, CO 81092",Resident 1133,A-20133,2026-02-15,203397,gallons,,R2,
M-1134,"1038 Cottonwood Dr, Wiley, CO 81092",Resident 1134,A-20134,2026-02-15,203434,gallons,,R3,
M-1135,"1045 Sand Creek Rd, Wiley, CO 81092",Resident 1135,A-20135,2026-02-15,511606,gallons,,R4,
M-1136,"1052 Prairie View, Wiley, CO 81092",Resident 1136,A-20136,2026-02-15,377635,gallons,,R5,
M-1137,"1059 School House Rd, Wiley, CO 81092",Resident 1137,A-20137,2026-02-15,294389,gallons,,R6,
M-1138,"1066 Cemetery Rd, Wiley, CO 81092",Resident 1138,A-20138,2026-02-15,151505,gallons,,R1,
M-1139,"1073 Grain Elevator Rd, Wiley, CO 81092",Resident 1139,A-20139,2026-02-15,114065,gallons,,R2,
M-1140,"1080 Main St, Wiley, CO 81092",Resident 1140,A-20140,2026-02-15,342682,gallons,LOW_BATTERY,R3,
M-1141,"1087 County Rd 10, Wiley, CO 81092",Resident 1141,A-20141,2026-02-15,236651,gallons,,R4,
M-1142,"1094 County Rd 14, Wiley, CO 81092",Resident 1142,A-20142,2026-02-15,439695,gallons,,R5,
M-1143,"1101 Highway 287, Wiley, CO 81092",Resident 1143,A-20143,2026-02-15,344003,gallons,,R6,
M-1144,"1108 Maple Ave, Wiley, CO 81092",Resident 1144,A-20144,2026-02-15,182821,gallons,,R1,
M-1145,"1115 Oak St, Wiley, CO 81092",Resident 1145,A-20145,2026-02-15,341516,gallons,,R2,
M-1146,"1122 Elm St, Wiley, CO 81092",Resident 1146,A-20146,2026-02-15,404078,gallons,,R3,
M-1147,"1129 3rd Ave, Wiley, CO 81092",Resident 1147,A-20147,2026-02-15,411234,gallons,,R4,
M-1148,"1136 5th St, Wiley, CO 81092",Resident 1148,A-20148,2026-02-15,409650,gallons,,R5,
M-1149,"1143 Ranch Rd, Wiley, CO 81092",Resident 1149,A-20149,2026-02-15,202574,gallons,,R6,
M-1150,"1150 Irrigation Ln, Wiley, CO 81092",Resident 1150,A-20150,2026-02-15,217745,gallons,,R1,
M-1151,"1157 North Frontage, Wiley, CO 81092",Resident 1151,A-20151,2026-02-15,224664,gallons,,R2,
M-1152,"1164 South Loop, Wiley, CO 81092",Resident 1152,A-20152,2026-02-15,180137,gallons,,R3,
M-1153,"1171 Pioneer Rd, Wiley, CO 81092",Resident 1153,A-20153,2026-02-15,440040,gallons,,R4,
M-1154,"1178 Cottonwood Dr, Wiley, CO 81092",Resident 1154,A-20154,2026-02-15,172527,gallons,,R5,
M-1155,"1185 Sand Creek Rd, Wiley, CO 81092",Resident 1155,A-20155,2026-02-15,377030,gallons,,R6,
M-1156,"1192 Prairie View, Wiley, CO 81092",Resident 1156,A-20156,2026-02-15,837364,gallons,,R1,
M-1157,"1199 School House Rd, Wiley, CO 81092",Resident 1157,A-20157,2026-02-15,461678,gallons,,R2,
M-1158,"1206 Cemetery Rd, Wiley, CO 81092",Resident 1158,A-20158,2026-02-15,206199,gallons,,R3,
M-1159,"1213 Grain Elevator Rd, Wiley, CO 81092",Resident 1159,A-20159,2026-02-15,402686,gallons,,R4,
M-1160,"1220 Main St, Wiley, CO 81092",Resident 1160,A-20160,2026-02-15,160039,gallons,,R5,
M-1161,"1227 County Rd 10, Wiley, CO 81092",Resident 1161,A-20161,2026-02-15,219248,gallons,,R6,
M-1162,"1234 County Rd 14, Wiley, CO 81092",Resident 1162,A-20162,2026-02-15,367053,gallons,,R1,
M-1163,"1241 Highway 287, Wiley, CO 81092",Resident 1163,A-20163,2026-02-15,301293,gallons,,R2,
M-1164,"1248 Maple Ave, Wiley, CO 81092",Resident 1164,A-20164,2026-02-15,215610,gallons,,R3,
M-1165,"1255 Oak St, Wiley, CO 81092",Resident 1165,A-20165,2026-02-15,362353,gallons,,R4,
M-1166,"1262 Elm St, Wiley, CO 81092",Resident 1166,A-20166,2026-02-15,321624,gallons,,R5,
M-1167,"1269 3rd Ave, Wiley, CO 81092",Resident 1167,A-20167,2026-02-15,262491,gallons,,R6,
M-1168,"1276 5th St, Wiley, CO 81092",Resident 1168,A-20168,2026-02-15,558602,gallons,,R1,
M-1169,"1283 Ranch Rd, Wiley, CO 81092",Resident 1169,A-20169,2026-02-15,242467,gallons,,R2,
M-1170,"1290 Irrigation Ln, Wiley, CO 81092",Resident 1170,A-20170,2026-02-15,316240,gallons,,R3,
M-1171,"1297 North Frontage, Wiley, CO 81092",Resident 1171,A-20171,2026-02-15,403564,gallons,,R4,
M-1172,"1304 South Loop, Wiley, CO 81092",Resident 1172,A-20172,2026-02-15,345428,gallons,,R5,
M-1173,"1311 Pioneer Rd, Wiley, CO 81092",Resident 1173,A-20173,2026-02-15,486467,gallons,,R6,
M-1174,"1318 Cottonwood Dr, Wiley, CO 81092",Resident 1174,A-20174,2026-02-15,196213,gallons,,R1,
M-1175,"1325 Sand Creek Rd, Wiley, CO 81092",Resident 1175,A-20175,2026-02-15,282509,gallons,,R2,
M-1176,"1332 Prairie View, Wiley, CO 81092",Resident 1176,A-20176,2026-02-15,177696,gallons,,R3,
M-1177,"1339 School House Rd, Wiley, CO 81092",Resident 1177,A-20177,2026-02-15,298990,gallons,,R4,
M-1178,"1346 Cemetery Rd, Wiley, CO 81092",Resident 1178,A-20178,2026-02-15,426395,gallons,,R5,
M-1179,"1353 Grain Elevator Rd, Wiley, CO 81092",Resident 1179,A-20179,2026-02-15,148235,gallons,,R6,
M-1180,"1360 Main St, Wiley, CO 81092",Resident 1180,A-20180,2026-02-15,263049,gallons,,R1,
M-1181,"1367 County Rd 10, Wiley, CO 81092",Resident 1181,A-20181,2026-02-15,381530,gallons,,R2,
M-1182,"1374 County Rd 14, Wiley, CO 81092",Resident 1182,A-20182,2026-02-15,335028,gallons,,R3,
M-1183,"1381 Highway 287, Wiley, CO 81092",Resident 1183,A-20183,2026-02-15,301832,gallons,,R4,
M-1184,"1388 Maple Ave, Wiley, CO 81092",Resident 1184,A-20184,2026-02-15,247867,gallons,,R5,
M-1185,"1395 Oak St, Wiley, CO 81092",Resident 1185,A-20185,2026-02-15,270423,gallons,,R6,
M-1186,"1402 Elm St, Wiley, CO 81092",Resident 1186,A-20186,2026-02-15,195892,gallons,,R1,
M-1187,"1409 3rd Ave, Wiley, CO 81092",Resident 1187,A-20187,2026-02-15,396077,gallons,,R2,
M-1188,"1416 5th St, Wiley, CO 81092",Resident 1188,A-20188,2026-02-15,187181,gallons,,R3,
M-1189,"1423 Ranch Rd, Wiley, CO 81092",Resident 1189,A-20189,2026-02-15,431046,gallons,,R4,
M-1190,"1430 Irrigation Ln, Wiley, CO 81092",Resident 1190,A-20190,2026-02-15,238491,gallons,,R5,
M-1191,"1437 North Frontage, Wiley, CO 81092",New Occupant 1191,A-20191,2026-02-15,217916,gallons,,R6,
M-1192,"1444 South Loop, Wiley, CO 81092",Resident 1192,A-20192,2026-02-15,391616,gallons,,R1,
M-1193,"1451 Pioneer Rd, Wiley, CO 81092",Resident 1193,A-20193,2026-02-15,389482,gallons,,R2,
M-1194,"1458 Cottonwood Dr, Wiley, CO 81092",Resident 1194,A-20194,2026-02-15,278692,gallons,,R3,
M-1195,"1465 Sand Creek Rd, Wiley, CO 81092",Resident 1195,A-20195,2026-02-15,296218,gallons,,R4,
M-1196,"1472 Prairie View, Wiley, CO 81092",Resident 1196,A-20196,2026-02-15,294388,gallons,,R5,
M-1197,"1479 School House Rd, Wiley, CO 81092",Resident 1197,A-20197,2026-02-15,104044,gallons,,R6,
M-1198,"1486 Cemetery Rd, Wiley, CO 81092",Resident 1198,A-20198,2026-02-15,532649,gallons,,R1,
M-1199,"1493 Grain Elevator Rd, Wiley, CO 81092",Resident 1199,A-20199,2026-02-15,244335,gallons,,R2,
M-1200,"1500 Main St, Wiley, CO 81092",Resident 1200,A-20200,2026-02-15,373759,gallons,,R3,
M-1201,"1507 County Rd 10, Wiley, CO 81092",Resident 1201,A-20201,2026-02-15,266352,gallons,,R4,
M-1202,"1514 County Rd 14, Wiley, CO 81092",Resident 1202,A-20202,2026-02-15,254381,gallons,,R5,
M-1203,"1521 Highway 287, Wiley, CO 81092",Resident 1203,A-20203,2026-02-15,183866,gallons,,R6,
M-1204,"1528 Maple Ave, Wiley, CO 81092",Resident 1204,A-20204,2026-02-15,282891,gallons,,R1,
M-1205,"1535 Oak St, Wiley, CO 81092",Resident 1205,A-20205,2026-02-15,313240,gallons,,R2,
M-1206,"1542 Elm St, Wiley, CO 81092",Resident 1206,A-20206,2026-02-15,436096,gallons,,R3,
M-1207,"1549 3rd Ave, Wiley, CO 81092",Resident 1207,A-20207,2026-02-15,398571,gallons,,R4,
M-1208,"1556 5th St, Wiley, CO 81092",Resident 1208,A-20208,2026-02-15,387109,gallons,,R5,
M-1209,"1563 Ranch Rd, Wiley, CO 81092",Resident 1209,A-20209,2026-02-15,382822,gallons,,R6,
M-1210,"1570 Irrigation Ln, Wiley, CO 81092",Resident 1210,A-20210,2026-02-15,278069,gallons,,R1,
M-1211,"1577 North Frontage, Wiley, CO 81092",Resident 1211,A-20211,2026-02-15,222219,gallons,,R2,
M-1212,"1584 South Loop, Wiley, CO 81092",Resident 1212,A-20212,2026-02-15,227458,gallons,,R3,
M-1213,"1591 Pioneer Rd, Wiley, CO 81092",Resident 1213,A-20213,2026-02-15,239114,gallons,,R4,
M-1214,"1598 Cottonwood Dr, Wiley, CO 81092",Resident 1214,A-20214,2026-02-15,300968,gallons,,R5,
M-1215,"1605 Sand Creek Rd, Wiley, CO 81092",Resident 1215,A-20215,2026-02-15,478211,gallons,,R6,
M-1216,"1612 Prairie View, Wiley, CO 81092",Resident 1216,A-20216,2026-02-15,343559,gallons,,R1,
M-1217,"1619 School House Rd, Wiley, CO 81092",Resident 1217,A-20217,2026-02-15,131036,gallons,,R2,
M-1218,"1626 Cemetery Rd, Wiley, CO 81092",Resident 1218,A-20218,2026-02-15,165066,gallons,,R3,
M-1219,"1633 Grain Elevator Rd, Wiley, CO 81092",Resident 1219,A-20219,2026-02-15,501653,gallons,,R4,
M-1220,"1640 Main St, Wiley, CO 81092",Resident 1220,A-20220,2026-02-15,389093,gallons,,R5,
M-1221,"1647 County Rd 10, Wiley, CO 81092",Resident 1221,A-20221,2026-02-15,356662,gallons,,R6,
M-1222,"1654 County Rd 14, Wiley, CO 81092",Resident 1222,A-20222,2026-02-15,281793,gallons,,R1,
M-1223,"1661 Highway 287, Wiley, CO 81092",Resident 1223,A-20223,2026-02-15,358532,gallons,,R2,
M-1224,"1668 Maple Ave, Wiley, CO 81092",Resident 1224,A-20224,2026-02-15,491914,gallons,,R3,
M-1225,"1675 Oak St, Wiley, CO 81092",Resident 1225,A-20225,2026-02-15,451914,gallons,,R4,
M-1226,"1682 Elm St, Wiley, CO 81092",Resident 1226,A-20226,2026-02-15,215706,gallons,,R5,
M-1227,"1689 3rd Ave, Wiley, CO 81092",Resident 1227,A-20227,2026-02-15,324182,gallons,,R6,
M-1228,"1696 5th St, Wiley, CO 81092",Resident 1228,A-20228,2026-02-15,478970,gallons,,R1,
M-1229,"1703 Ranch Rd, Wiley, CO 81092",Resident 1229,A-20229,2026-02-15,310458,gallons,,R2,
M-1230,"1710 Irrigation Ln, Wiley, CO 81092",Resident 1230,A-20230,2026-02-15,341839,gallons,,R3,
M-1231,"1717 North Frontage, Wiley, CO 81092",Resident 1231,A-20231,2026-02-15,220040,gallons,,R4,
M-1232,"1724 South Loop, Wiley, CO 81092",Resident 1232,A-20232,2026-02-15,352062,gallons,,R5,
M-1233,"1731 Pioneer Rd, Wiley, CO 81092",Resident 1233,A-20233,2026-02-15,200635,gallons,,R6,
M-1234,"1738 Cottonwood Dr, Wiley, CO 81092",Resident 1234,A-20234,2026-02-15,412374,gallons,,R1,
M-1235,"1745 Sand Creek Rd, Wiley, CO 81092",Resident 1235,A-20235,2026-02-15,439227,gallons,,R2,
M-1236,"1752 Prairie View, Wiley, CO 81092",Resident 1236,A-20236,2026-02-15,300151,gallons,,R3,
M-1237,"1759 School House Rd, Wiley, CO 81092",Resident 1237,A-20237,2026-02-15,386743,gallons,,R4,
M-1238,"1766 Cemetery Rd, Wiley, CO 81092",Resident 1238,A-20238,2026-02-15,376610,gallons,,R5,
M-1239,"1773 Grain Elevator Rd, Wiley, CO 81092",Resident 1239,A-20239,2026-02-15,194475,gallons,,R6,
M-1240,"1780 Main St, Wiley, CO 81092",Resident 1240,A-20240,2026-02-15,522488,gallons,,R1,
M-1241,"1787 County Rd 10, Wiley, CO 81092",Resident 1241,A-20241,2026-02-15,334707,gallons,,R2,
M-1242,"1794 County Rd 14, Wiley, CO 81092",Resident 1242,A-20242,2026-02-15,436995,gallons,,R3,
M-1243,"1801 Highway 287, Wiley, CO 81092",Resident 1243,A-20243,2026-02-15,294138,gallons,,R4,
M-1244,"1808 Maple Ave, Wiley, CO 81092",Resident 1244,A-20244,2026-02-15,797844,gallons,,R5,
M-1245,"1815 Oak St, Wiley, CO 81092",Resident 1245,A-20245,2026-02-15,164665,gallons,,R6,
M-1246,"1822 Elm St, Wiley, CO 81092",Resident 1246,A-20246,2026-02-15,301444,gallons,,R1,
M-1247,"1829 3rd Ave, Wiley, CO 81092",Resident 1247,A-20247,2026-02-15,361010,gallons,,R2,
M-1248,"1836 5th St, Wiley, CO 81092",Resident 1248,A-20248,2026-02-15,346505,gallons,,R3,
M-1249,"1843 Ranch Rd, Wiley, CO 81092",Resident 1249,A-20249,2026-02-15,525244,gallons,,R4,
M-1250,"1850 Irrigation Ln, Wiley, CO 81092",Resident 1250,A-20250,2026-02-15,340191,gallons,,R5,
M-1251,"1857 North Frontage, Wiley, CO 81092",Resident 1251,A-20251,2026-02-15,351673,gallons,,R6,
M-1252,"1864 South Loop, Wiley, CO 81092",Resident 1252,A-20252,2026-02-15,339132,gallons,,R1,
M-1253,"1871 Pioneer Rd, Wiley, CO 81092",Resident 1253,A-20253,2026-02-15,248240,gallons,,R2,
M-1254,"1878 Cottonwood Dr, Wiley, CO 81092",Resident 1254,A-20254,2026-02-15,394090,gallons,,R3,
M-1255,"1885 Sand Creek Rd, Wiley, CO 81092",Resident 1255,A-20255,2026-02-15,266292,gallons,,R4,
M-1256,"1892 Prairie View, Wiley, CO 81092",Resident 1256,A-20256,2026-02-15,295231,gallons,,R5,
M-1257,"1899 School House Rd, Wiley, CO 81092",Resident 1257,A-20257,2026-02-15,319778,gallons,,R6,
M-1258,"1906 Cemetery Rd, Wiley, CO 81092",Resident 1258,A-20258,2026-02-15,474845,gallons,,R1,
M-1259,"1913 Grain Elevator Rd, Wiley, CO 81092",Resident 1259,A-20259,2026-02-15,300532,gallons,,R2,
M-1260,"1920 Main St, Wiley, CO 81092",Resident 1260,A-20260,2026-02-15,188762,gallons,LOW_BATTERY,R3,
M-1261,"1927 County Rd 10, Wiley, CO 81092",Resident 1261,A-20261,2026-02-15,463290,gallons,,R4,
M-1262,"1934 County Rd 14, Wiley, CO 81092",Resident 1262,A-20262,2026-02-15,402183,gallons,,R5,
M-1263,"1941 Highway 287, Wiley, CO 81092",Resident 1263,A-20263,2026-02-15,323794,gallons,,R6,
M-1264,"1948 Maple Ave, Wiley, CO 81092",Resident 1264,A-20264,2026-02-15,338981,gallons,,R1,
M-1265,"1955 Oak St, Wiley, CO 81092",Resident 1265,A-20265,2026-02-15,420217,gallons,,R2,
M-1266,"1962 Elm St, Wiley, CO 81092",Resident 1266,A-20266,2026-02-15,193599,gallons,,R3,
M-1267,"1969 3rd Ave, Wiley, CO 81092",Resident 1267,A-20267,2026-02-15,321782,gallons,,R4,
M-1268,"1976 5th St, Wiley, CO 81092",Resident 1268,A-20268,2026-02-15,276654,gallons,,R5,
M-1269,"1983 Ranch Rd, Wiley, CO 81092",Resident 1269,A-20269,2026-02-15,288619,gallons,,R6,
M-1270,"1990 Irrigation Ln, Wiley, CO 81092",Resident 1270,A-20270,2026-02-15,336417,gallons,,R1,
M-1271,"1997 North Frontage, Wiley, CO 81092",Resident 1271,A-20271,2026-02-15,506503,gallons,,R2,
M-1272,"2004 South Loop, Wiley, CO 81092",Resident 1272,A-20272,2026-02-15,497057,gallons,,R3,
M-1273,"2011 Pioneer Rd, Wiley, CO 81092",Resident 1273,A-20273,2026-02-15,520240,gallons,,R4,
M-1274,"2018 Cottonwood Dr, Wiley, CO 81092",Resident 1274,A-20274,2026-02-15,332037,gallons,,R5,
M-1275,"2025 Sand Creek Rd, Wiley, CO 81092",Resident 1275,A-20275,2026-02-15,372840,gallons,,R6,
M-1276,"2032 Prairie View, Wiley, CO 81092",Resident 1276,A-20276,2026-02-15,400667,gallons,,R1,
M-1277,"2039 School House Rd, Wiley, CO 81092",Resident 1277,A-20277,2026-02-15,384813,gallons,,R2,
M-1278,"2046 Cemetery Rd, Wiley, CO 81092",Resident 1278,A-20278,2026-02-15,232846,gallons,,R3,
M-1279,"2053 Grain Elevator Rd, Wiley, CO 81092",Resident 1279,A-20279,2026-02-15,375084,gallons,,R4,
M-1280,"2060 Main St, Wiley, CO 81092",Resident 1280,A-20280,2026-02-15,355064,gallons,,R5,
M-1281,"2067 County Rd 10, Wiley, CO 81092",Resident 1281,A-20281,2026-02-15,283085,gallons,,R6,
M-1282,"2074 County Rd 14, Wiley, CO 81092",Resident 1282,A-20282,2026-02-15,504779,gallons,,R1,
M-1283,"2081 Highway 287, Wiley, CO 81092",Resident 1283,A-20283,2026-02-15,189678,gallons,,R2,
M-1284,"2088 Maple Ave, Wiley, CO 81092",Resident 1284,A-20284,2026-02-15,305920,gallons,,R3,
M-1285,"2095 Oak St, Wiley, CO 81092",Resident 1285,A-20285,2026-02-15,428295,gallons,,R4,
M-1286,"2102 Elm St, Wiley, CO 81092",Resident 1286,A-20286,2026-02-15,509994,gallons,,R5,
M-1287,"2109 3rd Ave, Wiley, CO 81092",Resident 1287,A-20287,2026-02-15,536049,gallons,,R6,
M-1288,"2116 5th St, Wiley, CO 81092",Resident 1288,A-20288,2026-02-15,416217,gallons,,R1,
M-1289,"2123 Ranch Rd, Wiley, CO 81092",Resident 1289,A-20289,2026-02-15,371142,gallons,,R2,
M-1290,"2130 Irrigation Ln, Wiley, CO 81092",Resident 1290,A-20290,2026-02-15,236861,gallons,,R3,
M-1291,"2137 North Frontage, Wiley, CO 81092",Resident 1291,A-20291,2026-02-15,316166,gallons,,R4,
M-1292,"2144 South Loop, Wiley, CO 81092",Resident 1292,A-20292,2026-02-15,268550,gallons,,R5,
M-1293,"2151 Pioneer Rd, Wiley, CO 81092",Resident 1293,A-20293,2026-02-15,218870,gallons,,R6,
M-1294,"2158 Cottonwood Dr, Wiley, CO 81092",Resident 1294,A-20294,2026-02-15,258402,gallons,,R1,
M-1295,"2165 Sand Creek Rd, Wiley, CO 81092",Resident 1295,A-20295,2026-02-15,282824,gallons,,R2,
M-1296,"2172 Prairie View, Wiley, CO 81092",Resident 1296,A-20296,2026-02-15,156852,gallons,,R3,
M-1297,"2179 School House Rd, Wiley, CO 81092",Resident 1297,A-20297,2026-02-15,133811,gallons,,R4,
M-1298,"2186 Cemetery Rd, Wiley, CO 81092",Resident 1298,A-20298,2026-02-15,255794,gallons,,R5,
M-1299,"2193 Grain Elevator Rd, Wiley, CO 81092",Resident 1299,A-20299,2026-02-15,367252,gallons,,R6,
M-1300,"2200 Main St, Wiley, CO 81092",Resident 1300,A-20300,2026-02-15,442201,gallons,,R1,
M-1001,"107 County Rd 10, Wiley, CO 81092",Resident 1001,A-20001,2026-03-16,474328,gallons,,R2,
M-1002,"114 County Rd 14, Wiley, CO 81092",Resident 1002,A-20002,2026-03-16,348247,gallons,,R3,
M-1003,"121 Highway 287, Wiley, CO 81092",Resident 1003,A-20003,2026-03-16,170609,gallons,,R4,
M-1004,"128 Maple Ave, Wiley, CO 81092",Resident 1004,A-20004,2026-03-16,436487,gallons,,R5,
M-1005,"135 Oak St, Wiley, CO 81092",Resident 1005,A-20005,2026-03-16,236216,gallons,,R6,
M-1006,"142 Elm St, Wiley, CO 81092",Resident 1006,A-20006,2026-03-16,279190,gallons,,R1,
M-1007,"149 3rd Ave, Wiley, CO 81092",Resident 1007,A-20007,2026-03-16,373930,gallons,,R2,
M-1008,"156 5th St, Wiley, CO 81092",Resident 1008,A-20008,2026-03-16,246229,gallons,,R3,
M-1009,"163 Ranch Rd, Wiley, CO 81092",Resident 1009,A-20009,2026-03-16,250120,gallons,,R4,
M-1010,"170 Irrigation Ln, Wiley, CO 81092",Resident 1010,A-20010,2026-03-16,341957,gallons,,R5,
M-1011,"177 North Frontage, Wiley, CO 81092",Resident 1011,A-20011,2026-03-16,487288,gallons,,R6,
M-1012,"184 South Loop, Wiley, CO 81092",Resident 1012,A-20012,2026-03-16,259260,gallons,,R1,
M-1013,"191 Pioneer Rd, Wiley, CO 81092",Resident 1013,A-20013,2026-03-16,204277,gallons,,R2,
M-1014,"198 Cottonwood Dr, Wiley, CO 81092",Resident 1014,A-20014,2026-03-16,449733,gallons,,R3,
M-1015,"205 Sand Creek Rd, Wiley, CO 81092",Resident 1015,A-20015,2026-03-16,475275,gallons,,R4,
M-1016,"212 Prairie View, Wiley, CO 81092",Resident 1016,A-20016,2026-03-16,171080,gallons,,R5,
M-1017,"219 School House Rd, Wiley, CO 81092",Resident 1017,A-20017,2026-03-16,146135,gallons,,R6,
M-1018,"226 Cemetery Rd, Wiley, CO 81092",Resident 1018,A-20018,2026-03-16,223642,gallons,,R1,
M-1019,"233 Grain Elevator Rd, Wiley, CO 81092",Resident 1019,A-20019,2026-03-16,195266,gallons,,R2,
M-1020,"240 Main St, Wiley, CO 81092",Resident 1020,A-20020,2026-03-16,337883,gallons,,R3,
M-1021,"247 County Rd 10, Wiley, CO 81092",Resident 1021,A-20021,2026-03-16,386304,gallons,,R4,
M-1022,"254 County Rd 14, Wiley, CO 81092",Resident 1022,A-20022,2026-03-16,425459,gallons,TAMPER,R5,
M-1023,"261 Highway 287, Wiley, CO 81092",Resident 1023,A-20023,2026-03-16,303000,gallons,,R6,
M-1024,"268 Maple Ave, Wiley, CO 81092",Resident 1024,A-20024,2026-03-16,310423,gallons,,R1,
M-1025,"275 Oak St, Wiley, CO 81092",Resident 1025,A-20025,2026-03-16,218202,gallons,,R2,
M-1026,"282 Elm St, Wiley, CO 81092",Resident 1026,A-20026,2026-03-16,213469,gallons,,R3,
M-1027,"289 3rd Ave, Wiley, CO 81092",Resident 1027,A-20027,2026-03-16,410018,gallons,,R4,
M-1028,"296 5th St, Wiley, CO 81092",Resident 1028,A-20028,2026-03-16,198985,gallons,,R5,
M-1029,"303 Ranch Rd, Wiley, CO 81092",Resident 1029,A-20029,2026-03-16,411857,gallons,,R6,
M-1030,"310 Irrigation Ln, Wiley, CO 81092",Resident 1030,A-20030,2026-03-16,324123,gallons,,R1,
M-1031,"317 North Frontage, Wiley, CO 81092",Resident 1031,A-20031,2026-03-16,401358,gallons,,R2,
M-1032,"324 South Loop, Wiley, CO 81092",Resident 1032,A-20032,2026-03-16,278882,gallons,,R3,
M-1033,"331 Pioneer Rd, Wiley, CO 81092",Resident 1033,A-20033,2026-03-16,767493,gallons,,R4,
M-1034,"338 Cottonwood Dr, Wiley, CO 81092",Resident 1034,A-20034,2026-03-16,484233,gallons,,R5,
M-1035,"345 Sand Creek Rd, Wiley, CO 81092",Resident 1035,A-20035,2026-03-16,485193,gallons,,R6,
M-1036,"352 Prairie View, Wiley, CO 81092",Resident 1036,A-20036,2026-03-16,349342,gallons,,R1,
M-1037,"359 School House Rd, Wiley, CO 81092",Resident 1037,A-20037,2026-03-16,299364,gallons,,R2,
M-1038,"366 Cemetery Rd, Wiley, CO 81092",Resident 1038,A-20038,2026-03-16,219684,gallons,,R3,
M-1039,"373 Grain Elevator Rd, Wiley, CO 81092",Resident 1039,A-20039,2026-03-16,360317,gallons,,R4,
M-1040,"380 Main St, Wiley, CO 81092",Resident 1040,A-20040,2026-03-16,273868,gallons,,R5,
M-1041,"387 County Rd 10, Wiley, CO 81092",Resident 1041,A-20041,2026-03-16,182134,gallons,,R6,
M-1042,"394 County Rd 14, Wiley, CO 81092",Resident 1042,A-20042,2026-03-16,439953,gallons,,R1,
M-1043,"401 Highway 287, Wiley, CO 81092",Resident 1043,A-20043,2026-03-16,401808,gallons,,R2,
M-1044,"408 Maple Ave, Wiley, CO 81092",Resident 1044,A-20044,2026-03-16,159531,gallons,,R3,
M-1045,"415 Oak St, Wiley, CO 81092",Resident 1045,A-20045,2026-03-16,386342,gallons,,R4,
M-1046,"422 Elm St, Wiley, CO 81092",Resident 1046,A-20046,2026-03-16,175294,gallons,,R5,
M-1047,"429 3rd Ave, Wiley, CO 81092",Resident 1047,A-20047,2026-03-16,133612,gallons,,R6,
M-1048,"436 5th St, Wiley, CO 81092",Resident 1048,A-20048,2026-03-16,414647,gallons,,R1,
M-1049,"443 Ranch Rd, Wiley, CO 81092",Resident 1049,A-20049,2026-03-16,404457,gallons,,R2,
M-1050,"450 Irrigation Ln, Wiley, CO 81092",Resident 1050,A-20050,2026-03-16,372463,gallons,,R3,
M-1051,"457 North Frontage, Wiley, CO 81092",Resident 1051,A-20051,2026-03-16,427546,gallons,,R4,
M-1052,"464 South Loop, Wiley, CO 81092",Resident 1052,A-20052,2026-03-16,232407,gallons,,R5,
M-1053,"471 Pioneer Rd, Wiley, CO 81092",Resident 1053,A-20053,2026-03-16,222021,gallons,,R6,
M-1054,"478 Cottonwood Dr, Wiley, CO 81092",Resident 1054,A-20054,2026-03-16,403331,gallons,,R1,
M-1055,"485 Sand Creek Rd, Wiley, CO 81092",Resident 1055,A-20055,2026-03-16,134500,gallons,,R2,
M-1056,"492 Prairie View, Wiley, CO 81092",Resident 1056,A-20056,2026-03-16,307820,gallons,,R3,
M-1057,"499 School House Rd, Wiley, CO 81092",Resident 1057,A-20057,2026-03-16,203239,gallons,,R4,
M-1058,"506 Cemetery Rd, Wiley, CO 81092",Resident 1058,A-20058,2026-03-16,490852,gallons,,R5,
M-1059,"513 Grain Elevator Rd, Wiley, CO 81092",Resident 1059,A-20059,2026-03-16,151227,gallons,,R6,
M-1060,"520 Main St, Wiley, CO 81092",Resident 1060,A-20060,2026-03-16,279548,gallons,,R1,
M-1061,"527 County Rd 10, Wiley, CO 81092",Resident 1061,A-20061,2026-03-16,318473,gallons,,R2,
M-1062,"534 County Rd 14, Wiley, CO 81092",Resident 1062,A-20062,2026-03-16,243338,gallons,,R3,
M-1063,"541 Highway 287, Wiley, CO 81092",Resident 1063,A-20063,2026-03-16,439444,gallons,,R4,
M-1064,"548 Maple Ave, Wiley, CO 81092",Resident 1064,A-20064,2026-03-16,326304,gallons,,R5,
M-1065,"555 Oak St, Wiley, CO 81092",Resident 1065,A-20065,2026-03-16,494488,gallons,,R6,
M-1066,"562 Elm St, Wiley, CO 81092",Resident 1066,A-20066,2026-03-16,465901,gallons,,R1,
M-1067,"569 3rd Ave, Wiley, CO 81092",Resident 1067,A-20067,2026-03-16,207551,gallons,,R2,
M-1068,"576 5th St, Wiley, CO 81092",Resident 1068,A-20068,2026-03-16,447655,gallons,,R3,
M-1069,"583 Ranch Rd, Wiley, CO 81092",Resident 1069,A-20069,2026-03-16,254078,gallons,,R4,
M-1070,"590 Irrigation Ln, Wiley, CO 81092",Resident 1070,A-20070,2026-03-16,325200,gallons,,R5,
M-1071,"597 North Frontage, Wiley, CO 81092",Resident 1071,A-20071,2026-03-16,445689,gallons,,R6,
M-1072,"604 South Loop, Wiley, CO 81092",Resident 1072,A-20072,2026-03-16,511250,gallons,,R1,
M-1073,"611 Pioneer Rd, Wiley, CO 81092",Resident 1073,A-20073,2026-03-16,427678,gallons,,R2,
M-1074,"618 Cottonwood Dr, Wiley, CO 81092",Resident 1074,A-20074,2026-03-16,413848,gallons,,R3,
M-1075,"625 Sand Creek Rd, Wiley, CO 81092",Resident 1075,A-20075,2026-03-16,272773,gallons,,R4,
M-1076,"632 Prairie View, Wiley, CO 81092",New Occupant 1076,A-20076,2026-03-16,266830,gallons,,R5,
M-1077,"639 School House Rd, Wiley, CO 81092",Resident 1077,A-20077,2026-03-16,217222,gallons,,R6,
M-1078,"646 Cemetery Rd, Wiley, CO 81092",Resident 1078,A-20078,2026-03-16,324995,gallons,,R1,
M-1079,"653 Grain Elevator Rd, Wiley, CO 81092",Resident 1079,A-20079,2026-03-16,266747,gallons,,R2,
M-1080,"660 Main St, Wiley, CO 81092",Resident 1080,A-20080,2026-03-16,304287,gallons,,R3,
M-1081,"667 County Rd 10, Wiley, CO 81092",Resident 1081,A-20081,2026-03-16,404774,gallons,,R4,
M-1082,"674 County Rd 14, Wiley, CO 81092",Resident 1082,A-20082,2026-03-16,220643,gallons,,R5,
M-1083,"681 Highway 287, Wiley, CO 81092",Resident 1083,A-20083,2026-03-16,458059,gallons,,R6,
M-1084,"688 Maple Ave, Wiley, CO 81092",Resident 1084,A-20084,2026-03-16,310168,gallons,,R1,
M-1085,"695 Oak St, Wiley, CO 81092",Resident 1085,A-20085,2026-03-16,389409,gallons,,R2,
M-1086,"702 Elm St, Wiley, CO 81092",Resident 1086,A-20086,2026-03-16,295756,gallons,,R3,
M-1087,"709 3rd Ave, Wiley, CO 81092",Resident 1087,A-20087,2026-03-16,238507,gallons,,R4,
M-1088,"716 5th St, Wiley, CO 81092",Resident 1088,A-20088,2026-03-16,141659,gallons,,R5,
M-1089,"723 Ranch Rd, Wiley, CO 81092",Resident 1089,A-20089,2026-03-16,664861,gallons,,R6,
M-1090,"730 Irrigation Ln, Wiley, CO 81092",Resident 1090,A-20090,2026-03-16,513492,gallons,,R1,
M-1091,"737 North Frontage, Wiley, CO 81092",Resident 1091,A-20091,2026-03-16,490057,gallons,,R2,
M-1092,"744 South Loop, Wiley, CO 81092",Resident 1092,A-20092,2026-03-16,175452,gallons,,R3,
M-1093,"751 Pioneer Rd, Wiley, CO 81092",Resident 1093,A-20093,2026-03-16,221017,gallons,,R4,
M-1094,"758 Cottonwood Dr, Wiley, CO 81092",Resident 1094,A-20094,2026-03-16,492743,gallons,,R5,
M-1095,"765 Sand Creek Rd, Wiley, CO 81092",Resident 1095,A-20095,2026-03-16,245988,gallons,,R6,
M-1096,"772 Prairie View, Wiley, CO 81092",Resident 1096,A-20096,2026-03-16,386848,gallons,,R1,
M-1097,"779 School House Rd, Wiley, CO 81092",Resident 1097,A-20097,2026-03-16,306525,gallons,,R2,
M-1098,"786 Cemetery Rd, Wiley, CO 81092",Resident 1098,A-20098,2026-03-16,228118,gallons,,R3,
M-1099,"793 Grain Elevator Rd, Wiley, CO 81092",Resident 1099,A-20099,2026-03-16,320587,gallons,,R4,
M-1100,"800 Main St, Wiley, CO 81092",Resident 1100,A-20100,2026-03-16,227137,gallons,,R5,
M-1101,"807 County Rd 10, Wiley, CO 81092",Resident 1101,A-20101,2026-03-16,324893,gallons,,R6,
M-1102,"814 County Rd 14, Wiley, CO 81092",Resident 1102,A-20102,2026-03-16,380351,gallons,,R1,
M-1103,"821 Highway 287, Wiley, CO 81092",Resident 1103,A-20103,2026-03-16,282939,gallons,,R2,
M-1104,"828 Maple Ave, Wiley, CO 81092",Resident 1104,A-20104,2026-03-16,285294,gallons,,R3,
M-1105,"835 Oak St, Wiley, CO 81092",Resident 1105,A-20105,2026-03-16,377862,gallons,,R4,
M-1106,"842 Elm St, Wiley, CO 81092",Resident 1106,A-20106,2026-03-16,504119,gallons,,R5,
M-1107,"849 3rd Ave, Wiley, CO 81092",Resident 1107,A-20107,2026-03-16,263104,gallons,,R6,
M-1108,"856 5th St, Wiley, CO 81092",Resident 1108,A-20108,2026-03-16,451633,gallons,,R1,
M-1109,"863 Ranch Rd, Wiley, CO 81092",Resident 1109,A-20109,2026-03-16,443728,gallons,,R2,
M-1110,"870 Irrigation Ln, Wiley, CO 81092",Resident 1110,A-20110,2026-03-16,423806,gallons,,R3,
M-1111,"877 North Frontage, Wiley, CO 81092",Resident 1111,A-20111,2026-03-16,163241,gallons,,R4,
M-1112,"884 South Loop, Wiley, CO 81092",Resident 1112,A-20112,2026-03-16,423879,gallons,,R5,
M-1113,"891 Pioneer Rd, Wiley, CO 81092",Resident 1113,A-20113,2026-03-16,261791,gallons,,R6,
M-1114,"898 Cottonwood Dr, Wiley, CO 81092",Resident 1114,A-20114,2026-03-16,474664,gallons,,R1,
M-1115,"905 Sand Creek Rd, Wiley, CO 81092",Resident 1115,A-20115,2026-03-16,240119,gallons,,R2,
M-1116,"912 Prairie View, Wiley, CO 81092",Resident 1116,A-20116,2026-03-16,277037,gallons,,R3,
M-1117,"919 School House Rd, Wiley, CO 81092",Resident 1117,A-20117,2026-03-16,284500,gallons,,R4,
M-1118,"926 Cemetery Rd, Wiley, CO 81092",Resident 1118,A-20118,2026-03-16,186982,gallons,,R5,
M-1119,"933 Grain Elevator Rd, Wiley, CO 81092",Resident 1119,A-20119,2026-03-16,255231,gallons,,R6,
M-1120,"940 Main St, Wiley, CO 81092",Resident 1120,A-20120,2026-03-16,461467,gallons,,R1,
M-1121,"947 County Rd 10, Wiley, CO 81092",Resident 1121,A-20121,2026-03-16,236125,gallons,,R2,
M-1122,"954 County Rd 14, Wiley, CO 81092",Resident 1122,A-20122,2026-03-16,345585,gallons,,R3,
M-1123,"961 Highway 287, Wiley, CO 81092",Resident 1123,A-20123,2026-03-16,318060,gallons,,R4,
M-1124,"968 Maple Ave, Wiley, CO 81092",Resident 1124,A-20124,2026-03-16,434836,gallons,,R5,
M-1125,"975 Oak St, Wiley, CO 81092",Resident 1125,A-20125,2026-03-16,246158,gallons,,R6,
M-1126,"982 Elm St, Wiley, CO 81092",Resident 1126,A-20126,2026-03-16,296576,gallons,,R1,
M-1127,"989 3rd Ave, Wiley, CO 81092",Resident 1127,A-20127,2026-03-16,241440,gallons,,R2,
M-1128,"996 5th St, Wiley, CO 81092",Resident 1128,A-20128,2026-03-16,551749,gallons,,R3,
M-1129,"1003 Ranch Rd, Wiley, CO 81092",Resident 1129,A-20129,2026-03-16,323754,gallons,,R4,
M-1130,"1010 Irrigation Ln, Wiley, CO 81092",Resident 1130,A-20130,2026-03-16,449895,gallons,,R5,
M-1131,"1017 North Frontage, Wiley, CO 81092",Resident 1131,A-20131,2026-03-16,391885,gallons,,R6,
M-1132,"1024 South Loop, Wiley, CO 81092",Resident 1132,A-20132,2026-03-16,344995,gallons,,R1,
M-1133,"1031 Pioneer Rd, Wiley, CO 81092",Resident 1133,A-20133,2026-03-16,209855,gallons,,R2,
M-1134,"1038 Cottonwood Dr, Wiley, CO 81092",Resident 1134,A-20134,2026-03-16,209396,gallons,,R3,
M-1135,"1045 Sand Creek Rd, Wiley, CO 81092",Resident 1135,A-20135,2026-03-16,518779,gallons,,R4,
M-1136,"1052 Prairie View, Wiley, CO 81092",Resident 1136,A-20136,2026-03-16,383779,gallons,,R5,
M-1137,"1059 School House Rd, Wiley, CO 81092",Resident 1137,A-20137,2026-03-16,298880,gallons,,R6,
M-1138,"1066 Cemetery Rd, Wiley, CO 81092",Resident 1138,A-20138,2026-03-16,155267,gallons,,R1,
M-1139,"1073 Grain Elevator Rd, Wiley, CO 81092",Resident 1139,A-20139,2026-03-16,117235,gallons,,R2,
M-1140,"1080 Main St, Wiley, CO 81092",Resident 1140,A-20140,2026-03-16,348137,gallons,TAMPER,R3,
M-1141,"1087 County Rd 10, Wiley, CO 81092",Resident 1141,A-20141,2026-03-16,242026,gallons,,R4,
M-1142,"1094 County Rd 14, Wiley, CO 81092",Resident 1142,A-20142,2026-03-16,442778,gallons,,R5,
M-1143,"1101 Highway 287, Wiley, CO 81092",Resident 1143,A-20143,2026-03-16,352198,gallons,,R6,
M-1144,"1108 Maple Ave, Wiley, CO 81092",Resident 1144,A-20144,2026-03-16,185417,gallons,,R1,
M-1145,"1115 Oak St, Wiley, CO 81092",Resident 1145,A-20145,2026-03-16,344540,gallons,,R2,
M-1146,"1122 Elm St, Wiley, CO 81092",Resident 1146,A-20146,2026-03-16,407033,gallons,,R3,
M-1147,"1129 3rd Ave, Wiley, CO 81092",Resident 1147,A-20147,2026-03-16,418507,gallons,,R4,
M-1148,"1136 5th St, Wiley, CO 81092",Resident 1148,A-20148,2026-03-16,412656,gallons,,R5,
M-1149,"1143 Ranch Rd, Wiley, CO 81092",Resident 1149,A-20149,2026-03-16,209920,gallons,,R6,
M-1150,"1150 Irrigation Ln, Wiley, CO 81092",Resident 1150,A-20150,2026-03-16,223522,gallons,,R1,
M-1151,"1157 North Frontage, Wiley, CO 81092",Resident 1151,A-20151,2026-03-16,231371,gallons,,R2,
M-1152,"1164 South Loop, Wiley, CO 81092",Resident 1152,A-20152,2026-03-16,182528,gallons,,R3,
M-1153,"1171 Pioneer Rd, Wiley, CO 81092",Resident 1153,A-20153,2026-03-16,445373,gallons,,R4,
M-1154,"1178 Cottonwood Dr, Wiley, CO 81092",Resident 1154,A-20154,2026-03-16,178157,gallons,,R5,
M-1155,"1185 Sand Creek Rd, Wiley, CO 81092",Resident 1155,A-20155,2026-03-16,383486,gallons,,R6,
M-1156,"1192 Prairie View, Wiley, CO 81092",Resident 1156,A-20156,2026-03-16,863006,gallons,,R1,
M-1157,"1199 School House Rd, Wiley, CO 81092",Resident 1157,A-20157,2026-03-16,468822,gallons,,R2,
M-1158,"1206 Cemetery Rd, Wiley, CO 81092",Resident 1158,A-20158,2026-03-16,210671,gallons,,R3,
M-1159,"1213 Grain Elevator Rd, Wiley, CO 81092",Resident 1159,A-20159,2026-03-16,408744,gallons,,R4,
M-1160,"1220 Main St, Wiley, CO 81092",Resident 1160,A-20160,2026-03-16,162195,gallons,,R5,
M-1161,"1227 County Rd 10, Wiley, CO 81092",Resident 1161,A-20161,2026-03-16,228114,gallons,,R6,
M-1162,"1234 County Rd 14, Wiley, CO 81092",Resident 1162,A-20162,2026-03-16,374431,gallons,,R1,
M-1163,"1241 Highway 287, Wiley, CO 81092",Resident 1163,A-20163,2026-03-16,304558,gallons,,R2,
M-1164,"1248 Maple Ave, Wiley, CO 81092",Resident 1164,A-20164,2026-03-16,224501,gallons,,R3,
M-1165,"1255 Oak St, Wiley, CO 81092",Resident 1165,A-20165,2026-03-16,368110,gallons,,R4,
M-1166,"1262 Elm St, Wiley, CO 81092",Resident 1166,A-20166,2026-03-16,330852,gallons,,R5,
M-1167,"1269 3rd Ave, Wiley, CO 81092",Resident 1167,A-20167,2026-03-16,266499,gallons,,R6,
M-1168,"1276 5th St, Wiley, CO 81092",Resident 1168,A-20168,2026-03-16,566499,gallons,,R1,
M-1169,"1283 Ranch Rd, Wiley, CO 81092",Resident 1169,A-20169,2026-03-16,249464,gallons,,R2,
M-1170,"1290 Irrigation Ln, Wiley, CO 81092",Resident 1170,A-20170,2026-03-16,321335,gallons,,R3,
M-1171,"1297 North Frontage, Wiley, CO 81092",Resident 1171,A-20171,2026-03-16,406961,gallons,,R4,
M-1172,"1304 South Loop, Wiley, CO 81092",Resident 1172,A-20172,2026-03-16,350204,gallons,,R5,
M-1173,"1311 Pioneer Rd, Wiley, CO 81092",Resident 1173,A-20173,2026-03-16,493019,gallons,,R6,
M-1174,"1318 Cottonwood Dr, Wiley, CO 81092",Resident 1174,A-20174,2026-03-16,199936,gallons,,R1,
M-1175,"1325 Sand Creek Rd, Wiley, CO 81092",Resident 1175,A-20175,2026-03-16,288563,gallons,,R2,
M-1176,"1332 Prairie View, Wiley, CO 81092",Resident 1176,A-20176,2026-03-16,179983,gallons,,R3,
M-1177,"1339 School House Rd, Wiley, CO 81092",Resident 1177,A-20177,2026-03-16,306553,gallons,,R4,
M-1178,"1346 Cemetery Rd, Wiley, CO 81092",Resident 1178,A-20178,2026-03-16,434651,gallons,,R5,
M-1179,"1353 Grain Elevator Rd, Wiley, CO 81092",Resident 1179,A-20179,2026-03-16,152632,gallons,,R6,
M-1180,"1360 Main St, Wiley, CO 81092",Resident 1180,A-20180,2026-03-16,269211,gallons,,R1,
M-1181,"1367 County Rd 10, Wiley, CO 81092",Resident 1181,A-20181,2026-03-16,389584,gallons,,R2,
M-1182,"1374 County Rd 14, Wiley, CO 81092",Resident 1182,A-20182,2026-03-16,338225,gallons,,R3,
M-1183,"1381 Highway 287, Wiley, CO 81092",Resident 1183,A-20183,2026-03-16,308807,gallons,,R4,
M-1184,"1388 Maple Ave, Wiley, CO 81092",Resident 1184,A-20184,2026-03-16,250942,gallons,,R5,
M-1185,"1395 Oak St, Wiley, CO 81092",Resident 1185,A-20185,2026-03-16,277305,gallons,,R6,
M-1186,"1402 Elm St, Wiley, CO 81092",Resident 1186,A-20186,2026-03-16,200763,gallons,,R1,
M-1187,"1409 3rd Ave, Wiley, CO 81092",Resident 1187,A-20187,2026-03-16,403094,gallons,,R2,
M-1188,"1416 5th St, Wiley, CO 81092",Resident 1188,A-20188,2026-03-16,193375,gallons,,R3,
M-1189,"1423 Ranch Rd, Wiley, CO 81092",Resident 1189,A-20189,2026-03-16,437697,gallons,,R4,
M-1190,"1430 Irrigation Ln, Wiley, CO 81092",Resident 1190,A-20190,2026-03-16,242337,gallons,,R5,
M-1191,"1437 North Frontage, Wiley, CO 81092",New Occupant 1191,A-20191,2026-03-16,221545,gallons,,R6,
M-1192,"1444 South Loop, Wiley, CO 81092",Resident 1192,A-20192,2026-03-16,396954,gallons,,R1,
M-1193,"1451 Pioneer Rd, Wiley, CO 81092",Resident 1193,A-20193,2026-03-16,398893,gallons,,R2,
M-1194,"1458 Cottonwood Dr, Wiley, CO 81092",Resident 1194,A-20194,2026-03-16,282350,gallons,,R3,
M-1195,"1465 Sand Creek Rd, Wiley, CO 81092",Resident 1195,A-20195,2026-03-16,302868,gallons,,R4,
M-1196,"1472 Prairie View, Wiley, CO 81092",Resident 1196,A-20196,2026-03-16,300316,gallons,,R5,
M-1197,"1479 School House Rd, Wiley, CO 81092",Resident 1197,A-20197,2026-03-16,106247,gallons,,R6,
M-1198,"1486 Cemetery Rd, Wiley, CO 81092",Resident 1198,A-20198,2026-03-16,540097,gallons,,R1,
M-1199,"1493 Grain Elevator Rd, Wiley, CO 81092",Resident 1199,A-20199,2026-03-16,249661,gallons,,R2,
M-1200,"1500 Main St, Wiley, CO 81092",Resident 1200,A-20200,2026-03-16,380776,gallons,,R3,
M-1201,"1507 County Rd 10, Wiley, CO 81092",Resident 1201,A-20201,2026-03-16,268546,gallons,,R4,
M-1202,"1514 County Rd 14, Wiley, CO 81092",Resident 1202,A-20202,2026-03-16,257625,gallons,,R5,
M-1203,"1521 Highway 287, Wiley, CO 81092",Resident 1203,A-20203,2026-03-16,183866,gallons,,R6,
M-1204,"1528 Maple Ave, Wiley, CO 81092",Resident 1204,A-20204,2026-03-16,288109,gallons,,R1,
M-1205,"1535 Oak St, Wiley, CO 81092",Resident 1205,A-20205,2026-03-16,317908,gallons,,R2,
M-1206,"1542 Elm St, Wiley, CO 81092",Resident 1206,A-20206,2026-03-16,439118,gallons,,R3,
M-1207,"1549 3rd Ave, Wiley, CO 81092",Resident 1207,A-20207,2026-03-16,403027,gallons,,R4,
M-1208,"1556 5th St, Wiley, CO 81092",Resident 1208,A-20208,2026-03-16,393051,gallons,,R5,
M-1209,"1563 Ranch Rd, Wiley, CO 81092",Resident 1209,A-20209,2026-03-16,385411,gallons,,R6,
M-1210,"1570 Irrigation Ln, Wiley, CO 81092",Resident 1210,A-20210,2026-03-16,280937,gallons,,R1,
M-1211,"1577 North Frontage, Wiley, CO 81092",Resident 1211,A-20211,2026-03-16,229775,gallons,,R2,
M-1212,"1584 South Loop, Wiley, CO 81092",Resident 1212,A-20212,2026-03-16,234095,gallons,,R3,
M-1213,"1591 Pioneer Rd, Wiley, CO 81092",Resident 1213,A-20213,2026-03-16,242100,gallons,,R4,
M-1214,"1598 Cottonwood Dr, Wiley, CO 81092",Resident 1214,A-20214,2026-03-16,310268,gallons,,R5,
M-1215,"1605 Sand Creek Rd, Wiley, CO 81092",Resident 1215,A-20215,2026-03-16,484597,gallons,,R6,
M-1216,"1612 Prairie View, Wiley, CO 81092",Resident 1216,A-20216,2026-03-16,352947,gallons,,R1,
M-1217,"1619 School House Rd, Wiley, CO 81092",Resident 1217,A-20217,2026-03-16,134664,gallons,,R2,
M-1218,"1626 Cemetery Rd, Wiley, CO 81092",Resident 1218,A-20218,2026-03-16,168447,gallons,,R3,
M-1219,"1633 Grain Elevator Rd, Wiley, CO 81092",Resident 1219,A-20219,2026-03-16,510046,gallons,,R4,
M-1220,"1640 Main St, Wiley, CO 81092",Resident 1220,A-20220,2026-03-16,394759,gallons,,R5,
M-1221,"1647 County Rd 10, Wiley, CO 81092",Resident 1221,A-20221,2026-03-16,362936,gallons,,R6,
M-1222,"1654 County Rd 14, Wiley, CO 81092",Resident 1222,A-20222,2026-03-16,284983,gallons,,R1,
M-1223,"1661 Highway 287, Wiley, CO 81092",Resident 1223,A-20223,2026-03-16,363148,gallons,,R2,
M-1224,"1668 Maple Ave, Wiley, CO 81092",Resident 1224,A-20224,2026-03-16,497919,gallons,,R3,
M-1225,"1675 Oak St, Wiley, CO 81092",Resident 1225,A-20225,2026-03-16,458520,gallons,,R4,
M-1226,"1682 Elm St, Wiley, CO 81092",Resident 1226,A-20226,2026-03-16,220777,gallons,,R5,
M-1227,"1689 3rd Ave, Wiley, CO 81092",Resident 1227,A-20227,2026-03-16,327559,gallons,,R6,
M-1228,"1696 5th St, Wiley, CO 81092",Resident 1228,A-20228,2026-03-16,486176,gallons,,R1,
M-1229,"1703 Ranch Rd, Wiley, CO 81092",Resident 1229,A-20229,2026-03-16,318368,gallons,,R2,
M-1230,"1710 Irrigation Ln, Wiley, CO 81092",Resident 1230,A-20230,2026-03-16,349982,gallons,,R3,
M-1231,"1717 North Frontage, Wiley, CO 81092",Resident 1231,A-20231,2026-03-16,229048,gallons,,R4,
M-1232,"1724 South Loop, Wiley, CO 81092",Resident 1232,A-20232,2026-03-16,355819,gallons,,R5,
M-1233,"1731 Pioneer Rd, Wiley, CO 81092",Resident 1233,A-20233,2026-03-16,209653,gallons,,R6,
M-1234,"1738 Cottonwood Dr, Wiley, CO 81092",Resident 1234,A-20234,2026-03-16,416702,gallons,,R1,
M-1235,"1745 Sand Creek Rd, Wiley, CO 81092",Resident 1235,A-20235,2026-03-16,444322,gallons,,R2,
M-1236,"1752 Prairie View, Wiley, CO 81092",Resident 1236,A-20236,2026-03-16,306765,gallons,,R3,
M-1237,"1759 School House Rd, Wiley, CO 81092",Resident 1237,A-20237,2026-03-16,394919,gallons,,R4,
M-1238,"1766 Cemetery Rd, Wiley, CO 81092",Resident 1238,A-20238,2026-03-16,381518,gallons,,R5,
M-1239,"1773 Grain Elevator Rd, Wiley, CO 81092",Resident 1239,A-20239,2026-03-16,200351,gallons,,R6,
M-1240,"1780 Main St, Wiley, CO 81092",Resident 1240,A-20240,2026-03-16,529205,gallons,,R1,
M-1241,"1787 County Rd 10, Wiley, CO 81092",Resident 1241,A-20241,2026-03-16,339795,gallons,,R2,
M-1242,"1794 County Rd 14, Wiley, CO 81092",Resident 1242,A-20242,2026-03-16,440398,gallons,,R3,
M-1243,"1801 Highway 287, Wiley, CO 81092",Resident 1243,A-20243,2026-03-16,298726,gallons,,R4,
M-1244,"1808 Maple Ave, Wiley, CO 81092",Resident 1244,A-20244,2026-03-16,816632,gallons,,R5,
M-1245,"1815 Oak St, Wiley, CO 81092",Resident 1245,A-20245,2026-03-16,167713,gallons,,R6,
M-1246,"1822 Elm St, Wiley, CO 81092",Resident 1246,A-20246,2026-03-16,306135,gallons,,R1,
M-1247,"1829 3rd Ave, Wiley, CO 81092",Resident 1247,A-20247,2026-03-16,363238,gallons,,R2,
M-1248,"1836 5th St, Wiley, CO 81092",Resident 1248,A-20248,2026-03-16,352605,gallons,,R3,
M-1249,"1843 Ranch Rd, Wiley, CO 81092",Resident 1249,A-20249,2026-03-16,532900,gallons,,R4,
M-1250,"1850 Irrigation Ln, Wiley, CO 81092",Resident 1250,A-20250,2026-03-16,344762,gallons,,R5,
M-1251,"1857 North Frontage, Wiley, CO 81092",Resident 1251,A-20251,2026-03-16,359054,gallons,,R6,
M-1252,"1864 South Loop, Wiley, CO 81092",Resident 1252,A-20252,2026-03-16,343599,gallons,,R1,
M-1253,"1871 Pioneer Rd, Wiley, CO 81092",Resident 1253,A-20253,2026-03-16,250428,gallons,,R2,
M-1254,"1878 Cottonwood Dr, Wiley, CO 81092",Resident 1254,A-20254,2026-03-16,397154,gallons,,R3,
M-1255,"1885 Sand Creek Rd, Wiley, CO 81092",Resident 1255,A-20255,2026-03-16,275112,gallons,,R4,
M-1256,"1892 Prairie View, Wiley, CO 81092",Resident 1256,A-20256,2026-03-16,302016,gallons,,R5,
M-1257,"1899 School House Rd, Wiley, CO 81092",Resident 1257,A-20257,2026-03-16,322517,gallons,,R6,
M-1258,"1906 Cemetery Rd, Wiley, CO 81092",Resident 1258,A-20258,2026-03-16,478920,gallons,,R1,
M-1259,"1913 Grain Elevator Rd, Wiley, CO 81092",Resident 1259,A-20259,2026-03-16,302970,gallons,,R2,
M-1260,"1920 Main St, Wiley, CO 81092",Resident 1260,A-20260,2026-03-16,191340,gallons,REVERSE_FLOW,R3,
M-1261,"1927 County Rd 10, Wiley, CO 81092",Resident 1261,A-20261,2026-03-16,468857,gallons,,R4,
M-1262,"1934 County Rd 14, Wiley, CO 81092",Resident 1262,A-20262,2026-03-16,405322,gallons,,R5,
M-1263,"1941 Highway 287, Wiley, CO 81092",Resident 1263,A-20263,2026-03-16,329727,gallons,,R6,
M-1264,"1948 Maple Ave, Wiley, CO 81092",Resident 1264,A-20264,2026-03-16,343608,gallons,,R1,
M-1265,"1955 Oak St, Wiley, CO 81092",Resident 1265,A-20265,2026-03-16,424345,gallons,,R2,
M-1266,"1962 Elm St, Wiley, CO 81092",Resident 1266,A-20266,2026-03-16,200408,gallons,,R3,
M-1267,"1969 3rd Ave, Wiley, CO 81092",Resident 1267,A-20267,2026-03-16,328526,gallons,,R4,
M-1268,"1976 5th St, Wiley, CO 81092",Resident 1268,A-20268,2026-03-16,280406,gallons,,R5,
M-1269,"1983 Ranch Rd, Wiley, CO 81092",Resident 1269,A-20269,2026-03-16,295403,gallons,,R6,
M-1270,"1990 Irrigation Ln, Wiley, CO 81092",Resident 1270,A-20270,2026-03-16,339591,gallons,,R1,
M-1271,"1997 North Frontage, Wiley, CO 81092",Resident 1271,A-20271,2026-03-16,506503,gallons,,R2,
M-1272,"2004 South Loop, Wiley, CO 81092",Resident 1272,A-20272,2026-03-16,503389,gallons,,R3,
M-1273,"2011 Pioneer Rd, Wiley, CO 81092",Resident 1273,A-20273,2026-03-16,526999,gallons,,R4,
M-1274,"2018 Cottonwood Dr, Wiley, CO 81092",Resident 1274,A-20274,2026-03-16,337461,gallons,,R5,
M-1275,"2025 Sand Creek Rd, Wiley, CO 81092",Resident 1275,A-20275,2026-03-16,376621,gallons,,R6,
M-1276,"2032 Prairie View, Wiley, CO 81092",Resident 1276,A-20276,2026-03-16,407597,gallons,,R1,
M-1277,"2039 School House Rd, Wiley, CO 81092",Resident 1277,A-20277,2026-03-16,390246,gallons,,R2,
M-1278,"2046 Cemetery Rd, Wiley, CO 81092",Resident 1278,A-20278,2026-03-16,236327,gallons,,R3,
M-1279,"2053 Grain Elevator Rd, Wiley, CO 81092",Resident 1279,A-20279,2026-03-16,378135,gallons,,R4,
M-1280,"2060 Main St, Wiley, CO 81092",Resident 1280,A-20280,2026-03-16,358049,gallons,,R5,
M-1281,"2067 County Rd 10, Wiley, CO 81092",Resident 1281,A-20281,2026-03-16,290397,gallons,,R6,
M-1282,"2074 County Rd 14, Wiley, CO 81092",Resident 1282,A-20282,2026-03-16,511281,gallons,,R1,
M-1283,"2081 Highway 287, Wiley, CO 81092",Resident 1283,A-20283,2026-03-16,194499,gallons,,R2,
M-1284,"2088 Maple Ave, Wiley, CO 81092",Resident 1284,A-20284,2026-03-16,311459,gallons,,R3,
M-1285,"2095 Oak St, Wiley, CO 81092",Resident 1285,A-20285,2026-03-16,434167,gallons,,R4,
M-1286,"2102 Elm St, Wiley, CO 81092",Resident 1286,A-20286,2026-03-16,516856,gallons,,R5,
M-1287,"2109 3rd Ave, Wiley, CO 81092",Resident 1287,A-20287,2026-03-16,545151,gallons,,R6,
M-1288,"2116 5th St, Wiley, CO 81092",Resident 1288,A-20288,2026-03-16,419206,gallons,,R1,
M-1289,"2123 Ranch Rd, Wiley, CO 81092",Resident 1289,A-20289,2026-03-16,378540,gallons,,R2,
M-1290,"2130 Irrigation Ln, Wiley, CO 81092",Resident 1290,A-20290,2026-03-16,244902,gallons,,R3,
M-1291,"2137 North Frontage, Wiley, CO 81092",Resident 1291,A-20291,2026-03-16,324381,gallons,,R4,
M-1292,"2144 South Loop, Wiley, CO 81092",Resident 1292,A-20292,2026-03-16,271124,gallons,,R5,
M-1293,"2151 Pioneer Rd, Wiley, CO 81092",Resident 1293,A-20293,2026-03-16,221943,gallons,,R6,
M-1294,"2158 Cottonwood Dr, Wiley, CO 81092",Resident 1294,A-20294,2026-03-16,264074,gallons,,R1,
M-1295,"2165 Sand Creek Rd, Wiley, CO 81092",Resident 1295,A-20295,2026-03-16,291825,gallons,,R2,
M-1296,"2172 Prairie View, Wiley, CO 81092",Resident 1296,A-20296,2026-03-16,162073,gallons,,R3,
M-1297,"2179 School House Rd, Wiley, CO 81092",Resident 1297,A-20297,2026-03-16,137315,gallons,,R4,
M-1298,"2186 Cemetery Rd, Wiley, CO 81092",Resident 1298,A-20298,2026-03-16,260272,gallons,,R5,
M-1299,"2193 Grain Elevator Rd, Wiley, CO 81092",Resident 1299,A-20299,2026-03-16,371347,gallons,,R6,
M-1300,"2200 Main St, Wiley, CO 81092",Resident 1300,A-20300,2026-03-16,445665,gallons,,R1,
M-1001,"107 County Rd 10, Wiley, CO 81092",Resident 1001,A-20001,2026-04-12,481883,gallons,,R2,
M-1002,"114 County Rd 14, Wiley, CO 81092",Resident 1002,A-20002,2026-04-12,351180,gallons,,R3,
M-1003,"121 Highway 287, Wiley, CO 81092",Resident 1003,A-20003,2026-04-12,173343,gallons,,R4,
M-1004,"128 Maple Ave, Wiley, CO 81092",Resident 1004,A-20004,2026-04-12,444420,gallons,,R5,
M-1005,"135 Oak St, Wiley, CO 81092",Resident 1005,A-20005,2026-04-12,241086,gallons,,R6,
M-1006,"142 Elm St, Wiley, CO 81092",Resident 1006,A-20006,2026-04-12,282919,gallons,,R1,
M-1007,"149 3rd Ave, Wiley, CO 81092",Resident 1007,A-20007,2026-04-12,378401,gallons,,R2,
M-1008,"156 5th St, Wiley, CO 81092",Resident 1008,A-20008,2026-04-12,249930,gallons,,R3,
M-1009,"163 Ranch Rd, Wiley, CO 81092",Resident 1009,A-20009,2026-04-12,258077,gallons,,R4,
M-1010,"170 Irrigation Ln, Wiley, CO 81092",Resident 1010,A-20010,2026-04-12,345369,gallons,,R5,
M-1011,"177 North Frontage, Wiley, CO 81092",Resident 1011,A-20011,2026-04-12,494782,gallons,,R6,
M-1012,"184 South Loop, Wiley, CO 81092",Resident 1012,A-20012,2026-04-12,259260,gallons,,R1,
M-1013,"191 Pioneer Rd, Wiley, CO 81092",Resident 1013,A-20013,2026-04-12,210455,gallons,,R2,
M-1014,"198 Cottonwood Dr, Wiley, CO 81092",Resident 1014,A-20014,2026-04-12,452287,gallons,,R3,
M-1015,"205 Sand Creek Rd, Wiley, CO 81092",Resident 1015,A-20015,2026-04-12,482993,gallons,,R4,
M-1016,"212 Prairie View, Wiley, CO 81092",Resident 1016,A-20016,2026-04-12,176287,gallons,,R5,
M-1017,"219 School House Rd, Wiley, CO 81092",Resident 1017,A-20017,2026-04-12,148381,gallons,,R6,
M-1018,"226 Cemetery Rd, Wiley, CO 81092",Resident 1018,A-20018,2026-04-12,226372,gallons,,R1,
M-1019,"233 Grain Elevator Rd, Wiley, CO 81092",Resident 1019,A-20019,2026-04-12,198603,gallons,,R2,
M-1020,"240 Main St, Wiley, CO 81092",Resident 1020,A-20020,2026-04-12,342031,gallons,,R3,
M-1021,"247 County Rd 10, Wiley, CO 81092",Resident 1021,A-20021,2026-04-12,390876,gallons,,R4,
M-1022,"254 County Rd 14, Wiley, CO 81092",Resident 1022,A-20022,2026-04-12,432305,gallons,TAMPER,R5,
M-1023,"261 Highway 287, Wiley, CO 81092",Resident 1023,A-20023,2026-04-12,310749,gallons,,R6,
M-1024,"268 Maple Ave, Wiley, CO 81092",Resident 1024,A-20024,2026-04-12,312676,gallons,,R1,
M-1025,"275 Oak St, Wiley, CO 81092",Resident 1025,A-20025,2026-04-12,224142,gallons,,R2,
M-1026,"282 Elm St, Wiley, CO 81092",Resident 1026,A-20026,2026-04-12,217617,gallons,,R3,
M-1027,"289 3rd Ave, Wiley, CO 81092",Resident 1027,A-20027,2026-04-12,418062,gallons,,R4,
M-1028,"296 5th St, Wiley, CO 81092",Resident 1028,A-20028,2026-04-12,207042,gallons,,R5,
M-1029,"303 Ranch Rd, Wiley, CO 81092",Resident 1029,A-20029,2026-04-12,420818,gallons,,R6,
M-1030,"310 Irrigation Ln, Wiley, CO 81092",Resident 1030,A-20030,2026-04-12,330452,gallons,,R1,
M-1031,"317 North Frontage, Wiley, CO 81092",Resident 1031,A-20031,2026-04-12,406862,gallons,,R2,
M-1032,"324 South Loop, Wiley, CO 81092",Resident 1032,A-20032,2026-04-12,283389,gallons,,R3,
M-1033,"331 Pioneer Rd, Wiley, CO 81092",Resident 1033,A-20033,2026-04-12,789811,gallons,,R4,
M-1034,"338 Cottonwood Dr, Wiley, CO 81092",Resident 1034,A-20034,2026-04-12,490543,gallons,,R5,
M-1035,"345 Sand Creek Rd, Wiley, CO 81092",Resident 1035,A-20035,2026-04-12,489349,gallons,,R6,
M-1036,"352 Prairie View, Wiley, CO 81092",Resident 1036,A-20036,2026-04-12,351301,gallons,,R1,
M-1037,"359 School House Rd, Wiley, CO 81092",Resident 1037,A-20037,2026-04-12,307580,gallons,,R2,
M-1038,"366 Cemetery Rd, Wiley, CO 81092",Resident 1038,A-20038,2026-04-12,223432,gallons,,R3,
M-1039,"373 Grain Elevator Rd, Wiley, CO 81092",Resident 1039,A-20039,2026-04-12,368349,gallons,,R4,
M-1040,"380 Main St, Wiley, CO 81092",Resident 1040,A-20040,2026-04-12,279235,gallons,,R5,
M-1041,"387 County Rd 10, Wiley, CO 81092",Resident 1041,A-20041,2026-04-12,187413,gallons,,R6,
M-1042,"394 County Rd 14, Wiley, CO 81092",Resident 1042,A-20042,2026-04-12,444780,gallons,,R1,
M-1043,"401 Highway 287, Wiley, CO 81092",Resident 1043,A-20043,2026-04-12,405428,gallons,,R2,
M-1044,"408 Maple Ave, Wiley, CO 81092",Resident 1044,A-20044,2026-04-12,163117,gallons,,R3,
M-1045,"415 Oak St, Wiley, CO 81092",Resident 1045,A-20045,2026-04-12,394652,gallons,,R4,
M-1046,"422 Elm St, Wiley, CO 81092",Resident 1046,A-20046,2026-04-12,180460,gallons,,R5,
M-1047,"429 3rd Ave, Wiley, CO 81092",Resident 1047,A-20047,2026-04-12,133612,gallons,,R6,
M-1048,"436 5th St, Wiley, CO 81092",Resident 1048,A-20048,2026-04-12,417339,gallons,,R1,
M-1049,"443 Ranch Rd, Wiley, CO 81092",Resident 1049,A-20049,2026-04-12,409459,gallons,,R2,
M-1050,"450 Irrigation Ln, Wiley, CO 81092",Resident 1050,A-20050,2026-04-12,375523,gallons,,R3,
M-1051,"457 North Frontage, Wiley, CO 81092",Resident 1051,A-20051,2026-04-12,432085,gallons,,R4,
M-1052,"464 South Loop, Wiley, CO 81092",Resident 1052,A-20052,2026-04-12,237047,gallons,,R5,
M-1053,"471 Pioneer Rd, Wiley, CO 81092",Resident 1053,A-20053,2026-04-12,229623,gallons,,R6,
M-1054,"478 Cottonwood Dr, Wiley, CO 81092",Resident 1054,A-20054,2026-04-12,408047,gallons,,R1,
M-1055,"485 Sand Creek Rd, Wiley, CO 81092",Resident 1055,A-20055,2026-04-12,137169,gallons,,R2,
M-1056,"492 Prairie View, Wiley, CO 81092",Resident 1056,A-20056,2026-04-12,315089,gallons,,R3,
M-1057,"499 School House Rd, Wiley, CO 81092",Resident 1057,A-20057,2026-04-12,209370,gallons,,R4,
M-1058,"506 Cemetery Rd, Wiley, CO 81092",Resident 1058,A-20058,2026-04-12,497266,gallons,,R5,
M-1059,"513 Grain Elevator Rd, Wiley, CO 81092",Resident 1059,A-20059,2026-04-12,154873,gallons,,R6,
M-1060,"520 Main St, Wiley, CO 81092",Resident 1060,A-20060,2026-04-12,284770,gallons,,R1,
M-1061,"527 County Rd 10, Wiley, CO 81092",Resident 1061,A-20061,2026-04-12,321636,gallons,,R2,
M-1062,"534 County Rd 14, Wiley, CO 81092",Resident 1062,A-20062,2026-04-12,249320,gallons,,R3,
M-1063,"541 Highway 287, Wiley, CO 81092",Resident 1063,A-20063,2026-04-12,443594,gallons,,R4,
M-1064,"548 Maple Ave, Wiley, CO 81092",Resident 1064,A-20064,2026-04-12,333858,gallons,,R5,
M-1065,"555 Oak St, Wiley, CO 81092",Resident 1065,A-20065,2026-04-12,501378,gallons,,R6,
M-1066,"562 Elm St, Wiley, CO 81092",Resident 1066,A-20066,2026-04-12,470725,gallons,,R1,
M-1067,"569 3rd Ave, Wiley, CO 81092",Resident 1067,A-20067,2026-04-12,213616,gallons,,R2,
M-1068,"576 5th St, Wiley, CO 81092",Resident 1068,A-20068,2026-04-12,451280,gallons,,R3,
M-1069,"583 Ranch Rd, Wiley, CO 81092",Resident 1069,A-20069,2026-04-12,261794,gallons,,R4,
M-1070,"590 Irrigation Ln, Wiley, CO 81092",Resident 1070,A-20070,2026-04-12,327867,gallons,,R5,
M-1071,"597 North Frontage, Wiley, CO 81092",Resident 1071,A-20071,2026-04-12,448522,gallons,,R6,
M-1072,"604 South Loop, Wiley, CO 81092",Resident 1072,A-20072,2026-04-12,519027,gallons,,R1,
M-1073,"611 Pioneer Rd, Wiley, CO 81092",Resident 1073,A-20073,2026-04-12,431159,gallons,,R2,
M-1074,"618 Cottonwood Dr, Wiley, CO 81092",Resident 1074,A-20074,2026-04-12,417763,gallons,,R3,
M-1075,"625 Sand Creek Rd, Wiley, CO 81092",Resident 1075,A-20075,2026-04-12,275676,gallons,,R4,
M-1076,"632 Prairie View, Wiley, CO 81092",New Occupant 1076,A-20076,2026-04-12,271074,gallons,,R5,
M-1077,"639 School House Rd, Wiley, CO 81092",Resident 1077,A-20077,2026-04-12,220002,gallons,,R6,
M-1078,"646 Cemetery Rd, Wiley, CO 81092",Resident 1078,A-20078,2026-04-12,329652,gallons,,R1,
M-1079,"653 Grain Elevator Rd, Wiley, CO 81092",Resident 1079,A-20079,2026-04-12,271173,gallons,,R2,
M-1080,"660 Main St, Wiley, CO 81092",Resident 1080,A-20080,2026-04-12,309778,gallons,,R3,
M-1081,"667 County Rd 10, Wiley, CO 81092",Resident 1081,A-20081,2026-04-12,412962,gallons,,R4,
M-1082,"674 County Rd 14, Wiley, CO 81092",Resident 1082,A-20082,2026-04-12,225130,gallons,,R5,
M-1083,"681 Highway 287, Wiley, CO 81092",Resident 1083,A-20083,2026-04-12,461716,gallons,,R6,
M-1084,"688 Maple Ave, Wiley, CO 81092",Resident 1084,A-20084,2026-04-12,315557,gallons,,R1,
M-1085,"695 Oak St, Wiley, CO 81092",Resident 1085,A-20085,2026-04-12,393981,gallons,,R2,
M-1086,"702 Elm St, Wiley, CO 81092",Resident 1086,A-20086,2026-04-12,300210,gallons,,R3,
M-1087,"709 3rd Ave, Wiley, CO 81092",Resident 1087,A-20087,2026-04-12,245435,gallons,,R4,
M-1088,"716 5th St, Wiley, CO 81092",Resident 1088,A-20088,2026-04-12,146134,gallons,,R5,
M-1089,"723 Ranch Rd, Wiley, CO 81092",Resident 1089,A-20089,2026-04-12,681235,gallons,,R6,
M-1090,"730 Irrigation Ln, Wiley, CO 81092",Resident 1090,A-20090,2026-04-12,520737,gallons,,R1,
M-1091,"737 North Frontage, Wiley, CO 81092",Resident 1091,A-20091,2026-04-12,498064,gallons,,R2,
M-1092,"744 South Loop, Wiley, CO 81092",Resident 1092,A-20092,2026-04-12,179515,gallons,,R3,
M-1093,"751 Pioneer Rd, Wiley, CO 81092",Resident 1093,A-20093,2026-04-12,228237,gallons,,R4,
M-1094,"758 Cottonwood Dr, Wiley, CO 81092",Resident 1094,A-20094,2026-04-12,500901,gallons,,R5,
M-1095,"765 Sand Creek Rd, Wiley, CO 81092",Resident 1095,A-20095,2026-04-12,249845,gallons,,R6,
M-1096,"772 Prairie View, Wiley, CO 81092",Resident 1096,A-20096,2026-04-12,390070,gallons,,R1,
M-1097,"779 School House Rd, Wiley, CO 81092",Resident 1097,A-20097,2026-04-12,313312,gallons,,R2,
M-1098,"786 Cemetery Rd, Wiley, CO 81092",Resident 1098,A-20098,2026-04-12,233925,gallons,,R3,
M-1099,"793 Grain Elevator Rd, Wiley, CO 81092",Resident 1099,A-20099,2026-04-12,324688,gallons,,R4,
M-1100,"800 Main St, Wiley, CO 81092",Resident 1100,A-20100,2026-04-12,235129,gallons,,R5,
M-1101,"807 County Rd 10, Wiley, CO 81092",Resident 1101,A-20101,2026-04-12,332452,gallons,,R6,
M-1102,"814 County Rd 14, Wiley, CO 81092",Resident 1102,A-20102,2026-04-12,386973,gallons,,R1,
M-1103,"821 Highway 287, Wiley, CO 81092",Resident 1103,A-20103,2026-04-12,286586,gallons,,R2,
M-1104,"828 Maple Ave, Wiley, CO 81092",Resident 1104,A-20104,2026-04-12,292435,gallons,,R3,
M-1105,"835 Oak St, Wiley, CO 81092",Resident 1105,A-20105,2026-04-12,383190,gallons,,R4,
M-1106,"842 Elm St, Wiley, CO 81092",Resident 1106,A-20106,2026-04-12,513190,gallons,,R5,
M-1107,"849 3rd Ave, Wiley, CO 81092",Resident 1107,A-20107,2026-04-12,265514,gallons,,R6,
M-1108,"856 5th St, Wiley, CO 81092",Resident 1108,A-20108,2026-04-12,455318,gallons,,R1,
M-1109,"863 Ranch Rd, Wiley, CO 81092",Resident 1109,A-20109,2026-04-12,446406,gallons,,R2,
M-1110,"870 Irrigation Ln, Wiley, CO 81092",Resident 1110,A-20110,2026-04-12,427913,gallons,,R3,
M-1111,"877 North Frontage, Wiley, CO 81092",Resident 1111,A-20111,2026-04-12,169510,gallons,,R4,
M-1112,"884 South Loop, Wiley, CO 81092",Resident 1112,A-20112,2026-04-12,427923,gallons,,R5,
M-1113,"891 Pioneer Rd, Wiley, CO 81092",Resident 1113,A-20113,2026-04-12,264492,gallons,,R6,
M-1114,"898 Cottonwood Dr, Wiley, CO 81092",Resident 1114,A-20114,2026-04-12,478295,gallons,,R1,
M-1115,"905 Sand Creek Rd, Wiley, CO 81092",Resident 1115,A-20115,2026-04-12,247135,gallons,,R2,
M-1116,"912 Prairie View, Wiley, CO 81092",Resident 1116,A-20116,2026-04-12,285474,gallons,,R3,
M-1117,"919 School House Rd, Wiley, CO 81092",Resident 1117,A-20117,2026-04-12,288683,gallons,,R4,
M-1118,"926 Cemetery Rd, Wiley, CO 81092",Resident 1118,A-20118,2026-04-12,186982,gallons,,R5,
M-1119,"933 Grain Elevator Rd, Wiley, CO 81092",Resident 1119,A-20119,2026-04-12,263643,gallons,,R6,
M-1120,"940 Main St, Wiley, CO 81092",Resident 1120,A-20120,2026-04-12,468651,gallons,,R1,
M-1121,"947 County Rd 10, Wiley, CO 81092",Resident 1121,A-20121,2026-04-12,241398,gallons,,R2,
M-1122,"954 County Rd 14, Wiley, CO 81092",Resident 1122,A-20122,2026-04-12,352406,gallons,,R3,
M-1123,"961 Highway 287, Wiley, CO 81092",Resident 1123,A-20123,2026-04-12,323809,gallons,,R4,
M-1124,"968 Maple Ave, Wiley, CO 81092",Resident 1124,A-20124,2026-04-12,438128,gallons,,R5,
M-1125,"975 Oak St, Wiley, CO 81092",Resident 1125,A-20125,2026-04-12,250654,gallons,,R6,
M-1126,"982 Elm St, Wiley, CO 81092",Resident 1126,A-20126,2026-04-12,299490,gallons,,R1,
M-1127,"989 3rd Ave, Wiley, CO 81092",Resident 1127,A-20127,2026-04-12,245732,gallons,,R2,
M-1128,"996 5th St, Wiley, CO 81092",Resident 1128,A-20128,2026-04-12,558935,gallons,,R3,
M-1129,"1003 Ranch Rd, Wiley, CO 81092",Resident 1129,A-20129,2026-04-12,331431,gallons,,R4,
M-1130,"1010 Irrigation Ln, Wiley, CO 81092",Resident 1130,A-20130,2026-04-12,456452,gallons,,R5,
M-1131,"1017 North Frontage, Wiley, CO 81092",Resident 1131,A-20131,2026-04-12,396046,gallons,,R6,
M-1132,"1024 South Loop, Wiley, CO 81092",Resident 1132,A-20132,2026-04-12,353579,gallons,,R1,
M-1133,"1031 Pioneer Rd, Wiley, CO 81092",Resident 1133,A-20133,2026-04-12,217201,gallons,,R2,
M-1134,"1038 Cottonwood Dr, Wiley, CO 81092",Resident 1134,A-20134,2026-04-12,215622,gallons,,R3,
M-1135,"1045 Sand Creek Rd, Wiley, CO 81092",Resident 1135,A-20135,2026-04-12,526197,gallons,,R4,
M-1136,"1052 Prairie View, Wiley, CO 81092",Resident 1136,A-20136,2026-04-12,389758,gallons,,R5,
M-1137,"1059 School House Rd, Wiley, CO 81092",Resident 1137,A-20137,2026-04-12,303278,gallons,,R6,
M-1138,"1066 Cemetery Rd, Wiley, CO 81092",Resident 1138,A-20138,2026-04-12,159268,gallons,,R1,
M-1139,"1073 Grain Elevator Rd, Wiley, CO 81092",Resident 1139,A-20139,2026-04-12,120448,gallons,,R2,
M-1140,"1080 Main St, Wiley, CO 81092",Resident 1140,A-20140,2026-04-12,355424,gallons,REVERSE_FLOW,R3,
M-1141,"1087 County Rd 10, Wiley, CO 81092",Resident 1141,A-20141,2026-04-12,248026,gallons,,R4,
M-1142,"1094 County Rd 14, Wiley, CO 81092",Resident 1142,A-20142,2026-04-12,446135,gallons,,R5,
M-1143,"1101 Highway 287, Wiley, CO 81092",Resident 1143,A-20143,2026-04-12,360738,gallons,,R6,
M-1144,"1108 Maple Ave, Wiley, CO 81092",Resident 1144,A-20144,2026-04-12,188064,gallons,,R1,
M-1145,"1115 Oak St, Wiley, CO 81092",Resident 1145,A-20145,2026-04-12,347415,gallons,,R2,
M-1146,"1122 Elm St, Wiley, CO 81092",Resident 1146,A-20146,2026-04-12,410488,gallons,,R3,
M-1147,"1129 3rd Ave, Wiley, CO 81092",Resident 1147,A-20147,2026-04-12,426794,gallons,,R4,
M-1148,"1136 5th St, Wiley, CO 81092",Resident 1148,A-20148,2026-04-12,416563,gallons,,R5,
M-1149,"1143 Ranch Rd, Wiley, CO 81092",Resident 1149,A-20149,2026-04-12,216835,gallons,,R6,
M-1150,"1150 Irrigation Ln, Wiley, CO 81092",Resident 1150,A-20150,2026-04-12,228869,gallons,,R1,
M-1151,"1157 North Frontage, Wiley, CO 81092",Resident 1151,A-20151,2026-04-12,238520,gallons,,R2,
M-1152,"1164 South Loop, Wiley, CO 81092",Resident 1152,A-20152,2026-04-12,184955,gallons,,R3,
M-1153,"1171 Pioneer Rd, Wiley, CO 81092",Resident 1153,A-20153,2026-04-12,450109,gallons,,R4,
M-1154,"1178 Cottonwood Dr, Wiley, CO 81092",Resident 1154,A-20154,2026-04-12,182754,gallons,,R5,
M-1155,"1185 Sand Creek Rd, Wiley, CO 81092",Resident 1155,A-20155,2026-04-12,389776,gallons,,R6,
M-1156,"1192 Prairie View, Wiley, CO 81092",Resident 1156,A-20156,2026-04-12,891536,gallons,,R1,
M-1157,"1199 School House Rd, Wiley, CO 81092",Resident 1157,A-20157,2026-04-12,476012,gallons,,R2,
M-1158,"1206 Cemetery Rd, Wiley, CO 81092",Resident 1158,A-20158,2026-04-12,215246,gallons,,R3,
M-1159,"1213 Grain Elevator Rd, Wiley, CO 81092",Resident 1159,A-20159,2026-04-12,416336,gallons,,R4,
M-1160,"1220 Main St, Wiley, CO 81092",Resident 1160,A-20160,2026-04-12,164339,gallons,,R5,
M-1161,"1227 County Rd 10, Wiley, CO 81092",Resident 1161,A-20161,2026-04-12,236764,gallons,,R6,
M-1162,"1234 County Rd 14, Wiley, CO 81092",Resident 1162,A-20162,2026-04-12,382809,gallons,,R1,
M-1163,"1241 Highway 287, Wiley, CO 81092",Resident 1163,A-20163,2026-04-12,307942,gallons,,R2,
M-1164,"1248 Maple Ave, Wiley, CO 81092",Resident 1164,A-20164,2026-04-12,231733,gallons,,R3,
M-1165,"1255 Oak St, Wiley, CO 81092",Resident 1165,A-20165,2026-04-12,374337,gallons,,R4,
M-1166,"1262 Elm St, Wiley, CO 81092",Resident 1166,A-20166,2026-04-12,340186,gallons,,R5,
M-1167,"1269 3rd Ave, Wiley, CO 81092",Resident 1167,A-20167,2026-04-12,270641,gallons,,R6,
M-1168,"1276 5th St, Wiley, CO 81092",Resident 1168,A-20168,2026-04-12,576255,gallons,,R1,
M-1169,"1283 Ranch Rd, Wiley, CO 81092",Resident 1169,A-20169,2026-04-12,257503,gallons,,R2,
M-1170,"1290 Irrigation Ln, Wiley, CO 81092",Resident 1170,A-20170,2026-04-12,325799,gallons,,R3,
M-1171,"1297 North Frontage, Wiley, CO 81092",Resident 1171,A-20171,2026-04-12,410403,gallons,,R4,
M-1172,"1304 South Loop, Wiley, CO 81092",Resident 1172,A-20172,2026-04-12,355025,gallons,,R5,
M-1173,"1311 Pioneer Rd, Wiley, CO 81092",Resident 1173,A-20173,2026-04-12,499295,gallons,,R6,
M-1174,"1318 Cottonwood Dr, Wiley, CO 81092",Resident 1174,A-20174,2026-04-12,202962,gallons,,R1,
M-1175,"1325 Sand Creek Rd, Wiley, CO 81092",Resident 1175,A-20175,2026-04-12,293855,gallons,,R2,
M-1176,"1332 Prairie View, Wiley, CO 81092",Resident 1176,A-20176,2026-04-12,182028,gallons,,R3,
M-1177,"1339 School House Rd, Wiley, CO 81092",Resident 1177,A-20177,2026-04-12,313538,gallons,,R4,
M-1178,"1346 Cemetery Rd, Wiley, CO 81092",Resident 1178,A-20178,2026-04-12,442163,gallons,,R5,
M-1179,"1353 Grain Elevator Rd, Wiley, CO 81092",Resident 1179,A-20179,2026-04-12,157258,gallons,,R6,
M-1180,"1360 Main St, Wiley, CO 81092",Resident 1180,A-20180,2026-04-12,275390,gallons,,R1,
M-1181,"1367 County Rd 10, Wiley, CO 81092",Resident 1181,A-20181,2026-04-12,399278,gallons,,R2,
M-1182,"1374 County Rd 14, Wiley, CO 81092",Resident 1182,A-20182,2026-04-12,342357,gallons,,R3,
M-1183,"1381 Highway 287, Wiley, CO 81092",Resident 1183,A-20183,2026-04-12,314289,gallons,,R4,
M-1184,"1388 Maple Ave, Wiley, CO 81092",Resident 1184,A-20184,2026-04-12,253880,gallons,,R5,
M-1185,"1395 Oak St, Wiley, CO 81092",Resident 1185,A-20185,2026-04-12,285086,gallons,,R6,
M-1186,"1402 Elm St, Wiley, CO 81092",Resident 1186,A-20186,2026-04-12,205386,gallons,,R1,
M-1187,"1409 3rd Ave, Wiley, CO 81092",Resident 1187,A-20187,2026-04-12,410512,gallons,,R2,
M-1188,"1416 5th St, Wiley, CO 81092",Resident 1188,A-20188,2026-04-12,200392,gallons,,R3,
M-1189,"1423 Ranch Rd, Wiley, CO 81092",Resident 1189,A-20189,2026-04-12,445676,gallons,,R4,
M-1190,"1430 Irrigation Ln, Wiley, CO 81092",Resident 1190,A-20190,2026-04-12,245733,gallons,,R5,
M-1191,"1437 North Frontage, Wiley, CO 81092",New Occupant 1191,A-20191,2026-04-12,224576,gallons,,R6,
M-1192,"1444 South Loop, Wiley, CO 81092",Resident 1192,A-20192,2026-04-12,402798,gallons,,R1,
M-1193,"1451 Pioneer Rd, Wiley, CO 81092",Resident 1193,A-20193,2026-04-12,406529,gallons,,R2,
M-1194,"1458 Cottonwood Dr, Wiley, CO 81092",Resident 1194,A-20194,2026-04-12,285522,gallons,,R3,
M-1195,"1465 Sand Creek Rd, Wiley, CO 81092",Resident 1195,A-20195,2026-04-12,309503,gallons,,R4,
M-1196,"1472 Prairie View, Wiley, CO 81092",Resident 1196,A-20196,2026-04-12,306413,gallons,,R5,
M-1197,"1479 School House Rd, Wiley, CO 81092",Resident 1197,A-20197,2026-04-12,108709,gallons,,R6,
M-1198,"1486 Cemetery Rd, Wiley, CO 81092",Resident 1198,A-20198,2026-04-12,547385,gallons,,R1,
M-1199,"1493 Grain Elevator Rd, Wiley, CO 81092",Resident 1199,A-20199,2026-04-12,254637,gallons,,R2,
M-1200,"1500 Main St, Wiley, CO 81092",Resident 1200,A-20200,2026-04-12,387855,gallons,,R3,
M-1201,"1507 County Rd 10, Wiley, CO 81092",Resident 1201,A-20201,2026-04-12,270923,gallons,,R4,
M-1202,"1514 County Rd 14, Wiley, CO 81092",Resident 1202,A-20202,2026-04-12,260807,gallons,,R5,
M-1203,"1521 Highway 287, Wiley, CO 81092",Resident 1203,A-20203,2026-04-12,183866,gallons,,R6,
M-1204,"1528 Maple Ave, Wiley, CO 81092",Resident 1204,A-20204,2026-04-12,292228,gallons,,R1,
M-1205,"1535 Oak St, Wiley, CO 81092",Resident 1205,A-20205,2026-04-12,322403,gallons,,R2,
M-1206,"1542 Elm St, Wiley, CO 81092",Resident 1206,A-20206,2026-04-12,441933,gallons,,R3,
M-1207,"1549 3rd Ave, Wiley, CO 81092",Resident 1207,A-20207,2026-04-12,407684,gallons,,R4,
M-1208,"1556 5th St, Wiley, CO 81092",Resident 1208,A-20208,2026-04-12,398924,gallons,,R5,
M-1209,"1563 Ranch Rd, Wiley, CO 81092",Resident 1209,A-20209,2026-04-12,388410,gallons,,R6,
M-1210,"1570 Irrigation Ln, Wiley, CO 81092",Resident 1210,A-20210,2026-04-12,283995,gallons,,R1,
M-1211,"1577 North Frontage, Wiley, CO 81092",Resident 1211,A-20211,2026-04-12,237709,gallons,,R2,
M-1212,"1584 South Loop, Wiley, CO 81092",Resident 1212,A-20212,2026-04-12,240443,gallons,,R3,
M-1213,"1591 Pioneer Rd, Wiley, CO 81092",Resident 1213,A-20213,2026-04-12,245240,gallons,,R4,
M-1214,"1598 Cottonwood Dr, Wiley, CO 81092",Resident 1214,A-20214,2026-04-12,319550,gallons,,R5,
M-1215,"1605 Sand Creek Rd, Wiley, CO 81092",Resident 1215,A-20215,2026-04-12,490478,gallons,,R6,
M-1216,"1612 Prairie View, Wiley, CO 81092",Resident 1216,A-20216,2026-04-12,360355,gallons,,R1,
M-1217,"1619 School House Rd, Wiley, CO 81092",Resident 1217,A-20217,2026-04-12,138214,gallons,,R2,
M-1218,"1626 Cemetery Rd, Wiley, CO 81092",Resident 1218,A-20218,2026-04-12,171853,gallons,,R3,
M-1219,"1633 Grain Elevator Rd, Wiley, CO 81092",Resident 1219,A-20219,2026-04-12,517545,gallons,,R4,
M-1220,"1640 Main St, Wiley, CO 81092",Resident 1220,A-20220,2026-04-12,401684,gallons,,R5,
M-1221,"1647 County Rd 10, Wiley, CO 81092",Resident 1221,A-20221,2026-04-12,369828,gallons,,R6,
M-1222,"1654 County Rd 14, Wiley, CO 81092",Resident 1222,A-20222,2026-04-12,288008,gallons,,R1,
M-1223,"1661 Highway 287, Wiley, CO 81092",Resident 1223,A-20223,2026-04-12,368135,gallons,,R2,
M-1224,"1668 Maple Ave, Wiley, CO 81092",Resident 1224,A-20224,2026-04-12,504746,gallons,,R3,
M-1225,"1675 Oak St, Wiley, CO 81092",Resident 1225,A-20225,2026-04-12,466658,gallons,,R4,
M-1226,"1682 Elm St, Wiley, CO 81092",Resident 1226,A-20226,2026-04-12,226145,gallons,,R5,
M-1227,"1689 3rd Ave, Wiley, CO 81092",Resident 1227,A-20227,2026-04-12,331767,gallons,,R6,
M-1228,"1696 5th St, Wiley, CO 81092",Resident 1228,A-20228,2026-04-12,493258,gallons,,R1,
M-1229,"1703 Ranch Rd, Wiley, CO 81092",Resident 1229,A-20229,2026-04-12,327905,gallons,,R2,
M-1230,"1710 Irrigation Ln, Wiley, CO 81092",Resident 1230,A-20230,2026-04-12,358330,gallons,,R3,
M-1231,"1717 North Frontage, Wiley, CO 81092",Resident 1231,A-20231,2026-04-12,236219,gallons,,R4,
M-1232,"1724 South Loop, Wiley, CO 81092",Resident 1232,A-20232,2026-04-12,359145,gallons,,R5,
M-1233,"1731 Pioneer Rd, Wiley, CO 81092",Resident 1233,A-20233,2026-04-12,218039,gallons,,R6,
M-1234,"1738 Cottonwood Dr, Wiley, CO 81092",Resident 1234,A-20234,2026-04-12,421202,gallons,,R1,
M-1235,"1745 Sand Creek Rd, Wiley, CO 81092",Resident 1235,A-20235,2026-04-12,449060,gallons,,R2,
M-1236,"1752 Prairie View, Wiley, CO 81092",Resident 1236,A-20236,2026-04-12,313475,gallons,,R3,
M-1237,"1759 School House Rd, Wiley, CO 81092",Resident 1237,A-20237,2026-04-12,403461,gallons,,R4,
M-1238,"1766 Cemetery Rd, Wiley, CO 81092",Resident 1238,A-20238,2026-04-12,386589,gallons,,R5,
M-1239,"1773 Grain Elevator Rd, Wiley, CO 81092",Resident 1239,A-20239,2026-04-12,205963,gallons,,R6,
M-1240,"1780 Main St, Wiley, CO 81092",Resident 1240,A-20240,2026-04-12,535022,gallons,,R1,
M-1241,"1787 County Rd 10, Wiley, CO 81092",Resident 1241,A-20241,2026-04-12,346515,gallons,,R2,
M-1242,"1794 County Rd 14, Wiley, CO 81092",Resident 1242,A-20242,2026-04-12,443938,gallons,,R3,
M-1243,"1801 Highway 287, Wiley, CO 81092",Resident 1243,A-20243,2026-04-12,302434,gallons,,R4,
M-1244,"1808 Maple Ave, Wiley, CO 81092",Resident 1244,A-20244,2026-04-12,840604,gallons,,R5,
M-1245,"1815 Oak St, Wiley, CO 81092",Resident 1245,A-20245,2026-04-12,170161,gallons,,R6,
M-1246,"1822 Elm St, Wiley, CO 81092",Resident 1246,A-20246,2026-04-12,311520,gallons,,R1,
M-1247,"1829 3rd Ave, Wiley, CO 81092",Resident 1247,A-20247,2026-04-12,365456,gallons,,R2,
M-1248,"1836 5th St, Wiley, CO 81092",Resident 1248,A-20248,2026-04-12,360155,gallons,,R3,
M-1249,"1843 Ranch Rd, Wiley, CO 81092",Resident 1249,A-20249,2026-04-12,539948,gallons,,R4,
M-1250,"1850 Irrigation Ln, Wiley, CO 81092",Resident 1250,A-20250,2026-04-12,348382,gallons,,R5,
M-1251,"1857 North Frontage, Wiley, CO 81092",Resident 1251,A-20251,2026-04-12,366054,gallons,,R6,
M-1252,"1864 South Loop, Wiley, CO 81092",Resident 1252,A-20252,2026-04-12,347521,gallons,,R1,
M-1253,"1871 Pioneer Rd, Wiley, CO 81092",Resident 1253,A-20253,2026-04-12,252893,gallons,,R2,
M-1254,"1878 Cottonwood Dr, Wiley, CO 81092",Resident 1254,A-20254,2026-04-12,399776,gallons,,R3,
M-1255,"1885 Sand Creek Rd, Wiley, CO 81092",Resident 1255,A-20255,2026-04-12,283553,gallons,,R4,
M-1256,"1892 Prairie View, Wiley, CO 81092",Resident 1256,A-20256,2026-04-12,308569,gallons,,R5,
M-1257,"1899 School House Rd, Wiley, CO 81092",Resident 1257,A-20257,2026-04-12,325332,gallons,,R6,
M-1258,"1906 Cemetery Rd, Wiley, CO 81092",Resident 1258,A-20258,2026-04-12,483400,gallons,,R1,
M-1259,"1913 Grain Elevator Rd, Wiley, CO 81092",Resident 1259,A-20259,2026-04-12,305732,gallons,,R2,
M-1260,"1920 Main St, Wiley, CO 81092",Resident 1260,A-20260,2026-04-12,193789,gallons,TAMPER,R3,
M-1261,"1927 County Rd 10, Wiley, CO 81092",Resident 1261,A-20261,2026-04-12,473728,gallons,,R4,
M-1262,"1934 County Rd 14, Wiley, CO 81092",Resident 1262,A-20262,2026-04-12,408154,gallons,,R5,
M-1263,"1941 Highway 287, Wiley, CO 81092",Resident 1263,A-20263,2026-04-12,335990,gallons,,R6,
M-1264,"1948 Maple Ave, Wiley, CO 81092",Resident 1264,A-20264,2026-04-12,348076,gallons,,R1,
M-1265,"1955 Oak St, Wiley, CO 81092",Resident 1265,A-20265,2026-04-12,429244,gallons,,R2,
M-1266,"1962 Elm St, Wiley, CO 81092",Resident 1266,A-20266,2026-04-12,208350,gallons,,R3,
M-1267,"1969 3rd Ave, Wiley, CO 81092",Resident 1267,A-20267,2026-04-12,334579,gallons,,R4,
M-1268,"1976 5th St, Wiley, CO 81092",Resident 1268,A-20268,2026-04-12,284273,gallons,,R5,
M-1269,"1983 Ranch Rd, Wiley, CO 81092",Resident 1269,A-20269,2026-04-12,301107,gallons,,R6,
M-1270,"1990 Irrigation Ln, Wiley, CO 81092",Resident 1270,A-20270,2026-04-12,342718,gallons,,R1,
M-1271,"1997 North Frontage, Wiley, CO 81092",Resident 1271,A-20271,2026-04-12,506503,gallons,,R2,
M-1272,"2004 South Loop, Wiley, CO 81092",Resident 1272,A-20272,2026-04-12,509697,gallons,,R3,
M-1273,"2011 Pioneer Rd, Wiley, CO 81092",Resident 1273,A-20273,2026-04-12,534305,gallons,,R4,
M-1274,"2018 Cottonwood Dr, Wiley, CO 81092",Resident 1274,A-20274,2026-04-12,342904,gallons,,R5,
M-1275,"2025 Sand Creek Rd, Wiley, CO 81092",Resident 1275,A-20275,2026-04-12,380805,gallons,,R6,
M-1276,"2032 Prairie View, Wiley, CO 81092",Resident 1276,A-20276,2026-04-12,413907,gallons,,R1,
M-1277,"2039 School House Rd, Wiley, CO 81092",Resident 1277,A-20277,2026-04-12,395820,gallons,,R2,
M-1278,"2046 Cemetery Rd, Wiley, CO 81092",Resident 1278,A-20278,2026-04-12,239849,gallons,,R3,
M-1279,"2053 Grain Elevator Rd, Wiley, CO 81092",Resident 1279,A-20279,2026-04-12,381051,gallons,,R4,
M-1280,"2060 Main St, Wiley, CO 81092",Resident 1280,A-20280,2026-04-12,361408,gallons,,R5,
M-1281,"2067 County Rd 10, Wiley, CO 81092",Resident 1281,A-20281,2026-04-12,297943,gallons,,R6,
M-1282,"2074 County Rd 14, Wiley, CO 81092",Resident 1282,A-20282,2026-04-12,516407,gallons,,R1,
M-1283,"2081 Highway 287, Wiley, CO 81092",Resident 1283,A-20283,2026-04-12,199031,gallons,,R2,
M-1284,"2088 Maple Ave, Wiley, CO 81092",Resident 1284,A-20284,2026-04-12,317813,gallons,,R3,
M-1285,"2095 Oak St, Wiley, CO 81092",Resident 1285,A-20285,2026-04-12,440304,gallons,,R4,
M-1286,"2102 Elm St, Wiley, CO 81092",Resident 1286,A-20286,2026-04-12,522922,gallons,,R5,
M-1287,"2109 3rd Ave, Wiley, CO 81092",Resident 1287,A-20287,2026-04-12,552821,gallons,,R6,
M-1288,"2116 5th St, Wiley, CO 81092",Resident 1288,A-20288,2026-04-12,421490,gallons,,R1,
M-1289,"2123 Ranch Rd, Wiley, CO 81092",Resident 1289,A-20289,2026-04-12,385275,gallons,,R2,
M-1290,"2130 Irrigation Ln, Wiley, CO 81092",Resident 1290,A-20290,2026-04-12,251424,gallons,,R3,
M-1291,"2137 North Frontage, Wiley, CO 81092",Resident 1291,A-20291,2026-04-12,330991,gallons,,R4,
M-1292,"2144 South Loop, Wiley, CO 81092",Resident 1292,A-20292,2026-04-12,274062,gallons,,R5,
M-1293,"2151 Pioneer Rd, Wiley, CO 81092",Resident 1293,A-20293,2026-04-12,224311,gallons,,R6,
M-1294,"2158 Cottonwood Dr, Wiley, CO 81092",Resident 1294,A-20294,2026-04-12,269837,gallons,,R1,
M-1295,"2165 Sand Creek Rd, Wiley, CO 81092",Resident 1295,A-20295,2026-04-12,300157,gallons,,R2,
M-1296,"2172 Prairie View, Wiley, CO 81092",Resident 1296,A-20296,2026-04-12,166683,gallons,,R3,
M-1297,"2179 School House Rd, Wiley, CO 81092",Resident 1297,A-20297,2026-04-12,140182,gallons,,R4,
M-1298,"2186 Cemetery Rd, Wiley, CO 81092",Resident 1298,A-20298,2026-04-12,263976,gallons,,R5,
M-1299,"2193 Grain Elevator Rd, Wiley, CO 81092",Resident 1299,A-20299,2026-04-12,375119,gallons,,R6,
M-1300,"2200 Main St, Wiley, CO 81092",Resident 1300,A-20300,2026-04-12,448987,gallons,,R1,
M-1001,"107 County Rd 10, Wiley, CO 81092",Resident 1001,A-20001,2026-05-13,490851,gallons,,R2,
M-1002,"114 County Rd 14, Wiley, CO 81092",Resident 1002,A-20002,2026-05-13,354414,gallons,,R3,
M-1003,"121 Highway 287, Wiley, CO 81092",Resident 1003,A-20003,2026-05-13,175844,gallons,,R4,
M-1004,"128 Maple Ave, Wiley, CO 81092",Resident 1004,A-20004,2026-05-13,453629,gallons,,R5,
M-1005,"135 Oak St, Wiley, CO 81092",Resident 1005,A-20005,2026-05-13,245566,gallons,,R6,
M-1006,"142 Elm St, Wiley, CO 81092",Resident 1006,A-20006,2026-05-13,288302,gallons,,R1,
M-1007,"149 3rd Ave, Wiley, CO 81092",Resident 1007,A-20007,2026-05-13,382751,gallons,,R2,
M-1008,"156 5th St, Wiley, CO 81092",Resident 1008,A-20008,2026-05-13,253875,gallons,,R3,
M-1009,"163 Ranch Rd, Wiley, CO 81092",Resident 1009,A-20009,2026-05-13,267417,gallons,,R4,
M-1010,"170 Irrigation Ln, Wiley, CO 81092",Resident 1010,A-20010,2026-05-13,349042,gallons,,R5,
M-1011,"177 North Frontage, Wiley, CO 81092",Resident 1011,A-20011,2026-05-13,504017,gallons,,R6,
M-1012,"184 South Loop, Wiley, CO 81092",Resident 1012,A-20012,2026-05-13,259260,gallons,,R1,
M-1013,"191 Pioneer Rd, Wiley, CO 81092",Resident 1013,A-20013,2026-05-13,219195,gallons,,R2,
M-1014,"198 Cottonwood Dr, Wiley, CO 81092",Resident 1014,A-20014,2026-05-13,456008,gallons,,R3,
M-1015,"205 Sand Creek Rd, Wiley, CO 81092",Resident 1015,A-20015,2026-05-13,490326,gallons,,R4,
M-1016,"212 Prairie View, Wiley, CO 81092",Resident 1016,A-20016,2026-05-13,182176,gallons,,R5,
M-1017,"219 School House Rd, Wiley, CO 81092",Resident 1017,A-20017,2026-05-13,151419,gallons,,R6,
M-1018,"226 Cemetery Rd, Wiley, CO 81092",Resident 1018,A-20018,2026-05-13,229270,gallons,,R1,
M-1019,"233 Grain Elevator Rd, Wiley, CO 81092",Resident 1019,A-20019,2026-05-13,202395,gallons,,R2,
M-1020,"240 Main St, Wiley, CO 81092",Resident 1020,A-20020,2026-05-13,346078,gallons,,R3,
M-1021,"247 County Rd 10, Wiley, CO 81092",Resident 1021,A-20021,2026-05-13,395645,gallons,,R4,
M-1022,"254 County Rd 14, Wiley, CO 81092",Resident 1022,A-20022,2026-05-13,438514,gallons,LOW_BATTERY,R5,
M-1023,"261 Highway 287, Wiley, CO 81092",Resident 1023,A-20023,2026-05-13,317752,gallons,,R6,
M-1024,"268 Maple Ave, Wiley, CO 81092",Resident 1024,A-20024,2026-05-13,315585,gallons,,R1,
M-1025,"275 Oak St, Wiley, CO 81092",Resident 1025,A-20025,2026-05-13,231865,gallons,,R2,
M-1026,"282 Elm St, Wiley, CO 81092",Resident 1026,A-20026,2026-05-13,221893,gallons,,R3,
M-1027,"289 3rd Ave, Wiley, CO 81092",Resident 1027,A-20027,2026-05-13,427775,gallons,,R4,
M-1028,"296 5th St, Wiley, CO 81092",Resident 1028,A-20028,2026-05-13,216327,gallons,,R5,
M-1029,"303 Ranch Rd, Wiley, CO 81092",Resident 1029,A-20029,2026-05-13,430573,gallons,,R6,
M-1030,"310 Irrigation Ln, Wiley, CO 81092",Resident 1030,A-20030,2026-05-13,337662,gallons,,R1,
M-1031,"317 North Frontage, Wiley, CO 81092",Resident 1031,A-20031,2026-05-13,413952,gallons,,R2,
M-1032,"324 South Loop, Wiley, CO 81092",Resident 1032,A-20032,2026-05-13,288156,gallons,,R3,
M-1033,"331 Pioneer Rd, Wiley, CO 81092",Resident 1033,A-20033,2026-05-13,820641,gallons,,R4,
M-1034,"338 Cottonwood Dr, Wiley, CO 81092",Resident 1034,A-20034,2026-05-13,499746,gallons,,R5,
M-1035,"345 Sand Creek Rd, Wiley, CO 81092",Resident 1035,A-20035,2026-05-13,494769,gallons,,R6,
M-1036,"352 Prairie View, Wiley, CO 81092",Resident 1036,A-20036,2026-05-13,354128,gallons,,R1,
M-1037,"359 School House Rd, Wiley, CO 81092",Resident 1037,A-20037,2026-05-13,316061,gallons,,R2,
M-1038,"366 Cemetery Rd, Wiley, CO 81092",Resident 1038,A-20038,2026-05-13,227023,gallons,,R3,
M-1039,"373 Grain Elevator Rd, Wiley, CO 81092",Resident 1039,A-20039,2026-05-13,376611,gallons,,R4,
M-1040,"380 Main St, Wiley, CO 81092",Resident 1040,A-20040,2026-05-13,286363,gallons,,R5,
M-1041,"387 County Rd 10, Wiley, CO 81092",Resident 1041,A-20041,2026-05-13,193485,gallons,,R6,
M-1042,"394 County Rd 14, Wiley, CO 81092",Resident 1042,A-20042,2026-05-13,449445,gallons,,R1,
M-1043,"401 Highway 287, Wiley, CO 81092",Resident 1043,A-20043,2026-05-13,408854,gallons,,R2,
M-1044,"408 Maple Ave, Wiley, CO 81092",Resident 1044,A-20044,2026-05-13,167648,gallons,,R3,
M-1045,"415 Oak St, Wiley, CO 81092",Resident 1045,A-20045,2026-05-13,403339,gallons,,R4,
M-1046,"422 Elm St, Wiley, CO 81092",Resident 1046,A-20046,2026-05-13,185718,gallons,,R5,
M-1047,"429 3rd Ave, Wiley, CO 81092",Resident 1047,A-20047,2026-05-13,133612,gallons,,R6,
M-1048,"436 5th St, Wiley, CO 81092",Resident 1048,A-20048,2026-05-13,421107,gallons,,R1,
M-1049,"443 Ranch Rd, Wiley, CO 81092",Resident 1049,A-20049,2026-05-13,415638,gallons,,R2,
M-1050,"450 Irrigation Ln, Wiley, CO 81092",Resident 1050,A-20050,2026-05-13,378536,gallons,,R3,
M-1051,"457 North Frontage, Wiley, CO 81092",Resident 1051,A-20051,2026-05-13,438474,gallons,,R4,
M-1052,"464 South Loop, Wiley, CO 81092",Resident 1052,A-20052,2026-05-13,242207,gallons,,R5,
M-1053,"471 Pioneer Rd, Wiley, CO 81092",Resident 1053,A-20053,2026-05-13,237647,gallons,,R6,
M-1054,"478 Cottonwood Dr, Wiley, CO 81092",Resident 1054,A-20054,2026-05-13,412490,gallons,,R1,
M-1055,"485 Sand Creek Rd, Wiley, CO 81092",Resident 1055,A-20055,2026-05-13,140461,gallons,,R2,
M-1056,"492 Prairie View, Wiley, CO 81092",Resident 1056,A-20056,2026-05-13,325166,gallons,,R3,
M-1057,"499 School House Rd, Wiley, CO 81092",Resident 1057,A-20057,2026-05-13,216114,gallons,,R4,
M-1058,"506 Cemetery Rd, Wiley, CO 81092",Resident 1058,A-20058,2026-05-13,504812,gallons,,R5,
M-1059,"513 Grain Elevator Rd, Wiley, CO 81092",Resident 1059,A-20059,2026-05-13,158044,gallons,,R6,
M-1060,"520 Main St, Wiley, CO 81092",Resident 1060,A-20060,2026-05-13,290772,gallons,,R1,
M-1061,"527 County Rd 10, Wiley, CO 81092",Resident 1061,A-20061,2026-05-13,324655,gallons,,R2,
M-1062,"534 County Rd 14, Wiley, CO 81092",Resident 1062,A-20062,2026-05-13,256574,gallons,,R3,
M-1063,"541 Highway 287, Wiley, CO 81092",Resident 1063,A-20063,2026-05-13,449408,gallons,,R4,
M-1064,"548 Maple Ave, Wiley, CO 81092",Resident 1064,A-20064,2026-05-13,342034,gallons,,R5,
M-1065,"555 Oak St, Wiley, CO 81092",Resident 1065,A-20065,2026-05-13,509317,gallons,,R6,
M-1066,"562 Elm St, Wiley, CO 81092",Resident 1066,A-20066,2026-05-13,475953,gallons,,R1,
M-1067,"569 3rd Ave, Wiley, CO 81092",Resident 1067,A-20067,2026-05-13,222415,gallons,,R2,
M-1068,"576 5th St, Wiley, CO 81092",Resident 1068,A-20068,2026-05-13,455532,gallons,,R3,
M-1069,"583 Ranch Rd, Wiley, CO 81092",Resident 1069,A-20069,2026-05-13,270728,gallons,,R4,
M-1070,"590 Irrigation Ln, Wiley, CO 81092",Resident 1070,A-20070,2026-05-13,331047,gallons,,R5,
M-1071,"597 North Frontage, Wiley, CO 81092",Resident 1071,A-20071,2026-05-13,451553,gallons,,R6,
M-1072,"604 South Loop, Wiley, CO 81092",Resident 1072,A-20072,2026-05-13,528393,gallons,,R1,
M-1073,"611 Pioneer Rd, Wiley, CO 81092",Resident 1073,A-20073,2026-05-13,436534,gallons,,R2,
M-1074,"618 Cottonwood Dr, Wiley, CO 81092",Resident 1074,A-20074,2026-05-13,422288,gallons,,R3,
M-1075,"625 Sand Creek Rd, Wiley, CO 81092",Resident 1075,A-20075,2026-05-13,278858,gallons,,R4,
M-1076,"632 Prairie View, Wiley, CO 81092",New Occupant 1076,A-20076,2026-05-13,275815,gallons,,R5,
M-1077,"639 School House Rd, Wiley, CO 81092",Resident 1077,A-20077,2026-05-13,223717,gallons,,R6,
M-1078,"646 Cemetery Rd, Wiley, CO 81092",Resident 1078,A-20078,2026-05-13,336559,gallons,,R1,
M-1079,"653 Grain Elevator Rd, Wiley, CO 81092",Resident 1079,A-20079,2026-05-13,276947,gallons,,R2,
M-1080,"660 Main St, Wiley, CO 81092",Resident 1080,A-20080,2026-05-13,317329,gallons,,R3,
M-1081,"667 County Rd 10, Wiley, CO 81092",Resident 1081,A-20081,2026-05-13,420794,gallons,,R4,
M-1082,"674 County Rd 14, Wiley, CO 81092",Resident 1082,A-20082,2026-05-13,230309,gallons,,R5,
M-1083,"681 Highway 287, Wiley, CO 81092",Resident 1083,A-20083,2026-05-13,465191,gallons,,R6,
M-1084,"688 Maple Ave, Wiley, CO 81092",Resident 1084,A-20084,2026-05-13,321711,gallons,,R1,
M-1085,"695 Oak St, Wiley, CO 81092",Resident 1085,A-20085,2026-05-13,399951,gallons,,R2,
M-1086,"702 Elm St, Wiley, CO 81092",Resident 1086,A-20086,2026-05-13,304399,gallons,,R3,
M-1087,"709 3rd Ave, Wiley, CO 81092",Resident 1087,A-20087,2026-05-13,254671,gallons,,R4,
M-1088,"716 5th St, Wiley, CO 81092",Resident 1088,A-20088,2026-05-13,151768,gallons,,R5,
M-1089,"723 Ranch Rd, Wiley, CO 81092",Resident 1089,A-20089,2026-05-13,700746,gallons,,R6,
M-1090,"730 Irrigation Ln, Wiley, CO 81092",Resident 1090,A-20090,2026-05-13,529309,gallons,,R1,
M-1091,"737 North Frontage, Wiley, CO 81092",Resident 1091,A-20091,2026-05-13,506948,gallons,,R2,
M-1092,"744 South Loop, Wiley, CO 81092",Resident 1092,A-20092,2026-05-13,183591,gallons,,R3,
M-1093,"751 Pioneer Rd, Wiley, CO 81092",Resident 1093,A-20093,2026-05-13,235653,gallons,,R4,
M-1094,"758 Cottonwood Dr, Wiley, CO 81092",Resident 1094,A-20094,2026-05-13,509345,gallons,,R5,
M-1095,"765 Sand Creek Rd, Wiley, CO 81092",Resident 1095,A-20095,2026-05-13,255008,gallons,,R6,
M-1096,"772 Prairie View, Wiley, CO 81092",Resident 1096,A-20096,2026-05-13,394101,gallons,,R1,
M-1097,"779 School House Rd, Wiley, CO 81092",Resident 1097,A-20097,2026-05-13,320068,gallons,,R2,
M-1098,"786 Cemetery Rd, Wiley, CO 81092",Resident 1098,A-20098,2026-05-13,240043,gallons,,R3,
M-1099,"793 Grain Elevator Rd, Wiley, CO 81092",Resident 1099,A-20099,2026-05-13,329894,gallons,,R4,
M-1100,"800 Main St, Wiley, CO 81092",Resident 1100,A-20100,2026-05-13,244162,gallons,,R5,
M-1101,"807 County Rd 10, Wiley, CO 81092",Resident 1101,A-20101,2026-05-13,342604,gallons,,R6,
M-1102,"814 County Rd 14, Wiley, CO 81092",Resident 1102,A-20102,2026-05-13,395573,gallons,,R1,
M-1103,"821 Highway 287, Wiley, CO 81092",Resident 1103,A-20103,2026-05-13,291481,gallons,,R2,
M-1104,"828 Maple Ave, Wiley, CO 81092",Resident 1104,A-20104,2026-05-13,301329,gallons,,R3,
M-1105,"835 Oak St, Wiley, CO 81092",Resident 1105,A-20105,2026-05-13,389416,gallons,,R4,
M-1106,"842 Elm St, Wiley, CO 81092",Resident 1106,A-20106,2026-05-13,523611,gallons,,R5,
M-1107,"849 3rd Ave, Wiley, CO 81092",Resident 1107,A-20107,2026-05-13,268470,gallons,,R6,
M-1108,"856 5th St, Wiley, CO 81092",Resident 1108,A-20108,2026-05-13,459888,gallons,,R1,
M-1109,"863 Ranch Rd, Wiley, CO 81092",Resident 1109,A-20109,2026-05-13,449612,gallons,,R2,
M-1110,"870 Irrigation Ln, Wiley, CO 81092",Resident 1110,A-20110,2026-05-13,433666,gallons,,R3,
M-1111,"877 North Frontage, Wiley, CO 81092",Resident 1111,A-20111,2026-05-13,175554,gallons,,R4,
M-1112,"884 South Loop, Wiley, CO 81092",Resident 1112,A-20112,2026-05-13,432933,gallons,,R5,
M-1113,"891 Pioneer Rd, Wiley, CO 81092",Resident 1113,A-20113,2026-05-13,268090,gallons,,R6,
M-1114,"898 Cottonwood Dr, Wiley, CO 81092",Resident 1114,A-20114,2026-05-13,482354,gallons,,R1,
M-1115,"905 Sand Creek Rd, Wiley, CO 81092",Resident 1115,A-20115,2026-05-13,254316,gallons,,R2,
M-1116,"912 Prairie View, Wiley, CO 81092",Resident 1116,A-20116,2026-05-13,295298,gallons,,R3,
M-1117,"919 School House Rd, Wiley, CO 81092",Resident 1117,A-20117,2026-05-13,293494,gallons,,R4,
M-1118,"926 Cemetery Rd, Wiley, CO 81092",Resident 1118,A-20118,2026-05-13,186982,gallons,,R5,
M-1119,"933 Grain Elevator Rd, Wiley, CO 81092",Resident 1119,A-20119,2026-05-13,271494,gallons,,R6,
M-1120,"940 Main St, Wiley, CO 81092",Resident 1120,A-20120,2026-05-13,475137,gallons,,R1,
M-1121,"947 County Rd 10, Wiley, CO 81092",Resident 1121,A-20121,2026-05-13,247640,gallons,,R2,
M-1122,"954 County Rd 14, Wiley, CO 81092",Resident 1122,A-20122,2026-05-13,361747,gallons,,R3,
M-1123,"961 Highway 287, Wiley, CO 81092",Resident 1123,A-20123,2026-05-13,331571,gallons,,R4,
M-1124,"968 Maple Ave, Wiley, CO 81092",Resident 1124,A-20124,2026-05-13,441996,gallons,,R5,
M-1125,"975 Oak St, Wiley, CO 81092",Resident 1125,A-20125,2026-05-13,255278,gallons,,R6,
M-1126,"982 Elm St, Wiley, CO 81092",Resident 1126,A-20126,2026-05-13,303399,gallons,,R1,
M-1127,"989 3rd Ave, Wiley, CO 81092",Resident 1127,A-20127,2026-05-13,251311,gallons,,R2,
M-1128,"996 5th St, Wiley, CO 81092",Resident 1128,A-20128,2026-05-13,568077,gallons,,R3,
M-1129,"1003 Ranch Rd, Wiley, CO 81092",Resident 1129,A-20129,2026-05-13,338687,gallons,,R4,
M-1130,"1010 Irrigation Ln, Wiley, CO 81092",Resident 1130,A-20130,2026-05-13,464463,gallons,,R5,
M-1131,"1017 North Frontage, Wiley, CO 81092",Resident 1131,A-20131,2026-05-13,400562,gallons,,R6,
M-1132,"1024 South Loop, Wiley, CO 81092",Resident 1132,A-20132,2026-05-13,364177,gallons,,R1,
M-1133,"1031 Pioneer Rd, Wiley, CO 81092",Resident 1133,A-20133,2026-05-13,225245,gallons,,R2,
M-1134,"1038 Cottonwood Dr, Wiley, CO 81092",Resident 1134,A-20134,2026-05-13,222791,gallons,,R3,
M-1135,"1045 Sand Creek Rd, Wiley, CO 81092",Resident 1135,A-20135,2026-05-13,533833,gallons,,R4,
M-1136,"1052 Prairie View, Wiley, CO 81092",Resident 1136,A-20136,2026-05-13,395321,gallons,,R5,
M-1137,"1059 School House Rd, Wiley, CO 81092",Resident 1137,A-20137,2026-05-13,308730,gallons,,R6,
M-1138,"1066 Cemetery Rd, Wiley, CO 81092",Resident 1138,A-20138,2026-05-13,163948,gallons,,R1,
M-1139,"1073 Grain Elevator Rd, Wiley, CO 81092",Resident 1139,A-20139,2026-05-13,124265,gallons,,R2,
M-1140,"1080 Main St, Wiley, CO 81092",Resident 1140,A-20140,2026-05-13,363839,gallons,TAMPER,R3,
M-1141,"1087 County Rd 10, Wiley, CO 81092",Resident 1141,A-20141,2026-05-13,255784,gallons,,R4,
M-1142,"1094 County Rd 14, Wiley, CO 81092",Resident 1142,A-20142,2026-05-13,449794,gallons,,R5,
M-1143,"1101 Highway 287, Wiley, CO 81092",Resident 1143,A-20143,2026-05-13,370552,gallons,,R6,
M-1144,"1108 Maple Ave, Wiley, CO 81092",Resident 1144,A-20144,2026-05-13,191390,gallons,,R1,
M-1145,"1115 Oak St, Wiley, CO 81092",Resident 1145,A-20145,2026-05-13,351355,gallons,,R2,
M-1146,"1122 Elm St, Wiley, CO 81092",Resident 1146,A-20146,2026-05-13,414902,gallons,,R3,
M-1147,"1129 3rd Ave, Wiley, CO 81092",Resident 1147,A-20147,2026-05-13,435499,gallons,,R4,
M-1148,"1136 5th St, Wiley, CO 81092",Resident 1148,A-20148,2026-05-13,420120,gallons,,R5,
M-1149,"1143 Ranch Rd, Wiley, CO 81092",Resident 1149,A-20149,2026-05-13,224569,gallons,,R6,
M-1150,"1150 Irrigation Ln, Wiley, CO 81092",Resident 1150,A-20150,2026-05-13,236246,gallons,,R1,
M-1151,"1157 North Frontage, Wiley, CO 81092",Resident 1151,A-20151,2026-05-13,247398,gallons,,R2,
M-1152,"1164 South Loop, Wiley, CO 81092",Resident 1152,A-20152,2026-05-13,188517,gallons,,R3,
M-1153,"1171 Pioneer Rd, Wiley, CO 81092",Resident 1153,A-20153,2026-05-13,456736,gallons,,R4,
M-1154,"1178 Cottonwood Dr, Wiley, CO 81092",Resident 1154,A-20154,2026-05-13,189751,gallons,,R5,
M-1155,"1185 Sand Creek Rd, Wiley, CO 81092",Resident 1155,A-20155,2026-05-13,398607,gallons,,R6,
M-1156,"1192 Prairie View, Wiley, CO 81092",Resident 1156,A-20156,2026-05-13,922025,gallons,,R1,
M-1157,"1199 School House Rd, Wiley, CO 81092",Resident 1157,A-20157,2026-05-13,484333,gallons,,R2,
M-1158,"1206 Cemetery Rd, Wiley, CO 81092",Resident 1158,A-20158,2026-05-13,219558,gallons,,R3,
M-1159,"1213 Grain Elevator Rd, Wiley, CO 81092",Resident 1159,A-20159,2026-05-13,424222,gallons,,R4,
M-1160,"1220 Main St, Wiley, CO 81092",Resident 1160,A-20160,2026-05-13,166982,gallons,,R5,
M-1161,"1227 County Rd 10, Wiley, CO 81092",Resident 1161,A-20161,2026-05-13,244809,gallons,,R6,
M-1162,"1234 County Rd 14, Wiley, CO 81092",Resident 1162,A-20162,2026-05-13,391060,gallons,,R1,
M-1163,"1241 Highway 287, Wiley, CO 81092",Resident 1163,A-20163,2026-05-13,311231,gallons,,R2,
M-1164,"1248 Maple Ave, Wiley, CO 81092",Resident 1164,A-20164,2026-05-13,240313,gallons,,R3,
M-1165,"1255 Oak St, Wiley, CO 81092",Resident 1165,A-20165,2026-05-13,382444,gallons,,R4,
M-1166,"1262 Elm St, Wiley, CO 81092",Resident 1166,A-20166,2026-05-13,350389,gallons,,R5,
M-1167,"1269 3rd Ave, Wiley, CO 81092",Resident 1167,A-20167,2026-05-13,276080,gallons,,R6,
M-1168,"1276 5th St, Wiley, CO 81092",Resident 1168,A-20168,2026-05-13,586020,gallons,,R1,
M-1169,"1283 Ranch Rd, Wiley, CO 81092",Resident 1169,A-20169,2026-05-13,267022,gallons,,R2,
M-1170,"1290 Irrigation Ln, Wiley, CO 81092",Resident 1170,A-20170,2026-05-13,330938,gallons,,R3,
M-1171,"1297 North Frontage, Wiley, CO 81092",Resident 1171,A-20171,2026-05-13,413836,gallons,,R4,
M-1172,"1304 South Loop, Wiley, CO 81092",Resident 1172,A-20172,2026-05-13,360826,gallons,,R5,
M-1173,"1311 Pioneer Rd, Wiley, CO 81092",Resident 1173,A-20173,2026-05-13,505170,gallons,,R6,
M-1174,"1318 Cottonwood Dr, Wiley, CO 81092",Resident 1174,A-20174,2026-05-13,206621,gallons,,R1,
M-1175,"1325 Sand Creek Rd, Wiley, CO 81092",Resident 1175,A-20175,2026-05-13,301616,gallons,,R2,
M-1176,"1332 Prairie View, Wiley, CO 81092",Resident 1176,A-20176,2026-05-13,184794,gallons,,R3,
M-1177,"1339 School House Rd, Wiley, CO 81092",Resident 1177,A-20177,2026-05-13,321488,gallons,,R4,
M-1178,"1346 Cemetery Rd, Wiley, CO 81092",Resident 1178,A-20178,2026-05-13,452407,gallons,,R5,
M-1179,"1353 Grain Elevator Rd, Wiley, CO 81092",Resident 1179,A-20179,2026-05-13,162228,gallons,,R6,
M-1180,"1360 Main St, Wiley, CO 81092",Resident 1180,A-20180,2026-05-13,282171,gallons,,R1,
M-1181,"1367 County Rd 10, Wiley, CO 81092",Resident 1181,A-20181,2026-05-13,408027,gallons,,R2,
M-1182,"1374 County Rd 14, Wiley, CO 81092",Resident 1182,A-20182,2026-05-13,346273,gallons,,R3,
M-1183,"1381 Highway 287, Wiley, CO 81092",Resident 1183,A-20183,2026-05-13,322072,gallons,,R4,
M-1184,"1388 Maple Ave, Wiley, CO 81092",Resident 1184,A-20184,2026-05-13,257321,gallons,,R5,
M-1185,"1395 Oak St, Wiley, CO 81092",Resident 1185,A-20185,2026-05-13,293833,gallons,,R6,
M-1186,"1402 Elm St, Wiley, CO 81092",Resident 1186,A-20186,2026-05-13,210318,gallons,,R1,
M-1187,"1409 3rd Ave, Wiley, CO 81092",Resident 1187,A-20187,2026-05-13,419710,gallons,,R2,
M-1188,"1416 5th St, Wiley, CO 81092",Resident 1188,A-20188,2026-05-13,207768,gallons,,R3,
M-1189,"1423 Ranch Rd, Wiley, CO 81092",Resident 1189,A-20189,2026-05-13,454654,gallons,,R4,
M-1190,"1430 Irrigation Ln, Wiley, CO 81092",Resident 1190,A-20190,2026-05-13,249658,gallons,,R5,
M-1191,"1437 North Frontage, Wiley, CO 81092",New Occupant 1191,A-20191,2026-05-13,228461,gallons,,R6,
M-1192,"1444 South Loop, Wiley, CO 81092",Resident 1192,A-20192,2026-05-13,409609,gallons,,R1,
M-1193,"1451 Pioneer Rd, Wiley, CO 81092",Resident 1193,A-20193,2026-05-13,417401,gallons,,R2,
M-1194,"1458 Cottonwood Dr, Wiley, CO 81092",Resident 1194,A-20194,2026-05-13,290122,gallons,,R3,
M-1195,"1465 Sand Creek Rd, Wiley, CO 81092",Resident 1195,A-20195,2026-05-13,317150,gallons,,R4,
M-1196,"1472 Prairie View, Wiley, CO 81092",Resident 1196,A-20196,2026-05-13,314349,gallons,,R5,
M-1197,"1479 School House Rd, Wiley, CO 81092",Resident 1197,A-20197,2026-05-13,111581,gallons,,R6,
M-1198,"1486 Cemetery Rd, Wiley, CO 81092",Resident 1198,A-20198,2026-05-13,555416,gallons,,R1,
M-1199,"1493 Grain Elevator Rd, Wiley, CO 81092",Resident 1199,A-20199,2026-05-13,260672,gallons,,R2,
M-1200,"1500 Main St, Wiley, CO 81092",Resident 1200,A-20200,2026-05-13,395452,gallons,,R3,
M-1201,"1507 County Rd 10, Wiley, CO 81092",Resident 1201,A-20201,2026-05-13,273649,gallons,,R4,
M-1202,"1514 County Rd 14, Wiley, CO 81092",Resident 1202,A-20202,2026-05-13,263927,gallons,,R5,
M-1203,"1521 Highway 287, Wiley, CO 81092",Resident 1203,A-20203,2026-05-13,183866,gallons,,R6,
M-1204,"1528 Maple Ave, Wiley, CO 81092",Resident 1204,A-20204,2026-05-13,297494,gallons,,R1,
M-1205,"1535 Oak St, Wiley, CO 81092",Resident 1205,A-20205,2026-05-13,327579,gallons,,R2,
M-1206,"1542 Elm St, Wiley, CO 81092",Resident 1206,A-20206,2026-05-13,444947,gallons,,R3,
M-1207,"1549 3rd Ave, Wiley, CO 81092",Resident 1207,A-20207,2026-05-13,412329,gallons,,R4,
M-1208,"1556 5th St, Wiley, CO 81092",Resident 1208,A-20208,2026-05-13,405704,gallons,,R5,
M-1209,"1563 Ranch Rd, Wiley, CO 81092",Resident 1209,A-20209,2026-05-13,392096,gallons,,R6,
M-1210,"1570 Irrigation Ln, Wiley, CO 81092",Resident 1210,A-20210,2026-05-13,286981,gallons,,R1,
M-1211,"1577 North Frontage, Wiley, CO 81092",Resident 1211,A-20211,2026-05-13,247344,gallons,,R2,
M-1212,"1584 South Loop, Wiley, CO 81092",Resident 1212,A-20212,2026-05-13,248569,gallons,,R3,
M-1213,"1591 Pioneer Rd, Wiley, CO 81092",Resident 1213,A-20213,2026-05-13,248878,gallons,,R4,
M-1214,"1598 Cottonwood Dr, Wiley, CO 81092",Resident 1214,A-20214,2026-05-13,330114,gallons,,R5,
M-1215,"1605 Sand Creek Rd, Wiley, CO 81092",Resident 1215,A-20215,2026-05-13,498876,gallons,,R6,
M-1216,"1612 Prairie View, Wiley, CO 81092",Resident 1216,A-20216,2026-05-13,371480,gallons,,R1,
M-1217,"1619 School House Rd, Wiley, CO 81092",Resident 1217,A-20217,2026-05-13,141838,gallons,,R2,
M-1218,"1626 Cemetery Rd, Wiley, CO 81092",Resident 1218,A-20218,2026-05-13,176024,gallons,,R3,
M-1219,"1633 Grain Elevator Rd, Wiley, CO 81092",Resident 1219,A-20219,2026-05-13,526816,gallons,,R4,
M-1220,"1640 Main St, Wiley, CO 81092",Resident 1220,A-20220,2026-05-13,409476,gallons,,R5,
M-1221,"1647 County Rd 10, Wiley, CO 81092",Resident 1221,A-20221,2026-05-13,378048,gallons,,R6,
M-1222,"1654 County Rd 14, Wiley, CO 81092",Resident 1222,A-20222,2026-05-13,291864,gallons,,R1,
M-1223,"1661 Highway 287, Wiley, CO 81092",Resident 1223,A-20223,2026-05-13,372926,gallons,,R2,
M-1224,"1668 Maple Ave, Wiley, CO 81092",Resident 1224,A-20224,2026-05-13,512982,gallons,,R3,
M-1225,"1675 Oak St, Wiley, CO 81092",Resident 1225,A-20225,2026-05-13,475892,gallons,,R4,
M-1226,"1682 Elm St, Wiley, CO 81092",Resident 1226,A-20226,2026-05-13,232876,gallons,,R5,
M-1227,"1689 3rd Ave, Wiley, CO 81092",Resident 1227,A-20227,2026-05-13,335812,gallons,,R6,
M-1228,"1696 5th St, Wiley, CO 81092",Resident 1228,A-20228,2026-05-13,500648,gallons,,R1,
M-1229,"1703 Ranch Rd, Wiley, CO 81092",Resident 1229,A-20229,2026-05-13,337966,gallons,,R2,
M-1230,"1710 Irrigation Ln, Wiley, CO 81092",Resident 1230,A-20230,2026-05-13,368829,gallons,,R3,
M-1231,"1717 North Frontage, Wiley, CO 81092",Resident 1231,A-20231,2026-05-13,245584,gallons,,R4,
M-1232,"1724 South Loop, Wiley, CO 81092",Resident 1232,A-20232,2026-05-13,363725,gallons,,R5,
M-1233,"1731 Pioneer Rd, Wiley, CO 81092",Resident 1233,A-20233,2026-05-13,227124,gallons,,R6,
M-1234,"1738 Cottonwood Dr, Wiley, CO 81092",Resident 1234,A-20234,2026-05-13,426414,gallons,,R1,
M-1235,"1745 Sand Creek Rd, Wiley, CO 81092",Resident 1235,A-20235,2026-05-13,455936,gallons,,R2,
M-1236,"1752 Prairie View, Wiley, CO 81092",Resident 1236,A-20236,2026-05-13,322727,gallons,,R3,
M-1237,"1759 School House Rd, Wiley, CO 81092",Resident 1237,A-20237,2026-05-13,412827,gallons,,R4,
M-1238,"1766 Cemetery Rd, Wiley, CO 81092",Resident 1238,A-20238,2026-05-13,393328,gallons,,R5,
M-1239,"1773 Grain Elevator Rd, Wiley, CO 81092",Resident 1239,A-20239,2026-05-13,211789,gallons,,R6,
M-1240,"1780 Main St, Wiley, CO 81092",Resident 1240,A-20240,2026-05-13,542510,gallons,,R1,
M-1241,"1787 County Rd 10, Wiley, CO 81092",Resident 1241,A-20241,2026-05-13,353073,gallons,,R2,
M-1242,"1794 County Rd 14, Wiley, CO 81092",Resident 1242,A-20242,2026-05-13,447848,gallons,,R3,
M-1243,"1801 Highway 287, Wiley, CO 81092",Resident 1243,A-20243,2026-05-13,307852,gallons,,R4,
M-1244,"1808 Maple Ave, Wiley, CO 81092",Resident 1244,A-20244,2026-05-13,865690,gallons,,R5,
M-1245,"1815 Oak St, Wiley, CO 81092",Resident 1245,A-20245,2026-05-13,173331,gallons,,R6,
M-1246,"1822 Elm St, Wiley, CO 81092",Resident 1246,A-20246,2026-05-13,316743,gallons,,R1,
M-1247,"1829 3rd Ave, Wiley, CO 81092",Resident 1247,A-20247,2026-05-13,368193,gallons,,R2,
M-1248,"1836 5th St, Wiley, CO 81092",Resident 1248,A-20248,2026-05-13,367772,gallons,,R3,
M-1249,"1843 Ranch Rd, Wiley, CO 81092",Resident 1249,A-20249,2026-05-13,547325,gallons,,R4,
M-1250,"1850 Irrigation Ln, Wiley, CO 81092",Resident 1250,A-20250,2026-05-13,353270,gallons,,R5,
M-1251,"1857 North Frontage, Wiley, CO 81092",Resident 1251,A-20251,2026-05-13,372972,gallons,,R6,
M-1252,"1864 South Loop, Wiley, CO 81092",Resident 1252,A-20252,2026-05-13,352664,gallons,,R1,
M-1253,"1871 Pioneer Rd, Wiley, CO 81092",Resident 1253,A-20253,2026-05-13,255520,gallons,,R2,
M-1254,"1878 Cottonwood Dr, Wiley, CO 81092",Resident 1254,A-20254,2026-05-13,402742,gallons,,R3,
M-1255,"1885 Sand Creek Rd, Wiley, CO 81092",Resident 1255,A-20255,2026-05-13,293667,gallons,,R4,
M-1256,"1892 Prairie View, Wiley, CO 81092",Resident 1256,A-20256,2026-05-13,316544,gallons,,R5,
M-1257,"1899 School House Rd, Wiley, CO 81092",Resident 1257,A-20257,2026-05-13,328344,gallons,,R6,
M-1258,"1906 Cemetery Rd, Wiley, CO 81092",Resident 1258,A-20258,2026-05-13,488093,gallons,,R1,
M-1259,"1913 Grain Elevator Rd, Wiley, CO 81092",Resident 1259,A-20259,2026-05-13,309117,gallons,,R2,
M-1260,"1920 Main St, Wiley, CO 81092",Resident 1260,A-20260,2026-05-13,196904,gallons,TAMPER,R3,
M-1261,"1927 County Rd 10, Wiley, CO 81092",Resident 1261,A-20261,2026-05-13,479584,gallons,,R4,
M-1262,"1934 County Rd 14, Wiley, CO 81092",Resident 1262,A-20262,2026-05-13,411211,gallons,,R5,
M-1263,"1941 Highway 287, Wiley, CO 81092",Resident 1263,A-20263,2026-05-13,342362,gallons,,R6,
M-1264,"1948 Maple Ave, Wiley, CO 81092",Resident 1264,A-20264,2026-05-13,353063,gallons,,R1,
M-1265,"1955 Oak St, Wiley, CO 81092",Resident 1265,A-20265,2026-05-13,433817,gallons,,R2,
M-1266,"1962 Elm St, Wiley, CO 81092",Resident 1266,A-20266,2026-05-13,216646,gallons,,R3,
M-1267,"1969 3rd Ave, Wiley, CO 81092",Resident 1267,A-20267,2026-05-13,342186,gallons,,R4,
M-1268,"1976 5th St, Wiley, CO 81092",Resident 1268,A-20268,2026-05-13,288757,gallons,,R5,
M-1269,"1983 Ranch Rd, Wiley, CO 81092",Resident 1269,A-20269,2026-05-13,309819,gallons,,R6,
M-1270,"1990 Irrigation Ln, Wiley, CO 81092",Resident 1270,A-20270,2026-05-13,346839,gallons,,R1,
M-1271,"1997 North Frontage, Wiley, CO 81092",Resident 1271,A-20271,2026-05-13,506503,gallons,,R2,
M-1272,"2004 South Loop, Wiley, CO 81092",Resident 1272,A-20272,2026-05-13,517761,gallons,,R3,
M-1273,"2011 Pioneer Rd, Wiley, CO 81092",Resident 1273,A-20273,2026-05-13,543204,gallons,,R4,
M-1274,"2018 Cottonwood Dr, Wiley, CO 81092",Resident 1274,A-20274,2026-05-13,350154,gallons,,R5,
M-1275,"2025 Sand Creek Rd, Wiley, CO 81092",Resident 1275,A-20275,2026-05-13,385671,gallons,,R6,
M-1276,"2032 Prairie View, Wiley, CO 81092",Resident 1276,A-20276,2026-05-13,421092,gallons,,R1,
M-1277,"2039 School House Rd, Wiley, CO 81092",Resident 1277,A-20277,2026-05-13,401898,gallons,,R2,
M-1278,"2046 Cemetery Rd, Wiley, CO 81092",Resident 1278,A-20278,2026-05-13,243892,gallons,,R3,
M-1279,"2053 Grain Elevator Rd, Wiley, CO 81092",Resident 1279,A-20279,2026-05-13,384760,gallons,,R4,
M-1280,"2060 Main St, Wiley, CO 81092",Resident 1280,A-20280,2026-05-13,365073,gallons,,R5,
M-1281,"2067 County Rd 10, Wiley, CO 81092",Resident 1281,A-20281,2026-05-13,307132,gallons,,R6,
M-1282,"2074 County Rd 14, Wiley, CO 81092",Resident 1282,A-20282,2026-05-13,523421,gallons,,R1,
M-1283,"2081 Highway 287, Wiley, CO 81092",Resident 1283,A-20283,2026-05-13,204932,gallons,,R2,
M-1284,"2088 Maple Ave, Wiley, CO 81092",Resident 1284,A-20284,2026-05-13,323838,gallons,,R3,
M-1285,"2095 Oak St, Wiley, CO 81092",Resident 1285,A-20285,2026-05-13,446375,gallons,,R4,
M-1286,"2102 Elm St, Wiley, CO 81092",Resident 1286,A-20286,2026-05-13,530021,gallons,,R5,
M-1287,"2109 3rd Ave, Wiley, CO 81092",Resident 1287,A-20287,2026-05-13,563129,gallons,,R6,
M-1288,"2116 5th St, Wiley, CO 81092",Resident 1288,A-20288,2026-05-13,424402,gallons,,R1,
M-1289,"2123 Ranch Rd, Wiley, CO 81092",Resident 1289,A-20289,2026-05-13,393078,gallons,,R2,
M-1290,"2130 Irrigation Ln, Wiley, CO 81092",Resident 1290,A-20290,2026-05-13,260661,gallons,,R3,
M-1291,"2137 North Frontage, Wiley, CO 81092",Resident 1291,A-20291,2026-05-13,340456,gallons,,R4,
M-1292,"2144 South Loop, Wiley, CO 81092",Resident 1292,A-20292,2026-05-13,277085,gallons,,R5,
M-1293,"2151 Pioneer Rd, Wiley, CO 81092",Resident 1293,A-20293,2026-05-13,227004,gallons,,R6,
M-1294,"2158 Cottonwood Dr, Wiley, CO 81092",Resident 1294,A-20294,2026-05-13,276896,gallons,,R1,
M-1295,"2165 Sand Creek Rd, Wiley, CO 81092",Resident 1295,A-20295,2026-05-13,309479,gallons,,R2,
M-1296,"2172 Prairie View, Wiley, CO 81092",Resident 1296,A-20296,2026-05-13,172316,gallons,,R3,
M-1297,"2179 School House Rd, Wiley, CO 81092",Resident 1297,A-20297,2026-05-13,143601,gallons,,R4,
M-1298,"2186 Cemetery Rd, Wiley, CO 81092",Resident 1298,A-20298,2026-05-13,268885,gallons,,R5,
M-1299,"2193 Grain Elevator Rd, Wiley, CO 81092",Resident 1299,A-20299,2026-05-13,379568,gallons,,R6,
M-1300,"2200 Main St, Wiley, CO 81092",Resident 1300,A-20300,2026-05-13,453333,gallons,,R1,
M-1001,"107 County Rd 10, Wiley, CO 81092",Resident 1001,A-20001,2026-06-14,500575,gallons,,R2,
M-1002,"114 County Rd 14, Wiley, CO 81092",Resident 1002,A-20002,2026-06-14,358317,gallons,,R3,
M-1003,"121 Highway 287, Wiley, CO 81092",Resident 1003,A-20003,2026-06-14,179088,gallons,,R4,
M-1004,"128 Maple Ave, Wiley, CO 81092",Resident 1004,A-20004,2026-06-14,464542,gallons,,R5,
M-1005,"135 Oak St, Wiley, CO 81092",Resident 1005,A-20005,2026-06-14,251469,gallons,,R6,
M-1006,"142 Elm St, Wiley, CO 81092",Resident 1006,A-20006,2026-06-14,294714,gallons,,R1,
M-1007,"149 3rd Ave, Wiley, CO 81092",Resident 1007,A-20007,2026-06-14,388171,gallons,,R2,
M-1008,"156 5th St, Wiley, CO 81092",Resident 1008,A-20008,2026-06-14,259028,gallons,,R3,
M-1009,"163 Ranch Rd, Wiley, CO 81092",Resident 1009,A-20009,2026-06-14,279611,gallons,,R4,
M-1010,"170 Irrigation Ln, Wiley, CO 81092",Resident 1010,A-20010,2026-06-14,352706,gallons,,R5,
M-1011,"177 North Frontage, Wiley, CO 81092",Resident 1011,A-20011,2026-06-14,513300,gallons,,R6,
M-1012,"184 South Loop, Wiley, CO 81092",Resident 1012,A-20012,2026-06-14,259260,gallons,,R1,
M-1013,"191 Pioneer Rd, Wiley, CO 81092",Resident 1013,A-20013,2026-06-14,227194,gallons,,R2,
M-1014,"198 Cottonwood Dr, Wiley, CO 81092",Resident 1014,A-20014,2026-06-14,460180,gallons,,R3,
M-1015,"205 Sand Creek Rd, Wiley, CO 81092",Resident 1015,A-20015,2026-06-14,500861,gallons,,R4,
M-1016,"212 Prairie View, Wiley, CO 81092",Resident 1016,A-20016,2026-06-14,188936,gallons,,R5,
M-1017,"219 School House Rd, Wiley, CO 81092",Resident 1017,A-20017,2026-06-14,154453,gallons,,R6,
M-1018,"226 Cemetery Rd, Wiley, CO 81092",Resident 1018,A-20018,2026-06-14,232543,gallons,,R1,
M-1019,"233 Grain Elevator Rd, Wiley, CO 81092",Resident 1019,A-20019,2026-06-14,206696,gallons,,R2,
M-1020,"240 Main St, Wiley, CO 81092",Resident 1020,A-20020,2026-06-14,352183,gallons,,R3,
M-1021,"247 County Rd 10, Wiley, CO 81092",Resident 1021,A-20021,2026-06-14,400969,gallons,,R4,
M-1022,"254 County Rd 14, Wiley, CO 81092",Resident 1022,A-20022,2026-06-14,448231,gallons,REVERSE_FLOW,R5,
M-1023,"261 Highway 287, Wiley, CO 81092",Resident 1023,A-20023,2026-06-14,328396,gallons,,R6,
M-1024,"268 Maple Ave, Wiley, CO 81092",Resident 1024,A-20024,2026-06-14,318466,gallons,,R1,
M-1025,"275 Oak St, Wiley, CO 81092",Resident 1025,A-20025,2026-06-14,240681,gallons,,R2,
M-1026,"282 Elm St, Wiley, CO 81092",Resident 1026,A-20026,2026-06-14,226734,gallons,,R3,
M-1027,"289 3rd Ave, Wiley, CO 81092",Resident 1027,A-20027,2026-06-14,438737,gallons,,R4,
M-1028,"296 5th St, Wiley, CO 81092",Resident 1028,A-20028,2026-06-14,225318,gallons,,R5,
M-1029,"303 Ranch Rd, Wiley, CO 81092",Resident 1029,A-20029,2026-06-14,440671,gallons,,R6,
M-1030,"310 Irrigation Ln, Wiley, CO 81092",Resident 1030,A-20030,2026-06-14,346319,gallons,,R1,
M-1031,"317 North Frontage, Wiley, CO 81092",Resident 1031,A-20031,2026-06-14,421090,gallons,,R2,
M-1032,"324 South Loop, Wiley, CO 81092",Resident 1032,A-20032,2026-06-14,292797,gallons,,R3,
M-1033,"331 Pioneer Rd, Wiley, CO 81092",Resident 1033,A-20033,2026-06-14,851207,gallons,,R4,
M-1034,"338 Cottonwood Dr, Wiley, CO 81092",Resident 1034,A-20034,2026-06-14,510040,gallons,,R5,
M-1035,"345 Sand Creek Rd, Wiley, CO 81092",Resident 1035,A-20035,2026-06-14,500672,gallons,,R6,
M-1036,"352 Prairie View, Wiley, CO 81092",Resident 1036,A-20036,2026-06-14,357568,gallons,,R1,
M-1037,"359 School House Rd, Wiley, CO 81092",Resident 1037,A-20037,2026-06-14,326758,gallons,,R2,
M-1038,"366 Cemetery Rd, Wiley, CO 81092",Resident 1038,A-20038,2026-06-14,231449,gallons,,R3,
M-1039,"373 Grain Elevator Rd, Wiley, CO 81092",Resident 1039,A-20039,2026-06-14,386285,gallons,,R4,
M-1040,"380 Main St, Wiley, CO 81092",Resident 1040,A-20040,2026-06-14,294556,gallons,,R5,
M-1041,"387 County Rd 10, Wiley, CO 81092",Resident 1041,A-20041,2026-06-14,199211,gallons,,R6,
M-1042,"394 County Rd 14, Wiley, CO 81092",Resident 1042,A-20042,2026-06-14,455573,gallons,,R1,
M-1043,"401 Highway 287, Wiley, CO 81092",Resident 1043,A-20043,2026-06-14,412934,gallons,,R2,
M-1044,"408 Maple Ave, Wiley, CO 81092",Resident 1044,A-20044,2026-06-14,172267,gallons,,R3,
M-1045,"415 Oak St, Wiley, CO 81092",Resident 1045,A-20045,2026-06-14,414687,gallons,,R4,
M-1046,"422 Elm St, Wiley, CO 81092",Resident 1046,A-20046,2026-06-14,192027,gallons,,R5,
M-1047,"429 3rd Ave, Wiley, CO 81092",Resident 1047,A-20047,2026-06-14,133612,gallons,,R6,
M-1048,"436 5th St, Wiley, CO 81092",Resident 1048,A-20048,2026-06-14,424907,gallons,,R1,
M-1049,"443 Ranch Rd, Wiley, CO 81092",Resident 1049,A-20049,2026-06-14,422545,gallons,,R2,
M-1050,"450 Irrigation Ln, Wiley, CO 81092",Resident 1050,A-20050,2026-06-14,382980,gallons,,R3,
M-1051,"457 North Frontage, Wiley, CO 81092",Resident 1051,A-20051,2026-06-14,446107,gallons,,R4,
M-1052,"464 South Loop, Wiley, CO 81092",Resident 1052,A-20052,2026-06-14,248233,gallons,,R5,
M-1053,"471 Pioneer Rd, Wiley, CO 81092",Resident 1053,A-20053,2026-06-14,246246,gallons,,R6,
M-1054,"478 Cottonwood Dr, Wiley, CO 81092",Resident 1054,A-20054,2026-06-14,418625,gallons,,R1,
M-1055,"485 Sand Creek Rd, Wiley, CO 81092",Resident 1055,A-20055,2026-06-14,144181,gallons,,R2,
M-1056,"492 Prairie View, Wiley, CO 81092",Resident 1056,A-20056,2026-06-14,336758,gallons,,R3,
M-1057,"499 School House Rd, Wiley, CO 81092",Resident 1057,A-20057,2026-06-14,223316,gallons,,R4,
M-1058,"506 Cemetery Rd, Wiley, CO 81092",Resident 1058,A-20058,2026-06-14,514319,gallons,,R5,
M-1059,"513 Grain Elevator Rd, Wiley, CO 81092",Resident 1059,A-20059,2026-06-14,161857,gallons,,R6,
M-1060,"520 Main St, Wiley, CO 81092",Resident 1060,A-20060,2026-06-14,298194,gallons,,R1,
M-1061,"527 County Rd 10, Wiley, CO 81092",Resident 1061,A-20061,2026-06-14,328638,gallons,,R2,
M-1062,"534 County Rd 14, Wiley, CO 81092",Resident 1062,A-20062,2026-06-14,265341,gallons,,R3,
M-1063,"541 Highway 287, Wiley, CO 81092",Resident 1063,A-20063,2026-06-14,456365,gallons,,R4,
M-1064,"548 Maple Ave, Wiley, CO 81092",Resident 1064,A-20064,2026-06-14,351475,gallons,,R5,
M-1065,"555 Oak St, Wiley, CO 81092",Resident 1065,A-20065,2026-06-14,517789,gallons,,R6,
M-1066,"562 Elm St, Wiley, CO 81092",Resident 1066,A-20066,2026-06-14,483278,gallons,,R1,
M-1067,"569 3rd Ave, Wiley, CO 81092",Resident 1067,A-20067,2026-06-14,231609,gallons,,R2,
M-1068,"576 5th St, Wiley, CO 81092",Resident 1068,A-20068,2026-06-14,460287,gallons,,R3,
M-1069,"583 Ranch Rd, Wiley, CO 81092",Resident 1069,A-20069,2026-06-14,280160,gallons,,R4,
M-1070,"590 Irrigation Ln, Wiley, CO 81092",Resident 1070,A-20070,2026-06-14,334410,gallons,,R5,
M-1071,"597 North Frontage, Wiley, CO 81092",Resident 1071,A-20071,2026-06-14,454533,gallons,,R6,
M-1072,"604 South Loop, Wiley, CO 81092",Resident 1072,A-20072,2026-06-14,539077,gallons,,R1,
M-1073,"611 Pioneer Rd, Wiley, CO 81092",Resident 1073,A-20073,2026-06-14,442470,gallons,,R2,
M-1074,"618 Cottonwood Dr, Wiley, CO 81092",Resident 1074,A-20074,2026-06-14,428103,gallons,,R3,
M-1075,"625 Sand Creek Rd, Wiley, CO 81092",Resident 1075,A-20075,2026-06-14,282877,gallons,,R4,
M-1076,"632 Prairie View, Wiley, CO 81092",New Occupant 1076,A-20076,2026-06-14,281598,gallons,,R5,
M-1077,"639 School House Rd, Wiley, CO 81092",Resident 1077,A-20077,2026-06-14,227294,gallons,,R6,
M-1078,"646 Cemetery Rd, Wiley, CO 81092",Resident 1078,A-20078,2026-06-14,344710,gallons,,R1,
M-1079,"653 Grain Elevator Rd, Wiley, CO 81092",Resident 1079,A-20079,2026-06-14,283066,gallons,,R2,
M-1080,"660 Main St, Wiley, CO 81092",Resident 1080,A-20080,2026-06-14,325929,gallons,,R3,
M-1081,"667 County Rd 10, Wiley, CO 81092",Resident 1081,A-20081,2026-06-14,432165,gallons,,R4,
M-1082,"674 County Rd 14, Wiley, CO 81092",Resident 1082,A-20082,2026-06-14,237358,gallons,,R5,
M-1083,"681 Highway 287, Wiley, CO 81092",Resident 1083,A-20083,2026-06-14,470317,gallons,,R6,
M-1084,"688 Maple Ave, Wiley, CO 81092",Resident 1084,A-20084,2026-06-14,328779,gallons,,R1,
M-1085,"695 Oak St, Wiley, CO 81092",Resident 1085,A-20085,2026-06-14,405853,gallons,,R2,
M-1086,"702 Elm St, Wiley, CO 81092",Resident 1086,A-20086,2026-06-14,309936,gallons,,R3,
M-1087,"709 3rd Ave, Wiley, CO 81092",Resident 1087,A-20087,2026-06-14,265151,gallons,,R4,
M-1088,"716 5th St, Wiley, CO 81092",Resident 1088,A-20088,2026-06-14,158511,gallons,,R5,
M-1089,"723 Ranch Rd, Wiley, CO 81092",Resident 1089,A-20089,2026-06-14,724877,gallons,,R6,
M-1090,"730 Irrigation Ln, Wiley, CO 81092",Resident 1090,A-20090,2026-06-14,538158,gallons,,R1,
M-1091,"737 North Frontage, Wiley, CO 81092",Resident 1091,A-20091,2026-06-14,517927,gallons,,R2,
M-1092,"744 South Loop, Wiley, CO 81092",Resident 1092,A-20092,2026-06-14,188946,gallons,,R3,
M-1093,"751 Pioneer Rd, Wiley, CO 81092",Resident 1093,A-20093,2026-06-14,244741,gallons,,R4,
M-1094,"758 Cottonwood Dr, Wiley, CO 81092",Resident 1094,A-20094,2026-06-14,519003,gallons,,R5,
M-1095,"765 Sand Creek Rd, Wiley, CO 81092",Resident 1095,A-20095,2026-06-14,260741,gallons,,R6,
M-1096,"772 Prairie View, Wiley, CO 81092",Resident 1096,A-20096,2026-06-14,398619,gallons,,R1,
M-1097,"779 School House Rd, Wiley, CO 81092",Resident 1097,A-20097,2026-06-14,328364,gallons,,R2,
M-1098,"786 Cemetery Rd, Wiley, CO 81092",Resident 1098,A-20098,2026-06-14,247190,gallons,,R3,
M-1099,"793 Grain Elevator Rd, Wiley, CO 81092",Resident 1099,A-20099,2026-06-14,336623,gallons,,R4,
M-1100,"800 Main St, Wiley, CO 81092",Resident 1100,A-20100,2026-06-14,253726,gallons,,R5,
M-1101,"807 County Rd 10, Wiley, CO 81092",Resident 1101,A-20101,2026-06-14,352169,gallons,,R6,
M-1102,"814 County Rd 14, Wiley, CO 81092",Resident 1102,A-20102,2026-06-14,403398,gallons,,R1,
M-1103,"821 Highway 287, Wiley, CO 81092",Resident 1103,A-20103,2026-06-14,296924,gallons,,R2,
M-1104,"828 Maple Ave, Wiley, CO 81092",Resident 1104,A-20104,2026-06-14,311496,gallons,,R3,
M-1105,"835 Oak St, Wiley, CO 81092",Resident 1105,A-20105,2026-06-14,395167,gallons,,R4,
M-1106,"842 Elm St, Wiley, CO 81092",Resident 1106,A-20106,2026-06-14,536728,gallons,,R5,
M-1107,"849 3rd Ave, Wiley, CO 81092",Resident 1107,A-20107,2026-06-14,272103,gallons,,R6,
M-1108,"856 5th St, Wiley, CO 81092",Resident 1108,A-20108,2026-06-14,465036,gallons,,R1,
M-1109,"863 Ranch Rd, Wiley, CO 81092",Resident 1109,A-20109,2026-06-14,452619,gallons,,R2,
M-1110,"870 Irrigation Ln, Wiley, CO 81092",Resident 1110,A-20110,2026-06-14,440644,gallons,,R3,
M-1111,"877 North Frontage, Wiley, CO 81092",Resident 1111,A-20111,2026-06-14,182191,gallons,,R4,
M-1112,"884 South Loop, Wiley, CO 81092",Resident 1112,A-20112,2026-06-14,439668,gallons,,R5,
M-1113,"891 Pioneer Rd, Wiley, CO 81092",Resident 1113,A-20113,2026-06-14,271990,gallons,,R6,
M-1114,"898 Cottonwood Dr, Wiley, CO 81092",Resident 1114,A-20114,2026-06-14,486955,gallons,,R1,
M-1115,"905 Sand Creek Rd, Wiley, CO 81092",Resident 1115,A-20115,2026-06-14,264836,gallons,,R2,
M-1116,"912 Prairie View, Wiley, CO 81092",Resident 1116,A-20116,2026-06-14,305164,gallons,,R3,
M-1117,"919 School House Rd, Wiley, CO 81092",Resident 1117,A-20117,2026-06-14,300355,gallons,,R4,
M-1118,"926 Cemetery Rd, Wiley, CO 81092",Resident 1118,A-20118,2026-06-14,186982,gallons,,R5,
M-1119,"933 Grain Elevator Rd, Wiley, CO 81092",Resident 1119,A-20119,2026-06-14,280482,gallons,,R6,
M-1120,"940 Main St, Wiley, CO 81092",Resident 1120,A-20120,2026-06-14,482716,gallons,,R1,
M-1121,"947 County Rd 10, Wiley, CO 81092",Resident 1121,A-20121,2026-06-14,255851,gallons,,R2,
M-1122,"954 County Rd 14, Wiley, CO 81092",Resident 1122,A-20122,2026-06-14,371094,gallons,,R3,
M-1123,"961 Highway 287, Wiley, CO 81092",Resident 1123,A-20123,2026-06-14,340679,gallons,,R4,
M-1124,"968 Maple Ave, Wiley, CO 81092",Resident 1124,A-20124,2026-06-14,447090,gallons,,R5,
M-1125,"975 Oak St, Wiley, CO 81092",Resident 1125,A-20125,2026-06-14,260383,gallons,,R6,
M-1126,"982 Elm St, Wiley, CO 81092",Resident 1126,A-20126,2026-06-14,307559,gallons,,R1,
M-1127,"989 3rd Ave, Wiley, CO 81092",Resident 1127,A-20127,2026-06-14,257173,gallons,,R2,
M-1128,"996 5th St, Wiley, CO 81092",Resident 1128,A-20128,2026-06-14,578398,gallons,,R3,
M-1129,"1003 Ranch Rd, Wiley, CO 81092",Resident 1129,A-20129,2026-06-14,347888,gallons,,R4,
M-1130,"1010 Irrigation Ln, Wiley, CO 81092",Resident 1130,A-20130,2026-06-14,473405,gallons,,R5,
M-1131,"1017 North Frontage, Wiley, CO 81092",Resident 1131,A-20131,2026-06-14,407229,gallons,,R6,
M-1132,"1024 South Loop, Wiley, CO 81092",Resident 1132,A-20132,2026-06-14,374630,gallons,,R1,
M-1133,"1031 Pioneer Rd, Wiley, CO 81092",Resident 1133,A-20133,2026-06-14,234164,gallons,,R2,
M-1134,"1038 Cottonwood Dr, Wiley, CO 81092",Resident 1134,A-20134,2026-06-14,230620,gallons,,R3,
M-1135,"1045 Sand Creek Rd, Wiley, CO 81092",Resident 1135,A-20135,2026-06-14,542027,gallons,,R4,
M-1136,"1052 Prairie View, Wiley, CO 81092",Resident 1136,A-20136,2026-06-14,401663,gallons,,R5,
M-1137,"1059 School House Rd, Wiley, CO 81092",Resident 1137,A-20137,2026-06-14,315982,gallons,,R6,
M-1138,"1066 Cemetery Rd, Wiley, CO 81092",Resident 1138,A-20138,2026-06-14,170012,gallons,,R1,
M-1139,"1073 Grain Elevator Rd, Wiley, CO 81092",Resident 1139,A-20139,2026-06-14,128114,gallons,,R2,
M-1140,"1080 Main St, Wiley, CO 81092",Resident 1140,A-20140,2026-06-14,372583,gallons,REVERSE_FLOW,R3,
M-1141,"1087 County Rd 10, Wiley, CO 81092",Resident 1141,A-20141,2026-06-14,264653,gallons,,R4,
M-1142,"1094 County Rd 14, Wiley, CO 81092",Resident 1142,A-20142,2026-06-14,453465,gallons,,R5,
M-1143,"1101 Highway 287, Wiley, CO 81092",Resident 1143,A-20143,2026-06-14,382065,gallons,,R6,
M-1144,"1108 Maple Ave, Wiley, CO 81092",Resident 1144,A-20144,2026-06-14,195178,gallons,,R1,
M-1145,"1115 Oak St, Wiley, CO 81092",Resident 1145,A-20145,2026-06-14,355292,gallons,,R2,
M-1146,"1122 Elm St, Wiley, CO 81092",Resident 1146,A-20146,2026-06-14,419431,gallons,,R3,
M-1147,"1129 3rd Ave, Wiley, CO 81092",Resident 1147,A-20147,2026-06-14,444171,gallons,,R4,
M-1148,"1136 5th St, Wiley, CO 81092",Resident 1148,A-20148,2026-06-14,425051,gallons,,R5,
M-1149,"1143 Ranch Rd, Wiley, CO 81092",Resident 1149,A-20149,2026-06-14,234130,gallons,,R6,
M-1150,"1150 Irrigation Ln, Wiley, CO 81092",Resident 1150,A-20150,2026-06-14,244956,gallons,,R1,
M-1151,"1157 North Frontage, Wiley, CO 81092",Resident 1151,A-20151,2026-06-14,256599,gallons,,R2,
M-1152,"1164 South Loop, Wiley, CO 81092",Resident 1152,A-20152,2026-06-14,192723,gallons,,R3,
M-1153,"1171 Pioneer Rd, Wiley, CO 81092",Resident 1153,A-20153,2026-06-14,464572,gallons,,R4,
M-1154,"1178 Cottonwood Dr, Wiley, CO 81092",Resident 1154,A-20154,2026-06-14,197022,gallons,,R5,
M-1155,"1185 Sand Creek Rd, Wiley, CO 81092",Resident 1155,A-20155,2026-06-14,407947,gallons,,R6,
M-1156,"1192 Prairie View, Wiley, CO 81092",Resident 1156,A-20156,2026-06-14,960954,gallons,,R1,
M-1157,"1199 School House Rd, Wiley, CO 81092",Resident 1157,A-20157,2026-06-14,493026,gallons,,R2,
M-1158,"1206 Cemetery Rd, Wiley, CO 81092",Resident 1158,A-20158,2026-06-14,224446,gallons,,R3,
M-1159,"1213 Grain Elevator Rd, Wiley, CO 81092",Resident 1159,A-20159,2026-06-14,433213,gallons,,R4,
M-1160,"1220 Main St, Wiley, CO 81092",Resident 1160,A-20160,2026-06-14,170384,gallons,,R5,
M-1161,"1227 County Rd 10, Wiley, CO 81092",Resident 1161,A-20161,2026-06-14,254637,gallons,,R6,
M-1162,"1234 County Rd 14, Wiley, CO 81092",Resident 1162,A-20162,2026-06-14,403549,gallons,,R1,
M-1163,"1241 Highway 287, Wiley, CO 81092",Resident 1163,A-20163,2026-06-14,314832,gallons,,R2,
M-1164,"1248 Maple Ave, Wiley, CO 81092",Resident 1164,A-20164,2026-06-14,252188,gallons,,R3,
M-1165,"1255 Oak St, Wiley, CO 81092",Resident 1165,A-20165,2026-06-14,391303,gallons,,R4,
M-1166,"1262 Elm St, Wiley, CO 81092",Resident 1166,A-20166,2026-06-14,361993,gallons,,R5,
M-1167,"1269 3rd Ave, Wiley, CO 81092",Resident 1167,A-20167,2026-06-14,282602,gallons,,R6,
M-1168,"1276 5th St, Wiley, CO 81092",Resident 1168,A-20168,2026-06-14,597077,gallons,,R1,
M-1169,"1283 Ranch Rd, Wiley, CO 81092",Resident 1169,A-20169,2026-06-14,276631,gallons,,R2,
M-1170,"1290 Irrigation Ln, Wiley, CO 81092",Resident 1170,A-20170,2026-06-14,337936,gallons,,R3,
M-1171,"1297 North Frontage, Wiley, CO 81092",Resident 1171,A-20171,2026-06-14,418145,gallons,,R4,
M-1172,"1304 South Loop, Wiley, CO 81092",Resident 1172,A-20172,2026-06-14,367060,gallons,,R5,
M-1173,"1311 Pioneer Rd, Wiley, CO 81092",Resident 1173,A-20173,2026-06-14,511886,gallons,,R6,
M-1174,"1318 Cottonwood Dr, Wiley, CO 81092",Resident 1174,A-20174,2026-06-14,211677,gallons,,R1,
M-1175,"1325 Sand Creek Rd, Wiley, CO 81092",Resident 1175,A-20175,2026-06-14,309753,gallons,,R2,
M-1176,"1332 Prairie View, Wiley, CO 81092",Resident 1176,A-20176,2026-06-14,187619,gallons,,R3,
M-1177,"1339 School House Rd, Wiley, CO 81092",Resident 1177,A-20177,2026-06-14,332099,gallons,,R4,
M-1178,"1346 Cemetery Rd, Wiley, CO 81092",Resident 1178,A-20178,2026-06-14,462099,gallons,,R5,
M-1179,"1353 Grain Elevator Rd, Wiley, CO 81092",Resident 1179,A-20179,2026-06-14,167474,gallons,,R6,
M-1180,"1360 Main St, Wiley, CO 81092",Resident 1180,A-20180,2026-06-14,290820,gallons,,R1,
M-1181,"1367 County Rd 10, Wiley, CO 81092",Resident 1181,A-20181,2026-06-14,418668,gallons,,R2,
M-1182,"1374 County Rd 14, Wiley, CO 81092",Resident 1182,A-20182,2026-06-14,351117,gallons,,R3,
M-1183,"1381 Highway 287, Wiley, CO 81092",Resident 1183,A-20183,2026-06-14,330939,gallons,,R4,
M-1184,"1388 Maple Ave, Wiley, CO 81092",Resident 1184,A-20184,2026-06-14,262035,gallons,,R5,
M-1185,"1395 Oak St, Wiley, CO 81092",Resident 1185,A-20185,2026-06-14,303178,gallons,,R6,
M-1186,"1402 Elm St, Wiley, CO 81092",Resident 1186,A-20186,2026-06-14,216929,gallons,,R1,
M-1187,"1409 3rd Ave, Wiley, CO 81092",Resident 1187,A-20187,2026-06-14,429272,gallons,,R2,
M-1188,"1416 5th St, Wiley, CO 81092",Resident 1188,A-20188,2026-06-14,215736,gallons,,R3,
M-1189,"1423 Ranch Rd, Wiley, CO 81092",Resident 1189,A-20189,2026-06-14,465093,gallons,,R4,
M-1190,"1430 Irrigation Ln, Wiley, CO 81092",Resident 1190,A-20190,2026-06-14,254753,gallons,,R5,
M-1191,"1437 North Frontage, Wiley, CO 81092",New Occupant 1191,A-20191,2026-06-14,232765,gallons,,R6,
M-1192,"1444 South Loop, Wiley, CO 81092",Resident 1192,A-20192,2026-06-14,417743,gallons,,R1,
M-1193,"1451 Pioneer Rd, Wiley, CO 81092",Resident 1193,A-20193,2026-06-14,428261,gallons,,R2,
M-1194,"1458 Cottonwood Dr, Wiley, CO 81092",Resident 1194,A-20194,2026-06-14,294820,gallons,,R3,
M-1195,"1465 Sand Creek Rd, Wiley, CO 81092",Resident 1195,A-20195,2026-06-14,326351,gallons,,R4,
M-1196,"1472 Prairie View, Wiley, CO 81092",Resident 1196,A-20196,2026-06-14,321900,gallons,,R5,
M-1197,"1479 School House Rd, Wiley, CO 81092",Resident 1197,A-20197,2026-06-14,114727,gallons,,R6,
M-1198,"1486 Cemetery Rd, Wiley, CO 81092",Resident 1198,A-20198,2026-06-14,565430,gallons,,R1,
M-1199,"1493 Grain Elevator Rd, Wiley, CO 81092",Resident 1199,A-20199,2026-06-14,266247,gallons,,R2,
M-1200,"1500 Main St, Wiley, CO 81092",Resident 1200,A-20200,2026-06-14,403765,gallons,,R3,
M-1201,"1507 County Rd 10, Wiley, CO 81092",Resident 1201,A-20201,2026-06-14,277217,gallons,,R4,
M-1202,"1514 County Rd 14, Wiley, CO 81092",Resident 1202,A-20202,2026-06-14,268351,gallons,,R5,
M-1203,"1521 Highway 287, Wiley, CO 81092",Resident 1203,A-20203,2026-06-14,183866,gallons,,R6,
M-1204,"1528 Maple Ave, Wiley, CO 81092",Resident 1204,A-20204,2026-06-14,304620,gallons,,R1,
M-1205,"1535 Oak St, Wiley, CO 81092",Resident 1205,A-20205,2026-06-14,333538,gallons,,R2,
M-1206,"1542 Elm St, Wiley, CO 81092",Resident 1206,A-20206,2026-06-14,448841,gallons,,R3,
M-1207,"1549 3rd Ave, Wiley, CO 81092",Resident 1207,A-20207,2026-06-14,418026,gallons,,R4,
M-1208,"1556 5th St, Wiley, CO 81092",Resident 1208,A-20208,2026-06-14,415744,gallons,,R5,
M-1209,"1563 Ranch Rd, Wiley, CO 81092",Resident 1209,A-20209,2026-06-14,396108,gallons,,R6,
M-1210,"1570 Irrigation Ln, Wiley, CO 81092",Resident 1210,A-20210,2026-06-14,290400,gallons,,R1,
M-1211,"1577 North Frontage, Wiley, CO 81092",Resident 1211,A-20211,2026-06-14,256850,gallons,,R2,
M-1212,"1584 South Loop, Wiley, CO 81092",Resident 1212,A-20212,2026-06-14,257744,gallons,,R3,
M-1213,"1591 Pioneer Rd, Wiley, CO 81092",Resident 1213,A-20213,2026-06-14,252804,gallons,,R4,
M-1214,"1598 Cottonwood Dr, Wiley, CO 81092",Resident 1214,A-20214,2026-06-14,342082,gallons,,R5,
M-1215,"1605 Sand Creek Rd, Wiley, CO 81092",Resident 1215,A-20215,2026-06-14,507345,gallons,,R6,
M-1216,"1612 Prairie View, Wiley, CO 81092",Resident 1216,A-20216,2026-06-14,383991,gallons,,R1,
M-1217,"1619 School House Rd, Wiley, CO 81092",Resident 1217,A-20217,2026-06-14,146626,gallons,,R2,
M-1218,"1626 Cemetery Rd, Wiley, CO 81092",Resident 1218,A-20218,2026-06-14,180225,gallons,,R3,
M-1219,"1633 Grain Elevator Rd, Wiley, CO 81092",Resident 1219,A-20219,2026-06-14,536087,gallons,,R4,
M-1220,"1640 Main St, Wiley, CO 81092",Resident 1220,A-20220,2026-06-14,418362,gallons,,R5,
M-1221,"1647 County Rd 10, Wiley, CO 81092",Resident 1221,A-20221,2026-06-14,387631,gallons,,R6,
M-1222,"1654 County Rd 14, Wiley, CO 81092",Resident 1222,A-20222,2026-06-14,295952,gallons,,R1,
M-1223,"1661 Highway 287, Wiley, CO 81092",Resident 1223,A-20223,2026-06-14,378760,gallons,,R2,
M-1224,"1668 Maple Ave, Wiley, CO 81092",Resident 1224,A-20224,2026-06-14,522939,gallons,,R3,
M-1225,"1675 Oak St, Wiley, CO 81092",Resident 1225,A-20225,2026-06-14,485409,gallons,,R4,
M-1226,"1682 Elm St, Wiley, CO 81092",Resident 1226,A-20226,2026-06-14,239886,gallons,,R5,
M-1227,"1689 3rd Ave, Wiley, CO 81092",Resident 1227,A-20227,2026-06-14,340358,gallons,,R6,
M-1228,"1696 5th St, Wiley, CO 81092",Resident 1228,A-20228,2026-06-14,508994,gallons,,R1,
M-1229,"1703 Ranch Rd, Wiley, CO 81092",Resident 1229,A-20229,2026-06-14,350719,gallons,,R2,
M-1230,"1710 Irrigation Ln, Wiley, CO 81092",Resident 1230,A-20230,2026-06-14,379399,gallons,,R3,
M-1231,"1717 North Frontage, Wiley, CO 81092",Resident 1231,A-20231,2026-06-14,254879,gallons,,R4,
M-1232,"1724 South Loop, Wiley, CO 81092",Resident 1232,A-20232,2026-06-14,369095,gallons,,R5,
M-1233,"1731 Pioneer Rd, Wiley, CO 81092",Resident 1233,A-20233,2026-06-14,237337,gallons,,R6,
M-1234,"1738 Cottonwood Dr, Wiley, CO 81092",Resident 1234,A-20234,2026-06-14,433249,gallons,,R1,
M-1235,"1745 Sand Creek Rd, Wiley, CO 81092",Resident 1235,A-20235,2026-06-14,462729,gallons,,R2,
M-1236,"1752 Prairie View, Wiley, CO 81092",Resident 1236,A-20236,2026-06-14,333105,gallons,,R3,
M-1237,"1759 School House Rd, Wiley, CO 81092",Resident 1237,A-20237,2026-06-14,422565,gallons,,R4,
M-1238,"1766 Cemetery Rd, Wiley, CO 81092",Resident 1238,A-20238,2026-06-14,399960,gallons,,R5,
M-1239,"1773 Grain Elevator Rd, Wiley, CO 81092",Resident 1239,A-20239,2026-06-14,220551,gallons,,R6,
M-1240,"1780 Main St, Wiley, CO 81092",Resident 1240,A-20240,2026-06-14,551742,gallons,,R1,
M-1241,"1787 County Rd 10, Wiley, CO 81092",Resident 1241,A-20241,2026-06-14,360340,gallons,,R2,
M-1242,"1794 County Rd 14, Wiley, CO 81092",Resident 1242,A-20242,2026-06-14,451763,gallons,,R3,
M-1243,"1801 Highway 287, Wiley, CO 81092",Resident 1243,A-20243,2026-06-14,314112,gallons,,R4,
M-1244,"1808 Maple Ave, Wiley, CO 81092",Resident 1244,A-20244,2026-06-14,894046,gallons,,R5,
M-1245,"1815 Oak St, Wiley, CO 81092",Resident 1245,A-20245,2026-06-14,177416,gallons,,R6,
M-1246,"1822 Elm St, Wiley, CO 81092",Resident 1246,A-20246,2026-06-14,323590,gallons,,R1,
M-1247,"1829 3rd Ave, Wiley, CO 81092",Resident 1247,A-20247,2026-06-14,371389,gallons,,R2,
M-1248,"1836 5th St, Wiley, CO 81092",Resident 1248,A-20248,2026-06-14,377394,gallons,,R3,
M-1249,"1843 Ranch Rd, Wiley, CO 81092",Resident 1249,A-20249,2026-06-14,556856,gallons,,R4,
M-1250,"1850 Irrigation Ln, Wiley, CO 81092",Resident 1250,A-20250,2026-06-14,358893,gallons,,R5,
M-1251,"1857 North Frontage, Wiley, CO 81092",Resident 1251,A-20251,2026-06-14,382967,gallons,,R6,
M-1252,"1864 South Loop, Wiley, CO 81092",Resident 1252,A-20252,2026-06-14,358175,gallons,,R1,
M-1253,"1871 Pioneer Rd, Wiley, CO 81092",Resident 1253,A-20253,2026-06-14,258170,gallons,,R2,
M-1254,"1878 Cottonwood Dr, Wiley, CO 81092",Resident 1254,A-20254,2026-06-14,406077,gallons,,R3,
M-1255,"1885 Sand Creek Rd, Wiley, CO 81092",Resident 1255,A-20255,2026-06-14,303055,gallons,,R4,
M-1256,"1892 Prairie View, Wiley, CO 81092",Resident 1256,A-20256,2026-06-14,325774,gallons,,R5,
M-1257,"1899 School House Rd, Wiley, CO 81092",Resident 1257,A-20257,2026-06-14,332040,gallons,,R6,
M-1258,"1906 Cemetery Rd, Wiley, CO 81092",Resident 1258,A-20258,2026-06-14,493145,gallons,,R1,
M-1259,"1913 Grain Elevator Rd, Wiley, CO 81092",Resident 1259,A-20259,2026-06-14,312857,gallons,,R2,
M-1260,"1920 Main St, Wiley, CO 81092",Resident 1260,A-20260,2026-06-14,200501,gallons,LOW_BATTERY,R3,
M-1261,"1927 County Rd 10, Wiley, CO 81092",Resident 1261,A-20261,2026-06-14,486897,gallons,,R4,
M-1262,"1934 County Rd 14, Wiley, CO 81092",Resident 1262,A-20262,2026-06-14,414427,gallons,,R5,
M-1263,"1941 Highway 287, Wiley, CO 81092",Resident 1263,A-20263,2026-06-14,352236,gallons,,R6,
M-1264,"1948 Maple Ave, Wiley, CO 81092",Resident 1264,A-20264,2026-06-14,358962,gallons,,R1,
M-1265,"1955 Oak St, Wiley, CO 81092",Resident 1265,A-20265,2026-06-14,440074,gallons,,R2,
M-1266,"1962 Elm St, Wiley, CO 81092",Resident 1266,A-20266,2026-06-14,227575,gallons,,R3,
M-1267,"1969 3rd Ave, Wiley, CO 81092",Resident 1267,A-20267,2026-06-14,351481,gallons,,R4,
M-1268,"1976 5th St, Wiley, CO 81092",Resident 1268,A-20268,2026-06-14,293298,gallons,,R5,
M-1269,"1983 Ranch Rd, Wiley, CO 81092",Resident 1269,A-20269,2026-06-14,318556,gallons,,R6,
M-1270,"1990 Irrigation Ln, Wiley, CO 81092",Resident 1270,A-20270,2026-06-14,351501,gallons,,R1,
M-1271,"1997 North Frontage, Wiley, CO 81092",Resident 1271,A-20271,2026-06-14,506503,gallons,,R2,
M-1272,"2004 South Loop, Wiley, CO 81092",Resident 1272,A-20272,2026-06-14,528030,gallons,,R3,
M-1273,"2011 Pioneer Rd, Wiley, CO 81092",Resident 1273,A-20273,2026-06-14,552049,gallons,,R4,
M-1274,"2018 Cottonwood Dr, Wiley, CO 81092",Resident 1274,A-20274,2026-06-14,359197,gallons,,R5,
M-1275,"2025 Sand Creek Rd, Wiley, CO 81092",Resident 1275,A-20275,2026-06-14,391169,gallons,,R6,
M-1276,"2032 Prairie View, Wiley, CO 81092",Resident 1276,A-20276,2026-06-14,428361,gallons,,R1,
M-1277,"2039 School House Rd, Wiley, CO 81092",Resident 1277,A-20277,2026-06-14,409409,gallons,,R2,
M-1278,"2046 Cemetery Rd, Wiley, CO 81092",Resident 1278,A-20278,2026-06-14,248959,gallons,,R3,
M-1279,"2053 Grain Elevator Rd, Wiley, CO 81092",Resident 1279,A-20279,2026-06-14,388792,gallons,,R4,
M-1280,"2060 Main St, Wiley, CO 81092",Resident 1280,A-20280,2026-06-14,368561,gallons,,R5,
M-1281,"2067 County Rd 10, Wiley, CO 81092",Resident 1281,A-20281,2026-06-14,318070,gallons,,R6,
M-1282,"2074 County Rd 14, Wiley, CO 81092",Resident 1282,A-20282,2026-06-14,530106,gallons,,R1,
M-1283,"2081 Highway 287, Wiley, CO 81092",Resident 1283,A-20283,2026-06-14,212684,gallons,,R2,
M-1284,"2088 Maple Ave, Wiley, CO 81092",Resident 1284,A-20284,2026-06-14,331565,gallons,,R3,
M-1285,"2095 Oak St, Wiley, CO 81092",Resident 1285,A-20285,2026-06-14,453476,gallons,,R4,
M-1286,"2102 Elm St, Wiley, CO 81092",Resident 1286,A-20286,2026-06-14,537890,gallons,,R5,
M-1287,"2109 3rd Ave, Wiley, CO 81092",Resident 1287,A-20287,2026-06-14,573614,gallons,,R6,
M-1288,"2116 5th St, Wiley, CO 81092",Resident 1288,A-20288,2026-06-14,428376,gallons,,R1,
M-1289,"2123 Ranch Rd, Wiley, CO 81092",Resident 1289,A-20289,2026-06-14,404456,gallons,,R2,
M-1290,"2130 Irrigation Ln, Wiley, CO 81092",Resident 1290,A-20290,2026-06-14,272357,gallons,,R3,
M-1291,"2137 North Frontage, Wiley, CO 81092",Resident 1291,A-20291,2026-06-14,349738,gallons,,R4,
M-1292,"2144 South Loop, Wiley, CO 81092",Resident 1292,A-20292,2026-06-14,281373,gallons,,R5,
M-1293,"2151 Pioneer Rd, Wiley, CO 81092",Resident 1293,A-20293,2026-06-14,231143,gallons,,R6,
M-1294,"2158 Cottonwood Dr, Wiley, CO 81092",Resident 1294,A-20294,2026-06-14,285246,gallons,,R1,
M-1295,"2165 Sand Creek Rd, Wiley, CO 81092",Resident 1295,A-20295,2026-06-14,319499,gallons,,R2,
M-1296,"2172 Prairie View, Wiley, CO 81092",Resident 1296,A-20296,2026-06-14,178693,gallons,,R3,
M-1297,"2179 School House Rd, Wiley, CO 81092",Resident 1297,A-20297,2026-06-14,147231,gallons,,R4,
M-1298,"2186 Cemetery Rd, Wiley, CO 81092",Resident 1298,A-20298,2026-06-14,274818,gallons,,R5,
M-1299,"2193 Grain Elevator Rd, Wiley, CO 81092",Resident 1299,A-20299,2026-06-14,383935,gallons,,R6,
M-1300,"2200 Main St, Wiley, CO 81092",Resident 1300,A-20300,2026-06-14,458302,gallons,,R1,
M-1001,"107 County Rd 10, Wiley, CO 81092",Resident 1001,A-20001,2026-07-15,509182,gallons,,R2,
M-1002,"114 County Rd 14, Wiley, CO 81092",Resident 1002,A-20002,2026-07-15,362892,gallons,,R3,
M-1003,"121 Highway 287, Wiley, CO 81092",Resident 1003,A-20003,2026-07-15,182756,gallons,,R4,
M-1004,"128 Maple Ave, Wiley, CO 81092",Resident 1004,A-20004,2026-07-15,476852,gallons,,R5,
M-1005,"135 Oak St, Wiley, CO 81092",Resident 1005,A-20005,2026-07-15,257024,gallons,,R6,
M-1006,"142 Elm St, Wiley, CO 81092",Resident 1006,A-20006,2026-07-15,300347,gallons,,R1,
M-1007,"149 3rd Ave, Wiley, CO 81092",Resident 1007,A-20007,2026-07-15,394357,gallons,,R2,
M-1008,"156 5th St, Wiley, CO 81092",Resident 1008,A-20008,2026-07-15,263991,gallons,,R3,
M-1009,"163 Ranch Rd, Wiley, CO 81092",Resident 1009,A-20009,2026-07-15,291797,gallons,,R4,
M-1010,"170 Irrigation Ln, Wiley, CO 81092",Resident 1010,A-20010,2026-07-15,356832,gallons,,R5,
M-1011,"177 North Frontage, Wiley, CO 81092",Resident 1011,A-20011,2026-07-15,522927,gallons,,R6,
M-1012,"184 South Loop, Wiley, CO 81092",Resident 1012,A-20012,2026-07-15,259260,gallons,,R1,
M-1013,"191 Pioneer Rd, Wiley, CO 81092",Resident 1013,A-20013,2026-07-15,236464,gallons,,R2,
M-1014,"198 Cottonwood Dr, Wiley, CO 81092",Resident 1014,A-20014,2026-07-15,464038,gallons,,R3,
M-1015,"205 Sand Creek Rd, Wiley, CO 81092",Resident 1015,A-20015,2026-07-15,509208,gallons,,R4,
M-1016,"212 Prairie View, Wiley, CO 81092",Resident 1016,A-20016,2026-07-15,196448,gallons,,R5,
M-1017,"219 School House Rd, Wiley, CO 81092",Resident 1017,A-20017,2026-07-15,157400,gallons,,R6,
M-1018,"226 Cemetery Rd, Wiley, CO 81092",Resident 1018,A-20018,2026-07-15,236312,gallons,,R1,
M-1019,"233 Grain Elevator Rd, Wiley, CO 81092",Resident 1019,A-20019,2026-07-15,211202,gallons,,R2,
M-1020,"240 Main St, Wiley, CO 81092",Resident 1020,A-20020,2026-07-15,357372,gallons,,R3,
M-1021,"247 County Rd 10, Wiley, CO 81092",Resident 1021,A-20021,2026-07-15,407159,gallons,,R4,
M-1022,"254 County Rd 14, Wiley, CO 81092",Resident 1022,A-20022,2026-07-15,457285,gallons,LOW_BATTERY,R5,
M-1023,"261 Highway 287, Wiley, CO 81092",Resident 1023,A-20023,2026-07-15,336757,gallons,,R6,
M-1024,"268 Maple Ave, Wiley, CO 81092",Resident 1024,A-20024,2026-07-15,322024,gallons,,R1,
M-1025,"275 Oak St, Wiley, CO 81092",Resident 1025,A-20025,2026-07-15,248631,gallons,,R2,
M-1026,"282 Elm St, Wiley, CO 81092",Resident 1026,A-20026,2026-07-15,232073,gallons,,R3,
M-1027,"289 3rd Ave, Wiley, CO 81092",Resident 1027,A-20027,2026-07-15,449402,gallons,,R4,
M-1028,"296 5th St, Wiley, CO 81092",Resident 1028,A-20028,2026-07-15,234260,gallons,,R5,
M-1029,"303 Ranch Rd, Wiley, CO 81092",Resident 1029,A-20029,2026-07-15,449967,gallons,,R6,
M-1030,"310 Irrigation Ln, Wiley, CO 81092",Resident 1030,A-20030,2026-07-15,354106,gallons,,R1,
M-1031,"317 North Frontage, Wiley, CO 81092",Resident 1031,A-20031,2026-07-15,429497,gallons,,R2,
M-1032,"324 South Loop, Wiley, CO 81092",Resident 1032,A-20032,2026-07-15,298044,gallons,,R3,
M-1033,"331 Pioneer Rd, Wiley, CO 81092",Resident 1033,A-20033,2026-07-15,886646,gallons,,R4,
M-1034,"338 Cottonwood Dr, Wiley, CO 81092",Resident 1034,A-20034,2026-07-15,519273,gallons,,R5,
M-1035,"345 Sand Creek Rd, Wiley, CO 81092",Resident 1035,A-20035,2026-07-15,507378,gallons,,R6,
M-1036,"352 Prairie View, Wiley, CO 81092",Resident 1036,A-20036,2026-07-15,360871,gallons,,R1,
M-1037,"359 School House Rd, Wiley, CO 81092",Resident 1037,A-20037,2026-07-15,338542,gallons,,R2,
M-1038,"366 Cemetery Rd, Wiley, CO 81092",Resident 1038,A-20038,2026-07-15,236117,gallons,,R3,
M-1039,"373 Grain Elevator Rd, Wiley, CO 81092",Resident 1039,A-20039,2026-07-15,396860,gallons,,R4,
M-1040,"380 Main St, Wiley, CO 81092",Resident 1040,A-20040,2026-07-15,302034,gallons,,R5,
M-1041,"387 County Rd 10, Wiley, CO 81092",Resident 1041,A-20041,2026-07-15,206186,gallons,,R6,
M-1042,"394 County Rd 14, Wiley, CO 81092",Resident 1042,A-20042,2026-07-15,460892,gallons,,R1,
M-1043,"401 Highway 287, Wiley, CO 81092",Resident 1043,A-20043,2026-07-15,417834,gallons,,R2,
M-1044,"408 Maple Ave, Wiley, CO 81092",Resident 1044,A-20044,2026-07-15,177899,gallons,,R3,
M-1045,"415 Oak St, Wiley, CO 81092",Resident 1045,A-20045,2026-07-15,424476,gallons,,R4,
M-1046,"422 Elm St, Wiley, CO 81092",Resident 1046,A-20046,2026-07-15,198753,gallons,,R5,
M-1047,"429 3rd Ave, Wiley, CO 81092",Resident 1047,A-20047,2026-07-15,133612,gallons,,R6,
M-1048,"436 5th St, Wiley, CO 81092",Resident 1048,A-20048,2026-07-15,428431,gallons,,R1,
M-1049,"443 Ranch Rd, Wiley, CO 81092",Resident 1049,A-20049,2026-07-15,428666,gallons,,R2,
M-1050,"450 Irrigation Ln, Wiley, CO 81092",Resident 1050,A-20050,2026-07-15,387277,gallons,,R3,
M-1051,"457 North Frontage, Wiley, CO 81092",Resident 1051,A-20051,2026-07-15,453239,gallons,,R4,
M-1052,"464 South Loop, Wiley, CO 81092",Resident 1052,A-20052,2026-07-15,255698,gallons,,R5,
M-1053,"471 Pioneer Rd, Wiley, CO 81092",Resident 1053,A-20053,2026-07-15,257061,gallons,,R6,
M-1054,"478 Cottonwood Dr, Wiley, CO 81092",Resident 1054,A-20054,2026-07-15,423857,gallons,,R1,
M-1055,"485 Sand Creek Rd, Wiley, CO 81092",Resident 1055,A-20055,2026-07-15,147639,gallons,,R2,
M-1056,"492 Prairie View, Wiley, CO 81092",Resident 1056,A-20056,2026-07-15,347318,gallons,,R3,
M-1057,"499 School House Rd, Wiley, CO 81092",Resident 1057,A-20057,2026-07-15,231321,gallons,,R4,
M-1058,"506 Cemetery Rd, Wiley, CO 81092",Resident 1058,A-20058,2026-07-15,523540,gallons,,R5,
M-1059,"513 Grain Elevator Rd, Wiley, CO 81092",Resident 1059,A-20059,2026-07-15,165796,gallons,,R6,
M-1060,"520 Main St, Wiley, CO 81092",Resident 1060,A-20060,2026-07-15,304571,gallons,,R1,
M-1061,"527 County Rd 10, Wiley, CO 81092",Resident 1061,A-20061,2026-07-15,331953,gallons,,R2,
M-1062,"534 County Rd 14, Wiley, CO 81092",Resident 1062,A-20062,2026-07-15,273402,gallons,,R3,
M-1063,"541 Highway 287, Wiley, CO 81092",Resident 1063,A-20063,2026-07-15,462733,gallons,,R4,
M-1064,"548 Maple Ave, Wiley, CO 81092",Resident 1064,A-20064,2026-07-15,361435,gallons,,R5,
M-1065,"555 Oak St, Wiley, CO 81092",Resident 1065,A-20065,2026-07-15,528044,gallons,,R6,
M-1066,"562 Elm St, Wiley, CO 81092",Resident 1066,A-20066,2026-07-15,489949,gallons,,R1,
M-1067,"569 3rd Ave, Wiley, CO 81092",Resident 1067,A-20067,2026-07-15,241197,gallons,,R2,
M-1068,"576 5th St, Wiley, CO 81092",Resident 1068,A-20068,2026-07-15,465446,gallons,,R3,
M-1069,"583 Ranch Rd, Wiley, CO 81092",Resident 1069,A-20069,2026-07-15,289776,gallons,,R4,
M-1070,"590 Irrigation Ln, Wiley, CO 81092",Resident 1070,A-20070,2026-07-15,338113,gallons,,R5,
M-1071,"597 North Frontage, Wiley, CO 81092",Resident 1071,A-20071,2026-07-15,458117,gallons,,R6,
M-1072,"604 South Loop, Wiley, CO 81092",Resident 1072,A-20072,2026-07-15,548715,gallons,,R1,
M-1073,"611 Pioneer Rd, Wiley, CO 81092",Resident 1073,A-20073,2026-07-15,448733,gallons,,R2,
M-1074,"618 Cottonwood Dr, Wiley, CO 81092",Resident 1074,A-20074,2026-07-15,434305,gallons,,R3,
M-1075,"625 Sand Creek Rd, Wiley, CO 81092",Resident 1075,A-20075,2026-07-15,286910,gallons,,R4,
M-1076,"632 Prairie View, Wiley, CO 81092",New Occupant 1076,A-20076,2026-07-15,286551,gallons,,R5,
M-1077,"639 School House Rd, Wiley, CO 81092",Resident 1077,A-20077,2026-07-15,231058,gallons,,R6,
M-1078,"646 Cemetery Rd, Wiley, CO 81092",Resident 1078,A-20078,2026-07-15,352569,gallons,,R1,
M-1079,"653 Grain Elevator Rd, Wiley, CO 81092",Resident 1079,A-20079,2026-07-15,289217,gallons,,R2,
M-1080,"660 Main St, Wiley, CO 81092",Resident 1080,A-20080,2026-07-15,332846,gallons,,R3,
M-1081,"667 County Rd 10, Wiley, CO 81092",Resident 1081,A-20081,2026-07-15,441695,gallons,,R4,
M-1082,"674 County Rd 14, Wiley, CO 81092",Resident 1082,A-20082,2026-07-15,245363,gallons,,R5,
M-1083,"681 Highway 287, Wiley, CO 81092",Resident 1083,A-20083,2026-07-15,475286,gallons,,R6,
M-1084,"688 Maple Ave, Wiley, CO 81092",Resident 1084,A-20084,2026-07-15,335209,gallons,,R1,
M-1085,"695 Oak St, Wiley, CO 81092",Resident 1085,A-20085,2026-07-15,411858,gallons,,R2,
M-1086,"702 Elm St, Wiley, CO 81092",Resident 1086,A-20086,2026-07-15,314729,gallons,,R3,
M-1087,"709 3rd Ave, Wiley, CO 81092",Resident 1087,A-20087,2026-07-15,275456,gallons,,R4,
M-1088,"716 5th St, Wiley, CO 81092",Resident 1088,A-20088,2026-07-15,164774,gallons,,R5,
M-1089,"723 Ranch Rd, Wiley, CO 81092",Resident 1089,A-20089,2026-07-15,750502,gallons,,R6,
M-1090,"730 Irrigation Ln, Wiley, CO 81092",Resident 1090,A-20090,2026-07-15,548424,gallons,,R1,
M-1091,"737 North Frontage, Wiley, CO 81092",Resident 1091,A-20091,2026-07-15,528973,gallons,,R2,
M-1092,"744 South Loop, Wiley, CO 81092",Resident 1092,A-20092,2026-07-15,193903,gallons,,R3,
M-1093,"751 Pioneer Rd, Wiley, CO 81092",Resident 1093,A-20093,2026-07-15,253179,gallons,,R4,
M-1094,"758 Cottonwood Dr, Wiley, CO 81092",Resident 1094,A-20094,2026-07-15,529373,gallons,,R5,
M-1095,"765 Sand Creek Rd, Wiley, CO 81092",Resident 1095,A-20095,2026-07-15,266125,gallons,,R6,
M-1096,"772 Prairie View, Wiley, CO 81092",Resident 1096,A-20096,2026-07-15,402829,gallons,,R1,
M-1097,"779 School House Rd, Wiley, CO 81092",Resident 1097,A-20097,2026-07-15,337356,gallons,,R2,
M-1098,"786 Cemetery Rd, Wiley, CO 81092",Resident 1098,A-20098,2026-07-15,255238,gallons,,R3,
M-1099,"793 Grain Elevator Rd, Wiley, CO 81092",Resident 1099,A-20099,2026-07-15,342570,gallons,,R4,
M-1100,"800 Main St, Wiley, CO 81092",Resident 1100,A-20100,2026-07-15,265038,gallons,,R5,
M-1101,"807 County Rd 10, Wiley, CO 81092",Resident 1101,A-20101,2026-07-15,363189,gallons,,R6,
M-1102,"814 County Rd 14, Wiley, CO 81092",Resident 1102,A-20102,2026-07-15,413055,gallons,,R1,
M-1103,"821 Highway 287, Wiley, CO 81092",Resident 1103,A-20103,2026-07-15,302268,gallons,,R2,
M-1104,"828 Maple Ave, Wiley, CO 81092",Resident 1104,A-20104,2026-07-15,321129,gallons,,R3,
M-1105,"835 Oak St, Wiley, CO 81092",Resident 1105,A-20105,2026-07-15,401684,gallons,,R4,
M-1106,"842 Elm St, Wiley, CO 81092",Resident 1106,A-20106,2026-07-15,549118,gallons,,R5,
M-1107,"849 3rd Ave, Wiley, CO 81092",Resident 1107,A-20107,2026-07-15,276030,gallons,,R6,
M-1108,"856 5th St, Wiley, CO 81092",Resident 1108,A-20108,2026-07-15,471045,gallons,,R1,
M-1109,"863 Ranch Rd, Wiley, CO 81092",Resident 1109,A-20109,2026-07-15,455818,gallons,,R2,
M-1110,"870 Irrigation Ln, Wiley, CO 81092",Resident 1110,A-20110,2026-07-15,446909,gallons,,R3,
M-1111,"877 North Frontage, Wiley, CO 81092",Resident 1111,A-20111,2026-07-15,190321,gallons,,R4,
M-1112,"884 South Loop, Wiley, CO 81092",Resident 1112,A-20112,2026-07-15,444720,gallons,,R5,
M-1113,"891 Pioneer Rd, Wiley, CO 81092",Resident 1113,A-20113,2026-07-15,275147,gallons,,R6,
M-1114,"898 Cottonwood Dr, Wiley, CO 81092",Resident 1114,A-20114,2026-07-15,492031,gallons,,R1,
M-1115,"905 Sand Creek Rd, Wiley, CO 81092",Resident 1115,A-20115,2026-07-15,274229,gallons,,R2,
M-1116,"912 Prairie View, Wiley, CO 81092",Resident 1116,A-20116,2026-07-15,314903,gallons,,R3,
M-1117,"919 School House Rd, Wiley, CO 81092",Resident 1117,A-20117,2026-07-15,306688,gallons,,R4,
M-1118,"926 Cemetery Rd, Wiley, CO 81092",Resident 1118,A-20118,2026-07-15,186982,gallons,,R5,
M-1119,"933 Grain Elevator Rd, Wiley, CO 81092",Resident 1119,A-20119,2026-07-15,291965,gallons,,R6,
M-1120,"940 Main St, Wiley, CO 81092",Resident 1120,A-20120,2026-07-15,490849,gallons,,R1,
M-1121,"947 County Rd 10, Wiley, CO 81092",Resident 1121,A-20121,2026-07-15,264243,gallons,,R2,
M-1122,"954 County Rd 14, Wiley, CO 81092",Resident 1122,A-20122,2026-07-15,380263,gallons,,R3,
M-1123,"961 Highway 287, Wiley, CO 81092",Resident 1123,A-20123,2026-07-15,348201,gallons,,R4,
M-1124,"968 Maple Ave, Wiley, CO 81092",Resident 1124,A-20124,2026-07-15,451255,gallons,,R5,
M-1125,"975 Oak St, Wiley, CO 81092",Resident 1125,A-20125,2026-07-15,265860,gallons,,R6,
M-1126,"982 Elm St, Wiley, CO 81092",Resident 1126,A-20126,2026-07-15,311631,gallons,,R1,
M-1127,"989 3rd Ave, Wiley, CO 81092",Resident 1127,A-20127,2026-07-15,263463,gallons,,R2,
M-1128,"996 5th St, Wiley, CO 81092",Resident 1128,A-20128,2026-07-15,588751,gallons,,R3,
M-1129,"1003 Ranch Rd, Wiley, CO 81092",Resident 1129,A-20129,2026-07-15,356228,gallons,,R4,
M-1130,"1010 Irrigation Ln, Wiley, CO 81092",Resident 1130,A-20130,2026-07-15,481467,gallons,,R5,
M-1131,"1017 North Frontage, Wiley, CO 81092",Resident 1131,A-20131,2026-07-15,412684,gallons,,R6,
M-1132,"1024 South Loop, Wiley, CO 81092",Resident 1132,A-20132,2026-07-15,384516,gallons,,R1,
M-1133,"1031 Pioneer Rd, Wiley, CO 81092",Resident 1133,A-20133,2026-07-15,244535,gallons,,R2,
M-1134,"1038 Cottonwood Dr, Wiley, CO 81092",Resident 1134,A-20134,2026-07-15,237488,gallons,,R3,
M-1135,"1045 Sand Creek Rd, Wiley, CO 81092",Resident 1135,A-20135,2026-07-15,551887,gallons,,R4,
M-1136,"1052 Prairie View, Wiley, CO 81092",Resident 1136,A-20136,2026-07-15,409901,gallons,,R5,
M-1137,"1059 School House Rd, Wiley, CO 81092",Resident 1137,A-20137,2026-07-15,322616,gallons,,R6,
M-1138,"1066 Cemetery Rd, Wiley, CO 81092",Resident 1138,A-20138,2026-07-15,174937,gallons,,R1,
M-1139,"1073 Grain Elevator Rd, Wiley, CO 81092",Resident 1139,A-20139,2026-07-15,132554,gallons,,R2,
M-1140,"1080 Main St, Wiley, CO 81092",Resident 1140,A-20140,2026-07-15,380851,gallons,TAMPER,R3,
M-1141,"1087 County Rd 10, Wiley, CO 81092",Resident 1141,A-20141,2026-07-15,273486,gallons,,R4,
M-1142,"1094 County Rd 14, Wiley, CO 81092",Resident 1142,A-20142,2026-07-15,457965,gallons,,R5,
M-1143,"1101 Highway 287, Wiley, CO 81092",Resident 1143,A-20143,2026-07-15,395014,gallons,,R6,
M-1144,"1108 Maple Ave, Wiley, CO 81092",Resident 1144,A-20144,2026-07-15,199188,gallons,,R1,
M-1145,"1115 Oak St, Wiley, CO 81092",Resident 1145,A-20145,2026-07-15,359953,gallons,,R2,
M-1146,"1122 Elm St, Wiley, CO 81092",Resident 1146,A-20146,2026-07-15,424620,gallons,,R3,
M-1147,"1129 3rd Ave, Wiley, CO 81092",Resident 1147,A-20147,2026-07-15,452787,gallons,,R4,
M-1148,"1136 5th St, Wiley, CO 81092",Resident 1148,A-20148,2026-07-15,429284,gallons,,R5,
M-1149,"1143 Ranch Rd, Wiley, CO 81092",Resident 1149,A-20149,2026-07-15,245960,gallons,,R6,
M-1150,"1150 Irrigation Ln, Wiley, CO 81092",Resident 1150,A-20150,2026-07-15,253270,gallons,,R1,
M-1151,"1157 North Frontage, Wiley, CO 81092",Resident 1151,A-20151,2026-07-15,265279,gallons,,R2,
M-1152,"1164 South Loop, Wiley, CO 81092",Resident 1152,A-20152,2026-07-15,196260,gallons,,R3,
M-1153,"1171 Pioneer Rd, Wiley, CO 81092",Resident 1153,A-20153,2026-07-15,471524,gallons,,R4,
M-1154,"1178 Cottonwood Dr, Wiley, CO 81092",Resident 1154,A-20154,2026-07-15,204426,gallons,,R5,
M-1155,"1185 Sand Creek Rd, Wiley, CO 81092",Resident 1155,A-20155,2026-07-15,418874,gallons,,R6,
M-1156,"1192 Prairie View, Wiley, CO 81092",Resident 1156,A-20156,2026-07-15,992950,gallons,,R1,
M-1157,"1199 School House Rd, Wiley, CO 81092",Resident 1157,A-20157,2026-07-15,500646,gallons,,R2,
M-1158,"1206 Cemetery Rd, Wiley, CO 81092",Resident 1158,A-20158,2026-07-15,230395,gallons,,R3,
M-1159,"1213 Grain Elevator Rd, Wiley, CO 81092",Resident 1159,A-20159,2026-07-15,441453,gallons,,R4,
M-1160,"1220 Main St, Wiley, CO 81092",Resident 1160,A-20160,2026-07-15,173513,gallons,,R5,
M-1161,"1227 County Rd 10, Wiley, CO 81092",Resident 1161,A-20161,2026-07-15,266040,gallons,,R6,
M-1162,"1234 County Rd 14, Wiley, CO 81092",Resident 1162,A-20162,2026-07-15,413923,gallons,,R1,
M-1163,"1241 Highway 287, Wiley, CO 81092",Resident 1163,A-20163,2026-07-15,318500,gallons,,R2,
M-1164,"1248 Maple Ave, Wiley, CO 81092",Resident 1164,A-20164,2026-07-15,263628,gallons,,R3,
M-1165,"1255 Oak St, Wiley, CO 81092",Resident 1165,A-20165,2026-07-15,401206,gallons,,R4,
M-1166,"1262 Elm St, Wiley, CO 81092",Resident 1166,A-20166,2026-07-15,374455,gallons,,R5,
M-1167,"1269 3rd Ave, Wiley, CO 81092",Resident 1167,A-20167,2026-07-15,289353,gallons,,R6,
M-1168,"1276 5th St, Wiley, CO 81092",Resident 1168,A-20168,2026-07-15,609874,gallons,,R1,
M-1169,"1283 Ranch Rd, Wiley, CO 81092",Resident 1169,A-20169,2026-07-15,285811,gallons,,R2,
M-1170,"1290 Irrigation Ln, Wiley, CO 81092",Resident 1170,A-20170,2026-07-15,343821,gallons,,R3,
M-1171,"1297 North Frontage, Wiley, CO 81092",Resident 1171,A-20171,2026-07-15,422310,gallons,,R4,
M-1172,"1304 South Loop, Wiley, CO 81092",Resident 1172,A-20172,2026-07-15,373580,gallons,,R5,
M-1173,"1311 Pioneer Rd, Wiley, CO 81092",Resident 1173,A-20173,2026-07-15,518648,gallons,,R6,
M-1174,"1318 Cottonwood Dr, Wiley, CO 81092",Resident 1174,A-20174,2026-07-15,216407,gallons,,R1,
M-1175,"1325 Sand Creek Rd, Wiley, CO 81092",Resident 1175,A-20175,2026-07-15,318341,gallons,,R2,
M-1176,"1332 Prairie View, Wiley, CO 81092",Resident 1176,A-20176,2026-07-15,190754,gallons,,R3,
M-1177,"1339 School House Rd, Wiley, CO 81092",Resident 1177,A-20177,2026-07-15,343084,gallons,,R4,
M-1178,"1346 Cemetery Rd, Wiley, CO 81092",Resident 1178,A-20178,2026-07-15,473022,gallons,,R5,
M-1179,"1353 Grain Elevator Rd, Wiley, CO 81092",Resident 1179,A-20179,2026-07-15,173292,gallons,,R6,
M-1180,"1360 Main St, Wiley, CO 81092",Resident 1180,A-20180,2026-07-15,298870,gallons,,R1,
M-1181,"1367 County Rd 10, Wiley, CO 81092",Resident 1181,A-20181,2026-07-15,429632,gallons,,R2,
M-1182,"1374 County Rd 14, Wiley, CO 81092",Resident 1182,A-20182,2026-07-15,356350,gallons,,R3,
M-1183,"1381 Highway 287, Wiley, CO 81092",Resident 1183,A-20183,2026-07-15,340077,gallons,,R4,
M-1184,"1388 Maple Ave, Wiley, CO 81092",Resident 1184,A-20184,2026-07-15,266174,gallons,,R5,
M-1185,"1395 Oak St, Wiley, CO 81092",Resident 1185,A-20185,2026-07-15,312375,gallons,,R6,
M-1186,"1402 Elm St, Wiley, CO 81092",Resident 1186,A-20186,2026-07-15,223012,gallons,,R1,
M-1187,"1409 3rd Ave, Wiley, CO 81092",Resident 1187,A-20187,2026-07-15,440575,gallons,,R2,
M-1188,"1416 5th St, Wiley, CO 81092",Resident 1188,A-20188,2026-07-15,224535,gallons,,R3,
M-1189,"1423 Ranch Rd, Wiley, CO 81092",Resident 1189,A-20189,2026-07-15,473447,gallons,,R4,
M-1190,"1430 Irrigation Ln, Wiley, CO 81092",Resident 1190,A-20190,2026-07-15,259487,gallons,,R5,
M-1191,"1437 North Frontage, Wiley, CO 81092",New Occupant 1191,A-20191,2026-07-15,237009,gallons,,R6,
M-1192,"1444 South Loop, Wiley, CO 81092",Resident 1192,A-20192,2026-07-15,425622,gallons,,R1,
M-1193,"1451 Pioneer Rd, Wiley, CO 81092",Resident 1193,A-20193,2026-07-15,439307,gallons,,R2,
M-1194,"1458 Cottonwood Dr, Wiley, CO 81092",Resident 1194,A-20194,2026-07-15,299299,gallons,,R3,
M-1195,"1465 Sand Creek Rd, Wiley, CO 81092",Resident 1195,A-20195,2026-07-15,336327,gallons,,R4,
M-1196,"1472 Prairie View, Wiley, CO 81092",Resident 1196,A-20196,2026-07-15,330923,gallons,,R5,
M-1197,"1479 School House Rd, Wiley, CO 81092",Resident 1197,A-20197,2026-07-15,118091,gallons,,R6,
M-1198,"1486 Cemetery Rd, Wiley, CO 81092",Resident 1198,A-20198,2026-07-15,574660,gallons,,R1,
M-1199,"1493 Grain Elevator Rd, Wiley, CO 81092",Resident 1199,A-20199,2026-07-15,272900,gallons,,R2,
M-1200,"1500 Main St, Wiley, CO 81092",Resident 1200,A-20200,2026-07-15,411219,gallons,,R3,
M-1201,"1507 County Rd 10, Wiley, CO 81092",Resident 1201,A-20201,2026-07-15,280004,gallons,,R4,
M-1202,"1514 County Rd 14, Wiley, CO 81092",Resident 1202,A-20202,2026-07-15,272487,gallons,,R5,
M-1203,"1521 Highway 287, Wiley, CO 81092",Resident 1203,A-20203,2026-07-15,183866,gallons,,R6,
M-1204,"1528 Maple Ave, Wiley, CO 81092",Resident 1204,A-20204,2026-07-15,311151,gallons,,R1,
M-1205,"1535 Oak St, Wiley, CO 81092",Resident 1205,A-20205,2026-07-15,339096,gallons,,R2,
M-1206,"1542 Elm St, Wiley, CO 81092",Resident 1206,A-20206,2026-07-15,452582,gallons,,R3,
M-1207,"1549 3rd Ave, Wiley, CO 81092",Resident 1207,A-20207,2026-07-15,423534,gallons,,R4,
M-1208,"1556 5th St, Wiley, CO 81092",Resident 1208,A-20208,2026-07-15,424897,gallons,,R5,
M-1209,"1563 Ranch Rd, Wiley, CO 81092",Resident 1209,A-20209,2026-07-15,399843,gallons,,R6,
M-1210,"1570 Irrigation Ln, Wiley, CO 81092",Resident 1210,A-20210,2026-07-15,294674,gallons,,R1,
M-1211,"1577 North Frontage, Wiley, CO 81092",Resident 1211,A-20211,2026-07-15,267305,gallons,,R2,
M-1212,"1584 South Loop, Wiley, CO 81092",Resident 1212,A-20212,2026-07-15,265793,gallons,,R3,
M-1213,"1591 Pioneer Rd, Wiley, CO 81092",Resident 1213,A-20213,2026-07-15,256179,gallons,,R4,
M-1214,"1598 Cottonwood Dr, Wiley, CO 81092",Resident 1214,A-20214,2026-07-15,352553,gallons,,R5,
M-1215,"1605 Sand Creek Rd, Wiley, CO 81092",Resident 1215,A-20215,2026-07-15,516591,gallons,,R6,
M-1216,"1612 Prairie View, Wiley, CO 81092",Resident 1216,A-20216,2026-07-15,394946,gallons,,R1,
M-1217,"1619 School House Rd, Wiley, CO 81092",Resident 1217,A-20217,2026-07-15,150440,gallons,,R2,
M-1218,"1626 Cemetery Rd, Wiley, CO 81092",Resident 1218,A-20218,2026-07-15,185064,gallons,,R3,
M-1219,"1633 Grain Elevator Rd, Wiley, CO 81092",Resident 1219,A-20219,2026-07-15,546391,gallons,,R4,
M-1220,"1640 Main St, Wiley, CO 81092",Resident 1220,A-20220,2026-07-15,426942,gallons,,R5,
M-1221,"1647 County Rd 10, Wiley, CO 81092",Resident 1221,A-20221,2026-07-15,397456,gallons,,R6,
M-1222,"1654 County Rd 14, Wiley, CO 81092",Resident 1222,A-20222,2026-07-15,301360,gallons,,R1,
M-1223,"1661 Highway 287, Wiley, CO 81092",Resident 1223,A-20223,2026-07-15,383949,gallons,,R2,
M-1224,"1668 Maple Ave, Wiley, CO 81092",Resident 1224,A-20224,2026-07-15,530611,gallons,,R3,
M-1225,"1675 Oak St, Wiley, CO 81092",Resident 1225,A-20225,2026-07-15,493746,gallons,,R4,
M-1226,"1682 Elm St, Wiley, CO 81092",Resident 1226,A-20226,2026-07-15,246847,gallons,,R5,
M-1227,"1689 3rd Ave, Wiley, CO 81092",Resident 1227,A-20227,2026-07-15,345186,gallons,,R6,
M-1228,"1696 5th St, Wiley, CO 81092",Resident 1228,A-20228,2026-07-15,517469,gallons,,R1,
M-1229,"1703 Ranch Rd, Wiley, CO 81092",Resident 1229,A-20229,2026-07-15,361371,gallons,,R2,
M-1230,"1710 Irrigation Ln, Wiley, CO 81092",Resident 1230,A-20230,2026-07-15,391485,gallons,,R3,
M-1231,"1717 North Frontage, Wiley, CO 81092",Resident 1231,A-20231,2026-07-15,266061,gallons,,R4,
M-1232,"1724 South Loop, Wiley, CO 81092",Resident 1232,A-20232,2026-07-15,373937,gallons,,R5,
M-1233,"1731 Pioneer Rd, Wiley, CO 81092",Resident 1233,A-20233,2026-07-15,248860,gallons,,R6,
M-1234,"1738 Cottonwood Dr, Wiley, CO 81092",Resident 1234,A-20234,2026-07-15,440624,gallons,,R1,
M-1235,"1745 Sand Creek Rd, Wiley, CO 81092",Resident 1235,A-20235,2026-07-15,471214,gallons,,R2,
M-1236,"1752 Prairie View, Wiley, CO 81092",Resident 1236,A-20236,2026-07-15,344289,gallons,,R3,
M-1237,"1759 School House Rd, Wiley, CO 81092",Resident 1237,A-20237,2026-07-15,433451,gallons,,R4,
M-1238,"1766 Cemetery Rd, Wiley, CO 81092",Resident 1238,A-20238,2026-07-15,407937,gallons,,R5,
M-1239,"1773 Grain Elevator Rd, Wiley, CO 81092",Resident 1239,A-20239,2026-07-15,227212,gallons,,R6,
M-1240,"1780 Main St, Wiley, CO 81092",Resident 1240,A-20240,2026-07-15,559911,gallons,,R1,
M-1241,"1787 County Rd 10, Wiley, CO 81092",Resident 1241,A-20241,2026-07-15,369072,gallons,,R2,
M-1242,"1794 County Rd 14, Wiley, CO 81092",Resident 1242,A-20242,2026-07-15,456436,gallons,,R3,
M-1243,"1801 Highway 287, Wiley, CO 81092",Resident 1243,A-20243,2026-07-15,319657,gallons,,R4,
M-1244,"1808 Maple Ave, Wiley, CO 81092",Resident 1244,A-20244,2026-07-15,922487,gallons,,R5,
M-1245,"1815 Oak St, Wiley, CO 81092",Resident 1245,A-20245,2026-07-15,181181,gallons,,R6,
M-1246,"1822 Elm St, Wiley, CO 81092",Resident 1246,A-20246,2026-07-15,330610,gallons,,R1,
M-1247,"1829 3rd Ave, Wiley, CO 81092",Resident 1247,A-20247,2026-07-15,374564,gallons,,R2,
M-1248,"1836 5th St, Wiley, CO 81092",Resident 1248,A-20248,2026-07-15,386905,gallons,,R3,
M-1249,"1843 Ranch Rd, Wiley, CO 81092",Resident 1249,A-20249,2026-07-15,566663,gallons,,R4,
M-1250,"1850 Irrigation Ln, Wiley, CO 81092",Resident 1250,A-20250,2026-07-15,363827,gallons,,R5,
M-1251,"1857 North Frontage, Wiley, CO 81092",Resident 1251,A-20251,2026-07-15,392152,gallons,,R6,
M-1252,"1864 South Loop, Wiley, CO 81092",Resident 1252,A-20252,2026-07-15,363137,gallons,,R1,
M-1253,"1871 Pioneer Rd, Wiley, CO 81092",Resident 1253,A-20253,2026-07-15,261446,gallons,,R2,
M-1254,"1878 Cottonwood Dr, Wiley, CO 81092",Resident 1254,A-20254,2026-07-15,409802,gallons,,R3,
M-1255,"1885 Sand Creek Rd, Wiley, CO 81092",Resident 1255,A-20255,2026-07-15,313903,gallons,,R4,
M-1256,"1892 Prairie View, Wiley, CO 81092",Resident 1256,A-20256,2026-07-15,336575,gallons,,R5,
M-1257,"1899 School House Rd, Wiley, CO 81092",Resident 1257,A-20257,2026-07-15,335940,gallons,,R6,
M-1258,"1906 Cemetery Rd, Wiley, CO 81092",Resident 1258,A-20258,2026-07-15,499013,gallons,,R1,
M-1259,"1913 Grain Elevator Rd, Wiley, CO 81092",Resident 1259,A-20259,2026-07-15,316529,gallons,,R2,
M-1260,"1920 Main St, Wiley, CO 81092",Resident 1260,A-20260,2026-07-15,204108,gallons,TAMPER,R3,
M-1261,"1927 County Rd 10, Wiley, CO 81092",Resident 1261,A-20261,2026-07-15,494207,gallons,,R4,
M-1262,"1934 County Rd 14, Wiley, CO 81092",Resident 1262,A-20262,2026-07-15,418099,gallons,,R5,
M-1263,"1941 Highway 287, Wiley, CO 81092",Resident 1263,A-20263,2026-07-15,362038,gallons,,R6,
M-1264,"1948 Maple Ave, Wiley, CO 81092",Resident 1264,A-20264,2026-07-15,364424,gallons,,R1,
M-1265,"1955 Oak St, Wiley, CO 81092",Resident 1265,A-20265,2026-07-15,446012,gallons,,R2,
M-1266,"1962 Elm St, Wiley, CO 81092",Resident 1266,A-20266,2026-07-15,239040,gallons,,R3,
M-1267,"1969 3rd Ave, Wiley, CO 81092",Resident 1267,A-20267,2026-07-15,358643,gallons,,R4,
M-1268,"1976 5th St, Wiley, CO 81092",Resident 1268,A-20268,2026-07-15,298058,gallons,,R5,
M-1269,"1983 Ranch Rd, Wiley, CO 81092",Resident 1269,A-20269,2026-07-15,328490,gallons,,R6,
M-1270,"1990 Irrigation Ln, Wiley, CO 81092",Resident 1270,A-20270,2026-07-15,355674,gallons,,R1,
M-1271,"1997 North Frontage, Wiley, CO 81092",Resident 1271,A-20271,2026-07-15,506503,gallons,,R2,
M-1272,"2004 South Loop, Wiley, CO 81092",Resident 1272,A-20272,2026-07-15,537313,gallons,,R3,
M-1273,"2011 Pioneer Rd, Wiley, CO 81092",Resident 1273,A-20273,2026-07-15,561836,gallons,,R4,
M-1274,"2018 Cottonwood Dr, Wiley, CO 81092",Resident 1274,A-20274,2026-07-15,367036,gallons,,R5,
M-1275,"2025 Sand Creek Rd, Wiley, CO 81092",Resident 1275,A-20275,2026-07-15,396359,gallons,,R6,
M-1276,"2032 Prairie View, Wiley, CO 81092",Resident 1276,A-20276,2026-07-15,436378,gallons,,R1,
M-1277,"2039 School House Rd, Wiley, CO 81092",Resident 1277,A-20277,2026-07-15,417446,gallons,,R2,
M-1278,"2046 Cemetery Rd, Wiley, CO 81092",Resident 1278,A-20278,2026-07-15,254433,gallons,,R3,
M-1279,"2053 Grain Elevator Rd, Wiley, CO 81092",Resident 1279,A-20279,2026-07-15,393033,gallons,,R4,
M-1280,"2060 Main St, Wiley, CO 81092",Resident 1280,A-20280,2026-07-15,372359,gallons,,R5,
M-1281,"2067 County Rd 10, Wiley, CO 81092",Resident 1281,A-20281,2026-07-15,328594,gallons,,R6,
M-1282,"2074 County Rd 14, Wiley, CO 81092",Resident 1282,A-20282,2026-07-15,537999,gallons,,R1,
M-1283,"2081 Highway 287, Wiley, CO 81092",Resident 1283,A-20283,2026-07-15,218605,gallons,,R2,
M-1284,"2088 Maple Ave, Wiley, CO 81092",Resident 1284,A-20284,2026-07-15,338389,gallons,,R3,
M-1285,"2095 Oak St, Wiley, CO 81092",Resident 1285,A-20285,2026-07-15,462067,gallons,,R4,
M-1286,"2102 Elm St, Wiley, CO 81092",Resident 1286,A-20286,2026-07-15,547229,gallons,,R5,
M-1287,"2109 3rd Ave, Wiley, CO 81092",Resident 1287,A-20287,2026-07-15,584871,gallons,,R6,
M-1288,"2116 5th St, Wiley, CO 81092",Resident 1288,A-20288,2026-07-15,432264,gallons,,R1,
M-1289,"2123 Ranch Rd, Wiley, CO 81092",Resident 1289,A-20289,2026-07-15,416165,gallons,,R2,
M-1290,"2130 Irrigation Ln, Wiley, CO 81092",Resident 1290,A-20290,2026-07-15,282779,gallons,,R3,
M-1291,"2137 North Frontage, Wiley, CO 81092",Resident 1291,A-20291,2026-07-15,359522,gallons,,R4,
M-1292,"2144 South Loop, Wiley, CO 81092",Resident 1292,A-20292,2026-07-15,285286,gallons,,R5,
M-1293,"2151 Pioneer Rd, Wiley, CO 81092",Resident 1293,A-20293,2026-07-15,235272,gallons,,R6,
M-1294,"2158 Cottonwood Dr, Wiley, CO 81092",Resident 1294,A-20294,2026-07-15,291696,gallons,,R1,
M-1295,"2165 Sand Creek Rd, Wiley, CO 81092",Resident 1295,A-20295,2026-07-15,330146,gallons,,R2,
M-1296,"2172 Prairie View, Wiley, CO 81092",Resident 1296,A-20296,2026-07-15,185363,gallons,,R3,
M-1297,"2179 School House Rd, Wiley, CO 81092",Resident 1297,A-20297,2026-07-15,151194,gallons,,R4,
M-1298,"2186 Cemetery Rd, Wiley, CO 81092",Resident 1298,A-20298,2026-07-15,281329,gallons,,R5,
M-1299,"2193 Grain Elevator Rd, Wiley, CO 81092",Resident 1299,A-20299,2026-07-15,389235,gallons,,R6,
M-1300,"2200 Main St, Wiley, CO 81092",Resident 1300,A-20300,2026-07-15,463077,gallons,,R1,
