meter_id,service_addr,customer,acct,read_dt,reading,units,diag,route,comment
M-1001,"107 County Rd 10, Wiley, CO 81092",Resident 1001,A-20001,2024/08/12,342262,gal,,R2,
M-1001,"107 County Rd 10, Wiley, CO 81092",Resident 1001,A-20001,2024/09/13,350359,gal,,R2,
M-1001,"107 County Rd 10, Wiley, CO 81092",Resident 1001,A-20001,2024/10/14,356834,gal,,R2,
M-1001,"107 County Rd 10, Wiley, CO 81092",Resident 1001,A-20001,2024/11/15,361744,gal,,R2,
M-1001,"107 County Rd 10, Wiley, CO 81092",Resident 1001,A-20001,2024/12/16,366970,gal,,R2,
M-1002,"114 County Rd 14, Wiley, CO 81092",Resident 1002,A-20002,2024/08/12,288864,gal,,R3,
M-1002,"114 County Rd 14, Wiley, CO 81092",Resident 1002,A-20002,2024/09/13,292174,gal,,R3,
M-1002,"114 County Rd 14, Wiley, CO 81092",Resident 1002,A-20002,2024/10/14,295533,gal,,R3,
M-1002,"114 County Rd 14, Wiley, CO 81092",Resident 1002,A-20002,2024/11/15,298056,gal,,R3,
M-1002,"114 County Rd 14, Wiley, CO 81092",Resident 1002,A-20002,2024/12/16,300709,gal,,R3,
M-1003,"121 Highway 287, Wiley, CO 81092",Resident 1003,A-20003,2024/08/12,126657,gal,,R4,
M-1003,"121 Highway 287, Wiley, CO 81092",Resident 1003,A-20003,2024/09/13,129082,gal,,R4,
M-1003,"121 Highway 287, Wiley, CO 81092",Resident 1003,A-20003,2024/10/14,131274,gal,,R4,
M-1003,"121 Highway 287, Wiley, CO 81092",Resident 1003,A-20003,2024/11/15,133258,gal,,R4,
M-1003,"121 Highway 287, Wiley, CO 81092",Resident 1003,A-20003,2024/12/16,135051,gal,,R4,
M-1004,"128 Maple Ave, Wiley, CO 81092",Resident 1004,A-20004,2024/08/12,282791,gal,,R5,
M-1004,"128 Maple Ave, Wiley, CO 81092",Resident 1004,A-20004,2024/09/13,293624,gal,,R5,
M-1004,"128 Maple Ave, Wiley, CO 81092",Resident 1004,A-20004,2024/10/14,301192,gal,,R5,
M-1004,"128 Maple Ave, Wiley, CO 81092",Resident 1004,A-20004,2024/11/15,308111,gal,,R5,
M-1004,"128 Maple Ave, Wiley, CO 81092",Resident 1004,A-20004,2024/12/16,314883,gal,,R5,
M-1005,"135 Oak St, Wiley, CO 81092",Resident 1005,A-20005,2024/08/12,151660,gal,,R6,
M-1005,"135 Oak St, Wiley, CO 81092",Resident 1005,A-20005,2024/09/13,157297,gal,,R6,
M-1005,"135 Oak St, Wiley, CO 81092",Resident 1005,A-20005,2024/10/14,162243,gal,,R6,
M-1005,"135 Oak St, Wiley, CO 81092",Resident 1005,A-20005,2024/11/15,165119,gal,,R6,
M-1005,"135 Oak St, Wiley, CO 81092",Resident 1005,A-20005,2024/12/16,168644,gal,,R6,
M-1006,"142 Elm St, Wiley, CO 81092",Resident 1006,A-20006,2024/08/12,202049,gal,,R1,
M-1006,"142 Elm St, Wiley, CO 81092",Resident 1006,A-20006,2024/09/13,206995,gal,,R1,
M-1006,"142 Elm St, Wiley, CO 81092",Resident 1006,A-20006,2024/10/14,210984,gal,,R1,
M-1006,"142 Elm St, Wiley, CO 81092",Resident 1006,A-20006,2024/11/15,213984,gal,,R1,
M-1006,"142 Elm St, Wiley, CO 81092",Resident 1006,A-20006,2024/12/16,216946,gal,,R1,
M-1007,"149 3rd Ave, Wiley, CO 81092",Resident 1007,A-20007,2024/08/12,297978,gal,,R2,
M-1007,"149 3rd Ave, Wiley, CO 81092",Resident 1007,A-20007,2024/09/13,303236,gal,,R2,
M-1007,"149 3rd Ave, Wiley, CO 81092",Resident 1007,A-20007,2024/10/14,306838,gal,,R2,
M-1007,"149 3rd Ave, Wiley, CO 81092",Resident 1007,A-20007,2024/11/15,310100,gal,,R2,
M-1007,"149 3rd Ave, Wiley, CO 81092",Resident 1007,A-20007,2024/12/16,312733,gal,,R2,
M-1008,"156 5th St, Wiley, CO 81092",Resident 1008,A-20008,2024/08/12,185136,gal,,R3,
M-1008,"156 5th St, Wiley, CO 81092",Resident 1008,A-20008,2024/09/13,189556,gal,,R3,
M-1008,"156 5th St, Wiley, CO 81092",Resident 1008,A-20008,2024/10/14,193300,gal,,R3,
M-1008,"156 5th St, Wiley, CO 81092",Resident 1008,A-20008,2024/11/15,195529,gal,,R3,
M-1008,"156 5th St, Wiley, CO 81092",Resident 1008,A-20008,2024/12/16,197705,gal,,R3,
M-1009,"163 Ranch Rd, Wiley, CO 81092",Resident 1009,A-20009,2024/08/12,101157,gal,,R4,
M-1009,"163 Ranch Rd, Wiley, CO 81092",Resident 1009,A-20009,2024/09/13,111114,gal,,R4,
M-1009,"163 Ranch Rd, Wiley, CO 81092",Resident 1009,A-20009,2024/10/14,118119,gal,,R4,
M-1009,"163 Ranch Rd, Wiley, CO 81092",Resident 1009,A-20009,2024/11/15,124065,gal,,R4,
M-1009,"163 Ranch Rd, Wiley, CO 81092",Resident 1009,A-20009,2024/12/16,130127,gal,,R4,
M-1010,"170 Irrigation Ln, Wiley, CO 81092",Resident 1010,A-20010,2024/08/12,285822,gal,,R5,
M-1010,"170 Irrigation Ln, Wiley, CO 81092",Resident 1010,A-20010,2024/09/13,289075,gal,,R5,
M-1010,"170 Irrigation Ln, Wiley, CO 81092",Resident 1010,A-20010,2024/10/14,292440,gal,,R5,
M-1010,"170 Irrigation Ln, Wiley, CO 81092",Resident 1010,A-20010,2024/11/15,294488,gal,,R5,
M-1010,"170 Irrigation Ln, Wiley, CO 81092",Resident 1010,A-20010,2024/12/16,296756,gal,,R5,
M-1011,"177 North Frontage, Wiley, CO 81092",Resident 1011,A-20011,2024/08/12,349768,gal,,R6,
M-1011,"177 North Frontage, Wiley, CO 81092",Resident 1011,A-20011,2024/09/13,357444,gal,,R6,
M-1011,"177 North Frontage, Wiley, CO 81092",Resident 1011,A-20011,2024/10/14,364361,gal,,R6,
M-1011,"177 North Frontage, Wiley, CO 81092",Resident 1011,A-20011,2024/11/15,370745,gal,,R6,
M-1011,"177 North Frontage, Wiley, CO 81092",Resident 1011,A-20011,2024/12/16,376036,gal,,R6,
M-1012,"184 South Loop, Wiley, CO 81092",Resident 1012,A-20012,2024/08/12,113396,gal,,R1,
M-1012,"184 South Loop, Wiley, CO 81092",Resident 1012,A-20012,2024/09/13,123633,gal,,R1,
M-1012,"184 South Loop, Wiley, CO 81092",Resident 1012,A-20012,2024/10/14,130982,gal,,R1,
M-1012,"184 South Loop, Wiley, CO 81092",Resident 1012,A-20012,2024/11/15,137686,gal,,R1,
M-1012,"184 South Loop, Wiley, CO 81092",Resident 1012,A-20012,2024/12/16,144084,gal,,R1,
M-1013,"191 Pioneer Rd, Wiley, CO 81092",Resident 1013,A-20013,2024/08/12,84460,gal,,R2,
M-1013,"191 Pioneer Rd, Wiley, CO 81092",Resident 1013,A-20013,2024/09/13,92059,gal,,R2,
M-1013,"191 Pioneer Rd, Wiley, CO 81092",Resident 1013,A-20013,2024/10/14,98227,gal,,R2,
M-1013,"191 Pioneer Rd, Wiley, CO 81092",Resident 1013,A-20013,2024/11/15,103690,gal,,R2,
M-1013,"191 Pioneer Rd, Wiley, CO 81092",Resident 1013,A-20013,2024/12/16,108409,gal,,R2,
M-1014,"198 Cottonwood Dr, Wiley, CO 81092",Resident 1014,A-20014,2024/08/12,395753,gal,,R3,
M-1014,"198 Cottonwood Dr, Wiley, CO 81092",Resident 1014,A-20014,2024/09/13,399254,gal,,R3,
M-1014,"198 Cottonwood Dr, Wiley, CO 81092",Resident 1014,A-20014,2024/10/14,401881,gal,,R3,
M-1014,"198 Cottonwood Dr, Wiley, CO 81092",Resident 1014,A-20014,2024/11/15,403845,gal,,R3,
M-1014,"198 Cottonwood Dr, Wiley, CO 81092",Resident 1014,A-20014,2024/12/16,406172,gal,,R3,
M-1015,"205 Sand Creek Rd, Wiley, CO 81092",Resident 1015,A-20015,2024/08/12,341999,gal,,R4,
M-1015,"205 Sand Creek Rd, Wiley, CO 81092",Resident 1015,A-20015,2024/09/13,351101,gal,,R4,
M-1015,"205 Sand Creek Rd, Wiley, CO 81092",Resident 1015,A-20015,2024/10/14,358478,gal,,R4,
M-1015,"205 Sand Creek Rd, Wiley, CO 81092",Resident 1015,A-20015,2024/11/15,363657,gal,,R4,
M-1015,"205 Sand Creek Rd, Wiley, CO 81092",Resident 1015,A-20015,2024/12/16,369305,gal,,R4,
M-1016,"212 Prairie View, Wiley, CO 81092",Resident 1016,A-20016,2024/08/12,66421,gal,,R5,
M-1016,"212 Prairie View, Wiley, CO 81092",Resident 1016,A-20016,2024/09/13,72303,gal,,R5,
M-1016,"212 Prairie View, Wiley, CO 81092",Resident 1016,A-20016,2024/10/14,77154,gal,,R5,
M-1016,"212 Prairie View, Wiley, CO 81092",Resident 1016,A-20016,2024/11/15,81282,gal,,R5,
M-1016,"212 Prairie View, Wiley, CO 81092",Resident 1016,A-20016,2024/12/16,85983,gal,,R5,
M-1017,"219 School House Rd, Wiley, CO 81092",Resident 1017,A-20017,2024/08/12,102234,gal,,R6,
M-1017,"219 School House Rd, Wiley, CO 81092",Resident 1017,A-20017,2024/09/13,105135,gal,,R6,
M-1017,"219 School House Rd, Wiley, CO 81092",Resident 1017,A-20017,2024/10/14,107236,gal,,R6,
M-1017,"219 School House Rd, Wiley, CO 81092",Resident 1017,A-20017,2024/11/15,109178,gal,,R6,
M-1017,"219 School House Rd, Wiley, CO 81092",Resident 1017,A-20017,2024/12/16,111286,gal,,R6,
M-1018,"226 Cemetery Rd, Wiley, CO 81092",Resident 1018,A-20018,2024/08/12,176784,gal,,R1,
M-1018,"226 Cemetery Rd, Wiley, CO 81092",Resident 1018,A-20018,2024/09/13,179708,gal,,R1,
M-1018,"226 Cemetery Rd, Wiley, CO 81092",Resident 1018,A-20018,2024/10/14,182364,gal,,R1,
M-1018,"226 Cemetery Rd, Wiley, CO 81092",Resident 1018,A-20018,2024/11/15,184052,gal,,R1,
M-1018,"226 Cemetery Rd, Wiley, CO 81092",Resident 1018,A-20018,2024/12/16,185681,gal,,R1,
M-1019,"233 Grain Elevator Rd, Wiley, CO 81092",Resident 1019,A-20019,2024/08/12,140898,gal,,R2,
M-1019,"233 Grain Elevator Rd, Wiley, CO 81092",Resident 1019,A-20019,2024/09/13,144301,gal,,R2,
M-1019,"233 Grain Elevator Rd, Wiley, CO 81092",Resident 1019,A-20019,2024/10/14,147034,gal,,R2,
M-1019,"233 Grain Elevator Rd, Wiley, CO 81092",Resident 1019,A-20019,2024/11/15,149221,gal,,R2,
M-1019,"233 Grain Elevator Rd, Wiley, CO 81092",Resident 1019,A-20019,2024/12/16,151359,gal,,R2,
M-1020,"240 Main St, Wiley, CO 81092",Resident 1020,A-20020,2024/08/12,269028,gal,,R3,
M-1020,"240 Main St, Wiley, CO 81092",Resident 1020,A-20020,2024/09/13,273054,gal,,R3,
M-1020,"240 Main St, Wiley, CO 81092",Resident 1020,A-20020,2024/10/14,276834,gal,,R3,
M-1020,"240 Main St, Wiley, CO 81092",Resident 1020,A-20020,2024/11/15,279634,gal,,R3,
M-1020,"240 Main St, Wiley, CO 81092",Resident 1020,A-20020,2024/12/16,282682,gal,,R3,
M-1021,"247 County Rd 10, Wiley, CO 81092",Resident 1021,A-20021,2024/08/12,310084,gal,,R4,
M-1021,"247 County Rd 10, Wiley, CO 81092",Resident 1021,A-20021,2024/09/13,314589,gal,,R4,
M-1021,"247 County Rd 10, Wiley, CO 81092",Resident 1021,A-20021,2024/10/14,318292,gal,,R4,
M-1021,"247 County Rd 10, Wiley, CO 81092",Resident 1021,A-20021,2024/11/15,321600,gal,,R4,
M-1021,"247 County Rd 10, Wiley, CO 81092",Resident 1021,A-20021,2024/12/16,324511,gal,,R4,
M-1022,"254 County Rd 14, Wiley, CO 81092",Resident 1022,A-20022,2024/08/12,311701,gal,,R5,
M-1022,"254 County Rd 14, Wiley, CO 81092",Resident 1022,A-20022,2024/09/13,318626,gal,,R5,
M-1022,"254 County Rd 14, Wiley, CO 81092",Resident 1022,A-20022,2024/10/14,324113,gal,,R5,
M-1022,"254 County Rd 14, Wiley, CO 81092",Resident 1022,A-20022,2024/11/15,328794,gal,,R5,
M-1022,"254 County Rd 14, Wiley, CO 81092",Resident 1022,A-20022,2024/12/16,333500,gal,,R5,
M-1023,"261 Highway 287, Wiley, CO 81092",Resident 1023,A-20023,2024/08/12,172175,gal,,R6,
M-1023,"261 Highway 287, Wiley, CO 81092",Resident 1023,A-20023,2024/09/13,180794,gal,,R6,
M-1023,"261 Highway 287, Wiley, CO 81092",Resident 1023,A-20023,2024/10/14,188442,gal,,R6,
M-1023,"261 Highway 287, Wiley, CO 81092",Resident 1023,A-20023,2024/11/15,193844,gal,,R6,
M-1023,"261 Highway 287, Wiley, CO 81092",Resident 1023,A-20023,2024/12/16,198819,gal,,R6,
M-1024,"268 Maple Ave, Wiley, CO 81092",Resident 1024,A-20024,2024/08/12,264000,gal,,R1,
M-1024,"268 Maple Ave, Wiley, CO 81092",Resident 1024,A-20024,2024/09/13,267077,gal,,R1,
M-1024,"268 Maple Ave, Wiley, CO 81092",Resident 1024,A-20024,2024/10/14,269512,gal,,R1,
M-1024,"268 Maple Ave, Wiley, CO 81092",Resident 1024,A-20024,2024/11/15,271221,gal,,R1,
M-1024,"268 Maple Ave, Wiley, CO 81092",Resident 1024,A-20024,2024/12/16,272896,gal,,R1,
M-1025,"275 Oak St, Wiley, CO 81092",Resident 1025,A-20025,2024/08/12,90179,gal,,R2,
M-1025,"275 Oak St, Wiley, CO 81092",Resident 1025,A-20025,2024/09/13,97596,gal,,R2,
M-1025,"275 Oak St, Wiley, CO 81092",Resident 1025,A-20025,2024/10/14,104893,gal,,R2,
M-1025,"275 Oak St, Wiley, CO 81092",Resident 1025,A-20025,2024/11/15,110462,gal,,R2,
M-1025,"275 Oak St, Wiley, CO 81092",Resident 1025,A-20025,2024/12/16,114943,gal,,R2,
M-1026,"282 Elm St, Wiley, CO 81092",Resident 1026,A-20026,2024/08/12,142182,gal,,R3,
M-1026,"282 Elm St, Wiley, CO 81092",Resident 1026,A-20026,2024/09/13,146839,gal,,R3,
M-1026,"282 Elm St, Wiley, CO 81092",Resident 1026,A-20026,2024/10/14,150639,gal,,R3,
M-1026,"282 Elm St, Wiley, CO 81092",Resident 1026,A-20026,2024/11/15,153483,gal,,R3,
M-1026,"282 Elm St, Wiley, CO 81092",Resident 1026,A-20026,2024/12/16,156173,gal,,R3,
M-1027,"289 3rd Ave, Wiley, CO 81092",Resident 1027,A-20027,2024/08/12,260857,gal,,R4,
M-1027,"289 3rd Ave, Wiley, CO 81092",Resident 1027,A-20027,2024/09/13,269542,gal,,R4,
M-1027,"289 3rd Ave, Wiley, CO 81092",Resident 1027,A-20027,2024/10/14,278279,gal,,R4,
M-1027,"289 3rd Ave, Wiley, CO 81092",Resident 1027,A-20027,2024/11/15,284935,gal,,R4,
M-1027,"289 3rd Ave, Wiley, CO 81092",Resident 1027,A-20027,2024/12/16,290773,gal,,R4,
M-1028,"296 5th St, Wiley, CO 81092",Resident 1028,A-20028,2024/08/12,61629,gal,,R5,
M-1028,"296 5th St, Wiley, CO 81092",Resident 1028,A-20028,2024/09/13,71435,gal,,R5,
M-1028,"296 5th St, Wiley, CO 81092",Resident 1028,A-20028,2024/10/14,78987,gal,,R5,
M-1028,"296 5th St, Wiley, CO 81092",Resident 1028,A-20028,2024/11/15,84405,gal,,R5,
M-1028,"296 5th St, Wiley, CO 81092",Resident 1028,A-20028,2024/12/16,90242,gal,,R5,
M-1029,"303 Ranch Rd, Wiley, CO 81092",Resident 1029,A-20029,2024/08/12,266124,gal,,R6,
M-1029,"303 Ranch Rd, Wiley, CO 81092",Resident 1029,A-20029,2024/09/13,276120,gal,,R6,
M-1029,"303 Ranch Rd, Wiley, CO 81092",Resident 1029,A-20029,2024/10/14,283133,gal,,R6,
M-1029,"303 Ranch Rd, Wiley, CO 81092",Resident 1029,A-20029,2024/11/15,289891,gal,,R6,
M-1029,"303 Ranch Rd, Wiley, CO 81092",Resident 1029,A-20029,2024/12/16,295399,gal,,R6,
M-1030,"310 Irrigation Ln, Wiley, CO 81092",Resident 1030,A-20030,2024/08/12,198051,gal,,R1,
M-1030,"310 Irrigation Ln, Wiley, CO 81092",Resident 1030,A-20030,2024/09/13,205829,gal,,R1,
M-1030,"310 Irrigation Ln, Wiley, CO 81092",Resident 1030,A-20030,2024/10/14,212500,gal,,R1,
M-1030,"310 Irrigation Ln, Wiley, CO 81092",Resident 1030,A-20030,2024/11/15,218224,gal,,R1,
M-1030,"310 Irrigation Ln, Wiley, CO 81092",Resident 1030,A-20030,2024/12/16,223769,gal,,R1,
M-1031,"317 North Frontage, Wiley, CO 81092",Resident 1031,A-20031,2024/08/12,296918,gal,,R2,
M-1031,"317 North Frontage, Wiley, CO 81092",Resident 1031,A-20031,2024/09/13,303311,gal,,R2,
M-1031,"317 North Frontage, Wiley, CO 81092",Resident 1031,A-20031,2024/10/14,309700,gal,,R2,
M-1031,"317 North Frontage, Wiley, CO 81092",Resident 1031,A-20031,2024/11/15,313878,gal,,R2,
M-1031,"317 North Frontage, Wiley, CO 81092",Resident 1031,A-20031,2024/12/16,317673,gal,,R2,
M-1032,"324 South Loop, Wiley, CO 81092",Resident 1032,A-20032,2024/08/12,205036,gal,,R3,
M-1032,"324 South Loop, Wiley, CO 81092",Resident 1032,A-20032,2024/09/13,209385,gal,,R3,
M-1032,"324 South Loop, Wiley, CO 81092",Resident 1032,A-20032,2024/10/14,212841,gal,,R3,
M-1032,"324 South Loop, Wiley, CO 81092",Resident 1032,A-20032,2024/11/15,215648,gal,,R3,
M-1032,"324 South Loop, Wiley, CO 81092",Resident 1032,A-20032,2024/12/16,218496,gal,,R3,
M-1033,"331 Pioneer Rd, Wiley, CO 81092",Resident 1033,A-20033,2024/08/12,310091,gal,,R4,Known large lot / livestock
M-1033,"331 Pioneer Rd, Wiley, CO 81092",Resident 1033,A-20033,2024/09/13,337707,gal,,R4,
M-1033,"331 Pioneer Rd, Wiley, CO 81092",Resident 1033,A-20033,2024/10/14,365220,gal,,R4,
M-1033,"331 Pioneer Rd, Wiley, CO 81092",Resident 1033,A-20033,2024/11/15,383565,gal,,R4,
M-1033,"331 Pioneer Rd, Wiley, CO 81092",Resident 1033,A-20033,2024/12/16,403027,gal,,R4,
M-1034,"338 Cottonwood Dr, Wiley, CO 81092",Resident 1034,A-20034,2024/08/12,351561,gal,,R5,
M-1034,"338 Cottonwood Dr, Wiley, CO 81092",Resident 1034,A-20034,2024/09/13,360781,gal,,R5,
M-1034,"338 Cottonwood Dr, Wiley, CO 81092",Resident 1034,A-20034,2024/10/14,368581,gal,,R5,
M-1034,"338 Cottonwood Dr, Wiley, CO 81092",Resident 1034,A-20034,2024/11/15,373894,gal,,R5,
M-1034,"338 Cottonwood Dr, Wiley, CO 81092",Resident 1034,A-20034,2024/12/16,378868,gal,,R5,
M-1035,"345 Sand Creek Rd, Wiley, CO 81092",Resident 1035,A-20035,2024/08/12,403010,gal,,R6,
M-1035,"345 Sand Creek Rd, Wiley, CO 81092",Resident 1035,A-20035,2024/09/13,408011,gal,,R6,
M-1035,"345 Sand Creek Rd, Wiley, CO 81092",Resident 1035,A-20035,2024/10/14,412517,gal,,R6,
M-1035,"345 Sand Creek Rd, Wiley, CO 81092",Resident 1035,A-20035,2024/11/15,416345,gal,,R6,
M-1035,"345 Sand Creek Rd, Wiley, CO 81092",Resident 1035,A-20035,2024/12/16,419968,gal,,R6,
M-1036,"352 Prairie View, Wiley, CO 81092",Resident 1036,A-20036,2024/08/12,307976,gal,,R1,
M-1036,"352 Prairie View, Wiley, CO 81092",Resident 1036,A-20036,2024/09/13,310578,gal,,R1,
M-1036,"352 Prairie View, Wiley, CO 81092",Resident 1036,A-20036,2024/10/14,312802,gal,,R1,
M-1036,"352 Prairie View, Wiley, CO 81092",Resident 1036,A-20036,2024/11/15,314652,gal,,R1,
M-1036,"352 Prairie View, Wiley, CO 81092",Resident 1036,A-20036,2024/12/16,316340,gal,,R1,
M-1037,"359 School House Rd, Wiley, CO 81092",Resident 1037,A-20037,2024/08/12,141658,gal,,R2,
M-1037,"359 School House Rd, Wiley, CO 81092",Resident 1037,A-20037,2024/09/13,152753,gal,,R2,
M-1037,"359 School House Rd, Wiley, CO 81092",Resident 1037,A-20037,2024/10/14,162340,gal,,R2,
M-1037,"359 School House Rd, Wiley, CO 81092",Resident 1037,A-20037,2024/11/15,169222,gal,,R2,
M-1037,"359 School House Rd, Wiley, CO 81092",Resident 1037,A-20037,2024/12/16,175561,gal,,R2,
M-1038,"366 Cemetery Rd, Wiley, CO 81092",Resident 1038,A-20038,2024/08/12,154490,gal,,R3,
M-1038,"366 Cemetery Rd, Wiley, CO 81092",Resident 1038,A-20038,2024/09/13,158713,gal,,R3,
M-1038,"366 Cemetery Rd, Wiley, CO 81092",Resident 1038,A-20038,2024/10/14,161757,gal,,R3,
M-1038,"366 Cemetery Rd, Wiley, CO 81092",Resident 1038,A-20038,2024/11/15,164101,gal,,R3,
M-1038,"366 Cemetery Rd, Wiley, CO 81092",Resident 1038,A-20038,2024/12/16,166730,gal,,R3,
M-1039,"373 Grain Elevator Rd, Wiley, CO 81092",Resident 1039,A-20039,2024/08/12,217103,gal,,R4,
M-1039,"373 Grain Elevator Rd, Wiley, CO 81092",Resident 1039,A-20039,2024/09/13,226326,gal,,R4,
M-1039,"373 Grain Elevator Rd, Wiley, CO 81092",Resident 1039,A-20039,2024/10/14,234195,gal,,R4,
M-1039,"373 Grain Elevator Rd, Wiley, CO 81092",Resident 1039,A-20039,2024/11/15,239688,gal,,R4,
M-1039,"373 Grain Elevator Rd, Wiley, CO 81092",Resident 1039,A-20039,2024/12/16,245286,gal,,R4,
M-1040,"380 Main St, Wiley, CO 81092",Resident 1040,A-20040,2024/08/12,171829,gal,,R5,
M-1040,"380 Main St, Wiley, CO 81092",Resident 1040,A-20040,2024/09/13,178170,gal,,R5,
M-1040,"380 Main St, Wiley, CO 81092",Resident 1040,A-20040,2024/10/14,183664,gal,,R5,
M-1040,"380 Main St, Wiley, CO 81092",Resident 1040,A-20040,2024/11/15,188090,gal,,R5,
M-1040,"380 Main St, Wiley, CO 81092",Resident 1040,A-20040,2024/12/16,191729,gal,,R5,
M-1041,"387 County Rd 10, Wiley, CO 81092",Resident 1041,A-20041,2024/08/12,87650,gal,,R6,
M-1041,"387 County Rd 10, Wiley, CO 81092",Resident 1041,A-20041,2024/09/13,92847,gal,,R6,
M-1041,"387 County Rd 10, Wiley, CO 81092",Resident 1041,A-20041,2024/10/14,98112,gal,,R6,
M-1041,"387 County Rd 10, Wiley, CO 81092",Resident 1041,A-20041,2024/11/15,102272,gal,,R6,
M-1041,"387 County Rd 10, Wiley, CO 81092",Resident 1041,A-20041,2024/12/16,106511,gal,,R6,
M-1042,"394 County Rd 14, Wiley, CO 81092",Resident 1042,A-20042,2024/08/12,359290,gal,,R1,
M-1042,"394 County Rd 14, Wiley, CO 81092",Resident 1042,A-20042,2024/09/13,364223,gal,,R1,
M-1042,"394 County Rd 14, Wiley, CO 81092",Resident 1042,A-20042,2024/10/14,368685,gal,,R1,
M-1042,"394 County Rd 14, Wiley, CO 81092",Resident 1042,A-20042,2024/11/15,372096,gal,,R1,
M-1042,"394 County Rd 14, Wiley, CO 81092",Resident 1042,A-20042,2024/12/16,375458,gal,,R1,
M-1043,"401 Highway 287, Wiley, CO 81092",Resident 1043,A-20043,2024/08/12,338360,gal,,R2,
M-1043,"401 Highway 287, Wiley, CO 81092",Resident 1043,A-20043,2024/09/13,342661,gal,,R2,
M-1043,"401 Highway 287, Wiley, CO 81092",Resident 1043,A-20043,2024/10/14,346560,gal,,R2,
M-1043,"401 Highway 287, Wiley, CO 81092",Resident 1043,A-20043,2024/11/15,348854,gal,,R2,
M-1043,"401 Highway 287, Wiley, CO 81092",Resident 1043,A-20043,2024/12/16,351823,gal,,R2,
M-1044,"408 Maple Ave, Wiley, CO 81092",Resident 1044,A-20044,2024/08/12,86965,gal,,R3,
M-1044,"408 Maple Ave, Wiley, CO 81092",Resident 1044,A-20044,2024/09/13,91693,gal,,R3,
M-1044,"408 Maple Ave, Wiley, CO 81092",Resident 1044,A-20044,2024/10/14,95148,gal,,R3,
M-1044,"408 Maple Ave, Wiley, CO 81092",Resident 1044,A-20044,2024/11/15,98428,gal,,R3,
M-1044,"408 Maple Ave, Wiley, CO 81092",Resident 1044,A-20044,2024/12/16,101146,gal,,R3,
M-1045,"415 Oak St, Wiley, CO 81092",Resident 1045,A-20045,2024/08/12,225050,gal,,R4,
M-1045,"415 Oak St, Wiley, CO 81092",Resident 1045,A-20045,2024/09/13,235530,gal,,R4,
M-1045,"415 Oak St, Wiley, CO 81092",Resident 1045,A-20045,2024/10/14,242920,gal,,R4,
M-1045,"415 Oak St, Wiley, CO 81092",Resident 1045,A-20045,2024/11/15,249928,gal,,R4,
M-1045,"415 Oak St, Wiley, CO 81092",Resident 1045,A-20045,2024/12/16,255988,gal,,R4,
M-1046,"422 Elm St, Wiley, CO 81092",Resident 1046,A-20046,2024/08/12,86301,gal,,R5,
M-1046,"422 Elm St, Wiley, CO 81092",Resident 1046,A-20046,2024/09/13,91494,gal,,R5,
M-1046,"422 Elm St, Wiley, CO 81092",Resident 1046,A-20046,2024/10/14,96612,gal,,R5,
M-1046,"422 Elm St, Wiley, CO 81092",Resident 1046,A-20046,2024/11/15,100090,gal,,R5,
M-1046,"422 Elm St, Wiley, CO 81092",Resident 1046,A-20046,2024/12/16,103306,gal,,R5,
M-1047,"429 3rd Ave, Wiley, CO 81092",Resident 1047,A-20047,2024/08/12,80438,gal,,R6,
M-1047,"429 3rd Ave, Wiley, CO 81092",Resident 1047,A-20047,2024/09/13,83982,gal,,R6,
M-1047,"429 3rd Ave, Wiley, CO 81092",Resident 1047,A-20047,2024/10/14,86623,gal,,R6,
M-1047,"429 3rd Ave, Wiley, CO 81092",Resident 1047,A-20047,2024/11/15,89080,gal,,R6,
M-1047,"429 3rd Ave, Wiley, CO 81092",Resident 1047,A-20047,2024/12/16,91354,gal,,R6,
M-1048,"436 5th St, Wiley, CO 81092",Resident 1048,A-20048,2024/08/12,359838,gal,,R1,
M-1048,"436 5th St, Wiley, CO 81092",Resident 1048,A-20048,2024/09/13,363677,gal,,R1,
M-1048,"436 5th St, Wiley, CO 81092",Resident 1048,A-20048,2024/10/14,366436,gal,,R1,
M-1048,"436 5th St, Wiley, CO 81092",Resident 1048,A-20048,2024/11/15,368503,gal,,R1,
M-1048,"436 5th St, Wiley, CO 81092",Resident 1048,A-20048,2024/12/16,370976,gal,,R1,
M-1049,"443 Ranch Rd, Wiley, CO 81092",Resident 1049,A-20049,2024/08/12,306567,gal,,R2,
M-1049,"443 Ranch Rd, Wiley, CO 81092",Resident 1049,A-20049,2024/09/13,312562,gal,,R2,
M-1049,"443 Ranch Rd, Wiley, CO 81092",Resident 1049,A-20049,2024/10/14,318086,gal,,R2,
M-1049,"443 Ranch Rd, Wiley, CO 81092",Resident 1049,A-20049,2024/11/15,322554,gal,,R2,
M-1049,"443 Ranch Rd, Wiley, CO 81092",Resident 1049,A-20049,2024/12/16,326722,gal,,R2,
M-1050,"450 Irrigation Ln, Wiley, CO 81092",Resident 1050,A-20050,2024/08/12,317912,gal,,R3,
M-1050,"450 Irrigation Ln, Wiley, CO 81092",Resident 1050,A-20050,2024/09/13,321557,gal,,R3,
M-1050,"450 Irrigation Ln, Wiley, CO 81092",Resident 1050,A-20050,2024/10/14,324592,gal,,R3,
M-1050,"450 Irrigation Ln, Wiley, CO 81092",Resident 1050,A-20050,2024/11/15,326598,gal,,R3,
M-1050,"450 Irrigation Ln, Wiley, CO 81092",Resident 1050,A-20050,2024/12/16,328822,gal,,R3,
M-1051,"457 North Frontage, Wiley, CO 81092",Resident 1051,A-20051,2024/08/12,335831,gal,,R4,
M-1051,"457 North Frontage, Wiley, CO 81092",Resident 1051,A-20051,2024/09/13,341070,gal,,R4,
M-1051,"457 North Frontage, Wiley, CO 81092",Resident 1051,A-20051,2024/10/14,345940,gal,,R4,
M-1051,"457 North Frontage, Wiley, CO 81092",Resident 1051,A-20051,2024/11/15,349722,gal,,R4,
M-1051,"457 North Frontage, Wiley, CO 81092",Resident 1051,A-20051,2024/12/16,353619,gal,,R4,
M-1052,"464 South Loop, Wiley, CO 81092",Resident 1052,A-20052,2024/08/12,138427,gal,,R5,
M-1052,"464 South Loop, Wiley, CO 81092",Resident 1052,A-20052,2024/09/13,145015,gal,,R5,
M-1052,"464 South Loop, Wiley, CO 81092",Resident 1052,A-20052,2024/10/14,150776,gal,,R5,
M-1052,"464 South Loop, Wiley, CO 81092",Resident 1052,A-20052,2024/11/15,155042,gal,,R5,
M-1052,"464 South Loop, Wiley, CO 81092",Resident 1052,A-20052,2024/12/16,159196,gal,,R5,
M-1053,"471 Pioneer Rd, Wiley, CO 81092",Resident 1053,A-20053,2024/08/12,89199,gal,,R6,
M-1053,"471 Pioneer Rd, Wiley, CO 81092",Resident 1053,A-20053,2024/09/13,97684,gal,,R6,
M-1053,"471 Pioneer Rd, Wiley, CO 81092",Resident 1053,A-20053,2024/10/14,104894,gal,,R6,
M-1053,"471 Pioneer Rd, Wiley, CO 81092",Resident 1053,A-20053,2024/11/15,109805,gal,,R6,
M-1053,"471 Pioneer Rd, Wiley, CO 81092",Resident 1053,A-20053,2024/12/16,115052,gal,,R6,
M-1054,"478 Cottonwood Dr, Wiley, CO 81092",Resident 1054,A-20054,2024/08/12,322217,gal,,R1,
M-1054,"478 Cottonwood Dr, Wiley, CO 81092",Resident 1054,A-20054,2024/09/13,326845,gal,,R1,
M-1054,"478 Cottonwood Dr, Wiley, CO 81092",Resident 1054,A-20054,2024/10/14,331150,gal,,R1,
M-1054,"478 Cottonwood Dr, Wiley, CO 81092",Resident 1054,A-20054,2024/11/15,334376,gal,,R1,
M-1054,"478 Cottonwood Dr, Wiley, CO 81092",Resident 1054,A-20054,2024/12/16,338026,gal,,R1,
M-1055,"485 Sand Creek Rd, Wiley, CO 81092",Resident 1055,A-20055,2024/08/12,95363,gal,,R2,
M-1055,"485 Sand Creek Rd, Wiley, CO 81092",Resident 1055,A-20055,2024/09/13,98000,gal,,R2,
M-1055,"485 Sand Creek Rd, Wiley, CO 81092",Resident 1055,A-20055,2024/10/14,100635,gal,,R2,
M-1055,"485 Sand Creek Rd, Wiley, CO 81092",Resident 1055,A-20055,2024/11/15,102464,gal,,R2,
M-1055,"485 Sand Creek Rd, Wiley, CO 81092",Resident 1055,A-20055,2024/12/16,104511,gal,,R2,
M-1056,"492 Prairie View, Wiley, CO 81092",Resident 1056,A-20056,2024/08/12,157493,gal,,R3,
M-1056,"492 Prairie View, Wiley, CO 81092",Resident 1056,A-20056,2024/09/13,167039,gal,,R3,
M-1056,"492 Prairie View, Wiley, CO 81092",Resident 1056,A-20056,2024/10/14,174232,gal,,R3,
M-1056,"492 Prairie View, Wiley, CO 81092",Resident 1056,A-20056,2024/11/15,179493,gal,,R3,
M-1056,"492 Prairie View, Wiley, CO 81092",Resident 1056,A-20056,2024/12/16,186111,gal,,R3,
M-1057,"499 School House Rd, Wiley, CO 81092",Resident 1057,A-20057,2024/08/12,93781,gal,,R4,
M-1057,"499 School House Rd, Wiley, CO 81092",Resident 1057,A-20057,2024/09/13,100745,gal,,R4,
M-1057,"499 School House Rd, Wiley, CO 81092",Resident 1057,A-20057,2024/10/14,107068,gal,,R4,
M-1057,"499 School House Rd, Wiley, CO 81092",Resident 1057,A-20057,2024/11/15,110940,gal,,R4,
M-1057,"499 School House Rd, Wiley, CO 81092",Resident 1057,A-20057,2024/12/16,115232,gal,,R4,
M-1058,"506 Cemetery Rd, Wiley, CO 81092",Resident 1058,A-20058,2024/08/12,371949,gal,,R5,
M-1058,"506 Cemetery Rd, Wiley, CO 81092",Resident 1058,A-20058,2024/09/13,378604,gal,,R5,
M-1058,"506 Cemetery Rd, Wiley, CO 81092",Resident 1058,A-20058,2024/10/14,385893,gal,,R5,
M-1058,"506 Cemetery Rd, Wiley, CO 81092",Resident 1058,A-20058,2024/11/15,390839,gal,,R5,
M-1058,"506 Cemetery Rd, Wiley, CO 81092",Resident 1058,A-20058,2024/12/16,395635,gal,,R5,
M-1059,"513 Grain Elevator Rd, Wiley, CO 81092",Resident 1059,A-20059,2024/08/12,90090,gal,,R6,
M-1059,"513 Grain Elevator Rd, Wiley, CO 81092",Resident 1059,A-20059,2024/09/13,94342,gal,,R6,
M-1059,"513 Grain Elevator Rd, Wiley, CO 81092",Resident 1059,A-20059,2024/10/14,97709,gal,,R6,
M-1059,"513 Grain Elevator Rd, Wiley, CO 81092",Resident 1059,A-20059,2024/11/15,99933,gal,,R6,
M-1059,"513 Grain Elevator Rd, Wiley, CO 81092",Resident 1059,A-20059,2024/12/16,102400,gal,,R6,
M-1060,"520 Main St, Wiley, CO 81092",Resident 1060,A-20060,2024/08/12,180888,gal,,R1,
M-1060,"520 Main St, Wiley, CO 81092",Resident 1060,A-20060,2024/09/13,187738,gal,,R1,
M-1060,"520 Main St, Wiley, CO 81092",Resident 1060,A-20060,2024/10/14,193465,gal,,R1,
M-1060,"520 Main St, Wiley, CO 81092",Resident 1060,A-20060,2024/11/15,198029,gal,,R1,
M-1060,"520 Main St, Wiley, CO 81092",Resident 1060,A-20060,2024/12/16,201639,gal,,R1,
M-1061,"527 County Rd 10, Wiley, CO 81092",Resident 1061,A-20061,2024/08/12,265945,gal,,R2,
M-1061,"527 County Rd 10, Wiley, CO 81092",Resident 1061,A-20061,2024/09/13,269178,gal,,R2,
M-1061,"527 County Rd 10, Wiley, CO 81092",Resident 1061,A-20061,2024/10/14,272211,gal,,R2,
M-1061,"527 County Rd 10, Wiley, CO 81092",Resident 1061,A-20061,2024/11/15,274264,gal,,R2,
M-1061,"527 County Rd 10, Wiley, CO 81092",Resident 1061,A-20061,2024/12/16,276431,gal,,R2,
M-1062,"534 County Rd 14, Wiley, CO 81092",Resident 1062,A-20062,2024/08/12,122652,gal,,R3,
M-1062,"534 County Rd 14, Wiley, CO 81092",Resident 1062,A-20062,2024/09/13,129495,gal,,R3,
M-1062,"534 County Rd 14, Wiley, CO 81092",Resident 1062,A-20062,2024/10/14,135642,gal,,R3,
M-1062,"534 County Rd 14, Wiley, CO 81092",Resident 1062,A-20062,2024/11/15,139969,gal,,R3,
M-1062,"534 County Rd 14, Wiley, CO 81092",Resident 1062,A-20062,2024/12/16,144365,gal,,R3,
M-1063,"541 Highway 287, Wiley, CO 81092",Resident 1063,A-20063,2024/08/12,354661,gal,,R4,
M-1063,"541 Highway 287, Wiley, CO 81092",Resident 1063,A-20063,2024/09/13,360479,gal,,R4,
M-1063,"541 Highway 287, Wiley, CO 81092",Resident 1063,A-20063,2024/10/14,365013,gal,,R4,
M-1063,"541 Highway 287, Wiley, CO 81092",Resident 1063,A-20063,2024/11/15,368909,gal,,R4,
M-1063,"541 Highway 287, Wiley, CO 81092",Resident 1063,A-20063,2024/12/16,372364,gal,,R4,
M-1064,"548 Maple Ave, Wiley, CO 81092",Resident 1064,A-20064,2024/08/12,187537,gal,,R5,
M-1064,"548 Maple Ave, Wiley, CO 81092",Resident 1064,A-20064,2024/09/13,195984,gal,,R5,
M-1064,"548 Maple Ave, Wiley, CO 81092",Resident 1064,A-20064,2024/10/14,202734,gal,,R5,
M-1064,"548 Maple Ave, Wiley, CO 81092",Resident 1064,A-20064,2024/11/15,208806,gal,,R5,
M-1064,"548 Maple Ave, Wiley, CO 81092",Resident 1064,A-20064,2024/12/16,214754,gal,,R5,
M-1065,"555 Oak St, Wiley, CO 81092",Resident 1065,A-20065,2024/08/12,362892,gal,,R6,
M-1065,"555 Oak St, Wiley, CO 81092",Resident 1065,A-20065,2024/09/13,371790,gal,,R6,
M-1065,"555 Oak St, Wiley, CO 81092",Resident 1065,A-20065,2024/10/14,378704,gal,,R6,
M-1065,"555 Oak St, Wiley, CO 81092",Resident 1065,A-20065,2024/11/15,384398,gal,,R6,
M-1065,"555 Oak St, Wiley, CO 81092",Resident 1065,A-20065,2024/12/16,389487,gal,,R6,
M-1066,"562 Elm St, Wiley, CO 81092",Resident 1066,A-20066,2024/08/12,369197,gal,,R1,
M-1066,"562 Elm St, Wiley, CO 81092",Resident 1066,A-20066,2024/09/13,375149,gal,,R1,
M-1066,"562 Elm St, Wiley, CO 81092",Resident 1066,A-20066,2024/10/14,380238,gal,,R1,
M-1066,"562 Elm St, Wiley, CO 81092",Resident 1066,A-20066,2024/11/15,384447,gal,,R1,
M-1066,"562 Elm St, Wiley, CO 81092",Resident 1066,A-20066,2024/12/16,388886,gal,,R1,
M-1067,"569 3rd Ave, Wiley, CO 81092",Resident 1067,A-20067,2024/08/12,81182,gal,,R2,
M-1067,"569 3rd Ave, Wiley, CO 81092",Resident 1067,A-20067,2024/09/13,88608,gal,,R2,
M-1067,"569 3rd Ave, Wiley, CO 81092",Resident 1067,A-20067,2024/10/14,95362,gal,,R2,
M-1067,"569 3rd Ave, Wiley, CO 81092",Resident 1067,A-20067,2024/11/15,99993,gal,,R2,
M-1067,"569 3rd Ave, Wiley, CO 81092",Resident 1067,A-20067,2024/12/16,105470,gal,,R2,
M-1068,"576 5th St, Wiley, CO 81092",Resident 1068,A-20068,2024/08/12,380523,gal,,R3,
M-1068,"576 5th St, Wiley, CO 81092",Resident 1068,A-20068,2024/09/13,385300,gal,,R3,
M-1068,"576 5th St, Wiley, CO 81092",Resident 1068,A-20068,2024/10/14,388616,gal,,R3,
M-1068,"576 5th St, Wiley, CO 81092",Resident 1068,A-20068,2024/11/15,391266,gal,,R3,
M-1068,"576 5th St, Wiley, CO 81092",Resident 1068,A-20068,2024/12/16,393773,gal,,R3,
M-1069,"583 Ranch Rd, Wiley, CO 81092",Resident 1069,A-20069,2024/08/12,103481,gal,,R4,
M-1069,"583 Ranch Rd, Wiley, CO 81092",Resident 1069,A-20069,2024/09/13,113968,gal,,R4,
M-1069,"583 Ranch Rd, Wiley, CO 81092",Resident 1069,A-20069,2024/10/14,121763,gal,,R4,
M-1069,"583 Ranch Rd, Wiley, CO 81092",Resident 1069,A-20069,2024/11/15,128332,gal,,R4,
M-1069,"583 Ranch Rd, Wiley, CO 81092",Resident 1069,A-20069,2024/12/16,135162,gal,,R4,
M-1070,"590 Irrigation Ln, Wiley, CO 81092",Resident 1070,A-20070,2024/08/12,273809,gal,,R5,
M-1070,"590 Irrigation Ln, Wiley, CO 81092",Resident 1070,A-20070,2024/09/13,276748,gal,,R5,
M-1070,"590 Irrigation Ln, Wiley, CO 81092",Resident 1070,A-20070,2024/10/14,279654,gal,,R5,
M-1070,"590 Irrigation Ln, Wiley, CO 81092",Resident 1070,A-20070,2024/11/15,281852,gal,,R5,
M-1070,"590 Irrigation Ln, Wiley, CO 81092",Resident 1070,A-20070,2024/12/16,283862,gal,,R5,
M-1071,"597 North Frontage, Wiley, CO 81092",Resident 1071,A-20071,2024/08/12,398176,gal,,R6,
M-1071,"597 North Frontage, Wiley, CO 81092",Resident 1071,A-20071,2024/09/13,401182,gal,,R6,
M-1071,"597 North Frontage, Wiley, CO 81092",Resident 1071,A-20071,2024/10/14,403659,gal,,R6,
M-1071,"597 North Frontage, Wiley, CO 81092",Resident 1071,A-20071,2024/11/15,405380,gal,,R6,
M-1071,"597 North Frontage, Wiley, CO 81092",Resident 1071,A-20071,2024/12/16,407482,gal,,R6,
M-1072,"604 South Loop, Wiley, CO 81092",Resident 1072,A-20072,2024/08/12,366613,gal,,R1,
M-1072,"604 South Loop, Wiley, CO 81092",Resident 1072,A-20072,2024/09/13,375066,gal,,R1,
M-1072,"604 South Loop, Wiley, CO 81092",Resident 1072,A-20072,2024/10/14,381889,gal,,R1,
M-1072,"604 South Loop, Wiley, CO 81092",Resident 1072,A-20072,2024/11/15,387954,gal,,R1,
M-1072,"604 South Loop, Wiley, CO 81092",Resident 1072,A-20072,2024/12/16,393390,gal,,R1,
M-1073,"611 Pioneer Rd, Wiley, CO 81092",Resident 1073,A-20073,2024/08/12,351369,gal,,R2,
M-1073,"611 Pioneer Rd, Wiley, CO 81092",Resident 1073,A-20073,2024/09/13,356636,gal,,R2,
M-1073,"611 Pioneer Rd, Wiley, CO 81092",Resident 1073,A-20073,2024/10/14,361217,gal,,R2,
M-1073,"611 Pioneer Rd, Wiley, CO 81092",Resident 1073,A-20073,2024/11/15,364219,gal,,R2,
M-1073,"611 Pioneer Rd, Wiley, CO 81092",Resident 1073,A-20073,2024/12/16,367670,gal,,R2,
M-1074,"618 Cottonwood Dr, Wiley, CO 81092",Resident 1074,A-20074,2024/08/12,329738,gal,,R3,
M-1074,"618 Cottonwood Dr, Wiley, CO 81092",Resident 1074,A-20074,2024/09/13,335006,gal,,R3,
M-1074,"618 Cottonwood Dr, Wiley, CO 81092",Resident 1074,A-20074,2024/10/14,338982,gal,,R3,
M-1074,"618 Cottonwood Dr, Wiley, CO 81092",Resident 1074,A-20074,2024/11/15,341900,gal,,R3,
M-1074,"618 Cottonwood Dr, Wiley, CO 81092",Resident 1074,A-20074,2024/12/16,345589,gal,,R3,
M-1075,"625 Sand Creek Rd, Wiley, CO 81092",Resident 1075,A-20075,2024/08/12,219645,gal,,R4,
M-1075,"625 Sand Creek Rd, Wiley, CO 81092",Resident 1075,A-20075,2024/09/13,223299,gal,,R4,
M-1075,"625 Sand Creek Rd, Wiley, CO 81092",Resident 1075,A-20075,2024/10/14,226435,gal,,R4,
M-1075,"625 Sand Creek Rd, Wiley, CO 81092",Resident 1075,A-20075,2024/11/15,228304,gal,,R4,
M-1075,"625 Sand Creek Rd, Wiley, CO 81092",Resident 1075,A-20075,2024/12/16,230250,gal,,R4,
M-1076,"632 Prairie View, Wiley, CO 81092",Resident 1076,A-20076,2024/08/12,191477,gal,,R5,
M-1076,"632 Prairie View, Wiley, CO 81092",Resident 1076,A-20076,2024/09/13,196715,gal,,R5,
M-1076,"632 Prairie View, Wiley, CO 81092",Resident 1076,A-20076,2024/10/14,200320,gal,,R5,
M-1076,"632 Prairie View, Wiley, CO 81092",Resident 1076,A-20076,2024/11/15,203174,gal,,R5,
M-1076,"632 Prairie View, Wiley, CO 81092",Resident 1076,A-20076,2024/12/16,206262,gal,,R5,
M-1077,"639 School House Rd, Wiley, CO 81092",Resident 1077,A-20077,2024/08/12,160975,gal,,R6,
M-1077,"639 School House Rd, Wiley, CO 81092",Resident 1077,A-20077,2024/09/13,164222,gal,,R6,
M-1077,"639 School House Rd, Wiley, CO 81092",Resident 1077,A-20077,2024/10/14,166882,gal,,R6,
M-1077,"639 School House Rd, Wiley, CO 81092",Resident 1077,A-20077,2024/11/15,169380,gal,,R6,
M-1077,"639 School House Rd, Wiley, CO 81092",Resident 1077,A-20077,2024/12/16,171650,gal,,R6,
M-1078,"646 Cemetery Rd, Wiley, CO 81092",Resident 1078,A-20078,2024/08/12,222280,gal,,R1,
M-1078,"646 Cemetery Rd, Wiley, CO 81092",Resident 1078,A-20078,2024/09/13,228921,gal,,R1,
M-1078,"646 Cemetery Rd, Wiley, CO 81092",Resident 1078,A-20078,2024/10/14,234614,gal,,R1,
M-1078,"646 Cemetery Rd, Wiley, CO 81092",Resident 1078,A-20078,2024/11/15,238657,gal,,R1,
M-1078,"646 Cemetery Rd, Wiley, CO 81092",Resident 1078,A-20078,2024/12/16,242098,gal,,R1,
M-1079,"653 Grain Elevator Rd, Wiley, CO 81092",Resident 1079,A-20079,2024/08/12,181010,gal,,R2,
M-1079,"653 Grain Elevator Rd, Wiley, CO 81092",Resident 1079,A-20079,2024/09/13,186027,gal,,R2,
M-1079,"653 Grain Elevator Rd, Wiley, CO 81092",Resident 1079,A-20079,2024/10/14,190922,gal,,R2,
M-1079,"653 Grain Elevator Rd, Wiley, CO 81092",Resident 1079,A-20079,2024/11/15,194508,gal,,R2,
M-1079,"653 Grain Elevator Rd, Wiley, CO 81092",Resident 1079,A-20079,2024/12/16,197500,gal,,R2,
M-1080,"660 Main St, Wiley, CO 81092",Resident 1080,A-20080,2024/08/12,196439,gal,,R3,
M-1080,"660 Main St, Wiley, CO 81092",Resident 1080,A-20080,2024/09/13,204126,gal,,R3,
M-1080,"660 Main St, Wiley, CO 81092",Resident 1080,A-20080,2024/10/14,210140,gal,,R3,
M-1080,"660 Main St, Wiley, CO 81092",Resident 1080,A-20080,2024/11/15,214612,gal,,R3,
M-1080,"660 Main St, Wiley, CO 81092",Resident 1080,A-20080,2024/12/16,218825,gal,,R3,
M-1081,"667 County Rd 10, Wiley, CO 81092",Resident 1081,A-20081,2024/08/12,267406,gal,,R4,
M-1081,"667 County Rd 10, Wiley, CO 81092",Resident 1081,A-20081,2024/09/13,275943,gal,,R4,
M-1081,"667 County Rd 10, Wiley, CO 81092",Resident 1081,A-20081,2024/10/14,283542,gal,,R4,
M-1081,"667 County Rd 10, Wiley, CO 81092",Resident 1081,A-20081,2024/11/15,288449,gal,,R4,
M-1081,"667 County Rd 10, Wiley, CO 81092",Resident 1081,A-20081,2024/12/16,293960,gal,,R4,
M-1082,"674 County Rd 14, Wiley, CO 81092",Resident 1082,A-20082,2024/08/12,124838,gal,,R5,
M-1082,"674 County Rd 14, Wiley, CO 81092",Resident 1082,A-20082,2024/09/13,131377,gal,,R5,
M-1082,"674 County Rd 14, Wiley, CO 81092",Resident 1082,A-20082,2024/10/14,136660,gal,,R5,
M-1082,"674 County Rd 14, Wiley, CO 81092",Resident 1082,A-20082,2024/11/15,140303,gal,,R5,
M-1082,"674 County Rd 14, Wiley, CO 81092",Resident 1082,A-20082,2024/12/16,144143,gal,,R5,
M-1083,"681 Highway 287, Wiley, CO 81092",Resident 1083,A-20083,2024/08/12,393371,gal,,R6,
M-1083,"681 Highway 287, Wiley, CO 81092",Resident 1083,A-20083,2024/09/13,397168,gal,,R6,
M-1083,"681 Highway 287, Wiley, CO 81092",Resident 1083,A-20083,2024/10/14,400519,gal,,R6,
M-1083,"681 Highway 287, Wiley, CO 81092",Resident 1083,A-20083,2024/11/15,403009,gal,,R6,
M-1083,"681 Highway 287, Wiley, CO 81092",Resident 1083,A-20083,2024/12/16,405742,gal,,R6,
M-1084,"688 Maple Ave, Wiley, CO 81092",Resident 1084,A-20084,2024/08/12,213344,gal,,R1,
M-1084,"688 Maple Ave, Wiley, CO 81092",Resident 1084,A-20084,2024/09/13,218997,gal,,R1,
M-1084,"688 Maple Ave, Wiley, CO 81092",Resident 1084,A-20084,2024/10/14,223636,gal,,R1,
M-1084,"688 Maple Ave, Wiley, CO 81092",Resident 1084,A-20084,2024/11/15,227027,gal,,R1,
M-1084,"688 Maple Ave, Wiley, CO 81092",Resident 1084,A-20084,2024/12/16,230969,gal,,R1,
M-1085,"695 Oak St, Wiley, CO 81092",Resident 1085,A-20085,2024/08/12,296396,gal,,R2,
M-1085,"695 Oak St, Wiley, CO 81092",Resident 1085,A-20085,2024/09/13,302425,gal,,R2,
M-1085,"695 Oak St, Wiley, CO 81092",Resident 1085,A-20085,2024/10/14,307310,gal,,R2,
M-1085,"695 Oak St, Wiley, CO 81092",Resident 1085,A-20085,2024/11/15,311050,gal,,R2,
M-1085,"695 Oak St, Wiley, CO 81092",Resident 1085,A-20085,2024/12/16,314684,gal,,R2,
M-1086,"702 Elm St, Wiley, CO 81092",Resident 1086,A-20086,2024/08/12,221155,gal,,R3,
M-1086,"702 Elm St, Wiley, CO 81092",Resident 1086,A-20086,2024/09/13,226332,gal,,R3,
M-1086,"702 Elm St, Wiley, CO 81092",Resident 1086,A-20086,2024/10/14,230442,gal,,R3,
M-1086,"702 Elm St, Wiley, CO 81092",Resident 1086,A-20086,2024/11/15,233637,gal,,R3,
M-1086,"702 Elm St, Wiley, CO 81092",Resident 1086,A-20086,2024/12/16,236673,gal,,R3,
M-1087,"709 3rd Ave, Wiley, CO 81092",Resident 1087,A-20087,2024/08/12,96941,gal,,R4,
M-1087,"709 3rd Ave, Wiley, CO 81092",Resident 1087,A-20087,2024/09/13,105757,gal,,R4,
M-1087,"709 3rd Ave, Wiley, CO 81092",Resident 1087,A-20087,2024/10/14,114024,gal,,R4,
M-1087,"709 3rd Ave, Wiley, CO 81092",Resident 1087,A-20087,2024/11/15,119717,gal,,R4,
M-1087,"709 3rd Ave, Wiley, CO 81092",Resident 1087,A-20087,2024/12/16,124900,gal,,R4,
M-1088,"716 5th St, Wiley, CO 81092",Resident 1088,A-20088,2024/08/12,61059,gal,,R5,
M-1088,"716 5th St, Wiley, CO 81092",Resident 1088,A-20088,2024/09/13,65572,gal,,R5,
M-1088,"716 5th St, Wiley, CO 81092",Resident 1088,A-20088,2024/10/14,70443,gal,,R5,
M-1088,"716 5th St, Wiley, CO 81092",Resident 1088,A-20088,2024/11/15,73349,gal,,R5,
M-1088,"716 5th St, Wiley, CO 81092",Resident 1088,A-20088,2024/12/16,77123,gal,,R5,
M-1089,"723 Ranch Rd, Wiley, CO 81092",Resident 1089,A-20089,2024/08/12,313322,gal,,R6,Known large lot / livestock
M-1089,"723 Ranch Rd, Wiley, CO 81092",Resident 1089,A-20089,2024/09/13,335621,gal,,R6,
M-1089,"723 Ranch Rd, Wiley, CO 81092",Resident 1089,A-20089,2024/10/14,356061,gal,,R6,
M-1089,"723 Ranch Rd, Wiley, CO 81092",Resident 1089,A-20089,2024/11/15,372185,gal,,R6,
M-1089,"723 Ranch Rd, Wiley, CO 81092",Resident 1089,A-20089,2024/12/16,387593,gal,,R6,
M-1090,"730 Irrigation Ln, Wiley, CO 81092",Resident 1090,A-20090,2024/08/12,385260,gal,,R1,
M-1090,"730 Irrigation Ln, Wiley, CO 81092",Resident 1090,A-20090,2024/09/13,393144,gal,,R1,
M-1090,"730 Irrigation Ln, Wiley, CO 81092",Resident 1090,A-20090,2024/10/14,401344,gal,,R1,
M-1090,"730 Irrigation Ln, Wiley, CO 81092",Resident 1090,A-20090,2024/11/15,406892,gal,,R1,
M-1090,"730 Irrigation Ln, Wiley, CO 81092",Resident 1090,A-20090,2024/12/16,411959,gal,,R1,
M-1091,"737 North Frontage, Wiley, CO 81092",Resident 1091,A-20091,2024/08/12,353813,gal,,R2,
M-1091,"737 North Frontage, Wiley, CO 81092",Resident 1091,A-20091,2024/09/13,362456,gal,,R2,
M-1091,"737 North Frontage, Wiley, CO 81092",Resident 1091,A-20091,2024/10/14,370079,gal,,R2,
M-1091,"737 North Frontage, Wiley, CO 81092",Resident 1091,A-20091,2024/11/15,374824,gal,,R2,
M-1091,"737 North Frontage, Wiley, CO 81092",Resident 1091,A-20091,2024/12/16,380102,gal,,R2,
M-1092,"744 South Loop, Wiley, CO 81092",Resident 1092,A-20092,2024/08/12,107103,gal,,R3,
M-1092,"744 South Loop, Wiley, CO 81092",Resident 1092,A-20092,2024/09/13,111298,gal,,R3,
M-1092,"744 South Loop, Wiley, CO 81092",Resident 1092,A-20092,2024/10/14,114738,gal,,R3,
M-1092,"744 South Loop, Wiley, CO 81092",Resident 1092,A-20092,2024/11/15,117451,gal,,R3,
M-1092,"744 South Loop, Wiley, CO 81092",Resident 1092,A-20092,2024/12/16,120417,gal,,R3,
M-1093,"751 Pioneer Rd, Wiley, CO 81092",Resident 1093,A-20093,2024/08/12,96517,gal,,R4,
M-1093,"751 Pioneer Rd, Wiley, CO 81092",Resident 1093,A-20093,2024/09/13,103976,gal,,R4,
M-1093,"751 Pioneer Rd, Wiley, CO 81092",Resident 1093,A-20093,2024/10/14,110704,gal,,R4,
M-1093,"751 Pioneer Rd, Wiley, CO 81092",Resident 1093,A-20093,2024/11/15,115253,gal,,R4,
M-1093,"751 Pioneer Rd, Wiley, CO 81092",Resident 1093,A-20093,2024/12/16,120232,gal,,R4,
M-1094,"758 Cottonwood Dr, Wiley, CO 81092",Resident 1094,A-20094,2024/08/12,342335,gal,,R5,
M-1094,"758 Cottonwood Dr, Wiley, CO 81092",Resident 1094,A-20094,2024/09/13,351231,gal,,R5,
M-1094,"758 Cottonwood Dr, Wiley, CO 81092",Resident 1094,A-20094,2024/10/14,358699,gal,,R5,
M-1094,"758 Cottonwood Dr, Wiley, CO 81092",Resident 1094,A-20094,2024/11/15,364173,gal,,R5,
M-1094,"758 Cottonwood Dr, Wiley, CO 81092",Resident 1094,A-20094,2024/12/16,370686,gal,,R5,
M-1095,"765 Sand Creek Rd, Wiley, CO 81092",Resident 1095,A-20095,2024/08/12,167875,gal,,R6,
M-1095,"765 Sand Creek Rd, Wiley, CO 81092",Resident 1095,A-20095,2024/09/13,172259,gal,,R6,
M-1095,"765 Sand Creek Rd, Wiley, CO 81092",Resident 1095,A-20095,2024/10/14,176661,gal,,R6,
M-1095,"765 Sand Creek Rd, Wiley, CO 81092",Resident 1095,A-20095,2024/11/15,179747,gal,,R6,
M-1095,"765 Sand Creek Rd, Wiley, CO 81092",Resident 1095,A-20095,2024/12/16,182711,gal,,R6,
M-1096,"772 Prairie View, Wiley, CO 81092",Resident 1096,A-20096,2024/08/12,319832,gal,,R1,
M-1096,"772 Prairie View, Wiley, CO 81092",Resident 1096,A-20096,2024/09/13,324141,gal,,R1,
M-1096,"772 Prairie View, Wiley, CO 81092",Resident 1096,A-20096,2024/10/14,327386,gal,,R1,
M-1096,"772 Prairie View, Wiley, CO 81092",Resident 1096,A-20096,2024/11/15,330130,gal,,R1,
M-1096,"772 Prairie View, Wiley, CO 81092",Resident 1096,A-20096,2024/12/16,333034,gal,,R1,
M-1097,"779 School House Rd, Wiley, CO 81092",Resident 1097,A-20097,2024/08/12,197733,gal,,R2,
M-1097,"779 School House Rd, Wiley, CO 81092",Resident 1097,A-20097,2024/09/13,204765,gal,,R2,
M-1097,"779 School House Rd, Wiley, CO 81092",Resident 1097,A-20097,2024/10/14,210047,gal,,R2,
M-1097,"779 School House Rd, Wiley, CO 81092",Resident 1097,A-20097,2024/11/15,214187,gal,,R2,
M-1097,"779 School House Rd, Wiley, CO 81092",Resident 1097,A-20097,2024/12/16,218499,gal,,R2,
M-1098,"786 Cemetery Rd, Wiley, CO 81092",Resident 1098,A-20098,2024/08/12,127324,gal,,R3,
M-1098,"786 Cemetery Rd, Wiley, CO 81092",Resident 1098,A-20098,2024/09/13,132940,gal,,R3,
M-1098,"786 Cemetery Rd, Wiley, CO 81092",Resident 1098,A-20098,2024/10/14,138797,gal,,R3,
M-1098,"786 Cemetery Rd, Wiley, CO 81092",Resident 1098,A-20098,2024/11/15,142678,gal,,R3,
M-1098,"786 Cemetery Rd, Wiley, CO 81092",Resident 1098,A-20098,2024/12/16,146866,gal,,R3,
M-1099,"793 Grain Elevator Rd, Wiley, CO 81092",Resident 1099,A-20099,2024/08/12,238493,gal,,R4,
M-1099,"793 Grain Elevator Rd, Wiley, CO 81092",Resident 1099,A-20099,2024/09/13,243984,gal,,R4,
M-1099,"793 Grain Elevator Rd, Wiley, CO 81092",Resident 1099,A-20099,2024/10/14,248219,gal,,R4,
M-1099,"793 Grain Elevator Rd, Wiley, CO 81092",Resident 1099,A-20099,2024/11/15,251690,gal,,R4,
M-1099,"793 Grain Elevator Rd, Wiley, CO 81092",Resident 1099,A-20099,2024/12/16,255474,gal,,R4,
M-1100,"800 Main St, Wiley, CO 81092",Resident 1100,A-20100,2024/08/12,94852,gal,,R5,
M-1100,"800 Main St, Wiley, CO 81092",Resident 1100,A-20100,2024/09/13,102238,gal,,R5,
M-1100,"800 Main St, Wiley, CO 81092",Resident 1100,A-20100,2024/10/14,110266,gal,,R5,
M-1100,"800 Main St, Wiley, CO 81092",Resident 1100,A-20100,2024/11/15,115153,gal,,R5,
M-1100,"800 Main St, Wiley, CO 81092",Resident 1100,A-20100,2024/12/16,120874,gal,,R5,
M-1101,"807 County Rd 10, Wiley, CO 81092",Resident 1101,A-20101,2024/08/12,187129,gal,,R6,
M-1101,"807 County Rd 10, Wiley, CO 81092",Resident 1101,A-20101,2024/09/13,196803,gal,,R6,
M-1101,"807 County Rd 10, Wiley, CO 81092",Resident 1101,A-20101,2024/10/14,204814,gal,,R6,
M-1101,"807 County Rd 10, Wiley, CO 81092",Resident 1101,A-20101,2024/11/15,211528,gal,,R6,
M-1101,"807 County Rd 10, Wiley, CO 81092",Resident 1101,A-20101,2024/12/16,217929,gal,,R6,
M-1102,"814 County Rd 14, Wiley, CO 81092",Resident 1102,A-20102,2024/08/12,252974,gal,,R1,
M-1102,"814 County Rd 14, Wiley, CO 81092",Resident 1102,A-20102,2024/09/13,261229,gal,,R1,
M-1102,"814 County Rd 14, Wiley, CO 81092",Resident 1102,A-20102,2024/10/14,268614,gal,,R1,
M-1102,"814 County Rd 14, Wiley, CO 81092",Resident 1102,A-20102,2024/11/15,273027,gal,,R1,
M-1102,"814 County Rd 14, Wiley, CO 81092",Resident 1102,A-20102,2024/12/16,278441,gal,,R1,
M-1103,"821 Highway 287, Wiley, CO 81092",Resident 1103,A-20103,2024/08/12,205623,gal,,R2,
M-1103,"821 Highway 287, Wiley, CO 81092",Resident 1103,A-20103,2024/09/13,210651,gal,,R2,
M-1103,"821 Highway 287, Wiley, CO 81092",Resident 1103,A-20103,2024/10/14,215064,gal,,R2,
M-1103,"821 Highway 287, Wiley, CO 81092",Resident 1103,A-20103,2024/11/15,218086,gal,,R2,
M-1103,"821 Highway 287, Wiley, CO 81092",Resident 1103,A-20103,2024/12/16,221254,gal,,R2,
M-1104,"828 Maple Ave, Wiley, CO 81092",Resident 1104,A-20104,2024/08/12,142770,gal,,R3,
M-1104,"828 Maple Ave, Wiley, CO 81092",Resident 1104,A-20104,2024/09/13,151442,gal,,R3,
M-1104,"828 Maple Ave, Wiley, CO 81092",Resident 1104,A-20104,2024/10/14,160361,gal,,R3,
M-1104,"828 Maple Ave, Wiley, CO 81092",Resident 1104,A-20104,2024/11/15,166229,gal,,R3,
M-1104,"828 Maple Ave, Wiley, CO 81092",Resident 1104,A-20104,2024/12/16,171253,gal,,R3,
M-1105,"835 Oak St, Wiley, CO 81092",Resident 1105,A-20105,2024/08/12,286584,gal,,R4,
M-1105,"835 Oak St, Wiley, CO 81092",Resident 1105,A-20105,2024/09/13,292442,gal,,R4,
M-1105,"835 Oak St, Wiley, CO 81092",Resident 1105,A-20105,2024/10/14,297761,gal,,R4,
M-1105,"835 Oak St, Wiley, CO 81092",Resident 1105,A-20105,2024/11/15,301936,gal,,R4,
M-1105,"835 Oak St, Wiley, CO 81092",Resident 1105,A-20105,2024/12/16,305550,gal,,R4,
M-1106,"842 Elm St, Wiley, CO 81092",Resident 1106,A-20106,2024/08/12,347236,gal,,R5,
M-1106,"842 Elm St, Wiley, CO 81092",Resident 1106,A-20106,2024/09/13,357944,gal,,R5,
M-1106,"842 Elm St, Wiley, CO 81092",Resident 1106,A-20106,2024/10/14,366727,gal,,R5,
M-1106,"842 Elm St, Wiley, CO 81092",Resident 1106,A-20106,2024/11/15,373200,gal,,R5,
M-1106,"842 Elm St, Wiley, CO 81092",Resident 1106,A-20106,2024/12/16,380463,gal,,R5,
M-1107,"849 3rd Ave, Wiley, CO 81092",Resident 1107,A-20107,2024/08/12,212357,gal,,R6,
M-1107,"849 3rd Ave, Wiley, CO 81092",Resident 1107,A-20107,2024/09/13,215854,gal,,R6,
M-1107,"849 3rd Ave, Wiley, CO 81092",Resident 1107,A-20107,2024/10/14,218625,gal,,R6,
M-1107,"849 3rd Ave, Wiley, CO 81092",Resident 1107,A-20107,2024/11/15,220552,gal,,R6,
M-1107,"849 3rd Ave, Wiley, CO 81092",Resident 1107,A-20107,2024/12/16,222714,gal,,R6,
M-1108,"856 5th St, Wiley, CO 81092",Resident 1108,A-20108,2024/08/12,376617,gal,,R1,
M-1108,"856 5th St, Wiley, CO 81092",Resident 1108,A-20108,2024/09/13,381297,gal,,R1,
M-1108,"856 5th St, Wiley, CO 81092",Resident 1108,A-20108,2024/10/14,384793,gal,,R1,
M-1108,"856 5th St, Wiley, CO 81092",Resident 1108,A-20108,2024/11/15,387822,gal,,R1,
M-1108,"856 5th St, Wiley, CO 81092",Resident 1108,A-20108,2024/12/16,391132,gal,,R1,
M-1109,"863 Ranch Rd, Wiley, CO 81092",Resident 1109,A-20109,2024/08/12,396643,gal,,R2,
M-1109,"863 Ranch Rd, Wiley, CO 81092",Resident 1109,A-20109,2024/09/13,399081,gal,,R2,
M-1109,"863 Ranch Rd, Wiley, CO 81092",Resident 1109,A-20109,2024/10/14,401859,gal,,R2,
M-1109,"863 Ranch Rd, Wiley, CO 81092",Resident 1109,A-20109,2024/11/15,403780,gal,,R2,
M-1109,"863 Ranch Rd, Wiley, CO 81092",Resident 1109,A-20109,2024/12/16,405669,gal,,R2,
M-1110,"870 Irrigation Ln, Wiley, CO 81092",Resident 1110,A-20110,2024/08/12,333192,gal,,R3,
M-1110,"870 Irrigation Ln, Wiley, CO 81092",Resident 1110,A-20110,2024/09/13,338697,gal,,R3,
M-1110,"870 Irrigation Ln, Wiley, CO 81092",Resident 1110,A-20110,2024/10/14,343953,gal,,R3,
M-1110,"870 Irrigation Ln, Wiley, CO 81092",Resident 1110,A-20110,2024/11/15,348058,gal,,R3,
M-1110,"870 Irrigation Ln, Wiley, CO 81092",Resident 1110,A-20110,2024/12/16,351884,gal,,R3,
M-1111,"877 North Frontage, Wiley, CO 81092",Resident 1111,A-20111,2024/08/12,60441,gal,,R4,
M-1111,"877 North Frontage, Wiley, CO 81092",Resident 1111,A-20111,2024/09/13,66920,gal,,R4,
M-1111,"877 North Frontage, Wiley, CO 81092",Resident 1111,A-20111,2024/10/14,72023,gal,,R4,
M-1111,"877 North Frontage, Wiley, CO 81092",Resident 1111,A-20111,2024/11/15,75833,gal,,R4,
M-1111,"877 North Frontage, Wiley, CO 81092",Resident 1111,A-20111,2024/12/16,80050,gal,,R4,
M-1112,"884 South Loop, Wiley, CO 81092",Resident 1112,A-20112,2024/08/12,346083,gal,,R5,
M-1112,"884 South Loop, Wiley, CO 81092",Resident 1112,A-20112,2024/09/13,351695,gal,,R5,
M-1112,"884 South Loop, Wiley, CO 81092",Resident 1112,A-20112,2024/10/14,355666,gal,,R5,
M-1112,"884 South Loop, Wiley, CO 81092",Resident 1112,A-20112,2024/11/15,358482,gal,,R5,
M-1112,"884 South Loop, Wiley, CO 81092",Resident 1112,A-20112,2024/12/16,361451,gal,,R5,
M-1113,"891 Pioneer Rd, Wiley, CO 81092",Resident 1113,A-20113,2024/08/12,210246,gal,,R6,
M-1113,"891 Pioneer Rd, Wiley, CO 81092",Resident 1113,A-20113,2024/09/13,213753,gal,,R6,
M-1113,"891 Pioneer Rd, Wiley, CO 81092",Resident 1113,A-20113,2024/10/14,216661,gal,,R6,
M-1113,"891 Pioneer Rd, Wiley, CO 81092",Resident 1113,A-20113,2024/11/15,218895,gal,,R6,
M-1113,"891 Pioneer Rd, Wiley, CO 81092",Resident 1113,A-20113,2024/12/16,221031,gal,,R6,
M-1114,"898 Cottonwood Dr, Wiley, CO 81092",Resident 1114,A-20114,2024/08/12,403378,gal,,R1,
M-1114,"898 Cottonwood Dr, Wiley, CO 81092",Resident 1114,A-20114,2024/09/13,407814,gal,,R1,
M-1114,"898 Cottonwood Dr, Wiley, CO 81092",Resident 1114,A-20114,2024/10/14,411516,gal,,R1,
M-1114,"898 Cottonwood Dr, Wiley, CO 81092",Resident 1114,A-20114,2024/11/15,414324,gal,,R1,
M-1114,"898 Cottonwood Dr, Wiley, CO 81092",Resident 1114,A-20114,2024/12/16,417375,gal,,R1,
M-1115,"905 Sand Creek Rd, Wiley, CO 81092",Resident 1115,A-20115,2024/08/12,113728,gal,,R2,
M-1115,"905 Sand Creek Rd, Wiley, CO 81092",Resident 1115,A-20115,2024/09/13,121662,gal,,R2,
M-1115,"905 Sand Creek Rd, Wiley, CO 81092",Resident 1115,A-20115,2024/10/14,128179,gal,,R2,
M-1115,"905 Sand Creek Rd, Wiley, CO 81092",Resident 1115,A-20115,2024/11/15,133672,gal,,R2,
M-1115,"905 Sand Creek Rd, Wiley, CO 81092",Resident 1115,A-20115,2024/12/16,139332,gal,,R2,
M-1116,"912 Prairie View, Wiley, CO 81092",Resident 1116,A-20116,2024/08/12,130393,gal,,R3,
M-1116,"912 Prairie View, Wiley, CO 81092",Resident 1116,A-20116,2024/09/13,139566,gal,,R3,
M-1116,"912 Prairie View, Wiley, CO 81092",Resident 1116,A-20116,2024/10/14,146449,gal,,R3,
M-1116,"912 Prairie View, Wiley, CO 81092",Resident 1116,A-20116,2024/11/15,152742,gal,,R3,
M-1116,"912 Prairie View, Wiley, CO 81092",Resident 1116,A-20116,2024/12/16,158162,gal,,R3,
M-1117,"919 School House Rd, Wiley, CO 81092",Resident 1117,A-20117,2024/08/12,195490,gal,,R4,
M-1117,"919 School House Rd, Wiley, CO 81092",Resident 1117,A-20117,2024/09/13,201350,gal,,R4,
M-1117,"919 School House Rd, Wiley, CO 81092",Resident 1117,A-20117,2024/10/14,206657,gal,,R4,
M-1117,"919 School House Rd, Wiley, CO 81092",Resident 1117,A-20117,2024/11/15,210531,gal,,R4,
M-1117,"919 School House Rd, Wiley, CO 81092",Resident 1117,A-20117,2024/12/16,214307,gal,,R4,
M-1118,"926 Cemetery Rd, Wiley, CO 81092",Resident 1118,A-20118,2024/08/12,116263,gal,,R5,
M-1118,"926 Cemetery Rd, Wiley, CO 81092",Resident 1118,A-20118,2024/09/13,120672,gal,,R5,
M-1118,"926 Cemetery Rd, Wiley, CO 81092",Resident 1118,A-20118,2024/10/14,124691,gal,,R5,
M-1118,"926 Cemetery Rd, Wiley, CO 81092",Resident 1118,A-20118,2024/11/15,127855,gal,,R5,
M-1118,"926 Cemetery Rd, Wiley, CO 81092",Resident 1118,A-20118,2024/12/16,130395,gal,,R5,
M-1119,"933 Grain Elevator Rd, Wiley, CO 81092",Resident 1119,A-20119,2024/08/12,115316,gal,,R6,
M-1119,"933 Grain Elevator Rd, Wiley, CO 81092",Resident 1119,A-20119,2024/09/13,124424,gal,,R6,
M-1119,"933 Grain Elevator Rd, Wiley, CO 81092",Resident 1119,A-20119,2024/10/14,131767,gal,,R6,
M-1119,"933 Grain Elevator Rd, Wiley, CO 81092",Resident 1119,A-20119,2024/11/15,137158,gal,,R6,
M-1119,"933 Grain Elevator Rd, Wiley, CO 81092",Resident 1119,A-20119,2024/12/16,143598,gal,,R6,
M-1120,"940 Main St, Wiley, CO 81092",Resident 1120,A-20120,2024/08/12,348811,gal,,R1,
M-1120,"940 Main St, Wiley, CO 81092",Resident 1120,A-20120,2024/09/13,355293,gal,,R1,
M-1120,"940 Main St, Wiley, CO 81092",Resident 1120,A-20120,2024/10/14,360906,gal,,R1,
M-1120,"940 Main St, Wiley, CO 81092",Resident 1120,A-20120,2024/11/15,364977,gal,,R1,
M-1120,"940 Main St, Wiley, CO 81092",Resident 1120,A-20120,2024/12/16,369141,gal,,R1,
M-1121,"947 County Rd 10, Wiley, CO 81092",Resident 1121,A-20121,2024/08/12,139390,gal,,R2,
M-1121,"947 County Rd 10, Wiley, CO 81092",Resident 1121,A-20121,2024/09/13,145589,gal,,R2,
M-1121,"947 County Rd 10, Wiley, CO 81092",Resident 1121,A-20121,2024/10/14,151247,gal,,R2,
M-1121,"947 County Rd 10, Wiley, CO 81092",Resident 1121,A-20121,2024/11/15,155384,gal,,R2,
M-1121,"947 County Rd 10, Wiley, CO 81092",Resident 1121,A-20121,2024/12/16,158875,gal,,R2,
M-1122,"954 County Rd 14, Wiley, CO 81092",Resident 1122,A-20122,2024/08/12,201701,gal,,R3,
M-1122,"954 County Rd 14, Wiley, CO 81092",Resident 1122,A-20122,2024/09/13,211495,gal,,R3,
M-1122,"954 County Rd 14, Wiley, CO 81092",Resident 1122,A-20122,2024/10/14,217909,gal,,R3,
M-1122,"954 County Rd 14, Wiley, CO 81092",Resident 1122,A-20122,2024/11/15,224035,gal,,R3,
M-1122,"954 County Rd 14, Wiley, CO 81092",Resident 1122,A-20122,2024/12/16,229321,gal,,R3,
M-1123,"961 Highway 287, Wiley, CO 81092",Resident 1123,A-20123,2024/08/12,206534,gal,,R4,
M-1123,"961 Highway 287, Wiley, CO 81092",Resident 1123,A-20123,2024/09/13,213053,gal,,R4,
M-1123,"961 Highway 287, Wiley, CO 81092",Resident 1123,A-20123,2024/10/14,219450,gal,,R4,
M-1123,"961 Highway 287, Wiley, CO 81092",Resident 1123,A-20123,2024/11/15,223482,gal,,R4,
M-1123,"961 Highway 287, Wiley, CO 81092",Resident 1123,A-20123,2024/12/16,227483,gal,,R4,
M-1124,"968 Maple Ave, Wiley, CO 81092",Resident 1124,A-20124,2024/08/12,372288,gal,,R5,
M-1124,"968 Maple Ave, Wiley, CO 81092",Resident 1124,A-20124,2024/09/13,376387,gal,,R5,
M-1124,"968 Maple Ave, Wiley, CO 81092",Resident 1124,A-20124,2024/10/14,379468,gal,,R5,
M-1124,"968 Maple Ave, Wiley, CO 81092",Resident 1124,A-20124,2024/11/15,382207,gal,,R5,
M-1124,"968 Maple Ave, Wiley, CO 81092",Resident 1124,A-20124,2024/12/16,384878,gal,,R5,
M-1125,"975 Oak St, Wiley, CO 81092",Resident 1125,A-20125,2024/08/12,165634,gal,,R6,
M-1125,"975 Oak St, Wiley, CO 81092",Resident 1125,A-20125,2024/09/13,170884,gal,,R6,
M-1125,"975 Oak St, Wiley, CO 81092",Resident 1125,A-20125,2024/10/14,175147,gal,,R6,
M-1125,"975 Oak St, Wiley, CO 81092",Resident 1125,A-20125,2024/11/15,178388,gal,,R6,
M-1125,"975 Oak St, Wiley, CO 81092",Resident 1125,A-20125,2024/12/16,181576,gal,,R6,
M-1126,"982 Elm St, Wiley, CO 81092",Resident 1126,A-20126,2024/08/12,233638,gal,,R1,
M-1126,"982 Elm St, Wiley, CO 81092",Resident 1126,A-20126,2024/09/13,237888,gal,,R1,
M-1126,"982 Elm St, Wiley, CO 81092",Resident 1126,A-20126,2024/10/14,241071,gal,,R1,
M-1126,"982 Elm St, Wiley, CO 81092",Resident 1126,A-20126,2024/11/15,243725,gal,,R1,
M-1126,"982 Elm St, Wiley, CO 81092",Resident 1126,A-20126,2024/12/16,246439,gal,,R1,
M-1127,"989 3rd Ave, Wiley, CO 81092",Resident 1127,A-20127,2024/08/12,162118,gal,,R2,
M-1127,"989 3rd Ave, Wiley, CO 81092",Resident 1127,A-20127,2024/09/13,167483,gal,,R2,
M-1127,"989 3rd Ave, Wiley, CO 81092",Resident 1127,A-20127,2024/10/14,171538,gal,,R2,
M-1127,"989 3rd Ave, Wiley, CO 81092",Resident 1127,A-20127,2024/11/15,174828,gal,,R2,
M-1127,"989 3rd Ave, Wiley, CO 81092",Resident 1127,A-20127,2024/12/16,178392,gal,,R2,
M-1128,"996 5th St, Wiley, CO 81092",Resident 1128,A-20128,2024/08/12,394326,gal,,R3,
M-1128,"996 5th St, Wiley, CO 81092",Resident 1128,A-20128,2024/09/13,404902,gal,,R3,
M-1128,"996 5th St, Wiley, CO 81092",Resident 1128,A-20128,2024/10/14,413755,gal,,R3,
M-1128,"996 5th St, Wiley, CO 81092",Resident 1128,A-20128,2024/11/15,420563,gal,,R3,
M-1128,"996 5th St, Wiley, CO 81092",Resident 1128,A-20128,2024/12/16,427485,gal,,R3,
M-1129,"1003 Ranch Rd, Wiley, CO 81092",Resident 1129,A-20129,2024/08/12,198841,gal,,R4,
M-1129,"1003 Ranch Rd, Wiley, CO 81092",Resident 1129,A-20129,2024/09/13,206377,gal,,R4,
M-1129,"1003 Ranch Rd, Wiley, CO 81092",Resident 1129,A-20129,2024/10/14,213739,gal,,R4,
M-1129,"1003 Ranch Rd, Wiley, CO 81092",Resident 1129,A-20129,2024/11/15,218169,gal,,R4,
M-1129,"1003 Ranch Rd, Wiley, CO 81092",Resident 1129,A-20129,2024/12/16,223628,gal,,R4,
M-1130,"1010 Irrigation Ln, Wiley, CO 81092",Resident 1130,A-20130,2024/08/12,323632,gal,,R5,
M-1130,"1010 Irrigation Ln, Wiley, CO 81092",Resident 1130,A-20130,2024/09/13,330820,gal,,R5,
M-1130,"1010 Irrigation Ln, Wiley, CO 81092",Resident 1130,A-20130,2024/10/14,337569,gal,,R5,
M-1130,"1010 Irrigation Ln, Wiley, CO 81092",Resident 1130,A-20130,2024/11/15,342941,gal,,R5,
M-1130,"1010 Irrigation Ln, Wiley, CO 81092",Resident 1130,A-20130,2024/12/16,347250,gal,,R5,
M-1131,"1017 North Frontage, Wiley, CO 81092",Resident 1131,A-20131,2024/08/12,312385,gal,,R6,
M-1131,"1017 North Frontage, Wiley, CO 81092",Resident 1131,A-20131,2024/09/13,317718,gal,,R6,
M-1131,"1017 North Frontage, Wiley, CO 81092",Resident 1131,A-20131,2024/10/14,321528,gal,,R6,
M-1131,"1017 North Frontage, Wiley, CO 81092",Resident 1131,A-20131,2024/11/15,324750,gal,,R6,
M-1131,"1017 North Frontage, Wiley, CO 81092",Resident 1131,A-20131,2024/12/16,327659,gal,,R6,
M-1132,"1024 South Loop, Wiley, CO 81092",Resident 1132,A-20132,2024/08/12,191461,gal,,R1,
M-1132,"1024 South Loop, Wiley, CO 81092",Resident 1132,A-20132,2024/09/13,201772,gal,,R1,
M-1132,"1024 South Loop, Wiley, CO 81092",Resident 1132,A-20132,2024/10/14,208974,gal,,R1,
M-1132,"1024 South Loop, Wiley, CO 81092",Resident 1132,A-20132,2024/11/15,214826,gal,,R1,
M-1132,"1024 South Loop, Wiley, CO 81092",Resident 1132,A-20132,2024/12/16,220517,gal,,R1,
M-1133,"1031 Pioneer Rd, Wiley, CO 81092",Resident 1133,A-20133,2024/08/12,86606,gal,,R2,
M-1133,"1031 Pioneer Rd, Wiley, CO 81092",Resident 1133,A-20133,2024/09/13,95539,gal,,R2,
M-1133,"1031 Pioneer Rd, Wiley, CO 81092",Resident 1133,A-20133,2024/10/14,101808,gal,,R2,
M-1133,"1031 Pioneer Rd, Wiley, CO 81092",Resident 1133,A-20133,2024/11/15,106331,gal,,R2,
M-1133,"1031 Pioneer Rd, Wiley, CO 81092",Resident 1133,A-20133,2024/12/16,111296,gal,,R2,
M-1134,"1038 Cottonwood Dr, Wiley, CO 81092",Resident 1134,A-20134,2024/08/12,106391,gal,,R3,
M-1134,"1038 Cottonwood Dr, Wiley, CO 81092",Resident 1134,A-20134,2024/09/13,112042,gal,,R3,
M-1134,"1038 Cottonwood Dr, Wiley, CO 81092",Resident 1134,A-20134,2024/10/14,117952,gal,,R3,
M-1134,"1038 Cottonwood Dr, Wiley, CO 81092",Resident 1134,A-20134,2024/11/15,121847,gal,,R3,
M-1134,"1038 Cottonwood Dr, Wiley, CO 81092",Resident 1134,A-20134,2024/12/16,126337,gal,,R3,
M-1135,"1045 Sand Creek Rd, Wiley, CO 81092",Resident 1135,A-20135,2024/08/12,390844,gal,,R4,
M-1135,"1045 Sand Creek Rd, Wiley, CO 81092",Resident 1135,A-20135,2024/09/13,397831,gal,,R4,
M-1135,"1045 Sand Creek Rd, Wiley, CO 81092",Resident 1135,A-20135,2024/10/14,405175,gal,,R4,
M-1135,"1045 Sand Creek Rd, Wiley, CO 81092",Resident 1135,A-20135,2024/11/15,409690,gal,,R4,
M-1135,"1045 Sand Creek Rd, Wiley, CO 81092",Resident 1135,A-20135,2024/12/16,414965,gal,,R4,
M-1136,"1052 Prairie View, Wiley, CO 81092",Resident 1136,A-20136,2024/08/12,280064,gal,,R5,
M-1136,"1052 Prairie View, Wiley, CO 81092",Resident 1136,A-20136,2024/09/13,286603,gal,,R5,
M-1136,"1052 Prairie View, Wiley, CO 81092",Resident 1136,A-20136,2024/10/14,291699,gal,,R5,
M-1136,"1052 Prairie View, Wiley, CO 81092",Resident 1136,A-20136,2024/11/15,296335,gal,,R5,
M-1136,"1052 Prairie View, Wiley, CO 81092",Resident 1136,A-20136,2024/12/16,300208,gal,,R5,
M-1137,"1059 School House Rd, Wiley, CO 81092",Resident 1137,A-20137,2024/08/12,202765,gal,,R6,
M-1137,"1059 School House Rd, Wiley, CO 81092",Resident 1137,A-20137,2024/09/13,209454,gal,,R6,
M-1137,"1059 School House Rd, Wiley, CO 81092",Resident 1137,A-20137,2024/10/14,214869,gal,,R6,
M-1137,"1059 School House Rd, Wiley, CO 81092",Resident 1137,A-20137,2024/11/15,218760,gal,,R6,
M-1137,"1059 School House Rd, Wiley, CO 81092",Resident 1137,A-20137,2024/12/16,222253,gal,,R6,
M-1138,"1066 Cemetery Rd, Wiley, CO 81092",Resident 1138,A-20138,2024/08/12,78671,gal,,R1,
M-1138,"1066 Cemetery Rd, Wiley, CO 81092",Resident 1138,A-20138,2024/09/13,83952,gal,,R1,
M-1138,"1066 Cemetery Rd, Wiley, CO 81092",Resident 1138,A-20138,2024/10/14,87930,gal,,R1,
M-1138,"1066 Cemetery Rd, Wiley, CO 81092",Resident 1138,A-20138,2024/11/15,91366,gal,,R1,
M-1138,"1066 Cemetery Rd, Wiley, CO 81092",Resident 1138,A-20138,2024/12/16,94733,gal,,R1,
M-1139,"1073 Grain Elevator Rd, Wiley, CO 81092",Resident 1139,A-20139,2024/08/12,55846,gal,,R2,
M-1139,"1073 Grain Elevator Rd, Wiley, CO 81092",Resident 1139,A-20139,2024/09/13,59962,gal,,R2,
M-1139,"1073 Grain Elevator Rd, Wiley, CO 81092",Resident 1139,A-20139,2024/10/14,63237,gal,,R2,
M-1139,"1073 Grain Elevator Rd, Wiley, CO 81092",Resident 1139,A-20139,2024/11/15,65769,gal,,R2,
M-1139,"1073 Grain Elevator Rd, Wiley, CO 81092",Resident 1139,A-20139,2024/12/16,68150,gal,,R2,
M-1140,"1080 Main St, Wiley, CO 81092",Resident 1140,A-20140,2024/08/12,234732,gal,,R3,
M-1140,"1080 Main St, Wiley, CO 81092",Resident 1140,A-20140,2024/09/13,241916,gal,,R3,
M-1140,"1080 Main St, Wiley, CO 81092",Resident 1140,A-20140,2024/10/14,247856,gal,,R3,
M-1140,"1080 Main St, Wiley, CO 81092",Resident 1140,A-20140,2024/11/15,252282,gal,,R3,
M-1140,"1080 Main St, Wiley, CO 81092",Resident 1140,A-20140,2024/12/16,256853,gal,,R3,
M-1141,"1087 County Rd 10, Wiley, CO 81092",Resident 1141,A-20141,2024/08/12,127728,gal,,R4,
M-1141,"1087 County Rd 10, Wiley, CO 81092",Resident 1141,A-20141,2024/09/13,134041,gal,,R4,
M-1141,"1087 County Rd 10, Wiley, CO 81092",Resident 1141,A-20141,2024/10/14,140760,gal,,R4,
M-1141,"1087 County Rd 10, Wiley, CO 81092",Resident 1141,A-20141,2024/11/15,145797,gal,,R4,
M-1141,"1087 County Rd 10, Wiley, CO 81092",Resident 1141,A-20141,2024/12/16,150860,gal,,R4,
M-1142,"1094 County Rd 14, Wiley, CO 81092",Resident 1142,A-20142,2024/08/12,387822,gal,,R5,
M-1142,"1094 County Rd 14, Wiley, CO 81092",Resident 1142,A-20142,2024/09/13,391343,gal,,R5,
M-1142,"1094 County Rd 14, Wiley, CO 81092",Resident 1142,A-20142,2024/10/14,393945,gal,,R5,
M-1142,"1094 County Rd 14, Wiley, CO 81092",Resident 1142,A-20142,2024/11/15,395948,gal,,R5,
M-1142,"1094 County Rd 14, Wiley, CO 81092",Resident 1142,A-20142,2024/12/16,398302,gal,,R5,
M-1143,"1101 Highway 287, Wiley, CO 81092",Resident 1143,A-20143,2024/08/12,198424,gal,,R6,
M-1143,"1101 Highway 287, Wiley, CO 81092",Resident 1143,A-20143,2024/09/13,209152,gal,,R6,
M-1143,"1101 Highway 287, Wiley, CO 81092",Resident 1143,A-20143,2024/10/14,217366,gal,,R6,
M-1143,"1101 Highway 287, Wiley, CO 81092",Resident 1143,A-20143,2024/11/15,223389,gal,,R6,
M-1143,"1101 Highway 287, Wiley, CO 81092",Resident 1143,A-20143,2024/12/16,229952,gal,,R6,
M-1144,"1108 Maple Ave, Wiley, CO 81092",Resident 1144,A-20144,2024/08/12,138069,gal,,R1,
M-1144,"1108 Maple Ave, Wiley, CO 81092",Resident 1144,A-20144,2024/09/13,140991,gal,,R1,
M-1144,"1108 Maple Ave, Wiley, CO 81092",Resident 1144,A-20144,2024/10/14,143407,gal,,R1,
M-1144,"1108 Maple Ave, Wiley, CO 81092",Resident 1144,A-20144,2024/11/15,145509,gal,,R1,
M-1144,"1108 Maple Ave, Wiley, CO 81092",Resident 1144,A-20144,2024/12/16,147560,gal,,R1,
M-1145,"1115 Oak St, Wiley, CO 81092",Resident 1145,A-20145,2024/08/12,285838,gal,,R2,
M-1145,"1115 Oak St, Wiley, CO 81092",Resident 1145,A-20145,2024/09/13,289608,gal,,R2,
M-1145,"1115 Oak St, Wiley, CO 81092",Resident 1145,A-20145,2024/10/14,292871,gal,,R2,
M-1145,"1115 Oak St, Wiley, CO 81092",Resident 1145,A-20145,2024/11/15,295449,gal,,R2,
M-1145,"1115 Oak St, Wiley, CO 81092",Resident 1145,A-20145,2024/12/16,297849,gal,,R2,
M-1146,"1122 Elm St, Wiley, CO 81092",Resident 1146,A-20146,2024/08/12,343677,gal,,R3,
M-1146,"1122 Elm St, Wiley, CO 81092",Resident 1146,A-20146,2024/09/13,348127,gal,,R3,
M-1146,"1122 Elm St, Wiley, CO 81092",Resident 1146,A-20146,2024/10/14,351565,gal,,R3,
M-1146,"1122 Elm St, Wiley, CO 81092",Resident 1146,A-20146,2024/11/15,354023,gal,,R3,
M-1146,"1122 Elm St, Wiley, CO 81092",Resident 1146,A-20146,2024/12/16,356372,gal,,R3,
M-1147,"1129 3rd Ave, Wiley, CO 81092",Resident 1147,A-20147,2024/08/12,285179,gal,,R4,
M-1147,"1129 3rd Ave, Wiley, CO 81092",Resident 1147,A-20147,2024/09/13,292470,gal,,R4,
M-1147,"1129 3rd Ave, Wiley, CO 81092",Resident 1147,A-20147,2024/10/14,300178,gal,,R4,
M-1147,"1129 3rd Ave, Wiley, CO 81092",Resident 1147,A-20147,2024/11/15,305062,gal,,R4,
M-1147,"1129 3rd Ave, Wiley, CO 81092",Resident 1147,A-20147,2024/12/16,310148,gal,,R4,
M-1148,"1136 5th St, Wiley, CO 81092",Resident 1148,A-20148,2024/08/12,349272,gal,,R5,
M-1148,"1136 5th St, Wiley, CO 81092",Resident 1148,A-20148,2024/09/13,353667,gal,,R5,
M-1148,"1136 5th St, Wiley, CO 81092",Resident 1148,A-20148,2024/10/14,356698,gal,,R5,
M-1148,"1136 5th St, Wiley, CO 81092",Resident 1148,A-20148,2024/11/15,359226,gal,,R5,
M-1148,"1136 5th St, Wiley, CO 81092",Resident 1148,A-20148,2024/12/16,361904,gal,,R5,
M-1149,"1143 Ranch Rd, Wiley, CO 81092",Resident 1149,A-20149,2024/08/12,64321,gal,,R6,
M-1149,"1143 Ranch Rd, Wiley, CO 81092",Resident 1149,A-20149,2024/09/13,72706,gal,,R6,
M-1149,"1143 Ranch Rd, Wiley, CO 81092",Resident 1149,A-20149,2024/10/14,80235,gal,,R6,
M-1149,"1143 Ranch Rd, Wiley, CO 81092",Resident 1149,A-20149,2024/11/15,86746,gal,,R6,
M-1149,"1143 Ranch Rd, Wiley, CO 81092",Resident 1149,A-20149,2024/12/16,92095,gal,,R6,
M-1150,"1150 Irrigation Ln, Wiley, CO 81092",Resident 1150,A-20150,2024/08/12,117348,gal,,R1,
M-1150,"1150 Irrigation Ln, Wiley, CO 81092",Resident 1150,A-20150,2024/09/13,123610,gal,,R1,
M-1150,"1150 Irrigation Ln, Wiley, CO 81092",Resident 1150,A-20150,2024/10/14,129436,gal,,R1,
M-1150,"1150 Irrigation Ln, Wiley, CO 81092",Resident 1150,A-20150,2024/11/15,133989,gal,,R1,
M-1150,"1150 Irrigation Ln, Wiley, CO 81092",Resident 1150,A-20150,2024/12/16,138834,gal,,R1,
M-1151,"1157 North Frontage, Wiley, CO 81092",Resident 1151,A-20151,2024/08/12,99402,gal,,R2,
M-1151,"1157 North Frontage, Wiley, CO 81092",Resident 1151,A-20151,2024/09/13,106683,gal,,R2,
M-1151,"1157 North Frontage, Wiley, CO 81092",Resident 1151,A-20151,2024/10/14,112721,gal,,R2,
M-1151,"1157 North Frontage, Wiley, CO 81092",Resident 1151,A-20151,2024/11/15,118663,gal,,R2,
M-1151,"1157 North Frontage, Wiley, CO 81092",Resident 1151,A-20151,2024/12/16,123654,gal,,R2,
M-1152,"1164 South Loop, Wiley, CO 81092",Resident 1152,A-20152,2024/08/12,132181,gal,,R3,
M-1152,"1164 South Loop, Wiley, CO 81092",Resident 1152,A-20152,2024/09/13,135338,gal,,R3,
M-1152,"1164 South Loop, Wiley, CO 81092",Resident 1152,A-20152,2024/10/14,137895,gal,,R3,
M-1152,"1164 South Loop, Wiley, CO 81092",Resident 1152,A-20152,2024/11/15,139865,gal,,R3,
M-1152,"1164 South Loop, Wiley, CO 81092",Resident 1152,A-20152,2024/12/16,141775,gal,,R3,
M-1153,"1171 Pioneer Rd, Wiley, CO 81092",Resident 1153,A-20153,2024/08/12,343720,gal,,R4,
M-1153,"1171 Pioneer Rd, Wiley, CO 81092",Resident 1153,A-20153,2024/09/13,349996,gal,,R4,
M-1153,"1171 Pioneer Rd, Wiley, CO 81092",Resident 1153,A-20153,2024/10/14,354884,gal,,R4,
M-1153,"1171 Pioneer Rd, Wiley, CO 81092",Resident 1153,A-20153,2024/11/15,359468,gal,,R4,
M-1153,"1171 Pioneer Rd, Wiley, CO 81092",Resident 1153,A-20153,2024/12/16,363129,gal,,R4,
M-1154,"1178 Cottonwood Dr, Wiley, CO 81092",Resident 1154,A-20154,2024/08/12,75939,gal,,R5,
M-1154,"1178 Cottonwood Dr, Wiley, CO 81092",Resident 1154,A-20154,2024/09/13,82601,gal,,R5,
M-1154,"1178 Cottonwood Dr, Wiley, CO 81092",Resident 1154,A-20154,2024/10/14,87347,gal,,R5,
M-1154,"1178 Cottonwood Dr, Wiley, CO 81092",Resident 1154,A-20154,2024/11/15,91336,gal,,R5,
M-1154,"1178 Cottonwood Dr, Wiley, CO 81092",Resident 1154,A-20154,2024/12/16,95576,gal,,R5,
M-1155,"1185 Sand Creek Rd, Wiley, CO 81092",Resident 1155,A-20155,2024/08/12,253804,gal,,R6,
M-1155,"1185 Sand Creek Rd, Wiley, CO 81092",Resident 1155,A-20155,2024/09/13,261140,gal,,R6,
M-1155,"1185 Sand Creek Rd, Wiley, CO 81092",Resident 1155,A-20155,2024/10/14,267701,gal,,R6,
M-1155,"1185 Sand Creek Rd, Wiley, CO 81092",Resident 1155,A-20155,2024/11/15,273007,gal,,R6,
M-1155,"1185 Sand Creek Rd, Wiley, CO 81092",Resident 1155,A-20155,2024/12/16,278026,gal,,R6,
M-1156,"1192 Prairie View, Wiley, CO 81092",Resident 1156,A-20156,2024/08/12,394892,gal,,R1,Known large lot / livestock
M-1156,"1192 Prairie View, Wiley, CO 81092",Resident 1156,A-20156,2024/09/13,420681,gal,,R1,
M-1156,"1192 Prairie View, Wiley, CO 81092",Resident 1156,A-20156,2024/10/14,445025,gal,,R1,
M-1156,"1192 Prairie View, Wiley, CO 81092",Resident 1156,A-20156,2024/11/15,466726,gal,,R1,
M-1156,"1192 Prairie View, Wiley, CO 81092",Resident 1156,A-20156,2024/12/16,485103,gal,,R1,
M-1157,"1199 School House Rd, Wiley, CO 81092",Resident 1157,A-20157,2024/08/12,347894,gal,,R2,
M-1157,"1199 School House Rd, Wiley, CO 81092",Resident 1157,A-20157,2024/09/13,356244,gal,,R2,
M-1157,"1199 School House Rd, Wiley, CO 81092",Resident 1157,A-20157,2024/10/14,361813,gal,,R2,
M-1157,"1199 School House Rd, Wiley, CO 81092",Resident 1157,A-20157,2024/11/15,366741,gal,,R2,
M-1157,"1199 School House Rd, Wiley, CO 81092",Resident 1157,A-20157,2024/12/16,372279,gal,,R2,
M-1158,"1206 Cemetery Rd, Wiley, CO 81092",Resident 1158,A-20158,2024/08/12,133924,gal,,R3,
M-1158,"1206 Cemetery Rd, Wiley, CO 81092",Resident 1158,A-20158,2024/09/13,138997,gal,,R3,
M-1158,"1206 Cemetery Rd, Wiley, CO 81092",Resident 1158,A-20158,2024/10/14,143571,gal,,R3,
M-1158,"1206 Cemetery Rd, Wiley, CO 81092",Resident 1158,A-20158,2024/11/15,147053,gal,,R3,
M-1158,"1206 Cemetery Rd, Wiley, CO 81092",Resident 1158,A-20158,2024/12/16,150530,gal,,R3,
M-1159,"1213 Grain Elevator Rd, Wiley, CO 81092",Resident 1159,A-20159,2024/08/12,284524,gal,,R4,
M-1159,"1213 Grain Elevator Rd, Wiley, CO 81092",Resident 1159,A-20159,2024/09/13,291663,gal,,R4,
M-1159,"1213 Grain Elevator Rd, Wiley, CO 81092",Resident 1159,A-20159,2024/10/14,297740,gal,,R4,
M-1159,"1213 Grain Elevator Rd, Wiley, CO 81092",Resident 1159,A-20159,2024/11/15,303132,gal,,R4,
M-1159,"1213 Grain Elevator Rd, Wiley, CO 81092",Resident 1159,A-20159,2024/12/16,307837,gal,,R4,
M-1160,"1220 Main St, Wiley, CO 81092",Resident 1160,A-20160,2024/08/12,119899,gal,,R5,
M-1160,"1220 Main St, Wiley, CO 81092",Resident 1160,A-20160,2024/09/13,122863,gal,,R5,
M-1160,"1220 Main St, Wiley, CO 81092",Resident 1160,A-20160,2024/10/14,125074,gal,,R5,
M-1160,"1220 Main St, Wiley, CO 81092",Resident 1160,A-20160,2024/11/15,126577,gal,,R5,
M-1160,"1220 Main St, Wiley, CO 81092",Resident 1160,A-20160,2024/12/16,128102,gal,,R5,
M-1161,"1227 County Rd 10, Wiley, CO 81092",Resident 1161,A-20161,2024/08/12,82219,gal,,R6,
M-1161,"1227 County Rd 10, Wiley, CO 81092",Resident 1161,A-20161,2024/09/13,90199,gal,,R6,
M-1161,"1227 County Rd 10, Wiley, CO 81092",Resident 1161,A-20161,2024/10/14,98445,gal,,R6,
M-1161,"1227 County Rd 10, Wiley, CO 81092",Resident 1161,A-20161,2024/11/15,104453,gal,,R6,
M-1161,"1227 County Rd 10, Wiley, CO 81092",Resident 1161,A-20161,2024/12/16,110590,gal,,R6,
M-1162,"1234 County Rd 14, Wiley, CO 81092",Resident 1162,A-20162,2024/08/12,223314,gal,,R1,
M-1162,"1234 County Rd 14, Wiley, CO 81092",Resident 1162,A-20162,2024/09/13,232524,gal,,R1,
M-1162,"1234 County Rd 14, Wiley, CO 81092",Resident 1162,A-20162,2024/10/14,240628,gal,,R1,
M-1162,"1234 County Rd 14, Wiley, CO 81092",Resident 1162,A-20162,2024/11/15,247293,gal,,R1,
M-1162,"1234 County Rd 14, Wiley, CO 81092",Resident 1162,A-20162,2024/12/16,253151,gal,,R1,
M-1163,"1241 Highway 287, Wiley, CO 81092",Resident 1163,A-20163,2024/08/12,245123,gal,,R2,
M-1163,"1241 Highway 287, Wiley, CO 81092",Resident 1163,A-20163,2024/09/13,248465,gal,,R2,
M-1163,"1241 Highway 287, Wiley, CO 81092",Resident 1163,A-20163,2024/10/14,251916,gal,,R2,
M-1163,"1241 Highway 287, Wiley, CO 81092",Resident 1163,A-20163,2024/11/15,254301,gal,,R2,
M-1163,"1241 Highway 287, Wiley, CO 81092",Resident 1163,A-20163,2024/12/16,256993,gal,,R2,
M-1164,"1248 Maple Ave, Wiley, CO 81092",Resident 1164,A-20164,2024/08/12,82533,gal,,R3,
M-1164,"1248 Maple Ave, Wiley, CO 81092",Resident 1164,A-20164,2024/09/13,90827,gal,,R3,
M-1164,"1248 Maple Ave, Wiley, CO 81092",Resident 1164,A-20164,2024/10/14,99326,gal,,R3,
M-1164,"1248 Maple Ave, Wiley, CO 81092",Resident 1164,A-20164,2024/11/15,104850,gal,,R3,
M-1164,"1248 Maple Ave, Wiley, CO 81092",Resident 1164,A-20164,2024/12/16,111245,gal,,R3,
M-1165,"1255 Oak St, Wiley, CO 81092",Resident 1165,A-20165,2024/08/12,247386,gal,,R4,
M-1165,"1255 Oak St, Wiley, CO 81092",Resident 1165,A-20165,2024/09/13,253856,gal,,R4,
M-1165,"1255 Oak St, Wiley, CO 81092",Resident 1165,A-20165,2024/10/14,259606,gal,,R4,
M-1165,"1255 Oak St, Wiley, CO 81092",Resident 1165,A-20165,2024/11/15,263931,gal,,R4,
M-1165,"1255 Oak St, Wiley, CO 81092",Resident 1165,A-20165,2024/12/16,269554,gal,,R4,
M-1166,"1262 Elm St, Wiley, CO 81092",Resident 1166,A-20166,2024/08/12,170015,gal,,R5,
M-1166,"1262 Elm St, Wiley, CO 81092",Resident 1166,A-20166,2024/09/13,180496,gal,,R5,
M-1166,"1262 Elm St, Wiley, CO 81092",Resident 1166,A-20166,2024/10/14,189753,gal,,R5,
M-1166,"1262 Elm St, Wiley, CO 81092",Resident 1166,A-20166,2024/11/15,196318,gal,,R5,
M-1166,"1262 Elm St, Wiley, CO 81092",Resident 1166,A-20166,2024/12/16,203153,gal,,R5,
M-1167,"1269 3rd Ave, Wiley, CO 81092",Resident 1167,A-20167,2024/08/12,187422,gal,,R6,
M-1167,"1269 3rd Ave, Wiley, CO 81092",Resident 1167,A-20167,2024/09/13,193071,gal,,R6,
M-1167,"1269 3rd Ave, Wiley, CO 81092",Resident 1167,A-20167,2024/10/14,196853,gal,,R6,
M-1167,"1269 3rd Ave, Wiley, CO 81092",Resident 1167,A-20167,2024/11/15,199950,gal,,R6,
M-1167,"1269 3rd Ave, Wiley, CO 81092",Resident 1167,A-20167,2024/12/16,203032,gal,,R6,
M-1168,"1276 5th St, Wiley, CO 81092",Resident 1168,A-20168,2024/08/12,410253,gal,,R1,
M-1168,"1276 5th St, Wiley, CO 81092",Resident 1168,A-20168,2024/09/13,420543,gal,,R1,
M-1168,"1276 5th St, Wiley, CO 81092",Resident 1168,A-20168,2024/10/14,427812,gal,,R1,
M-1168,"1276 5th St, Wiley, CO 81092",Resident 1168,A-20168,2024/11/15,434380,gal,,R1,
M-1168,"1276 5th St, Wiley, CO 81092",Resident 1168,A-20168,2024/12/16,440346,gal,,R1,
M-1169,"1283 Ranch Rd, Wiley, CO 81092",Resident 1169,A-20169,2024/08/12,113844,gal,,R2,
M-1169,"1283 Ranch Rd, Wiley, CO 81092",Resident 1169,A-20169,2024/09/13,121532,gal,,R2,
M-1169,"1283 Ranch Rd, Wiley, CO 81092",Resident 1169,A-20169,2024/10/14,129923,gal,,R2,
M-1169,"1283 Ranch Rd, Wiley, CO 81092",Resident 1169,A-20169,2024/11/15,135386,gal,,R2,
M-1169,"1283 Ranch Rd, Wiley, CO 81092",Resident 1169,A-20169,2024/12/16,141332,gal,,R2,
M-1170,"1290 Irrigation Ln, Wiley, CO 81092",Resident 1170,A-20170,2024/08/12,242382,gal,,R3,
M-1170,"1290 Irrigation Ln, Wiley, CO 81092",Resident 1170,A-20170,2024/09/13,248015,gal,,R3,
M-1170,"1290 Irrigation Ln, Wiley, CO 81092",Resident 1170,A-20170,2024/10/14,253542,gal,,R3,
M-1170,"1290 Irrigation Ln, Wiley, CO 81092",Resident 1170,A-20170,2024/11/15,257494,gal,,R3,
M-1170,"1290 Irrigation Ln, Wiley, CO 81092",Resident 1170,A-20170,2024/12/16,261061,gal,,R3,
M-1171,"1297 North Frontage, Wiley, CO 81092",Resident 1171,A-20171,2024/08/12,347589,gal,,R4,
M-1171,"1297 North Frontage, Wiley, CO 81092",Resident 1171,A-20171,2024/09/13,351003,gal,,R4,
M-1171,"1297 North Frontage, Wiley, CO 81092",Resident 1171,A-20171,2024/10/14,354186,gal,,R4,
M-1171,"1297 North Frontage, Wiley, CO 81092",Resident 1171,A-20171,2024/11/15,356416,gal,,R4,
M-1171,"1297 North Frontage, Wiley, CO 81092",Resident 1171,A-20171,2024/12/16,358710,gal,,R4,
M-1172,"1304 South Loop, Wiley, CO 81092",Resident 1172,A-20172,2024/08/12,268394,gal,,R5,
M-1172,"1304 South Loop, Wiley, CO 81092",Resident 1172,A-20172,2024/09/13,273827,gal,,R5,
M-1172,"1304 South Loop, Wiley, CO 81092",Resident 1172,A-20172,2024/10/14,278532,gal,,R5,
M-1172,"1304 South Loop, Wiley, CO 81092",Resident 1172,A-20172,2024/11/15,281510,gal,,R5,
M-1172,"1304 South Loop, Wiley, CO 81092",Resident 1172,A-20172,2024/12/16,284710,gal,,R5,
M-1173,"1311 Pioneer Rd, Wiley, CO 81092",Resident 1173,A-20173,2024/08/12,384001,gal,,R6,
M-1173,"1311 Pioneer Rd, Wiley, CO 81092",Resident 1173,A-20173,2024/09/13,390902,gal,,R6,
M-1173,"1311 Pioneer Rd, Wiley, CO 81092",Resident 1173,A-20173,2024/10/14,397025,gal,,R6,
M-1173,"1311 Pioneer Rd, Wiley, CO 81092",Resident 1173,A-20173,2024/11/15,401825,gal,,R6,
M-1173,"1311 Pioneer Rd, Wiley, CO 81092",Resident 1173,A-20173,2024/12/16,406118,gal,,R6,
M-1174,"1318 Cottonwood Dr, Wiley, CO 81092",Resident 1174,A-20174,2024/08/12,135297,gal,,R1,
M-1174,"1318 Cottonwood Dr, Wiley, CO 81092",Resident 1174,A-20174,2024/09/13,139224,gal,,R1,
M-1174,"1318 Cottonwood Dr, Wiley, CO 81092",Resident 1174,A-20174,2024/10/14,142632,gal,,R1,
M-1174,"1318 Cottonwood Dr, Wiley, CO 81092",Resident 1174,A-20174,2024/11/15,145137,gal,,R1,
M-1174,"1318 Cottonwood Dr, Wiley, CO 81092",Resident 1174,A-20174,2024/12/16,147523,gal,,R1,
M-1175,"1325 Sand Creek Rd, Wiley, CO 81092",Resident 1175,A-20175,2024/08/12,181414,gal,,R2,
M-1175,"1325 Sand Creek Rd, Wiley, CO 81092",Resident 1175,A-20175,2024/09/13,187707,gal,,R2,
M-1175,"1325 Sand Creek Rd, Wiley, CO 81092",Resident 1175,A-20175,2024/10/14,192940,gal,,R2,
M-1175,"1325 Sand Creek Rd, Wiley, CO 81092",Resident 1175,A-20175,2024/11/15,198040,gal,,R2,
M-1175,"1325 Sand Creek Rd, Wiley, CO 81092",Resident 1175,A-20175,2024/12/16,202528,gal,,R2,
M-1176,"1332 Prairie View, Wiley, CO 81092",Resident 1176,A-20176,2024/08/12,138470,gal,,R3,
M-1176,"1332 Prairie View, Wiley, CO 81092",Resident 1176,A-20176,2024/09/13,141295,gal,,R3,
M-1176,"1332 Prairie View, Wiley, CO 81092",Resident 1176,A-20176,2024/10/14,143201,gal,,R3,
M-1176,"1332 Prairie View, Wiley, CO 81092",Resident 1176,A-20176,2024/11/15,144757,gal,,R3,
M-1176,"1332 Prairie View, Wiley, CO 81092",Resident 1176,A-20176,2024/12/16,146643,gal,,R3,
M-1177,"1339 School House Rd, Wiley, CO 81092",Resident 1177,A-20177,2024/08/12,153256,gal,,R4,
M-1177,"1339 School House Rd, Wiley, CO 81092",Resident 1177,A-20177,2024/09/13,161746,gal,,R4,
M-1177,"1339 School House Rd, Wiley, CO 81092",Resident 1177,A-20177,2024/10/14,169434,gal,,R4,
M-1177,"1339 School House Rd, Wiley, CO 81092",Resident 1177,A-20177,2024/11/15,176396,gal,,R4,
M-1177,"1339 School House Rd, Wiley, CO 81092",Resident 1177,A-20177,2024/12/16,182840,gal,,R4,
M-1178,"1346 Cemetery Rd, Wiley, CO 81092",Resident 1178,A-20178,2024/08/12,278336,gal,,R5,
M-1178,"1346 Cemetery Rd, Wiley, CO 81092",Resident 1178,A-20178,2024/09/13,287323,gal,,R5,
M-1178,"1346 Cemetery Rd, Wiley, CO 81092",Resident 1178,A-20178,2024/10/14,296149,gal,,R5,
M-1178,"1346 Cemetery Rd, Wiley, CO 81092",Resident 1178,A-20178,2024/11/15,303036,gal,,R5,
M-1178,"1346 Cemetery Rd, Wiley, CO 81092",Resident 1178,A-20178,2024/12/16,308446,gal,,R5,
M-1179,"1353 Grain Elevator Rd, Wiley, CO 81092",Resident 1179,A-20179,2024/08/12,69231,gal,,R6,
M-1179,"1353 Grain Elevator Rd, Wiley, CO 81092",Resident 1179,A-20179,2024/09/13,74216,gal,,R6,
M-1179,"1353 Grain Elevator Rd, Wiley, CO 81092",Resident 1179,A-20179,2024/10/14,78727,gal,,R6,
M-1179,"1353 Grain Elevator Rd, Wiley, CO 81092",Resident 1179,A-20179,2024/11/15,81578,gal,,R6,
M-1179,"1353 Grain Elevator Rd, Wiley, CO 81092",Resident 1179,A-20179,2024/12/16,84959,gal,,R6,
M-1180,"1360 Main St, Wiley, CO 81092",Resident 1180,A-20180,2024/08/12,151970,gal,,R1,
M-1180,"1360 Main St, Wiley, CO 81092",Resident 1180,A-20180,2024/09/13,158643,gal,,R1,
M-1180,"1360 Main St, Wiley, CO 81092",Resident 1180,A-20180,2024/10/14,165570,gal,,R1,
M-1180,"1360 Main St, Wiley, CO 81092",Resident 1180,A-20180,2024/11/15,170489,gal,,R1,
M-1180,"1360 Main St, Wiley, CO 81092",Resident 1180,A-20180,2024/12/16,175337,gal,,R1,
M-1181,"1367 County Rd 10, Wiley, CO 81092",Resident 1181,A-20181,2024/08/12,233880,gal,,R2,
M-1181,"1367 County Rd 10, Wiley, CO 81092",Resident 1181,A-20181,2024/09/13,243796,gal,,R2,
M-1181,"1367 County Rd 10, Wiley, CO 81092",Resident 1181,A-20181,2024/10/14,253299,gal,,R2,
M-1181,"1367 County Rd 10, Wiley, CO 81092",Resident 1181,A-20181,2024/11/15,259370,gal,,R2,
M-1181,"1367 County Rd 10, Wiley, CO 81092",Resident 1181,A-20181,2024/12/16,265211,gal,,R2,
M-1182,"1374 County Rd 14, Wiley, CO 81092",Resident 1182,A-20182,2024/08/12,271465,gal,,R3,
M-1182,"1374 County Rd 14, Wiley, CO 81092",Resident 1182,A-20182,2024/09/13,275771,gal,,R3,
M-1182,"1374 County Rd 14, Wiley, CO 81092",Resident 1182,A-20182,2024/10/14,278981,gal,,R3,
M-1182,"1374 County Rd 14, Wiley, CO 81092",Resident 1182,A-20182,2024/11/15,281976,gal,,R3,
M-1182,"1374 County Rd 14, Wiley, CO 81092",Resident 1182,A-20182,2024/12/16,284863,gal,,R3,
M-1183,"1381 Highway 287, Wiley, CO 81092",Resident 1183,A-20183,2024/08/12,187627,gal,,R4,
M-1183,"1381 Highway 287, Wiley, CO 81092",Resident 1183,A-20183,2024/09/13,196019,gal,,R4,
M-1183,"1381 Highway 287, Wiley, CO 81092",Resident 1183,A-20183,2024/10/14,203034,gal,,R4,
M-1183,"1381 Highway 287, Wiley, CO 81092",Resident 1183,A-20183,2024/11/15,208059,gal,,R4,
M-1183,"1381 Highway 287, Wiley, CO 81092",Resident 1183,A-20183,2024/12/16,212871,gal,,R4,
M-1184,"1388 Maple Ave, Wiley, CO 81092",Resident 1184,A-20184,2024/08/12,194302,gal,,R5,
M-1184,"1388 Maple Ave, Wiley, CO 81092",Resident 1184,A-20184,2024/09/13,197616,gal,,R5,
M-1184,"1388 Maple Ave, Wiley, CO 81092",Resident 1184,A-20184,2024/10/14,200450,gal,,R5,
M-1184,"1388 Maple Ave, Wiley, CO 81092",Resident 1184,A-20184,2024/11/15,203066,gal,,R5,
M-1184,"1388 Maple Ave, Wiley, CO 81092",Resident 1184,A-20184,2024/12/16,205464,gal,,R5,
M-1185,"1395 Oak St, Wiley, CO 81092",Resident 1185,A-20185,2024/08/12,143315,gal,,R6,
M-1185,"1395 Oak St, Wiley, CO 81092",Resident 1185,A-20185,2024/09/13,152942,gal,,R6,
M-1185,"1395 Oak St, Wiley, CO 81092",Resident 1185,A-20185,2024/10/14,160459,gal,,R6,
M-1185,"1395 Oak St, Wiley, CO 81092",Resident 1185,A-20185,2024/11/15,165361,gal,,R6,
M-1185,"1395 Oak St, Wiley, CO 81092",Resident 1185,A-20185,2024/12/16,170115,gal,,R6,
M-1186,"1402 Elm St, Wiley, CO 81092",Resident 1186,A-20186,2024/08/12,113427,gal,,R1,
M-1186,"1402 Elm St, Wiley, CO 81092",Resident 1186,A-20186,2024/09/13,119021,gal,,R1,
M-1186,"1402 Elm St, Wiley, CO 81092",Resident 1186,A-20186,2024/10/14,123698,gal,,R1,
M-1186,"1402 Elm St, Wiley, CO 81092",Resident 1186,A-20186,2024/11/15,127293,gal,,R1,
M-1186,"1402 Elm St, Wiley, CO 81092",Resident 1186,A-20186,2024/12/16,130685,gal,,R1,
M-1187,"1409 3rd Ave, Wiley, CO 81092",Resident 1187,A-20187,2024/08/12,261171,gal,,R2,
M-1187,"1409 3rd Ave, Wiley, CO 81092",Resident 1187,A-20187,2024/09/13,269141,gal,,R2,
M-1187,"1409 3rd Ave, Wiley, CO 81092",Resident 1187,A-20187,2024/10/14,276342,gal,,R2,
M-1187,"1409 3rd Ave, Wiley, CO 81092",Resident 1187,A-20187,2024/11/15,282388,gal,,R2,
M-1187,"1409 3rd Ave, Wiley, CO 81092",Resident 1187,A-20187,2024/12/16,288327,gal,,R2,
M-1188,"1416 5th St, Wiley, CO 81092",Resident 1188,A-20188,2024/08/12,79260,gal,,R3,
M-1188,"1416 5th St, Wiley, CO 81092",Resident 1188,A-20188,2024/09/13,86716,gal,,R3,
M-1188,"1416 5th St, Wiley, CO 81092",Resident 1188,A-20188,2024/10/14,92712,gal,,R3,
M-1188,"1416 5th St, Wiley, CO 81092",Resident 1188,A-20188,2024/11/15,96815,gal,,R3,
M-1188,"1416 5th St, Wiley, CO 81092",Resident 1188,A-20188,2024/12/16,101012,gal,,R3,
M-1189,"1423 Ranch Rd, Wiley, CO 81092",Resident 1189,A-20189,2024/08/12,306454,gal,,R4,
M-1189,"1423 Ranch Rd, Wiley, CO 81092",Resident 1189,A-20189,2024/09/13,315180,gal,,R4,
M-1189,"1423 Ranch Rd, Wiley, CO 81092",Resident 1189,A-20189,2024/10/14,322021,gal,,R4,
M-1189,"1423 Ranch Rd, Wiley, CO 81092",Resident 1189,A-20189,2024/11/15,326712,gal,,R4,
M-1189,"1423 Ranch Rd, Wiley, CO 81092",Resident 1189,A-20189,2024/12/16,332540,gal,,R4,
M-1190,"1430 Irrigation Ln, Wiley, CO 81092",Resident 1190,A-20190,2024/08/12,172242,gal,,R5,
M-1190,"1430 Irrigation Ln, Wiley, CO 81092",Resident 1190,A-20190,2024/09/13,176968,gal,,R5,
M-1190,"1430 Irrigation Ln, Wiley, CO 81092",Resident 1190,A-20190,2024/10/14,180605,gal,,R5,
M-1190,"1430 Irrigation Ln, Wiley, CO 81092",Resident 1190,A-20190,2024/11/15,183716,gal,,R5,
M-1190,"1430 Irrigation Ln, Wiley, CO 81092",Resident 1190,A-20190,2024/12/16,186161,gal,,R5,
M-1191,"1437 North Frontage, Wiley, CO 81092",Resident 1191,A-20191,2024/08/12,158724,gal,,R6,
M-1191,"1437 North Frontage, Wiley, CO 81092",Resident 1191,A-20191,2024/09/13,162156,gal,,R6,
M-1191,"1437 North Frontage, Wiley, CO 81092",Resident 1191,A-20191,2024/10/14,165264,gal,,R6,
M-1191,"1437 North Frontage, Wiley, CO 81092",Resident 1191,A-20191,2024/11/15,167749,gal,,R6,
M-1191,"1437 North Frontage, Wiley, CO 81092",Resident 1191,A-20191,2024/12/16,170377,gal,,R6,
M-1192,"1444 South Loop, Wiley, CO 81092",Resident 1192,A-20192,2024/08/12,297842,gal,,R1,
M-1192,"1444 South Loop, Wiley, CO 81092",Resident 1192,A-20192,2024/09/13,304087,gal,,R1,
M-1192,"1444 South Loop, Wiley, CO 81092",Resident 1192,A-20192,2024/10/14,309366,gal,,R1,
M-1192,"1444 South Loop, Wiley, CO 81092",Resident 1192,A-20192,2024/11/15,313174,gal,,R1,
M-1192,"1444 South Loop, Wiley, CO 81092",Resident 1192,A-20192,2024/12/16,317629,gal,,R1,
M-1193,"1451 Pioneer Rd, Wiley, CO 81092",Resident 1193,A-20193,2024/08/12,245379,gal,,R2,
M-1193,"1451 Pioneer Rd, Wiley, CO 81092",Resident 1193,A-20193,2024/09/13,255082,gal,,R2,
M-1193,"1451 Pioneer Rd, Wiley, CO 81092",Resident 1193,A-20193,2024/10/14,262550,gal,,R2,
M-1193,"1451 Pioneer Rd, Wiley, CO 81092",Resident 1193,A-20193,2024/11/15,269012,gal,,R2,
M-1193,"1451 Pioneer Rd, Wiley, CO 81092",Resident 1193,A-20193,2024/12/16,275169,gal,,R2,
M-1194,"1458 Cottonwood Dr, Wiley, CO 81092",Resident 1194,A-20194,2024/08/12,214486,gal,,R3,
M-1194,"1458 Cottonwood Dr, Wiley, CO 81092",Resident 1194,A-20194,2024/09/13,219028,gal,,R3,
M-1194,"1458 Cottonwood Dr, Wiley, CO 81092",Resident 1194,A-20194,2024/10/14,222561,gal,,R3,
M-1194,"1458 Cottonwood Dr, Wiley, CO 81092",Resident 1194,A-20194,2024/11/15,225286,gal,,R3,
M-1194,"1458 Cottonwood Dr, Wiley, CO 81092",Resident 1194,A-20194,2024/12/16,228273,gal,,R3,
M-1195,"1465 Sand Creek Rd, Wiley, CO 81092",Resident 1195,A-20195,2024/08/12,178477,gal,,R4,
M-1195,"1465 Sand Creek Rd, Wiley, CO 81092",Resident 1195,A-20195,2024/09/13,185599,gal,,R4,
M-1195,"1465 Sand Creek Rd, Wiley, CO 81092",Resident 1195,A-20195,2024/10/14,193022,gal,,R4,
M-1195,"1465 Sand Creek Rd, Wiley, CO 81092",Resident 1195,A-20195,2024/11/15,198252,gal,,R4,
M-1195,"1465 Sand Creek Rd, Wiley, CO 81092",Resident 1195,A-20195,2024/12/16,203778,gal,,R4,
M-1196,"1472 Prairie View, Wiley, CO 81092",Resident 1196,A-20196,2024/08/12,175639,gal,,R5,
M-1196,"1472 Prairie View, Wiley, CO 81092",Resident 1196,A-20196,2024/09/13,183839,gal,,R5,
M-1196,"1472 Prairie View, Wiley, CO 81092",Resident 1196,A-20196,2024/10/14,190087,gal,,R5,
M-1196,"1472 Prairie View, Wiley, CO 81092",Resident 1196,A-20196,2024/11/15,195655,gal,,R5,
M-1196,"1472 Prairie View, Wiley, CO 81092",Resident 1196,A-20196,2024/12/16,200529,gal,,R5,
M-1197,"1479 School House Rd, Wiley, CO 81092",Resident 1197,A-20197,2024/08/12,65409,gal,,R6,
M-1197,"1479 School House Rd, Wiley, CO 81092",Resident 1197,A-20197,2024/09/13,68025,gal,,R6,
M-1197,"1479 School House Rd, Wiley, CO 81092",Resident 1197,A-20197,2024/10/14,70379,gal,,R6,
M-1197,"1479 School House Rd, Wiley, CO 81092",Resident 1197,A-20197,2024/11/15,71968,gal,,R6,
M-1197,"1479 School House Rd, Wiley, CO 81092",Resident 1197,A-20197,2024/12/16,73471,gal,,R6,
M-1198,"1486 Cemetery Rd, Wiley, CO 81092",Resident 1198,A-20198,2024/08/12,405425,gal,,R1,
M-1198,"1486 Cemetery Rd, Wiley, CO 81092",Resident 1198,A-20198,2024/09/13,413234,gal,,R1,
M-1198,"1486 Cemetery Rd, Wiley, CO 81092",Resident 1198,A-20198,2024/10/14,421019,gal,,R1,
M-1198,"1486 Cemetery Rd, Wiley, CO 81092",Resident 1198,A-20198,2024/11/15,426769,gal,,R1,
M-1198,"1486 Cemetery Rd, Wiley, CO 81092",Resident 1198,A-20198,2024/12/16,432840,gal,,R1,
M-1199,"1493 Grain Elevator Rd, Wiley, CO 81092",Resident 1199,A-20199,2024/08/12,158292,gal,,R2,
M-1199,"1493 Grain Elevator Rd, Wiley, CO 81092",Resident 1199,A-20199,2024/09/13,164104,gal,,R2,
M-1199,"1493 Grain Elevator Rd, Wiley, CO 81092",Resident 1199,A-20199,2024/10/14,169417,gal,,R2,
M-1199,"1493 Grain Elevator Rd, Wiley, CO 81092",Resident 1199,A-20199,2024/11/15,173139,gal,,R2,
M-1199,"1493 Grain Elevator Rd, Wiley, CO 81092",Resident 1199,A-20199,2024/12/16,176584,gal,,R2,
M-1200,"1500 Main St, Wiley, CO 81092",Resident 1200,A-20200,2024/08/12,266857,gal,,R3,
M-1200,"1500 Main St, Wiley, CO 81092",Resident 1200,A-20200,2024/09/13,274247,gal,,R3,
M-1200,"1500 Main St, Wiley, CO 81092",Resident 1200,A-20200,2024/10/14,279958,gal,,R3,
M-1200,"1500 Main St, Wiley, CO 81092",Resident 1200,A-20200,2024/11/15,284650,gal,,R3,
M-1200,"1500 Main St, Wiley, CO 81092",Resident 1200,A-20200,2024/12/16,289505,gal,,R3,
M-1201,"1507 County Rd 10, Wiley, CO 81092",Resident 1201,A-20201,2024/08/12,225481,gal,,R4,
M-1201,"1507 County Rd 10, Wiley, CO 81092",Resident 1201,A-20201,2024/09/13,228338,gal,,R4,
M-1201,"1507 County Rd 10, Wiley, CO 81092",Resident 1201,A-20201,2024/10/14,230446,gal,,R4,
M-1201,"1507 County Rd 10, Wiley, CO 81092",Resident 1201,A-20201,2024/11/15,232161,gal,,R4,
M-1201,"1507 County Rd 10, Wiley, CO 81092",Resident 1201,A-20201,2024/12/16,234146,gal,,R4,
M-1202,"1514 County Rd 14, Wiley, CO 81092",Resident 1202,A-20202,2024/08/12,199985,gal,,R5,
M-1202,"1514 County Rd 14, Wiley, CO 81092",Resident 1202,A-20202,2024/09/13,203805,gal,,R5,
M-1202,"1514 County Rd 14, Wiley, CO 81092",Resident 1202,A-20202,2024/10/14,206638,gal,,R5,
M-1202,"1514 County Rd 14, Wiley, CO 81092",Resident 1202,A-20202,2024/11/15,209079,gal,,R5,
M-1202,"1514 County Rd 14, Wiley, CO 81092",Resident 1202,A-20202,2024/12/16,211128,gal,,R5,
M-1203,"1521 Highway 287, Wiley, CO 81092",Resident 1203,A-20203,2024/08/12,92858,gal,,R6,
M-1203,"1521 Highway 287, Wiley, CO 81092",Resident 1203,A-20203,2024/09/13,99091,gal,,R6,
M-1203,"1521 Highway 287, Wiley, CO 81092",Resident 1203,A-20203,2024/10/14,104422,gal,,R6,
M-1203,"1521 Highway 287, Wiley, CO 81092",Resident 1203,A-20203,2024/11/15,108010,gal,,R6,
M-1203,"1521 Highway 287, Wiley, CO 81092",Resident 1203,A-20203,2024/12/16,111976,gal,,R6,
M-1204,"1528 Maple Ave, Wiley, CO 81092",Resident 1204,A-20204,2024/08/12,201986,gal,,R1,
M-1204,"1528 Maple Ave, Wiley, CO 81092",Resident 1204,A-20204,2024/09/13,207963,gal,,R1,
M-1204,"1528 Maple Ave, Wiley, CO 81092",Resident 1204,A-20204,2024/10/14,213050,gal,,R1,
M-1204,"1528 Maple Ave, Wiley, CO 81092",Resident 1204,A-20204,2024/11/15,216178,gal,,R1,
M-1204,"1528 Maple Ave, Wiley, CO 81092",Resident 1204,A-20204,2024/12/16,219754,gal,,R1,
M-1205,"1535 Oak St, Wiley, CO 81092",Resident 1205,A-20205,2024/08/12,239200,gal,,R2,
M-1205,"1535 Oak St, Wiley, CO 81092",Resident 1205,A-20205,2024/09/13,244169,gal,,R2,
M-1205,"1535 Oak St, Wiley, CO 81092",Resident 1205,A-20205,2024/10/14,248524,gal,,R2,
M-1205,"1535 Oak St, Wiley, CO 81092",Resident 1205,A-20205,2024/11/15,251865,gal,,R2,
M-1205,"1535 Oak St, Wiley, CO 81092",Resident 1205,A-20205,2024/12/16,255194,gal,,R2,
M-1206,"1542 Elm St, Wiley, CO 81092",Resident 1206,A-20206,2024/08/12,389518,gal,,R3,
M-1206,"1542 Elm St, Wiley, CO 81092",Resident 1206,A-20206,2024/09/13,392965,gal,,R3,
M-1206,"1542 Elm St, Wiley, CO 81092",Resident 1206,A-20206,2024/10/14,395380,gal,,R3,
M-1206,"1542 Elm St, Wiley, CO 81092",Resident 1206,A-20206,2024/11/15,397384,gal,,R3,
M-1206,"1542 Elm St, Wiley, CO 81092",Resident 1206,A-20206,2024/12/16,399652,gal,,R3,
M-1207,"1549 3rd Ave, Wiley, CO 81092",Resident 1207,A-20207,2024/08/12,322769,gal,,R4,
M-1207,"1549 3rd Ave, Wiley, CO 81092",Resident 1207,A-20207,2024/09/13,327778,gal,,R4,
M-1207,"1549 3rd Ave, Wiley, CO 81092",Resident 1207,A-20207,2024/10/14,332292,gal,,R4,
M-1207,"1549 3rd Ave, Wiley, CO 81092",Resident 1207,A-20207,2024/11/15,335315,gal,,R4,
M-1207,"1549 3rd Ave, Wiley, CO 81092",Resident 1207,A-20207,2024/12/16,338832,gal,,R4,
M-1208,"1556 5th St, Wiley, CO 81092",Resident 1208,A-20208,2024/08/12,269516,gal,,R5,
M-1208,"1556 5th St, Wiley, CO 81092",Resident 1208,A-20208,2024/09/13,276938,gal,,R5,
M-1208,"1556 5th St, Wiley, CO 81092",Resident 1208,A-20208,2024/10/14,283772,gal,,R5,
M-1208,"1556 5th St, Wiley, CO 81092",Resident 1208,A-20208,2024/11/15,289002,gal,,R5,
M-1208,"1556 5th St, Wiley, CO 81092",Resident 1208,A-20208,2024/12/16,293636,gal,,R5,
M-1209,"1563 Ranch Rd, Wiley, CO 81092",Resident 1209,A-20209,2024/08/12,334608,gal,,R6,
M-1209,"1563 Ranch Rd, Wiley, CO 81092",Resident 1209,A-20209,2024/09/13,337821,gal,,R6,
M-1209,"1563 Ranch Rd, Wiley, CO 81092",Resident 1209,A-20209,2024/10/14,340883,gal,,R6,
M-1209,"1563 Ranch Rd, Wiley, CO 81092",Resident 1209,A-20209,2024/11/15,342864,gal,,R6,
M-1209,"1563 Ranch Rd, Wiley, CO 81092",Resident 1209,A-20209,2024/12/16,345242,gal,,R6,
M-1210,"1570 Irrigation Ln, Wiley, CO 81092",Resident 1210,A-20210,2024/08/12,227200,gal,,R1,
M-1210,"1570 Irrigation Ln, Wiley, CO 81092",Resident 1210,A-20210,2024/09/13,230615,gal,,R1,
M-1210,"1570 Irrigation Ln, Wiley, CO 81092",Resident 1210,A-20210,2024/10/14,233742,gal,,R1,
M-1210,"1570 Irrigation Ln, Wiley, CO 81092",Resident 1210,A-20210,2024/11/15,235761,gal,,R1,
M-1210,"1570 Irrigation Ln, Wiley, CO 81092",Resident 1210,A-20210,2024/12/16,237725,gal,,R1,
M-1211,"1577 North Frontage, Wiley, CO 81092",Resident 1211,A-20211,2024/08/12,75480,gal,,R2,
M-1211,"1577 North Frontage, Wiley, CO 81092",Resident 1211,A-20211,2024/09/13,85561,gal,,R2,
M-1211,"1577 North Frontage, Wiley, CO 81092",Resident 1211,A-20211,2024/10/14,93630,gal,,R2,
M-1211,"1577 North Frontage, Wiley, CO 81092",Resident 1211,A-20211,2024/11/15,99677,gal,,R2,
M-1211,"1577 North Frontage, Wiley, CO 81092",Resident 1211,A-20211,2024/12/16,106597,gal,,R2,
M-1212,"1584 South Loop, Wiley, CO 81092",Resident 1212,A-20212,2024/08/12,119378,gal,,R3,
M-1212,"1584 South Loop, Wiley, CO 81092",Resident 1212,A-20212,2024/09/13,125612,gal,,R3,
M-1212,"1584 South Loop, Wiley, CO 81092",Resident 1212,A-20212,2024/10/14,132579,gal,,R3,
M-1212,"1584 South Loop, Wiley, CO 81092",Resident 1212,A-20212,2024/11/15,137905,gal,,R3,
M-1212,"1584 South Loop, Wiley, CO 81092",Resident 1212,A-20212,2024/12/16,143232,gal,,R3,
M-1213,"1591 Pioneer Rd, Wiley, CO 81092",Resident 1213,A-20213,2024/08/12,191219,gal,,R4,
M-1213,"1591 Pioneer Rd, Wiley, CO 81092",Resident 1213,A-20213,2024/09/13,194204,gal,,R4,
M-1213,"1591 Pioneer Rd, Wiley, CO 81092",Resident 1213,A-20213,2024/10/14,197023,gal,,R4,
M-1213,"1591 Pioneer Rd, Wiley, CO 81092",Resident 1213,A-20213,2024/11/15,198964,gal,,R4,
M-1213,"1591 Pioneer Rd, Wiley, CO 81092",Resident 1213,A-20213,2024/12/16,200974,gal,,R4,
M-1214,"1598 Cottonwood Dr, Wiley, CO 81092",Resident 1214,A-20214,2024/08/12,155084,gal,,R5,
M-1214,"1598 Cottonwood Dr, Wiley, CO 81092",Resident 1214,A-20214,2024/09/13,165498,gal,,R5,
M-1214,"1598 Cottonwood Dr, Wiley, CO 81092",Resident 1214,A-20214,2024/10/14,174270,gal,,R5,
M-1214,"1598 Cottonwood Dr, Wiley, CO 81092",Resident 1214,A-20214,2024/11/15,181382,gal,,R5,
M-1214,"1598 Cottonwood Dr, Wiley, CO 81092",Resident 1214,A-20214,2024/12/16,187695,gal,,R5,
M-1215,"1605 Sand Creek Rd, Wiley, CO 81092",Resident 1215,A-20215,2024/08/12,362679,gal,,R6,
M-1215,"1605 Sand Creek Rd, Wiley, CO 81092",Resident 1215,A-20215,2024/09/13,369492,gal,,R6,
M-1215,"1605 Sand Creek Rd, Wiley, CO 81092",Resident 1215,A-20215,2024/10/14,376300,gal,,R6,
M-1215,"1605 Sand Creek Rd, Wiley, CO 81092",Resident 1215,A-20215,2024/11/15,381209,gal,,R6,
M-1215,"1605 Sand Creek Rd, Wiley, CO 81092",Resident 1215,A-20215,2024/12/16,386775,gal,,R6,
M-1216,"1612 Prairie View, Wiley, CO 81092",Resident 1216,A-20216,2024/08/12,199247,gal,,R1,
M-1216,"1612 Prairie View, Wiley, CO 81092",Resident 1216,A-20216,2024/09/13,207915,gal,,R1,
M-1216,"1612 Prairie View, Wiley, CO 81092",Resident 1216,A-20216,2024/10/14,217313,gal,,R1,
M-1216,"1612 Prairie View, Wiley, CO 81092",Resident 1216,A-20216,2024/11/15,222948,gal,,R1,
M-1216,"1612 Prairie View, Wiley, CO 81092",Resident 1216,A-20216,2024/12/16,230183,gal,,R1,
M-1217,"1619 School House Rd, Wiley, CO 81092",Resident 1217,A-20217,2024/08/12,74017,gal,,R2,
M-1217,"1619 School House Rd, Wiley, CO 81092",Resident 1217,A-20217,2024/09/13,77775,gal,,R2,
M-1217,"1619 School House Rd, Wiley, CO 81092",Resident 1217,A-20217,2024/10/14,81128,gal,,R2,
M-1217,"1619 School House Rd, Wiley, CO 81092",Resident 1217,A-20217,2024/11/15,83806,gal,,R2,
M-1217,"1619 School House Rd, Wiley, CO 81092",Resident 1217,A-20217,2024/12/16,86538,gal,,R2,
M-1218,"1626 Cemetery Rd, Wiley, CO 81092",Resident 1218,A-20218,2024/08/12,110864,gal,,R3,
M-1218,"1626 Cemetery Rd, Wiley, CO 81092",Resident 1218,A-20218,2024/09/13,115131,gal,,R3,
M-1218,"1626 Cemetery Rd, Wiley, CO 81092",Resident 1218,A-20218,2024/10/14,118041,gal,,R3,
M-1218,"1626 Cemetery Rd, Wiley, CO 81092",Resident 1218,A-20218,2024/11/15,120444,gal,,R3,
M-1218,"1626 Cemetery Rd, Wiley, CO 81092",Resident 1218,A-20218,2024/12/16,123157,gal,,R3,
M-1219,"1633 Grain Elevator Rd, Wiley, CO 81092",Resident 1219,A-20219,2024/08/12,372053,gal,,R4,
M-1219,"1633 Grain Elevator Rd, Wiley, CO 81092",Resident 1219,A-20219,2024/09/13,380878,gal,,R4,
M-1219,"1633 Grain Elevator Rd, Wiley, CO 81092",Resident 1219,A-20219,2024/10/14,387497,gal,,R4,
M-1219,"1633 Grain Elevator Rd, Wiley, CO 81092",Resident 1219,A-20219,2024/11/15,393882,gal,,R4,
M-1219,"1633 Grain Elevator Rd, Wiley, CO 81092",Resident 1219,A-20219,2024/12/16,398745,gal,,R4,
M-1220,"1640 Main St, Wiley, CO 81092",Resident 1220,A-20220,2024/08/12,284862,gal,,R5,
M-1220,"1640 Main St, Wiley, CO 81092",Resident 1220,A-20220,2024/09/13,292738,gal,,R5,
M-1220,"1640 Main St, Wiley, CO 81092",Resident 1220,A-20220,2024/10/14,298725,gal,,R5,
M-1220,"1640 Main St, Wiley, CO 81092",Resident 1220,A-20220,2024/11/15,303219,gal,,R5,
M-1220,"1640 Main St, Wiley, CO 81092",Resident 1220,A-20220,2024/12/16,307881,gal,,R5,
M-1221,"1647 County Rd 10, Wiley, CO 81092",Resident 1221,A-20221,2024/08/12,240380,gal,,R6,
M-1221,"1647 County Rd 10, Wiley, CO 81092",Resident 1221,A-20221,2024/09/13,248852,gal,,R6,
M-1221,"1647 County Rd 10, Wiley, CO 81092",Resident 1221,A-20221,2024/10/14,255158,gal,,R6,
M-1221,"1647 County Rd 10, Wiley, CO 81092",Resident 1221,A-20221,2024/11/15,259563,gal,,R6,
M-1221,"1647 County Rd 10, Wiley, CO 81092",Resident 1221,A-20221,2024/12/16,263997,gal,,R6,
M-1222,"1654 County Rd 14, Wiley, CO 81092",Resident 1222,A-20222,2024/08/12,218927,gal,,R1,
M-1222,"1654 County Rd 14, Wiley, CO 81092",Resident 1222,A-20222,2024/09/13,222713,gal,,R1,
M-1222,"1654 County Rd 14, Wiley, CO 81092",Resident 1222,A-20222,2024/10/14,226024,gal,,R1,
M-1222,"1654 County Rd 14, Wiley, CO 81092",Resident 1222,A-20222,2024/11/15,228833,gal,,R1,
M-1222,"1654 County Rd 14, Wiley, CO 81092",Resident 1222,A-20222,2024/12/16,231883,gal,,R1,
M-1223,"1661 Highway 287, Wiley, CO 81092",Resident 1223,A-20223,2024/08/12,285536,gal,,R2,
M-1223,"1661 Highway 287, Wiley, CO 81092",Resident 1223,A-20223,2024/09/13,291052,gal,,R2,
M-1223,"1661 Highway 287, Wiley, CO 81092",Resident 1223,A-20223,2024/10/14,294841,gal,,R2,
M-1223,"1661 Highway 287, Wiley, CO 81092",Resident 1223,A-20223,2024/11/15,298459,gal,,R2,
M-1223,"1661 Highway 287, Wiley, CO 81092",Resident 1223,A-20223,2024/12/16,301525,gal,,R2,
M-1224,"1668 Maple Ave, Wiley, CO 81092",Resident 1224,A-20224,2024/08/12,376773,gal,,R3,
M-1224,"1668 Maple Ave, Wiley, CO 81092",Resident 1224,A-20224,2024/09/13,384232,gal,,R3,
M-1224,"1668 Maple Ave, Wiley, CO 81092",Resident 1224,A-20224,2024/10/14,390768,gal,,R3,
M-1224,"1668 Maple Ave, Wiley, CO 81092",Resident 1224,A-20224,2024/11/15,395394,gal,,R3,
M-1224,"1668 Maple Ave, Wiley, CO 81092",Resident 1224,A-20224,2024/12/16,401003,gal,,R3,
M-1225,"1675 Oak St, Wiley, CO 81092",Resident 1225,A-20225,2024/08/12,328383,gal,,R4,
M-1225,"1675 Oak St, Wiley, CO 81092",Resident 1225,A-20225,2024/09/13,337385,gal,,R4,
M-1225,"1675 Oak St, Wiley, CO 81092",Resident 1225,A-20225,2024/10/14,344146,gal,,R4,
M-1225,"1675 Oak St, Wiley, CO 81092",Resident 1225,A-20225,2024/11/15,349276,gal,,R4,
M-1225,"1675 Oak St, Wiley, CO 81092",Resident 1225,A-20225,2024/12/16,354722,gal,,R4,
M-1226,"1682 Elm St, Wiley, CO 81092",Resident 1226,A-20226,2024/08/12,117422,gal,,R5,
M-1226,"1682 Elm St, Wiley, CO 81092",Resident 1226,A-20226,2024/09/13,124419,gal,,R5,
M-1226,"1682 Elm St, Wiley, CO 81092",Resident 1226,A-20226,2024/10/14,130003,gal,,R5,
M-1226,"1682 Elm St, Wiley, CO 81092",Resident 1226,A-20226,2024/11/15,133697,gal,,R5,
M-1226,"1682 Elm St, Wiley, CO 81092",Resident 1226,A-20226,2024/12/16,137938,gal,,R5,
M-1227,"1689 3rd Ave, Wiley, CO 81092",Resident 1227,A-20227,2024/08/12,257852,gal,,R6,
M-1227,"1689 3rd Ave, Wiley, CO 81092",Resident 1227,A-20227,2024/09/13,262158,gal,,R6,
M-1227,"1689 3rd Ave, Wiley, CO 81092",Resident 1227,A-20227,2024/10/14,265569,gal,,R6,
M-1227,"1689 3rd Ave, Wiley, CO 81092",Resident 1227,A-20227,2024/11/15,268557,gal,,R6,
M-1227,"1689 3rd Ave, Wiley, CO 81092",Resident 1227,A-20227,2024/12/16,271896,gal,,R6,
M-1228,"1696 5th St, Wiley, CO 81092",Resident 1228,A-20228,2024/08/12,361206,gal,,R1,
M-1228,"1696 5th St, Wiley, CO 81092",Resident 1228,A-20228,2024/09/13,367937,gal,,R1,
M-1228,"1696 5th St, Wiley, CO 81092",Resident 1228,A-20228,2024/10/14,375212,gal,,R1,
M-1228,"1696 5th St, Wiley, CO 81092",Resident 1228,A-20228,2024/11/15,380757,gal,,R1,
M-1228,"1696 5th St, Wiley, CO 81092",Resident 1228,A-20228,2024/12/16,386242,gal,,R1,
M-1229,"1703 Ranch Rd, Wiley, CO 81092",Resident 1229,A-20229,2024/08/12,162244,gal,,R2,
M-1229,"1703 Ranch Rd, Wiley, CO 81092",Resident 1229,A-20229,2024/09/13,173228,gal,,R2,
M-1229,"1703 Ranch Rd, Wiley, CO 81092",Resident 1229,A-20229,2024/10/14,180550,gal,,R2,
M-1229,"1703 Ranch Rd, Wiley, CO 81092",Resident 1229,A-20229,2024/11/15,187503,gal,,R2,
M-1229,"1703 Ranch Rd, Wiley, CO 81092",Resident 1229,A-20229,2024/12/16,193732,gal,,R2,
M-1230,"1710 Irrigation Ln, Wiley, CO 81092",Resident 1230,A-20230,2024/08/12,194833,gal,,R3,
M-1230,"1710 Irrigation Ln, Wiley, CO 81092",Resident 1230,A-20230,2024/09/13,203225,gal,,R3,
M-1230,"1710 Irrigation Ln, Wiley, CO 81092",Resident 1230,A-20230,2024/10/14,212297,gal,,R3,
M-1230,"1710 Irrigation Ln, Wiley, CO 81092",Resident 1230,A-20230,2024/11/15,218821,gal,,R3,
M-1230,"1710 Irrigation Ln, Wiley, CO 81092",Resident 1230,A-20230,2024/12/16,224389,gal,,R3,
M-1231,"1717 North Frontage, Wiley, CO 81092",Resident 1231,A-20231,2024/08/12,83772,gal,,R4,
M-1231,"1717 North Frontage, Wiley, CO 81092",Resident 1231,A-20231,2024/09/13,94064,gal,,R4,
M-1231,"1717 North Frontage, Wiley, CO 81092",Resident 1231,A-20231,2024/10/14,102751,gal,,R4,
M-1231,"1717 North Frontage, Wiley, CO 81092",Resident 1231,A-20231,2024/11/15,109394,gal,,R4,
M-1231,"1717 North Frontage, Wiley, CO 81092",Resident 1231,A-20231,2024/12/16,114598,gal,,R4,
M-1232,"1724 South Loop, Wiley, CO 81092",Resident 1232,A-20232,2024/08/12,283719,gal,,R5,
M-1232,"1724 South Loop, Wiley, CO 81092",Resident 1232,A-20232,2024/09/13,288621,gal,,R5,
M-1232,"1724 South Loop, Wiley, CO 81092",Resident 1232,A-20232,2024/10/14,292600,gal,,R5,
M-1232,"1724 South Loop, Wiley, CO 81092",Resident 1232,A-20232,2024/11/15,295604,gal,,R5,
M-1232,"1724 South Loop, Wiley, CO 81092",Resident 1232,A-20232,2024/12/16,298197,gal,,R5,
M-1233,"1731 Pioneer Rd, Wiley, CO 81092",Resident 1233,A-20233,2024/08/12,60712,gal,,R6,
M-1233,"1731 Pioneer Rd, Wiley, CO 81092",Resident 1233,A-20233,2024/09/13,70579,gal,,R6,
M-1233,"1731 Pioneer Rd, Wiley, CO 81092",Resident 1233,A-20233,2024/10/14,78636,gal,,R6,
M-1233,"1731 Pioneer Rd, Wiley, CO 81092",Resident 1233,A-20233,2024/11/15,85197,gal,,R6,
M-1233,"1731 Pioneer Rd, Wiley, CO 81092",Resident 1233,A-20233,2024/12/16,91152,gal,,R6,
M-1234,"1738 Cottonwood Dr, Wiley, CO 81092",Resident 1234,A-20234,2024/08/12,328139,gal,,R1,
M-1234,"1738 Cottonwood Dr, Wiley, CO 81092",Resident 1234,A-20234,2024/09/13,334391,gal,,R1,
M-1234,"1738 Cottonwood Dr, Wiley, CO 81092",Resident 1234,A-20234,2024/10/14,339090,gal,,R1,
M-1234,"1738 Cottonwood Dr, Wiley, CO 81092",Resident 1234,A-20234,2024/11/15,342664,gal,,R1,
M-1234,"1738 Cottonwood Dr, Wiley, CO 81092",Resident 1234,A-20234,2024/12/16,345969,gal,,R1,
M-1235,"1745 Sand Creek Rd, Wiley, CO 81092",Resident 1235,A-20235,2024/08/12,340661,gal,,R2,
M-1235,"1745 Sand Creek Rd, Wiley, CO 81092",Resident 1235,A-20235,2024/09/13,347830,gal,,R2,
M-1235,"1745 Sand Creek Rd, Wiley, CO 81092",Resident 1235,A-20235,2024/10/14,353387,gal,,R2,
M-1235,"1745 Sand Creek Rd, Wiley, CO 81092",Resident 1235,A-20235,2024/11/15,357022,gal,,R2,
M-1235,"1745 Sand Creek Rd, Wiley, CO 81092",Resident 1235,A-20235,2024/12/16,360736,gal,,R2,
M-1236,"1752 Prairie View, Wiley, CO 81092",Resident 1236,A-20236,2024/08/12,163631,gal,,R3,
M-1236,"1752 Prairie View, Wiley, CO 81092",Resident 1236,A-20236,2024/09/13,173297,gal,,R3,
M-1236,"1752 Prairie View, Wiley, CO 81092",Resident 1236,A-20236,2024/10/14,181673,gal,,R3,
M-1236,"1752 Prairie View, Wiley, CO 81092",Resident 1236,A-20236,2024/11/15,186931,gal,,R3,
M-1236,"1752 Prairie View, Wiley, CO 81092",Resident 1236,A-20236,2024/12/16,193117,gal,,R3,
M-1237,"1759 School House Rd, Wiley, CO 81092",Resident 1237,A-20237,2024/08/12,252093,gal,,R4,
M-1237,"1759 School House Rd, Wiley, CO 81092",Resident 1237,A-20237,2024/09/13,260396,gal,,R4,
M-1237,"1759 School House Rd, Wiley, CO 81092",Resident 1237,A-20237,2024/10/14,268812,gal,,R4,
M-1237,"1759 School House Rd, Wiley, CO 81092",Resident 1237,A-20237,2024/11/15,273842,gal,,R4,
M-1237,"1759 School House Rd, Wiley, CO 81092",Resident 1237,A-20237,2024/12/16,279976,gal,,R4,
M-1238,"1766 Cemetery Rd, Wiley, CO 81092",Resident 1238,A-20238,2024/08/12,283012,gal,,R5,
M-1238,"1766 Cemetery Rd, Wiley, CO 81092",Resident 1238,A-20238,2024/09/13,289587,gal,,R5,
M-1238,"1766 Cemetery Rd, Wiley, CO 81092",Resident 1238,A-20238,2024/10/14,294766,gal,,R5,
M-1238,"1766 Cemetery Rd, Wiley, CO 81092",Resident 1238,A-20238,2024/11/15,299053,gal,,R5,
M-1238,"1766 Cemetery Rd, Wiley, CO 81092",Resident 1238,A-20238,2024/12/16,303077,gal,,R5,
M-1239,"1773 Grain Elevator Rd, Wiley, CO 81092",Resident 1239,A-20239,2024/08/12,93501,gal,,R6,
M-1239,"1773 Grain Elevator Rd, Wiley, CO 81092",Resident 1239,A-20239,2024/09/13,99186,gal,,R6,
M-1239,"1773 Grain Elevator Rd, Wiley, CO 81092",Resident 1239,A-20239,2024/10/14,105511,gal,,R6,
M-1239,"1773 Grain Elevator Rd, Wiley, CO 81092",Resident 1239,A-20239,2024/11/15,109235,gal,,R6,
M-1239,"1773 Grain Elevator Rd, Wiley, CO 81092",Resident 1239,A-20239,2024/12/16,113911,gal,,R6,
M-1240,"1780 Main St, Wiley, CO 81092",Resident 1240,A-20240,2024/08/12,407281,gal,,R1,
M-1240,"1780 Main St, Wiley, CO 81092",Resident 1240,A-20240,2024/09/13,414767,gal,,R1,
M-1240,"1780 Main St, Wiley, CO 81092",Resident 1240,A-20240,2024/10/14,421499,gal,,R1,
M-1240,"1780 Main St, Wiley, CO 81092",Resident 1240,A-20240,2024/11/15,426406,gal,,R1,
M-1240,"1780 Main St, Wiley, CO 81092",Resident 1240,A-20240,2024/12/16,430765,gal,,R1,
M-1241,"1787 County Rd 10, Wiley, CO 81092",Resident 1241,A-20241,2024/08/12,230015,gal,,R2,
M-1241,"1787 County Rd 10, Wiley, CO 81092",Resident 1241,A-20241,2024/09/13,236705,gal,,R2,
M-1241,"1787 County Rd 10, Wiley, CO 81092",Resident 1241,A-20241,2024/10/14,242287,gal,,R2,
M-1241,"1787 County Rd 10, Wiley, CO 81092",Resident 1241,A-20241,2024/11/15,246536,gal,,R2,
M-1241,"1787 County Rd 10, Wiley, CO 81092",Resident 1241,A-20241,2024/12/16,251432,gal,,R2,
M-1242,"1794 County Rd 14, Wiley, CO 81092",Resident 1242,A-20242,2024/08/12,380566,gal,,R3,
M-1242,"1794 County Rd 14, Wiley, CO 81092",Resident 1242,A-20242,2024/09/13,384425,gal,,R3,
M-1242,"1794 County Rd 14, Wiley, CO 81092",Resident 1242,A-20242,2024/10/14,387592,gal,,R3,
M-1242,"1794 County Rd 14, Wiley, CO 81092",Resident 1242,A-20242,2024/11/15,390203,gal,,R3,
M-1242,"1794 County Rd 14, Wiley, CO 81092",Resident 1242,A-20242,2024/12/16,392881,gal,,R3,
M-1243,"1801 Highway 287, Wiley, CO 81092",Resident 1243,A-20243,2024/08/12,220400,gal,,R4,
M-1243,"1801 Highway 287, Wiley, CO 81092",Resident 1243,A-20243,2024/09/13,225516,gal,,R4,
M-1243,"1801 Highway 287, Wiley, CO 81092",Resident 1243,A-20243,2024/10/14,229302,gal,,R4,
M-1243,"1801 Highway 287, Wiley, CO 81092",Resident 1243,A-20243,2024/11/15,232523,gal,,R4,
M-1243,"1801 Highway 287, Wiley, CO 81092",Resident 1243,A-20243,2024/12/16,236006,gal,,R4,
M-1244,"1808 Maple Ave, Wiley, CO 81092",Resident 1244,A-20244,2024/08/12,425352,gal,,R5,Known large lot / livestock
M-1244,"1808 Maple Ave, Wiley, CO 81092",Resident 1244,A-20244,2024/09/13,450917,gal,,R5,
M-1244,"1808 Maple Ave, Wiley, CO 81092",Resident 1244,A-20244,2024/10/14,469748,gal,,R5,
M-1244,"1808 Maple Ave, Wiley, CO 81092",Resident 1244,A-20244,2024/11/15,486554,gal,,R5,
M-1244,"1808 Maple Ave, Wiley, CO 81092",Resident 1244,A-20244,2024/12/16,502889,gal,,R5,
M-1245,"1815 Oak St, Wiley, CO 81092",Resident 1245,A-20245,2024/08/12,119561,gal,,R6,
M-1245,"1815 Oak St, Wiley, CO 81092",Resident 1245,A-20245,2024/09/13,122996,gal,,R6,
M-1245,"1815 Oak St, Wiley, CO 81092",Resident 1245,A-20245,2024/10/14,125395,gal,,R6,
M-1245,"1815 Oak St, Wiley, CO 81092",Resident 1245,A-20245,2024/11/15,127184,gal,,R6,
M-1245,"1815 Oak St, Wiley, CO 81092",Resident 1245,A-20245,2024/12/16,128973,gal,,R6,
M-1246,"1822 Elm St, Wiley, CO 81092",Resident 1246,A-20246,2024/08/12,213395,gal,,R1,
M-1246,"1822 Elm St, Wiley, CO 81092",Resident 1246,A-20246,2024/09/13,219864,gal,,R1,
M-1246,"1822 Elm St, Wiley, CO 81092",Resident 1246,A-20246,2024/10/14,225427,gal,,R1,
M-1246,"1822 Elm St, Wiley, CO 81092",Resident 1246,A-20246,2024/11/15,228940,gal,,R1,
M-1246,"1822 Elm St, Wiley, CO 81092",Resident 1246,A-20246,2024/12/16,232855,gal,,R1,
M-1247,"1829 3rd Ave, Wiley, CO 81092",Resident 1247,A-20247,2024/08/12,319334,gal,,R2,
M-1247,"1829 3rd Ave, Wiley, CO 81092",Resident 1247,A-20247,2024/09/13,321741,gal,,R2,
M-1247,"1829 3rd Ave, Wiley, CO 81092",Resident 1247,A-20247,2024/10/14,324001,gal,,R2,
M-1247,"1829 3rd Ave, Wiley, CO 81092",Resident 1247,A-20247,2024/11/15,326046,gal,,R2,
M-1247,"1829 3rd Ave, Wiley, CO 81092",Resident 1247,A-20247,2024/12/16,327656,gal,,R2,
M-1248,"1836 5th St, Wiley, CO 81092",Resident 1248,A-20248,2024/08/12,221931,gal,,R3,
M-1248,"1836 5th St, Wiley, CO 81092",Resident 1248,A-20248,2024/09/13,229358,gal,,R3,
M-1248,"1836 5th St, Wiley, CO 81092",Resident 1248,A-20248,2024/10/14,236828,gal,,R3,
M-1248,"1836 5th St, Wiley, CO 81092",Resident 1248,A-20248,2024/11/15,242437,gal,,R3,
M-1248,"1836 5th St, Wiley, CO 81092",Resident 1248,A-20248,2024/12/16,247133,gal,,R3,
M-1249,"1843 Ranch Rd, Wiley, CO 81092",Resident 1249,A-20249,2024/08/12,409531,gal,,R4,
M-1249,"1843 Ranch Rd, Wiley, CO 81092",Resident 1249,A-20249,2024/09/13,416174,gal,,R4,
M-1249,"1843 Ranch Rd, Wiley, CO 81092",Resident 1249,A-20249,2024/10/14,422920,gal,,R4,
M-1249,"1843 Ranch Rd, Wiley, CO 81092",Resident 1249,A-20249,2024/11/15,428011,gal,,R4,
M-1249,"1843 Ranch Rd, Wiley, CO 81092",Resident 1249,A-20249,2024/12/16,432796,gal,,R4,
M-1250,"1850 Irrigation Ln, Wiley, CO 81092",Resident 1250,A-20250,2024/08/12,269175,gal,,R5,
M-1250,"1850 Irrigation Ln, Wiley, CO 81092",Resident 1250,A-20250,2024/09/13,274414,gal,,R5,
M-1250,"1850 Irrigation Ln, Wiley, CO 81092",Resident 1250,A-20250,2024/10/14,278097,gal,,R5,
M-1250,"1850 Irrigation Ln, Wiley, CO 81092",Resident 1250,A-20250,2024/11/15,281408,gal,,R5,
M-1250,"1850 Irrigation Ln, Wiley, CO 81092",Resident 1250,A-20250,2024/12/16,284240,gal,,R5,
M-1251,"1857 North Frontage, Wiley, CO 81092",Resident 1251,A-20251,2024/08/12,230554,gal,,R6,
M-1251,"1857 North Frontage, Wiley, CO 81092",Resident 1251,A-20251,2024/09/13,238775,gal,,R6,
M-1251,"1857 North Frontage, Wiley, CO 81092",Resident 1251,A-20251,2024/10/14,245263,gal,,R6,
M-1251,"1857 North Frontage, Wiley, CO 81092",Resident 1251,A-20251,2024/11/15,251038,gal,,R6,
M-1251,"1857 North Frontage, Wiley, CO 81092",Resident 1251,A-20251,2024/12/16,255925,gal,,R6,
M-1252,"1864 South Loop, Wiley, CO 81092",Resident 1252,A-20252,2024/08/12,266298,gal,,R1,
M-1252,"1864 South Loop, Wiley, CO 81092",Resident 1252,A-20252,2024/09/13,271476,gal,,R1,
M-1252,"1864 South Loop, Wiley, CO 81092",Resident 1252,A-20252,2024/10/14,275405,gal,,R1,
M-1252,"1864 South Loop, Wiley, CO 81092",Resident 1252,A-20252,2024/11/15,278023,gal,,R1,
M-1252,"1864 South Loop, Wiley, CO 81092",Resident 1252,A-20252,2024/12/16,280787,gal,,R1,
M-1253,"1871 Pioneer Rd, Wiley, CO 81092",Resident 1253,A-20253,2024/08/12,208003,gal,,R2,
M-1253,"1871 Pioneer Rd, Wiley, CO 81092",Resident 1253,A-20253,2024/09/13,210382,gal,,R2,
M-1253,"1871 Pioneer Rd, Wiley, CO 81092",Resident 1253,A-20253,2024/10/14,212598,gal,,R2,
M-1253,"1871 Pioneer Rd, Wiley, CO 81092",Resident 1253,A-20253,2024/11/15,214531,gal,,R2,
M-1253,"1871 Pioneer Rd, Wiley, CO 81092",Resident 1253,A-20253,2024/12/16,216353,gal,,R2,
M-1254,"1878 Cottonwood Dr, Wiley, CO 81092",Resident 1254,A-20254,2024/08/12,344831,gal,,R3,
M-1254,"1878 Cottonwood Dr, Wiley, CO 81092",Resident 1254,A-20254,2024/09/13,347610,gal,,R3,
M-1254,"1878 Cottonwood Dr, Wiley, CO 81092",Resident 1254,A-20254,2024/10/14,350409,gal,,R3,
M-1254,"1878 Cottonwood Dr, Wiley, CO 81092",Resident 1254,A-20254,2024/11/15,352583,gal,,R3,
M-1254,"1878 Cottonwood Dr, Wiley, CO 81092",Resident 1254,A-20254,2024/12/16,354952,gal,,R3,
M-1255,"1885 Sand Creek Rd, Wiley, CO 81092",Resident 1255,A-20255,2024/08/12,129119,gal,,R4,
M-1255,"1885 Sand Creek Rd, Wiley, CO 81092",Resident 1255,A-20255,2024/09/13,139210,gal,,R4,
M-1255,"1885 Sand Creek Rd, Wiley, CO 81092",Resident 1255,A-20255,2024/10/14,146389,gal,,R4,
M-1255,"1885 Sand Creek Rd, Wiley, CO 81092",Resident 1255,A-20255,2024/11/15,152297,gal,,R4,
M-1255,"1885 Sand Creek Rd, Wiley, CO 81092",Resident 1255,A-20255,2024/12/16,157939,gal,,R4,
M-1256,"1892 Prairie View, Wiley, CO 81092",Resident 1256,A-20256,2024/08/12,159946,gal,,R5,
M-1256,"1892 Prairie View, Wiley, CO 81092",Resident 1256,A-20256,2024/09/13,169461,gal,,R5,
M-1256,"1892 Prairie View, Wiley, CO 81092",Resident 1256,A-20256,2024/10/14,176548,gal,,R5,
M-1256,"1892 Prairie View, Wiley, CO 81092",Resident 1256,A-20256,2024/11/15,182373,gal,,R5,
M-1256,"1892 Prairie View, Wiley, CO 81092",Resident 1256,A-20256,2024/12/16,188269,gal,,R5,
M-1257,"1899 School House Rd, Wiley, CO 81092",Resident 1257,A-20257,2024/08/12,274186,gal,,R6,
M-1257,"1899 School House Rd, Wiley, CO 81092",Resident 1257,A-20257,2024/09/13,277087,gal,,R6,
M-1257,"1899 School House Rd, Wiley, CO 81092",Resident 1257,A-20257,2024/10/14,279594,gal,,R6,
M-1257,"1899 School House Rd, Wiley, CO 81092",Resident 1257,A-20257,2024/11/15,281511,gal,,R6,
M-1257,"1899 School House Rd, Wiley, CO 81092",Resident 1257,A-20257,2024/12/16,283227,gal,,R6,
M-1258,"1906 Cemetery Rd, Wiley, CO 81092",Resident 1258,A-20258,2024/08/12,404296,gal,,R1,
M-1258,"1906 Cemetery Rd, Wiley, CO 81092",Resident 1258,A-20258,2024/09/13,408853,gal,,R1,
M-1258,"1906 Cemetery Rd, Wiley, CO 81092",Resident 1258,A-20258,2024/10/14,412816,gal,,R1,
M-1258,"1906 Cemetery Rd, Wiley, CO 81092",Resident 1258,A-20258,2024/11/15,416218,gal,,R1,
M-1258,"1906 Cemetery Rd, Wiley, CO 81092",Resident 1258,A-20258,2024/12/16,419415,gal,,R1,
M-1259,"1913 Grain Elevator Rd, Wiley, CO 81092",Resident 1259,A-20259,2024/08/12,252763,gal,,R2,
M-1259,"1913 Grain Elevator Rd, Wiley, CO 81092",Resident 1259,A-20259,2024/09/13,255585,gal,,R2,
M-1259,"1913 Grain Elevator Rd, Wiley, CO 81092",Resident 1259,A-20259,2024/10/14,258203,gal,,R2,
M-1259,"1913 Grain Elevator Rd, Wiley, CO 81092",Resident 1259,A-20259,2024/11/15,260440,gal,,R2,
M-1259,"1913 Grain Elevator Rd, Wiley, CO 81092",Resident 1259,A-20259,2024/12/16,262623,gal,,R2,
M-1260,"1920 Main St, Wiley, CO 81092",Resident 1260,A-20260,2024/08/12,145002,gal,,R3,
M-1260,"1920 Main St, Wiley, CO 81092",Resident 1260,A-20260,2024/09/13,148205,gal,,R3,
M-1260,"1920 Main St, Wiley, CO 81092",Resident 1260,A-20260,2024/10/14,150734,gal,,R3,
M-1260,"1920 Main St, Wiley, CO 81092",Resident 1260,A-20260,2024/11/15,152654,gal,,R3,
M-1260,"1920 Main St, Wiley, CO 81092",Resident 1260,A-20260,2024/12/16,154254,gal,,R3,
M-1261,"1927 County Rd 10, Wiley, CO 81092",Resident 1261,A-20261,2024/08/12,378749,gal,,R4,
M-1261,"1927 County Rd 10, Wiley, CO 81092",Resident 1261,A-20261,2024/09/13,384059,gal,,R4,
M-1261,"1927 County Rd 10, Wiley, CO 81092",Resident 1261,A-20261,2024/10/14,389390,gal,,R4,
M-1261,"1927 County Rd 10, Wiley, CO 81092",Resident 1261,A-20261,2024/11/15,392718,gal,,R4,
M-1261,"1927 County Rd 10, Wiley, CO 81092",Resident 1261,A-20261,2024/12/16,395976,gal,,R4,
M-1262,"1934 County Rd 14, Wiley, CO 81092",Resident 1262,A-20262,2024/08/12,351802,gal,,R5,
M-1262,"1934 County Rd 14, Wiley, CO 81092",Resident 1262,A-20262,2024/09/13,354991,gal,,R5,
M-1262,"1934 County Rd 14, Wiley, CO 81092",Resident 1262,A-20262,2024/10/14,357893,gal,,R5,
M-1262,"1934 County Rd 14, Wiley, CO 81092",Resident 1262,A-20262,2024/11/15,360269,gal,,R5,
M-1262,"1934 County Rd 14, Wiley, CO 81092",Resident 1262,A-20262,2024/12/16,362233,gal,,R5,
M-1263,"1941 Highway 287, Wiley, CO 81092",Resident 1263,A-20263,2024/08/12,216855,gal,,R6,
M-1263,"1941 Highway 287, Wiley, CO 81092",Resident 1263,A-20263,2024/09/13,223336,gal,,R6,
M-1263,"1941 Highway 287, Wiley, CO 81092",Resident 1263,A-20263,2024/10/14,228912,gal,,R6,
M-1263,"1941 Highway 287, Wiley, CO 81092",Resident 1263,A-20263,2024/11/15,233623,gal,,R6,
M-1263,"1941 Highway 287, Wiley, CO 81092",Resident 1263,A-20263,2024/12/16,238294,gal,,R6,
M-1264,"1948 Maple Ave, Wiley, CO 81092",Resident 1264,A-20264,2024/08/12,267924,gal,,R1,
M-1264,"1948 Maple Ave, Wiley, CO 81092",Resident 1264,A-20264,2024/09/13,273249,gal,,R1,
M-1264,"1948 Maple Ave, Wiley, CO 81092",Resident 1264,A-20264,2024/10/14,276893,gal,,R1,
M-1264,"1948 Maple Ave, Wiley, CO 81092",Resident 1264,A-20264,2024/11/15,280388,gal,,R1,
M-1264,"1948 Maple Ave, Wiley, CO 81092",Resident 1264,A-20264,2024/12/16,283502,gal,,R1,
M-1265,"1955 Oak St, Wiley, CO 81092",Resident 1265,A-20265,2024/08/12,342733,gal,,R2,
M-1265,"1955 Oak St, Wiley, CO 81092",Resident 1265,A-20265,2024/09/13,347322,gal,,R2,
M-1265,"1955 Oak St, Wiley, CO 81092",Resident 1265,A-20265,2024/10/14,352042,gal,,R2,
M-1265,"1955 Oak St, Wiley, CO 81092",Resident 1265,A-20265,2024/11/15,354954,gal,,R2,
M-1265,"1955 Oak St, Wiley, CO 81092",Resident 1265,A-20265,2024/12/16,358713,gal,,R2,
M-1266,"1962 Elm St, Wiley, CO 81092",Resident 1266,A-20266,2024/08/12,59258,gal,,R3,
M-1266,"1962 Elm St, Wiley, CO 81092",Resident 1266,A-20266,2024/09/13,67967,gal,,R3,
M-1266,"1962 Elm St, Wiley, CO 81092",Resident 1266,A-20266,2024/10/14,75149,gal,,R3,
M-1266,"1962 Elm St, Wiley, CO 81092",Resident 1266,A-20266,2024/11/15,80259,gal,,R3,
M-1266,"1962 Elm St, Wiley, CO 81092",Resident 1266,A-20266,2024/12/16,86370,gal,,R3,
M-1267,"1969 3rd Ave, Wiley, CO 81092",Resident 1267,A-20267,2024/08/12,216410,gal,,R4,
M-1267,"1969 3rd Ave, Wiley, CO 81092",Resident 1267,A-20267,2024/09/13,223875,gal,,R4,
M-1267,"1969 3rd Ave, Wiley, CO 81092",Resident 1267,A-20267,2024/10/14,230465,gal,,R4,
M-1267,"1969 3rd Ave, Wiley, CO 81092",Resident 1267,A-20267,2024/11/15,234614,gal,,R4,
M-1267,"1969 3rd Ave, Wiley, CO 81092",Resident 1267,A-20267,2024/12/16,238983,gal,,R4,
M-1268,"1976 5th St, Wiley, CO 81092",Resident 1268,A-20268,2024/08/12,205684,gal,,R5,
M-1268,"1976 5th St, Wiley, CO 81092",Resident 1268,A-20268,2024/09/13,210564,gal,,R5,
M-1268,"1976 5th St, Wiley, CO 81092",Resident 1268,A-20268,2024/10/14,214704,gal,,R5,
M-1268,"1976 5th St, Wiley, CO 81092",Resident 1268,A-20268,2024/11/15,217371,gal,,R5,
M-1268,"1976 5th St, Wiley, CO 81092",Resident 1268,A-20268,2024/12/16,219996,gal,,R5,
M-1269,"1983 Ranch Rd, Wiley, CO 81092",Resident 1269,A-20269,2024/08/12,169380,gal,,R6,
M-1269,"1983 Ranch Rd, Wiley, CO 81092",Resident 1269,A-20269,2024/09/13,178007,gal,,R6,
M-1269,"1983 Ranch Rd, Wiley, CO 81092",Resident 1269,A-20269,2024/10/14,185430,gal,,R6,
M-1269,"1983 Ranch Rd, Wiley, CO 81092",Resident 1269,A-20269,2024/11/15,190128,gal,,R6,
M-1269,"1983 Ranch Rd, Wiley, CO 81092",Resident 1269,A-20269,2024/12/16,195710,gal,,R6,
M-1270,"1990 Irrigation Ln, Wiley, CO 81092",Resident 1270,A-20270,2024/08/12,279539,gal,,R1,
M-1270,"1990 Irrigation Ln, Wiley, CO 81092",Resident 1270,A-20270,2024/09/13,283222,gal,,R1,
M-1270,"1990 Irrigation Ln, Wiley, CO 81092",Resident 1270,A-20270,2024/10/14,286872,gal,,R1,
M-1270,"1990 Irrigation Ln, Wiley, CO 81092",Resident 1270,A-20270,2024/11/15,289488,gal,,R1,
M-1270,"1990 Irrigation Ln, Wiley, CO 81092",Resident 1270,A-20270,2024/12/16,291798,gal,,R1,
M-1271,"1997 North Frontage, Wiley, CO 81092",Resident 1271,A-20271,2024/08/12,364164,gal,,R2,
M-1271,"1997 North Frontage, Wiley, CO 81092",Resident 1271,A-20271,2024/09/13,374186,gal,,R2,
M-1271,"1997 North Frontage, Wiley, CO 81092",Resident 1271,A-20271,2024/10/14,381904,gal,,R2,
M-1271,"1997 North Frontage, Wiley, CO 81092",Resident 1271,A-20271,2024/11/15,387716,gal,,R2,
M-1271,"1997 North Frontage, Wiley, CO 81092",Resident 1271,A-20271,2024/12/16,394019,gal,,R2,
M-1272,"2004 South Loop, Wiley, CO 81092",Resident 1272,A-20272,2024/08/12,377925,gal,,R3,
M-1272,"2004 South Loop, Wiley, CO 81092",Resident 1272,A-20272,2024/09/13,385013,gal,,R3,
M-1272,"2004 South Loop, Wiley, CO 81092",Resident 1272,A-20272,2024/10/14,392060,gal,,R3,
M-1272,"2004 South Loop, Wiley, CO 81092",Resident 1272,A-20272,2024/11/15,397899,gal,,R3,
M-1272,"2004 South Loop, Wiley, CO 81092",Resident 1272,A-20272,2024/12/16,402622,gal,,R3,
M-1273,"2011 Pioneer Rd, Wiley, CO 81092",Resident 1273,A-20273,2024/08/12,403164,gal,,R4,
M-1273,"2011 Pioneer Rd, Wiley, CO 81092",Resident 1273,A-20273,2024/09/13,410918,gal,,R4,
M-1273,"2011 Pioneer Rd, Wiley, CO 81092",Resident 1273,A-20273,2024/10/14,417093,gal,,R4,
M-1273,"2011 Pioneer Rd, Wiley, CO 81092",Resident 1273,A-20273,2024/11/15,422897,gal,,R4,
M-1273,"2011 Pioneer Rd, Wiley, CO 81092",Resident 1273,A-20273,2024/12/16,427516,gal,,R4,
M-1274,"2018 Cottonwood Dr, Wiley, CO 81092",Resident 1274,A-20274,2024/08/12,227035,gal,,R5,
M-1274,"2018 Cottonwood Dr, Wiley, CO 81092",Resident 1274,A-20274,2024/09/13,233177,gal,,R5,
M-1274,"2018 Cottonwood Dr, Wiley, CO 81092",Resident 1274,A-20274,2024/10/14,238975,gal,,R5,
M-1274,"2018 Cottonwood Dr, Wiley, CO 81092",Resident 1274,A-20274,2024/11/15,244001,gal,,R5,
M-1274,"2018 Cottonwood Dr, Wiley, CO 81092",Resident 1274,A-20274,2024/12/16,248081,gal,,R5,
M-1275,"2025 Sand Creek Rd, Wiley, CO 81092",Resident 1275,A-20275,2024/08/12,299761,gal,,R6,
M-1275,"2025 Sand Creek Rd, Wiley, CO 81092",Resident 1275,A-20275,2024/09/13,304564,gal,,R6,
M-1275,"2025 Sand Creek Rd, Wiley, CO 81092",Resident 1275,A-20275,2024/10/14,309341,gal,,R6,
M-1275,"2025 Sand Creek Rd, Wiley, CO 81092",Resident 1275,A-20275,2024/11/15,312248,gal,,R6,
M-1275,"2025 Sand Creek Rd, Wiley, CO 81092",Resident 1275,A-20275,2024/12/16,315624,gal,,R6,
M-1276,"2032 Prairie View, Wiley, CO 81092",Resident 1276,A-20276,2024/08/12,290865,gal,,R1,
M-1276,"2032 Prairie View, Wiley, CO 81092",Resident 1276,A-20276,2024/09/13,297657,gal,,R1,
M-1276,"2032 Prairie View, Wiley, CO 81092",Resident 1276,A-20276,2024/10/14,304092,gal,,R1,
M-1276,"2032 Prairie View, Wiley, CO 81092",Resident 1276,A-20276,2024/11/15,308832,gal,,R1,
M-1276,"2032 Prairie View, Wiley, CO 81092",Resident 1276,A-20276,2024/12/16,313532,gal,,R1,
M-1277,"2039 School House Rd, Wiley, CO 81092",Resident 1277,A-20277,2024/08/12,289935,gal,,R2,
M-1277,"2039 School House Rd, Wiley, CO 81092",Resident 1277,A-20277,2024/09/13,297161,gal,,R2,
M-1277,"2039 School House Rd, Wiley, CO 81092",Resident 1277,A-20277,2024/10/14,302515,gal,,R2,
M-1277,"2039 School House Rd, Wiley, CO 81092",Resident 1277,A-20277,2024/11/15,306728,gal,,R2,
M-1277,"2039 School House Rd, Wiley, CO 81092",Resident 1277,A-20277,2024/12/16,310773,gal,,R2,
M-1278,"2046 Cemetery Rd, Wiley, CO 81092",Resident 1278,A-20278,2024/08/12,167306,gal,,R3,
M-1278,"2046 Cemetery Rd, Wiley, CO 81092",Resident 1278,A-20278,2024/09/13,171022,gal,,R3,
M-1278,"2046 Cemetery Rd, Wiley, CO 81092",Resident 1278,A-20278,2024/10/14,174888,gal,,R3,
M-1278,"2046 Cemetery Rd, Wiley, CO 81092",Resident 1278,A-20278,2024/11/15,177390,gal,,R3,
M-1278,"2046 Cemetery Rd, Wiley, CO 81092",Resident 1278,A-20278,2024/12/16,180250,gal,,R3,
M-1279,"2053 Grain Elevator Rd, Wiley, CO 81092",Resident 1279,A-20279,2024/08/12,322208,gal,,R4,
M-1279,"2053 Grain Elevator Rd, Wiley, CO 81092",Resident 1279,A-20279,2024/09/13,325493,gal,,R4,
M-1279,"2053 Grain Elevator Rd, Wiley, CO 81092",Resident 1279,A-20279,2024/10/14,328855,gal,,R4,
M-1279,"2053 Grain Elevator Rd, Wiley, CO 81092",Resident 1279,A-20279,2024/11/15,330952,gal,,R4,
M-1279,"2053 Grain Elevator Rd, Wiley, CO 81092",Resident 1279,A-20279,2024/12/16,333161,gal,,R4,
M-1280,"2060 Main St, Wiley, CO 81092",Resident 1280,A-20280,2024/08/12,302652,gal,,R5,
M-1280,"2060 Main St, Wiley, CO 81092",Resident 1280,A-20280,2024/09/13,306036,gal,,R5,
M-1280,"2060 Main St, Wiley, CO 81092",Resident 1280,A-20280,2024/10/14,308858,gal,,R5,
M-1280,"2060 Main St, Wiley, CO 81092",Resident 1280,A-20280,2024/11/15,311126,gal,,R5,
M-1280,"2060 Main St, Wiley, CO 81092",Resident 1280,A-20280,2024/12/16,313396,gal,,R5,
M-1281,"2067 County Rd 10, Wiley, CO 81092",Resident 1281,A-20281,2024/08/12,148993,gal,,R6,
M-1281,"2067 County Rd 10, Wiley, CO 81092",Resident 1281,A-20281,2024/09/13,158911,gal,,R6,
M-1281,"2067 County Rd 10, Wiley, CO 81092",Resident 1281,A-20281,2024/10/14,166227,gal,,R6,
M-1281,"2067 County Rd 10, Wiley, CO 81092",Resident 1281,A-20281,2024/11/15,171929,gal,,R6,
M-1281,"2067 County Rd 10, Wiley, CO 81092",Resident 1281,A-20281,2024/12/16,177908,gal,,R6,
M-1282,"2074 County Rd 14, Wiley, CO 81092",Resident 1282,A-20282,2024/08/12,403267,gal,,R1,
M-1282,"2074 County Rd 14, Wiley, CO 81092",Resident 1282,A-20282,2024/09/13,410560,gal,,R1,
M-1282,"2074 County Rd 14, Wiley, CO 81092",Resident 1282,A-20282,2024/10/14,416792,gal,,R1,
M-1282,"2074 County Rd 14, Wiley, CO 81092",Resident 1282,A-20282,2024/11/15,420662,gal,,R1,
M-1282,"2074 County Rd 14, Wiley, CO 81092",Resident 1282,A-20282,2024/12/16,424597,gal,,R1,
M-1283,"2081 Highway 287, Wiley, CO 81092",Resident 1283,A-20283,2024/08/12,101649,gal,,R2,
M-1283,"2081 Highway 287, Wiley, CO 81092",Resident 1283,A-20283,2024/09/13,106811,gal,,R2,
M-1283,"2081 Highway 287, Wiley, CO 81092",Resident 1283,A-20283,2024/10/14,112392,gal,,R2,
M-1283,"2081 Highway 287, Wiley, CO 81092",Resident 1283,A-20283,2024/11/15,116725,gal,,R2,
M-1283,"2081 Highway 287, Wiley, CO 81092",Resident 1283,A-20283,2024/12/16,120261,gal,,R2,
M-1284,"2088 Maple Ave, Wiley, CO 81092",Resident 1284,A-20284,2024/08/12,207375,gal,,R3,
M-1284,"2088 Maple Ave, Wiley, CO 81092",Resident 1284,A-20284,2024/09/13,214257,gal,,R3,
M-1284,"2088 Maple Ave, Wiley, CO 81092",Resident 1284,A-20284,2024/10/14,220215,gal,,R3,
M-1284,"2088 Maple Ave, Wiley, CO 81092",Resident 1284,A-20284,2024/11/15,224025,gal,,R3,
M-1284,"2088 Maple Ave, Wiley, CO 81092",Resident 1284,A-20284,2024/12/16,228601,gal,,R3,
M-1285,"2095 Oak St, Wiley, CO 81092",Resident 1285,A-20285,2024/08/12,328496,gal,,R4,
M-1285,"2095 Oak St, Wiley, CO 81092",Resident 1285,A-20285,2024/09/13,334983,gal,,R4,
M-1285,"2095 Oak St, Wiley, CO 81092",Resident 1285,A-20285,2024/10/14,341099,gal,,R4,
M-1285,"2095 Oak St, Wiley, CO 81092",Resident 1285,A-20285,2024/11/15,345473,gal,,R4,
M-1285,"2095 Oak St, Wiley, CO 81092",Resident 1285,A-20285,2024/12/16,350115,gal,,R4,
M-1286,"2102 Elm St, Wiley, CO 81092",Resident 1286,A-20286,2024/08/12,405137,gal,,R5,
M-1286,"2102 Elm St, Wiley, CO 81092",Resident 1286,A-20286,2024/09/13,413059,gal,,R5,
M-1286,"2102 Elm St, Wiley, CO 81092",Resident 1286,A-20286,2024/10/14,419515,gal,,R5,
M-1286,"2102 Elm St, Wiley, CO 81092",Resident 1286,A-20286,2024/11/15,424332,gal,,R5,
M-1286,"2102 Elm St, Wiley, CO 81092",Resident 1286,A-20286,2024/12/16,428283,gal,,R5,
M-1287,"2109 3rd Ave, Wiley, CO 81092",Resident 1287,A-20287,2024/08/12,391769,gal,,R6,
M-1287,"2109 3rd Ave, Wiley, CO 81092",Resident 1287,A-20287,2024/09/13,400768,gal,,R6,
M-1287,"2109 3rd Ave, Wiley, CO 81092",Resident 1287,A-20287,2024/10/14,409394,gal,,R6,
M-1287,"2109 3rd Ave, Wiley, CO 81092",Resident 1287,A-20287,2024/11/15,415716,gal,,R6,
M-1287,"2109 3rd Ave, Wiley, CO 81092",Resident 1287,A-20287,2024/12/16,421747,gal,,R6,
M-1288,"2116 5th St, Wiley, CO 81092",Resident 1288,A-20288,2024/08/12,378033,gal,,R1,
M-1288,"2116 5th St, Wiley, CO 81092",Resident 1288,A-20288,2024/09/13,380979,gal,,R1,
M-1288,"2116 5th St, Wiley, CO 81092",Resident 1288,A-20288,2024/10/14,383642,gal,,R1,
M-1288,"2116 5th St, Wiley, CO 81092",Resident 1288,A-20288,2024/11/15,385827,gal,,R1,
M-1288,"2116 5th St, Wiley, CO 81092",Resident 1288,A-20288,2024/12/16,387930,gal,,R1,
M-1289,"2123 Ranch Rd, Wiley, CO 81092",Resident 1289,A-20289,2024/08/12,236929,gal,,R2,
M-1289,"2123 Ranch Rd, Wiley, CO 81092",Resident 1289,A-20289,2024/09/13,244976,gal,,R2,
M-1289,"2123 Ranch Rd, Wiley, CO 81092",Resident 1289,A-20289,2024/10/14,253030,gal,,R2,
M-1289,"2123 Ranch Rd, Wiley, CO 81092",Resident 1289,A-20289,2024/11/15,258927,gal,,R2,
M-1289,"2123 Ranch Rd, Wiley, CO 81092",Resident 1289,A-20289,2024/12/16,263981,gal,,R2,
M-1290,"2130 Irrigation Ln, Wiley, CO 81092",Resident 1290,A-20290,2024/08/12,109369,gal,,R3,
M-1290,"2130 Irrigation Ln, Wiley, CO 81092",Resident 1290,A-20290,2024/09/13,117070,gal,,R3,
M-1290,"2130 Irrigation Ln, Wiley, CO 81092",Resident 1290,A-20290,2024/10/14,124449,gal,,R3,
M-1290,"2130 Irrigation Ln, Wiley, CO 81092",Resident 1290,A-20290,2024/11/15,130666,gal,,R3,
M-1290,"2130 Irrigation Ln, Wiley, CO 81092",Resident 1290,A-20290,2024/12/16,136439,gal,,R3,
M-1291,"2137 North Frontage, Wiley, CO 81092",Resident 1291,A-20291,2024/08/12,182612,gal,,R4,
M-1291,"2137 North Frontage, Wiley, CO 81092",Resident 1291,A-20291,2024/09/13,192128,gal,,R4,
M-1291,"2137 North Frontage, Wiley, CO 81092",Resident 1291,A-20291,2024/10/14,199310,gal,,R4,
M-1291,"2137 North Frontage, Wiley, CO 81092",Resident 1291,A-20291,2024/11/15,204134,gal,,R4,
M-1291,"2137 North Frontage, Wiley, CO 81092",Resident 1291,A-20291,2024/12/16,209014,gal,,R4,
M-1292,"2144 South Loop, Wiley, CO 81092",Resident 1292,A-20292,2024/08/12,216349,gal,,R5,
M-1292,"2144 South Loop, Wiley, CO 81092",Resident 1292,A-20292,2024/09/13,219758,gal,,R5,
M-1292,"2144 South Loop, Wiley, CO 81092",Resident 1292,A-20292,2024/10/14,222640,gal,,R5,
M-1292,"2144 South Loop, Wiley, CO 81092",Resident 1292,A-20292,2024/11/15,224587,gal,,R5,
M-1292,"2144 South Loop, Wiley, CO 81092",Resident 1292,A-20292,2024/12/16,226873,gal,,R5,
M-1293,"2151 Pioneer Rd, Wiley, CO 81092",Resident 1293,A-20293,2024/08/12,171621,gal,,R6,
M-1293,"2151 Pioneer Rd, Wiley, CO 81092",Resident 1293,A-20293,2024/09/13,174872,gal,,R6,
M-1293,"2151 Pioneer Rd, Wiley, CO 81092",Resident 1293,A-20293,2024/10/14,177309,gal,,R6,
M-1293,"2151 Pioneer Rd, Wiley, CO 81092",Resident 1293,A-20293,2024/11/15,179416,gal,,R6,
M-1293,"2151 Pioneer Rd, Wiley, CO 81092",Resident 1293,A-20293,2024/12/16,181441,gal,,R6,
M-1294,"2158 Cottonwood Dr, Wiley, CO 81092",Resident 1294,A-20294,2024/08/12,162268,gal,,R1,
M-1294,"2158 Cottonwood Dr, Wiley, CO 81092",Resident 1294,A-20294,2024/09/13,168859,gal,,R1,
M-1294,"2158 Cottonwood Dr, Wiley, CO 81092",Resident 1294,A-20294,2024/10/14,173885,gal,,R1,
M-1294,"2158 Cottonwood Dr, Wiley, CO 81092",Resident 1294,A-20294,2024/11/15,178103,gal,,R1,
M-1294,"2158 Cottonwood Dr, Wiley, CO 81092",Resident 1294,A-20294,2024/12/16,182316,gal,,R1,
M-1295,"2165 Sand Creek Rd, Wiley, CO 81092",Resident 1295,A-20295,2024/08/12,139741,gal,,R2,
M-1295,"2165 Sand Creek Rd, Wiley, CO 81092",Resident 1295,A-20295,2024/09/13,149404,gal,,R2,
M-1295,"2165 Sand Creek Rd, Wiley, CO 81092",Resident 1295,A-20295,2024/10/14,158665,gal,,R2,
M-1295,"2165 Sand Creek Rd, Wiley, CO 81092",Resident 1295,A-20295,2024/11/15,165066,gal,,R2,
M-1295,"2165 Sand Creek Rd, Wiley, CO 81092",Resident 1295,A-20295,2024/12/16,170546,gal,,R2,
M-1296,"2172 Prairie View, Wiley, CO 81092",Resident 1296,A-20296,2024/08/12,69527,gal,,R3,
M-1296,"2172 Prairie View, Wiley, CO 81092",Resident 1296,A-20296,2024/09/13,74430,gal,,R3,
M-1296,"2172 Prairie View, Wiley, CO 81092",Resident 1296,A-20296,2024/10/14,79388,gal,,R3,
M-1296,"2172 Prairie View, Wiley, CO 81092",Resident 1296,A-20296,2024/11/15,83421,gal,,R3,
M-1296,"2172 Prairie View, Wiley, CO 81092",Resident 1296,A-20296,2024/12/16,86962,gal,,R3,
M-1297,"2179 School House Rd, Wiley, CO 81092",Resident 1297,A-20297,2024/08/12,78399,gal,,R4,
M-1297,"2179 School House Rd, Wiley, CO 81092",Resident 1297,A-20297,2024/09/13,82264,gal,,R4,
M-1297,"2179 School House Rd, Wiley, CO 81092",Resident 1297,A-20297,2024/10/14,85105,gal,,R4,
M-1297,"2179 School House Rd, Wiley, CO 81092",Resident 1297,A-20297,2024/11/15,87368,gal,,R4,
M-1297,"2179 School House Rd, Wiley, CO 81092",Resident 1297,A-20297,2024/12/16,89703,gal,,R4,
M-1298,"2186 Cemetery Rd, Wiley, CO 81092",Resident 1298,A-20298,2024/08/12,183366,gal,,R5,
M-1298,"2186 Cemetery Rd, Wiley, CO 81092",Resident 1298,A-20298,2024/09/13,187862,gal,,R5,
M-1298,"2186 Cemetery Rd, Wiley, CO 81092",Resident 1298,A-20298,2024/10/14,191637,gal,,R5,
M-1298,"2186 Cemetery Rd, Wiley, CO 81092",Resident 1298,A-20298,2024/11/15,194946,gal,,R5,
M-1298,"2186 Cemetery Rd, Wiley, CO 81092",Resident 1298,A-20298,2024/12/16,197757,gal,,R5,
M-1299,"2193 Grain Elevator Rd, Wiley, CO 81092",Resident 1299,A-20299,2024/08/12,303493,gal,,R6,
M-1299,"2193 Grain Elevator Rd, Wiley, CO 81092",Resident 1299,A-20299,2024/09/13,307340,gal,,R6,
M-1299,"2193 Grain Elevator Rd, Wiley, CO 81092",Resident 1299,A-20299,2024/10/14,310630,gal,,R6,
M-1299,"2193 Grain Elevator Rd, Wiley, CO 81092",Resident 1299,A-20299,2024/11/15,313455,gal,,R6,
M-1299,"2193 Grain Elevator Rd, Wiley, CO 81092",Resident 1299,A-20299,2024/12/16,316031,gal,,R6,
M-1300,"2200 Main St, Wiley, CO 81092",Resident 1300,A-20300,2024/08/12,375452,gal,,R1,
M-1300,"2200 Main St, Wiley, CO 81092",Resident 1300,A-20300,2024/09/13,379857,gal,,R1,
M-1300,"2200 Main St, Wiley, CO 81092",Resident 1300,A-20300,2024/10/14,384003,gal,,R1,
M-1300,"2200 Main St, Wiley, CO 81092",Resident 1300,A-20300,2024/11/15,386929,gal,,R1,
M-1300,"2200 Main St, Wiley, CO 81092",Resident 1300,A-20300,2024/12/16,389817,gal,,R1,
