Meter ID,Service Address,Occupant Name,Account Number,Reading Date,Cumulative Reading,Unit,Diagnostic Flag,Route,Notes
M-1001,"107 County Rd 10, Wiley, CO 81092",Resident 1001,A-20001,2025-07-13,418040,gallons,,R2,
M-1001,"107 County Rd 10, Wiley, CO 81092",Resident 1001,A-20001,2025-08-14,427266,gallons,,R2,
M-1001,"107 County Rd 10, Wiley, CO 81092",Resident 1001,A-20001,2025-09-15,436499,gallons,,R2,
M-1001,"107 County Rd 10, Wiley, CO 81092",Resident 1001,A-20001,2025-10-16,443640,gallons,,R2,
M-1001,"107 County Rd 10, Wiley, CO 81092",Resident 1001,A-20001,2025-11-12,449238,gallons,,R2,
M-1001,"107 County Rd 10, Wiley, CO 81092",Resident 1001,A-20001,2025-12-13,454794,gallons,,R2,
M-1002,"114 County Rd 14, Wiley, CO 81092",Resident 1002,A-20002,2025-07-13,323951,gallons,,R3,
M-1002,"114 County Rd 14, Wiley, CO 81092",Resident 1002,A-20002,2025-08-14,328533,gallons,,R3,
M-1002,"114 County Rd 14, Wiley, CO 81092",Resident 1002,A-20002,2025-09-15,331664,gallons,,R3,
M-1002,"114 County Rd 14, Wiley, CO 81092",Resident 1002,A-20002,2025-10-16,334852,gallons,,R3,
M-1002,"114 County Rd 14, Wiley, CO 81092",Resident 1002,A-20002,2025-11-12,337500,gallons,,R3,
M-1002,"114 County Rd 14, Wiley, CO 81092",Resident 1002,A-20002,2025-12-13,339898,gallons,,R3,
M-1003,"121 Highway 287, Wiley, CO 81092",Resident 1003,A-20003,2025-07-13,153199,gallons,,R4,
M-1003,"121 Highway 287, Wiley, CO 81092",Resident 1003,A-20003,2025-08-14,156726,gallons,,R4,
M-1003,"121 Highway 287, Wiley, CO 81092",Resident 1003,A-20003,2025-09-15,159293,gallons,,R4,
M-1003,"121 Highway 287, Wiley, CO 81092",Resident 1003,A-20003,2025-10-16,161504,gallons,,R4,
M-1003,"121 Highway 287, Wiley, CO 81092",Resident 1003,A-20003,2025-11-12,163241,gallons,,R4,
M-1003,"121 Highway 287, Wiley, CO 81092",Resident 1003,A-20003,2025-12-13,165023,gallons,,R4,
M-1004,"128 Maple Ave, Wiley, CO 81092",Resident 1004,A-20004,2025-07-13,375747,gallons,,R5,
M-1004,"128 Maple Ave, Wiley, CO 81092",Resident 1004,A-20004,2025-08-14,386518,gallons,,R5,
M-1004,"128 Maple Ave, Wiley, CO 81092",Resident 1004,A-20004,2025-09-15,395049,gallons,,R5,
M-1004,"128 Maple Ave, Wiley, CO 81092",Resident 1004,A-20004,2025-10-16,404095,gallons,,R5,
M-1004,"128 Maple Ave, Wiley, CO 81092",Resident 1004,A-20004,2025-11-12,410078,gallons,,R5,
M-1004,"128 Maple Ave, Wiley, CO 81092",Resident 1004,A-20004,2025-12-13,416386,gallons,,R5,
M-1005,"135 Oak St, Wiley, CO 81092",Resident 1005,A-20005,2025-07-13,201369,gallons,,R6,
M-1005,"135 Oak St, Wiley, CO 81092",Resident 1005,A-20005,2025-08-14,207541,gallons,,R6,
M-1005,"135 Oak St, Wiley, CO 81092",Resident 1005,A-20005,2025-09-15,212899,gallons,,R6,
M-1005,"135 Oak St, Wiley, CO 81092",Resident 1005,A-20005,2025-10-16,216806,gallons,,R6,
M-1005,"135 Oak St, Wiley, CO 81092",Resident 1005,A-20005,2025-11-12,220414,gallons,,R6,
M-1005,"135 Oak St, Wiley, CO 81092",Resident 1005,A-20005,2025-12-13,224076,gallons,,R6,
M-1006,"142 Elm St, Wiley, CO 81092",Resident 1006,A-20006,2025-07-13,247355,gallons,,R1,
M-1006,"142 Elm St, Wiley, CO 81092",Resident 1006,A-20006,2025-08-14,253444,gallons,,R1,
M-1006,"142 Elm St, Wiley, CO 81092",Resident 1006,A-20006,2025-09-15,258840,gallons,,R1,
M-1006,"142 Elm St, Wiley, CO 81092",Resident 1006,A-20006,2025-10-16,262919,gallons,,R1,
M-1006,"142 Elm St, Wiley, CO 81092",Resident 1006,A-20006,2025-11-12,266463,gallons,,R1,
M-1006,"142 Elm St, Wiley, CO 81092",Resident 1006,A-20006,2025-12-13,269311,gallons,,R1,
M-1007,"149 3rd Ave, Wiley, CO 81092",Resident 1007,A-20007,2025-07-13,342323,gallons,,R2,
M-1007,"149 3rd Ave, Wiley, CO 81092",Resident 1007,A-20007,2025-08-14,348187,gallons,,R2,
M-1007,"149 3rd Ave, Wiley, CO 81092",Resident 1007,A-20007,2025-09-15,352554,gallons,,R2,
M-1007,"149 3rd Ave, Wiley, CO 81092",Resident 1007,A-20007,2025-10-16,357086,gallons,,R2,
M-1007,"149 3rd Ave, Wiley, CO 81092",Resident 1007,A-20007,2025-11-12,360166,gallons,,R2,
M-1007,"149 3rd Ave, Wiley, CO 81092",Resident 1007,A-20007,2025-12-13,363600,gallons,,R2,
M-1008,"156 5th St, Wiley, CO 81092",Resident 1008,A-20008,2025-07-13,220919,gallons,,R3,
M-1008,"156 5th St, Wiley, CO 81092",Resident 1008,A-20008,2025-08-14,225698,gallons,,R3,
M-1008,"156 5th St, Wiley, CO 81092",Resident 1008,A-20008,2025-09-15,229251,gallons,,R3,
M-1008,"156 5th St, Wiley, CO 81092",Resident 1008,A-20008,2025-10-16,232828,gallons,,R3,
M-1008,"156 5th St, Wiley, CO 81092",Resident 1008,A-20008,2025-11-12,235455,gallons,,R3,
M-1008,"156 5th St, Wiley, CO 81092",Resident 1008,A-20008,2025-12-13,237638,gallons,,R3,
M-1009,"163 Ranch Rd, Wiley, CO 81092",Resident 1009,A-20009,2025-07-13,190653,gallons,,R4,
M-1009,"163 Ranch Rd, Wiley, CO 81092",Resident 1009,A-20009,2025-08-14,200426,gallons,,R4,
M-1009,"163 Ranch Rd, Wiley, CO 81092",Resident 1009,A-20009,2025-09-15,209280,gallons,,R4,
M-1009,"163 Ranch Rd, Wiley, CO 81092",Resident 1009,A-20009,2025-10-16,218065,gallons,,R4,
M-1009,"163 Ranch Rd, Wiley, CO 81092",Resident 1009,A-20009,2025-11-12,223591,gallons,,R4,
M-1009,"163 Ranch Rd, Wiley, CO 81092",Resident 1009,A-20009,2025-12-13,229040,gallons,,R4,
M-1010,"170 Irrigation Ln, Wiley, CO 81092",Resident 1010,A-20010,2025-07-13,319240,gallons,,R5,
M-1010,"170 Irrigation Ln, Wiley, CO 81092",Resident 1010,A-20010,2025-08-14,322892,gallons,,R5,
M-1010,"170 Irrigation Ln, Wiley, CO 81092",Resident 1010,A-20010,2025-09-15,326519,gallons,,R5,
M-1010,"170 Irrigation Ln, Wiley, CO 81092",Resident 1010,A-20010,2025-10-16,329825,gallons,,R5,
M-1010,"170 Irrigation Ln, Wiley, CO 81092",Resident 1010,A-20010,2025-11-12,332356,gallons,,R5,
M-1010,"170 Irrigation Ln, Wiley, CO 81092",Resident 1010,A-20010,2025-12-13,334850,gallons,,R5,
M-1011,"177 North Frontage, Wiley, CO 81092",Resident 1011,A-20011,2025-07-13,431599,gallons,,R6,
M-1011,"177 North Frontage, Wiley, CO 81092",Resident 1011,A-20011,2025-08-14,441980,gallons,,R6,
M-1011,"177 North Frontage, Wiley, CO 81092",Resident 1011,A-20011,2025-09-15,449899,gallons,,R6,
M-1011,"177 North Frontage, Wiley, CO 81092",Resident 1011,A-20011,2025-10-16,456882,gallons,,R6,
M-1011,"177 North Frontage, Wiley, CO 81092",Resident 1011,A-20011,2025-11-12,462129,gallons,,R6,
M-1011,"177 North Frontage, Wiley, CO 81092",Resident 1011,A-20011,2025-12-13,468408,gallons,,R6,
M-1012,"184 South Loop, Wiley, CO 81092",Resident 1012,A-20012,2025-07-13,204620,gallons,,R1,
M-1012,"184 South Loop, Wiley, CO 81092",Resident 1012,A-20012,2025-08-14,214884,gallons,,R1,
M-1012,"184 South Loop, Wiley, CO 81092",Resident 1012,A-20012,2025-09-15,225356,gallons,,R1,
M-1012,"184 South Loop, Wiley, CO 81092",Resident 1012,A-20012,2025-10-16,234430,gallons,,R1,
M-1012,"184 South Loop, Wiley, CO 81092",Resident 1012,A-20012,2025-11-12,241024,gallons,,R1,
M-1012,"184 South Loop, Wiley, CO 81092",Resident 1012,A-20012,2025-12-13,246999,gallons,,R1,
M-1013,"191 Pioneer Rd, Wiley, CO 81092",Resident 1013,A-20013,2025-07-13,155995,gallons,,R2,
M-1013,"191 Pioneer Rd, Wiley, CO 81092",Resident 1013,A-20013,2025-08-14,165964,gallons,,R2,
M-1013,"191 Pioneer Rd, Wiley, CO 81092",Resident 1013,A-20013,2025-09-15,172546,gallons,,R2,
M-1013,"191 Pioneer Rd, Wiley, CO 81092",Resident 1013,A-20013,2025-10-16,179592,gallons,,R2,
M-1013,"191 Pioneer Rd, Wiley, CO 81092",Resident 1013,A-20013,2025-11-12,184471,gallons,,R2,
M-1013,"191 Pioneer Rd, Wiley, CO 81092",Resident 1013,A-20013,2025-12-13,189462,gallons,,R2,
M-1014,"198 Cottonwood Dr, Wiley, CO 81092",Resident 1014,A-20014,2025-07-13,427919,gallons,,R3,
M-1014,"198 Cottonwood Dr, Wiley, CO 81092",Resident 1014,A-20014,2025-08-14,431594,gallons,,R3,
M-1014,"198 Cottonwood Dr, Wiley, CO 81092",Resident 1014,A-20014,2025-09-15,435107,gallons,,R3,
M-1014,"198 Cottonwood Dr, Wiley, CO 81092",Resident 1014,A-20014,2025-10-16,438085,gallons,,R3,
M-1014,"198 Cottonwood Dr, Wiley, CO 81092",Resident 1014,A-20014,2025-11-12,440144,gallons,,R3,
M-1014,"198 Cottonwood Dr, Wiley, CO 81092",Resident 1014,A-20014,2025-12-13,442432,gallons,,R3,
M-1015,"205 Sand Creek Rd, Wiley, CO 81092",Resident 1015,A-20015,2025-07-13,419620,gallons,,R4,
M-1015,"205 Sand Creek Rd, Wiley, CO 81092",Resident 1015,A-20015,2025-08-14,430193,gallons,,R4,
M-1015,"205 Sand Creek Rd, Wiley, CO 81092",Resident 1015,A-20015,2025-09-15,439160,gallons,,R4,
M-1015,"205 Sand Creek Rd, Wiley, CO 81092",Resident 1015,A-20015,2025-10-16,447057,gallons,,R4,
M-1015,"205 Sand Creek Rd, Wiley, CO 81092",Resident 1015,A-20015,2025-11-12,452760,gallons,,R4,
M-1015,"205 Sand Creek Rd, Wiley, CO 81092",Resident 1015,A-20015,2025-12-13,457389,gallons,,R4,
M-1016,"212 Prairie View, Wiley, CO 81092",Resident 1016,A-20016,2025-07-13,128440,gallons,,R5,
M-1016,"212 Prairie View, Wiley, CO 81092",Resident 1016,A-20016,2025-08-14,135866,gallons,,R5,
M-1016,"212 Prairie View, Wiley, CO 81092",Resident 1016,A-20016,2025-09-15,142029,gallons,,R5,
M-1016,"212 Prairie View, Wiley, CO 81092",Resident 1016,A-20016,2025-10-16,147846,gallons,,R5,
M-1016,"212 Prairie View, Wiley, CO 81092",Resident 1016,A-20016,2025-11-12,152019,gallons,,R5,
M-1016,"212 Prairie View, Wiley, CO 81092",Resident 1016,A-20016,2025-12-13,156664,gallons,,R5,
M-1017,"219 School House Rd, Wiley, CO 81092",Resident 1017,A-20017,2025-07-13,127901,gallons,,R6,
M-1017,"219 School House Rd, Wiley, CO 81092",Resident 1017,A-20017,2025-08-14,130912,gallons,,R6,
M-1017,"219 School House Rd, Wiley, CO 81092",Resident 1017,A-20017,2025-09-15,133720,gallons,,R6,
M-1017,"219 School House Rd, Wiley, CO 81092",Resident 1017,A-20017,2025-10-16,136032,gallons,,R6,
M-1017,"219 School House Rd, Wiley, CO 81092",Resident 1017,A-20017,2025-11-12,137946,gallons,,R6,
M-1017,"219 School House Rd, Wiley, CO 81092",Resident 1017,A-20017,2025-12-13,140005,gallons,,R6,
M-1018,"226 Cemetery Rd, Wiley, CO 81092",Resident 1018,A-20018,2025-07-13,204859,gallons,,R1,
M-1018,"226 Cemetery Rd, Wiley, CO 81092",Resident 1018,A-20018,2025-08-14,208365,gallons,,R1,
M-1018,"226 Cemetery Rd, Wiley, CO 81092",Resident 1018,A-20018,2025-09-15,211576,gallons,,R1,
M-1018,"226 Cemetery Rd, Wiley, CO 81092",Resident 1018,A-20018,2025-10-16,214189,gallons,,R1,
M-1018,"226 Cemetery Rd, Wiley, CO 81092",Resident 1018,A-20018,2025-11-12,215811,gallons,,R1,
M-1018,"226 Cemetery Rd, Wiley, CO 81092",Resident 1018,A-20018,2025-12-13,217865,gallons,,R1,
M-1019,"233 Grain Elevator Rd, Wiley, CO 81092",Resident 1019,A-20019,2025-07-13,172075,gallons,,R2,
M-1019,"233 Grain Elevator Rd, Wiley, CO 81092",Resident 1019,A-20019,2025-08-14,176428,gallons,,R2,
M-1019,"233 Grain Elevator Rd, Wiley, CO 81092",Resident 1019,A-20019,2025-09-15,179881,gallons,,R2,
M-1019,"233 Grain Elevator Rd, Wiley, CO 81092",Resident 1019,A-20019,2025-10-16,182915,gallons,,R2,
M-1019,"233 Grain Elevator Rd, Wiley, CO 81092",Resident 1019,A-20019,2025-11-12,184894,gallons,,R2,
M-1019,"233 Grain Elevator Rd, Wiley, CO 81092",Resident 1019,A-20019,2025-12-13,187210,gallons,,R2,
M-1020,"240 Main St, Wiley, CO 81092",Resident 1020,A-20020,2025-07-13,309720,gallons,,R3,
M-1020,"240 Main St, Wiley, CO 81092",Resident 1020,A-20020,2025-08-14,315233,gallons,,R3,
M-1020,"240 Main St, Wiley, CO 81092",Resident 1020,A-20020,2025-09-15,319509,gallons,,R3,
M-1020,"240 Main St, Wiley, CO 81092",Resident 1020,A-20020,2025-10-16,322995,gallons,,R3,
M-1020,"240 Main St, Wiley, CO 81092",Resident 1020,A-20020,2025-11-12,325721,gallons,,R3,
M-1020,"240 Main St, Wiley, CO 81092",Resident 1020,A-20020,2025-12-13,328265,gallons,,R3,
M-1021,"247 County Rd 10, Wiley, CO 81092",Resident 1021,A-20021,2025-07-13,357027,gallons,,R4,
M-1021,"247 County Rd 10, Wiley, CO 81092",Resident 1021,A-20021,2025-08-14,361933,gallons,,R4,
M-1021,"247 County Rd 10, Wiley, CO 81092",Resident 1021,A-20021,2025-09-15,366575,gallons,,R4,
M-1021,"247 County Rd 10, Wiley, CO 81092",Resident 1021,A-20021,2025-10-16,370133,gallons,,R4,
M-1021,"247 County Rd 10, Wiley, CO 81092",Resident 1021,A-20021,2025-11-12,373324,gallons,,R4,
M-1021,"247 County Rd 10, Wiley, CO 81092",Resident 1021,A-20021,2025-12-13,376076,gallons,,R4,
M-1022,"254 County Rd 14, Wiley, CO 81092",Resident 1022,A-20022,2025-07-13,377805,gallons,,R5,
M-1022,"254 County Rd 14, Wiley, CO 81092",Resident 1022,A-20022,2025-08-14,385097,gallons,,R5,
M-1022,"254 County Rd 14, Wiley, CO 81092",Resident 1022,A-20022,2025-09-15,393413,gallons,,R5,
M-1022,"254 County Rd 14, Wiley, CO 81092",Resident 1022,A-20022,2025-10-16,400267,gallons,,R5,
M-1022,"254 County Rd 14, Wiley, CO 81092",Resident 1022,A-20022,2025-11-12,404669,gallons,,R5,
M-1022,"254 County Rd 14, Wiley, CO 81092",Resident 1022,A-20022,2025-12-13,408922,gallons,,R5,
M-1023,"261 Highway 287, Wiley, CO 81092",Resident 1023,A-20023,2025-07-13,249118,gallons,,R6,
M-1023,"261 Highway 287, Wiley, CO 81092",Resident 1023,A-20023,2025-08-14,259191,gallons,,R6,
M-1023,"261 Highway 287, Wiley, CO 81092",Resident 1023,A-20023,2025-09-15,267877,gallons,,R6,
M-1023,"261 Highway 287, Wiley, CO 81092",Resident 1023,A-20023,2025-10-16,274682,gallons,,R6,
M-1023,"261 Highway 287, Wiley, CO 81092",Resident 1023,A-20023,2025-11-12,279963,gallons,,R6,
M-1023,"261 Highway 287, Wiley, CO 81092",Resident 1023,A-20023,2025-12-13,285361,gallons,,R6,
M-1024,"268 Maple Ave, Wiley, CO 81092",Resident 1024,A-20024,2025-07-13,292199,gallons,,R1,
M-1024,"268 Maple Ave, Wiley, CO 81092",Resident 1024,A-20024,2025-08-14,295645,gallons,,R1,
M-1024,"268 Maple Ave, Wiley, CO 81092",Resident 1024,A-20024,2025-09-15,298155,gallons,,R1,
M-1024,"268 Maple Ave, Wiley, CO 81092",Resident 1024,A-20024,2025-10-16,300801,gallons,,R1,
M-1024,"268 Maple Ave, Wiley, CO 81092",Resident 1024,A-20024,2025-11-12,302807,gallons,,R1,
M-1024,"268 Maple Ave, Wiley, CO 81092",Resident 1024,A-20024,2025-12-13,304559,gallons,,R1,
M-1025,"275 Oak St, Wiley, CO 81092",Resident 1025,A-20025,2025-07-13,166373,gallons,,R2,
M-1025,"275 Oak St, Wiley, CO 81092",Resident 1025,A-20025,2025-08-14,175042,gallons,,R2,
M-1025,"275 Oak St, Wiley, CO 81092",Resident 1025,A-20025,2025-09-15,183087,gallons,,R2,
M-1025,"275 Oak St, Wiley, CO 81092",Resident 1025,A-20025,2025-10-16,189713,gallons,,R2,
M-1025,"275 Oak St, Wiley, CO 81092",Resident 1025,A-20025,2025-11-12,194877,gallons,,R2,
M-1025,"275 Oak St, Wiley, CO 81092",Resident 1025,A-20025,2025-12-13,200093,gallons,,R2,
M-1026,"282 Elm St, Wiley, CO 81092",Resident 1026,A-20026,2025-07-13,185484,gallons,,R3,
M-1026,"282 Elm St, Wiley, CO 81092",Resident 1026,A-20026,2025-08-14,190438,gallons,,R3,
M-1026,"282 Elm St, Wiley, CO 81092",Resident 1026,A-20026,2025-09-15,195013,gallons,,R3,
M-1026,"282 Elm St, Wiley, CO 81092",Resident 1026,A-20026,2025-10-16,199263,gallons,,R3,
M-1026,"282 Elm St, Wiley, CO 81092",Resident 1026,A-20026,2025-11-12,201708,gallons,,R3,
M-1026,"282 Elm St, Wiley, CO 81092",Resident 1026,A-20026,2025-12-13,204316,gallons,,R3,
M-1027,"289 3rd Ave, Wiley, CO 81092",Resident 1027,A-20027,2025-07-13,347557,gallons,,R4,
M-1027,"289 3rd Ave, Wiley, CO 81092",Resident 1027,A-20027,2025-08-14,357317,gallons,,R4,
M-1027,"289 3rd Ave, Wiley, CO 81092",Resident 1027,A-20027,2025-09-15,366969,gallons,,R4,
M-1027,"289 3rd Ave, Wiley, CO 81092",Resident 1027,A-20027,2025-10-16,375928,gallons,,R4,
M-1027,"289 3rd Ave, Wiley, CO 81092",Resident 1027,A-20027,2025-11-12,382671,gallons,,R4,
M-1027,"289 3rd Ave, Wiley, CO 81092",Resident 1027,A-20027,2025-12-13,389049,gallons,,R4,
M-1028,"296 5th St, Wiley, CO 81092",Resident 1028,A-20028,2025-07-13,144308,gallons,,R5,
M-1028,"296 5th St, Wiley, CO 81092",Resident 1028,A-20028,2025-08-14,154925,gallons,,R5,
M-1028,"296 5th St, Wiley, CO 81092",Resident 1028,A-20028,2025-09-15,163742,gallons,,R5,
M-1028,"296 5th St, Wiley, CO 81092",Resident 1028,A-20028,2025-10-16,170648,gallons,,R5,
M-1028,"296 5th St, Wiley, CO 81092",Resident 1028,A-20028,2025-11-12,175846,gallons,,R5,
M-1028,"296 5th St, Wiley, CO 81092",Resident 1028,A-20028,2025-12-13,181177,gallons,,R5,
M-1029,"303 Ranch Rd, Wiley, CO 81092",Resident 1029,A-20029,2025-07-13,351016,gallons,,R6,
M-1029,"303 Ranch Rd, Wiley, CO 81092",Resident 1029,A-20029,2025-08-14,360949,gallons,,R6,
M-1029,"303 Ranch Rd, Wiley, CO 81092",Resident 1029,A-20029,2025-09-15,370150,gallons,,R6,
M-1029,"303 Ranch Rd, Wiley, CO 81092",Resident 1029,A-20029,2025-10-16,378459,gallons,,R6,
M-1029,"303 Ranch Rd, Wiley, CO 81092",Resident 1029,A-20029,2025-11-12,384576,gallons,,R6,
M-1029,"303 Ranch Rd, Wiley, CO 81092",Resident 1029,A-20029,2025-12-13,390660,gallons,,R6,
M-1030,"310 Irrigation Ln, Wiley, CO 81092",Resident 1030,A-20030,2025-07-13,271658,gallons,,R1,
M-1030,"310 Irrigation Ln, Wiley, CO 81092",Resident 1030,A-20030,2025-08-14,281612,gallons,,R1,
M-1030,"310 Irrigation Ln, Wiley, CO 81092",Resident 1030,A-20030,2025-09-15,289596,gallons,,R1,
M-1030,"310 Irrigation Ln, Wiley, CO 81092",Resident 1030,A-20030,2025-10-16,296464,gallons,,R1,
M-1030,"310 Irrigation Ln, Wiley, CO 81092",Resident 1030,A-20030,2025-11-12,301425,gallons,,R1,
M-1030,"310 Irrigation Ln, Wiley, CO 81092",Resident 1030,A-20030,2025-12-13,307042,gallons,,R1,
M-1031,"317 North Frontage, Wiley, CO 81092",Resident 1031,A-20031,2025-07-13,361470,gallons,,R2,
M-1031,"317 North Frontage, Wiley, CO 81092",Resident 1031,A-20031,2025-08-14,368904,gallons,,R2,
M-1031,"317 North Frontage, Wiley, CO 81092",Resident 1031,A-20031,2025-09-15,375015,gallons,,R2,
M-1031,"317 North Frontage, Wiley, CO 81092",Resident 1031,A-20031,2025-10-16,379824,gallons,,R2,
M-1031,"317 North Frontage, Wiley, CO 81092",Resident 1031,A-20031,2025-11-12,383937,gallons,,R2,
M-1031,"317 North Frontage, Wiley, CO 81092",Resident 1031,A-20031,2025-12-13,387916,gallons,,R2,
M-1032,"324 South Loop, Wiley, CO 81092",Resident 1032,A-20032,2025-07-13,248193,gallons,,R3,
M-1032,"324 South Loop, Wiley, CO 81092",Resident 1032,A-20032,2025-08-14,253381,gallons,,R3,
M-1032,"324 South Loop, Wiley, CO 81092",Resident 1032,A-20032,2025-09-15,257775,gallons,,R3,
M-1032,"324 South Loop, Wiley, CO 81092",Resident 1032,A-20032,2025-10-16,262113,gallons,,R3,
M-1032,"324 South Loop, Wiley, CO 81092",Resident 1032,A-20032,2025-11-12,264737,gallons,,R3,
M-1032,"324 South Loop, Wiley, CO 81092",Resident 1032,A-20032,2025-12-13,268140,gallons,,R3,
M-1033,"331 Pioneer Rd, Wiley, CO 81092",Resident 1033,A-20033,2025-07-13,582498,gallons,,R4,
M-1033,"331 Pioneer Rd, Wiley, CO 81092",Resident 1033,A-20033,2025-08-14,614427,gallons,,R4,
M-1033,"331 Pioneer Rd, Wiley, CO 81092",Resident 1033,A-20033,2025-09-15,643936,gallons,,R4,
M-1033,"331 Pioneer Rd, Wiley, CO 81092",Resident 1033,A-20033,2025-10-16,668400,gallons,,R4,
M-1033,"331 Pioneer Rd, Wiley, CO 81092",Resident 1033,A-20033,2025-11-12,687990,gallons,,R4,
M-1033,"331 Pioneer Rd, Wiley, CO 81092",Resident 1033,A-20033,2025-12-13,706636,gallons,,R4,
M-1034,"338 Cottonwood Dr, Wiley, CO 81092",Resident 1034,A-20034,2025-07-13,431453,gallons,,R5,
M-1034,"338 Cottonwood Dr, Wiley, CO 81092",Resident 1034,A-20034,2025-08-14,441453,gallons,,R5,
M-1034,"338 Cottonwood Dr, Wiley, CO 81092",Resident 1034,A-20034,2025-09-15,450272,gallons,,R5,
M-1034,"338 Cottonwood Dr, Wiley, CO 81092",Resident 1034,A-20034,2025-10-16,456887,gallons,,R5,
M-1034,"338 Cottonwood Dr, Wiley, CO 81092",Resident 1034,A-20034,2025-11-12,461753,gallons,,R5,
M-1034,"338 Cottonwood Dr, Wiley, CO 81092",Resident 1034,A-20034,2025-12-13,467786,gallons,,R5,
M-1035,"345 Sand Creek Rd, Wiley, CO 81092",Resident 1035,A-20035,2025-07-13,452430,gallons,,R6,
M-1035,"345 Sand Creek Rd, Wiley, CO 81092",Resident 1035,A-20035,2025-08-14,458937,gallons,,R6,
M-1035,"345 Sand Creek Rd, Wiley, CO 81092",Resident 1035,A-20035,2025-09-15,463996,gallons,,R6,
M-1035,"345 Sand Creek Rd, Wiley, CO 81092",Resident 1035,A-20035,2025-10-16,467857,gallons,,R6,
M-1035,"345 Sand Creek Rd, Wiley, CO 81092",Resident 1035,A-20035,2025-11-12,471263,gallons,,R6,
M-1035,"345 Sand Creek Rd, Wiley, CO 81092",Resident 1035,A-20035,2025-12-13,474464,gallons,,R6,
M-1036,"352 Prairie View, Wiley, CO 81092",Resident 1036,A-20036,2025-07-13,333118,gallons,,R1,
M-1036,"352 Prairie View, Wiley, CO 81092",Resident 1036,A-20036,2025-08-14,336080,gallons,,R1,
M-1036,"352 Prairie View, Wiley, CO 81092",Resident 1036,A-20036,2025-09-15,338566,gallons,,R1,
M-1036,"352 Prairie View, Wiley, CO 81092",Resident 1036,A-20036,2025-10-16,340845,gallons,,R1,
M-1036,"352 Prairie View, Wiley, CO 81092",Resident 1036,A-20036,2025-11-12,342595,gallons,,R1,
M-1036,"352 Prairie View, Wiley, CO 81092",Resident 1036,A-20036,2025-12-13,344076,gallons,,R1,
M-1037,"359 School House Rd, Wiley, CO 81092",Resident 1037,A-20037,2025-07-13,238583,gallons,,R2,
M-1037,"359 School House Rd, Wiley, CO 81092",Resident 1037,A-20037,2025-08-14,250911,gallons,,R2,
M-1037,"359 School House Rd, Wiley, CO 81092",Resident 1037,A-20037,2025-09-15,259891,gallons,,R2,
M-1037,"359 School House Rd, Wiley, CO 81092",Resident 1037,A-20037,2025-10-16,267422,gallons,,R2,
M-1037,"359 School House Rd, Wiley, CO 81092",Resident 1037,A-20037,2025-11-12,273842,gallons,,R2,
M-1037,"359 School House Rd, Wiley, CO 81092",Resident 1037,A-20037,2025-12-13,279222,gallons,,R2,
M-1038,"366 Cemetery Rd, Wiley, CO 81092",Resident 1038,A-20038,2025-07-13,192910,gallons,,R3,
M-1038,"366 Cemetery Rd, Wiley, CO 81092",Resident 1038,A-20038,2025-08-14,197619,gallons,,R3,
M-1038,"366 Cemetery Rd, Wiley, CO 81092",Resident 1038,A-20038,2025-09-15,201414,gallons,,R3,
M-1038,"366 Cemetery Rd, Wiley, CO 81092",Resident 1038,A-20038,2025-10-16,204923,gallons,,R3,
M-1038,"366 Cemetery Rd, Wiley, CO 81092",Resident 1038,A-20038,2025-11-12,207809,gallons,,R3,
M-1038,"366 Cemetery Rd, Wiley, CO 81092",Resident 1038,A-20038,2025-12-13,210823,gallons,,R3,
M-1039,"373 Grain Elevator Rd, Wiley, CO 81092",Resident 1039,A-20039,2025-07-13,303666,gallons,,R4,
M-1039,"373 Grain Elevator Rd, Wiley, CO 81092",Resident 1039,A-20039,2025-08-14,313940,gallons,,R4,
M-1039,"373 Grain Elevator Rd, Wiley, CO 81092",Resident 1039,A-20039,2025-09-15,321681,gallons,,R4,
M-1039,"373 Grain Elevator Rd, Wiley, CO 81092",Resident 1039,A-20039,2025-10-16,328936,gallons,,R4,
M-1039,"373 Grain Elevator Rd, Wiley, CO 81092",Resident 1039,A-20039,2025-11-12,334071,gallons,,R4,
M-1039,"373 Grain Elevator Rd, Wiley, CO 81092",Resident 1039,A-20039,2025-12-13,339839,gallons,,R4,
M-1040,"380 Main St, Wiley, CO 81092",Resident 1040,A-20040,2025-07-13,231867,gallons,,R5,
M-1040,"380 Main St, Wiley, CO 81092",Resident 1040,A-20040,2025-08-14,239636,gallons,,R5,
M-1040,"380 Main St, Wiley, CO 81092",Resident 1040,A-20040,2025-09-15,246763,gallons,,R5,
M-1040,"380 Main St, Wiley, CO 81092",Resident 1040,A-20040,2025-10-16,251661,gallons,,R5,
M-1040,"380 Main St, Wiley, CO 81092",Resident 1040,A-20040,2025-11-12,255459,gallons,,R5,
M-1040,"380 Main St, Wiley, CO 81092",Resident 1040,A-20040,2025-12-13,259231,gallons,,R5,
M-1041,"387 County Rd 10, Wiley, CO 81092",Resident 1041,A-20041,2025-07-13,144285,gallons,,R6,
M-1041,"387 County Rd 10, Wiley, CO 81092",Resident 1041,A-20041,2025-08-14,150520,gallons,,R6,
M-1041,"387 County Rd 10, Wiley, CO 81092",Resident 1041,A-20041,2025-09-15,156853,gallons,,R6,
M-1041,"387 County Rd 10, Wiley, CO 81092",Resident 1041,A-20041,2025-10-16,162186,gallons,,R6,
M-1041,"387 County Rd 10, Wiley, CO 81092",Resident 1041,A-20041,2025-11-12,166098,gallons,,R6,
M-1041,"387 County Rd 10, Wiley, CO 81092",Resident 1041,A-20041,2025-12-13,169607,gallons,,R6,
M-1042,"394 County Rd 14, Wiley, CO 81092",Resident 1042,A-20042,2025-07-13,406585,gallons,,R1,
M-1042,"394 County Rd 14, Wiley, CO 81092",Resident 1042,A-20042,2025-08-14,412277,gallons,,R1,
M-1042,"394 County Rd 14, Wiley, CO 81092",Resident 1042,A-20042,2025-09-15,417183,gallons,,R1,
M-1042,"394 County Rd 14, Wiley, CO 81092",Resident 1042,A-20042,2025-10-16,421515,gallons,,R1,
M-1042,"394 County Rd 14, Wiley, CO 81092",Resident 1042,A-20042,2025-11-12,424405,gallons,,R1,
M-1042,"394 County Rd 14, Wiley, CO 81092",Resident 1042,A-20042,2025-12-13,427630,gallons,,R1,
M-1043,"401 Highway 287, Wiley, CO 81092",Resident 1043,A-20043,2025-07-13,376470,gallons,,R2,
M-1043,"401 Highway 287, Wiley, CO 81092",Resident 1043,A-20043,2025-08-14,380939,gallons,,R2,
M-1043,"401 Highway 287, Wiley, CO 81092",Resident 1043,A-20043,2025-09-15,384896,gallons,,R2,
M-1043,"401 Highway 287, Wiley, CO 81092",Resident 1043,A-20043,2025-10-16,388312,gallons,,R2,
M-1043,"401 Highway 287, Wiley, CO 81092",Resident 1043,A-20043,2025-11-12,391193,gallons,,R2,
M-1043,"401 Highway 287, Wiley, CO 81092",Resident 1043,A-20043,2025-12-13,393835,gallons,,R2,
M-1044,"408 Maple Ave, Wiley, CO 81092",Resident 1044,A-20044,2025-07-13,130076,gallons,,R3,
M-1044,"408 Maple Ave, Wiley, CO 81092",Resident 1044,A-20044,2025-08-14,135755,gallons,,R3,
M-1044,"408 Maple Ave, Wiley, CO 81092",Resident 1044,A-20044,2025-09-15,139640,gallons,,R3,
M-1044,"408 Maple Ave, Wiley, CO 81092",Resident 1044,A-20044,2025-10-16,143716,gallons,,R3,
M-1044,"408 Maple Ave, Wiley, CO 81092",Resident 1044,A-20044,2025-11-12,146837,gallons,,R3,
M-1044,"408 Maple Ave, Wiley, CO 81092",Resident 1044,A-20044,2025-12-13,149410,gallons,,R3,
M-1045,"415 Oak St, Wiley, CO 81092",Resident 1045,A-20045,2025-07-13,318412,gallons,,R4,
M-1045,"415 Oak St, Wiley, CO 81092",Resident 1045,A-20045,2025-08-14,330632,gallons,,R4,
M-1045,"415 Oak St, Wiley, CO 81092",Resident 1045,A-20045,2025-09-15,341585,gallons,,R4,
M-1045,"415 Oak St, Wiley, CO 81092",Resident 1045,A-20045,2025-10-16,350050,gallons,,R4,
M-1045,"415 Oak St, Wiley, CO 81092",Resident 1045,A-20045,2025-11-12,357033,gallons,,R4,
M-1045,"415 Oak St, Wiley, CO 81092",Resident 1045,A-20045,2025-12-13,363760,gallons,,R4,
M-1046,"422 Elm St, Wiley, CO 81092",Resident 1046,A-20046,2025-07-13,138364,gallons,,R5,
M-1046,"422 Elm St, Wiley, CO 81092",Resident 1046,A-20046,2025-08-14,145768,gallons,,R5,
M-1046,"422 Elm St, Wiley, CO 81092",Resident 1046,A-20046,2025-09-15,152232,gallons,,R5,
M-1046,"422 Elm St, Wiley, CO 81092",Resident 1046,A-20046,2025-10-16,156775,gallons,,R5,
M-1046,"422 Elm St, Wiley, CO 81092",Resident 1046,A-20046,2025-11-12,160267,gallons,,R5,
M-1046,"422 Elm St, Wiley, CO 81092",Resident 1046,A-20046,2025-12-13,164342,gallons,,R5,
M-1047,"429 3rd Ave, Wiley, CO 81092",Resident 1047,A-20047,2025-07-13,113807,gallons,,R6,
M-1047,"429 3rd Ave, Wiley, CO 81092",Resident 1047,A-20047,2025-08-14,118102,gallons,,R6,
M-1047,"429 3rd Ave, Wiley, CO 81092",Resident 1047,A-20047,2025-09-15,121570,gallons,,R6,
M-1047,"429 3rd Ave, Wiley, CO 81092",Resident 1047,A-20047,2025-10-16,124415,gallons,,R6,
M-1047,"429 3rd Ave, Wiley, CO 81092",Resident 1047,A-20047,2025-11-12,126980,gallons,,R6,
M-1047,"429 3rd Ave, Wiley, CO 81092",Resident 1047,A-20047,2025-12-13,129161,gallons,,R6,
M-1048,"436 5th St, Wiley, CO 81092",Resident 1048,A-20048,2025-07-13,392245,gallons,,R1,
M-1048,"436 5th St, Wiley, CO 81092",Resident 1048,A-20048,2025-08-14,396536,gallons,,R1,
M-1048,"436 5th St, Wiley, CO 81092",Resident 1048,A-20048,2025-09-15,399437,gallons,,R1,
M-1048,"436 5th St, Wiley, CO 81092",Resident 1048,A-20048,2025-10-16,402302,gallons,,R1,
M-1048,"436 5th St, Wiley, CO 81092",Resident 1048,A-20048,2025-11-12,404221,gallons,,R1,
M-1048,"436 5th St, Wiley, CO 81092",Resident 1048,A-20048,2025-12-13,406680,gallons,,R1,
M-1049,"443 Ranch Rd, Wiley, CO 81092",Resident 1049,A-20049,2025-07-13,365147,gallons,,R2,
M-1049,"443 Ranch Rd, Wiley, CO 81092",Resident 1049,A-20049,2025-08-14,372203,gallons,,R2,
M-1049,"443 Ranch Rd, Wiley, CO 81092",Resident 1049,A-20049,2025-09-15,378184,gallons,,R2,
M-1049,"443 Ranch Rd, Wiley, CO 81092",Resident 1049,A-20049,2025-10-16,382909,gallons,,R2,
M-1049,"443 Ranch Rd, Wiley, CO 81092",Resident 1049,A-20049,2025-11-12,386793,gallons,,R2,
M-1049,"443 Ranch Rd, Wiley, CO 81092",Resident 1049,A-20049,2025-12-13,391214,gallons,,R2,
M-1050,"450 Irrigation Ln, Wiley, CO 81092",Resident 1050,A-20050,2025-07-13,350524,gallons,,R3,
M-1050,"450 Irrigation Ln, Wiley, CO 81092",Resident 1050,A-20050,2025-08-14,354804,gallons,,R3,
M-1050,"450 Irrigation Ln, Wiley, CO 81092",Resident 1050,A-20050,2025-09-15,358031,gallons,,R3,
M-1050,"450 Irrigation Ln, Wiley, CO 81092",Resident 1050,A-20050,2025-10-16,360648,gallons,,R3,
M-1050,"450 Irrigation Ln, Wiley, CO 81092",Resident 1050,A-20050,2025-11-12,362675,gallons,,R3,
M-1050,"450 Irrigation Ln, Wiley, CO 81092",Resident 1050,A-20050,2025-12-13,364740,gallons,,R3,
M-1051,"457 North Frontage, Wiley, CO 81092",Resident 1051,A-20051,2025-07-13,390480,gallons,,R4,
M-1051,"457 North Frontage, Wiley, CO 81092",Resident 1051,A-20051,2025-08-14,396714,gallons,,R4,
M-1051,"457 North Frontage, Wiley, CO 81092",Resident 1051,A-20051,2025-09-15,402148,gallons,,R4,
M-1051,"457 North Frontage, Wiley, CO 81092",Resident 1051,A-20051,2025-10-16,407398,gallons,,R4,
M-1051,"457 North Frontage, Wiley, CO 81092",Resident 1051,A-20051,2025-11-12,411452,gallons,,R4,
M-1051,"457 North Frontage, Wiley, CO 81092",Resident 1051,A-20051,2025-12-13,415540,gallons,,R4,
M-1052,"464 South Loop, Wiley, CO 81092",Resident 1052,A-20052,2025-07-13,196446,gallons,,R5,
M-1052,"464 South Loop, Wiley, CO 81092",Resident 1052,A-20052,2025-08-14,202638,gallons,,R5,
M-1052,"464 South Loop, Wiley, CO 81092",Resident 1052,A-20052,2025-09-15,207554,gallons,,R5,
M-1052,"464 South Loop, Wiley, CO 81092",Resident 1052,A-20052,2025-10-16,211892,gallons,,R5,
M-1052,"464 South Loop, Wiley, CO 81092",Resident 1052,A-20052,2025-11-12,215780,gallons,,R5,
M-1052,"464 South Loop, Wiley, CO 81092",Resident 1052,A-20052,2025-12-13,219423,gallons,,R5,
M-1053,"471 Pioneer Rd, Wiley, CO 81092",Resident 1053,A-20053,2025-07-13,169091,gallons,,R6,
M-1053,"471 Pioneer Rd, Wiley, CO 81092",Resident 1053,A-20053,2025-08-14,178449,gallons,,R6,
M-1053,"471 Pioneer Rd, Wiley, CO 81092",Resident 1053,A-20053,2025-09-15,186354,gallons,,R6,
M-1053,"471 Pioneer Rd, Wiley, CO 81092",Resident 1053,A-20053,2025-10-16,193282,gallons,,R6,
M-1053,"471 Pioneer Rd, Wiley, CO 81092",Resident 1053,A-20053,2025-11-12,198948,gallons,,R6,
M-1053,"471 Pioneer Rd, Wiley, CO 81092",Resident 1053,A-20053,2025-12-13,204014,gallons,,R6,
M-1054,"478 Cottonwood Dr, Wiley, CO 81092",Resident 1054,A-20054,2025-07-13,371766,gallons,,R1,
M-1054,"478 Cottonwood Dr, Wiley, CO 81092",Resident 1054,A-20054,2025-08-14,377374,gallons,,R1,
M-1054,"478 Cottonwood Dr, Wiley, CO 81092",Resident 1054,A-20054,2025-09-15,382261,gallons,,R1,
M-1054,"478 Cottonwood Dr, Wiley, CO 81092",Resident 1054,A-20054,2025-10-16,386083,gallons,,R1,
M-1054,"478 Cottonwood Dr, Wiley, CO 81092",Resident 1054,A-20054,2025-11-12,389450,gallons,,R1,
M-1054,"478 Cottonwood Dr, Wiley, CO 81092",Resident 1054,A-20054,2025-12-13,392609,gallons,,R1,
M-1055,"485 Sand Creek Rd, Wiley, CO 81092",Resident 1055,A-20055,2025-07-13,117628,gallons,,R2,
M-1055,"485 Sand Creek Rd, Wiley, CO 81092",Resident 1055,A-20055,2025-08-14,121129,gallons,,R2,
M-1055,"485 Sand Creek Rd, Wiley, CO 81092",Resident 1055,A-20055,2025-09-15,124120,gallons,,R2,
M-1055,"485 Sand Creek Rd, Wiley, CO 81092",Resident 1055,A-20055,2025-10-16,126676,gallons,,R2,
M-1055,"485 Sand Creek Rd, Wiley, CO 81092",Resident 1055,A-20055,2025-12-13,128524,gallons,,R2,
M-1056,"492 Prairie View, Wiley, CO 81092",Resident 1056,A-20056,2025-07-13,245814,gallons,,R3,
M-1056,"492 Prairie View, Wiley, CO 81092",Resident 1056,A-20056,2025-08-14,257505,gallons,,R3,
M-1056,"492 Prairie View, Wiley, CO 81092",Resident 1056,A-20056,2025-09-15,266611,gallons,,R3,
M-1056,"492 Prairie View, Wiley, CO 81092",Resident 1056,A-20056,2025-10-16,275459,gallons,,R3,
M-1056,"492 Prairie View, Wiley, CO 81092",Resident 1056,A-20056,2025-11-12,282120,gallons,,R3,
M-1056,"492 Prairie View, Wiley, CO 81092",Resident 1056,A-20056,2025-12-13,288335,gallons,,R3,
M-1057,"499 School House Rd, Wiley, CO 81092",Resident 1057,A-20057,2025-07-13,158733,gallons,,R4,
M-1057,"499 School House Rd, Wiley, CO 81092",Resident 1057,A-20057,2025-08-14,167282,gallons,,R4,
M-1057,"499 School House Rd, Wiley, CO 81092",Resident 1057,A-20057,2025-09-15,173446,gallons,,R4,
M-1057,"499 School House Rd, Wiley, CO 81092",Resident 1057,A-20057,2025-10-16,178747,gallons,,R4,
M-1057,"499 School House Rd, Wiley, CO 81092",Resident 1057,A-20057,2025-11-12,182786,gallons,,R4,
M-1057,"499 School House Rd, Wiley, CO 81092",Resident 1057,A-20057,2025-12-13,187476,gallons,,R4,
M-1058,"506 Cemetery Rd, Wiley, CO 81092",Resident 1058,A-20058,2025-07-13,442616,gallons,,R5,
M-1058,"506 Cemetery Rd, Wiley, CO 81092",Resident 1058,A-20058,2025-08-14,450609,gallons,,R5,
M-1058,"506 Cemetery Rd, Wiley, CO 81092",Resident 1058,A-20058,2025-09-15,458729,gallons,,R5,
M-1058,"506 Cemetery Rd, Wiley, CO 81092",Resident 1058,A-20058,2025-10-16,464598,gallons,,R5,
M-1058,"506 Cemetery Rd, Wiley, CO 81092",Resident 1058,A-20058,2025-11-12,469475,gallons,,R5,
M-1058,"506 Cemetery Rd, Wiley, CO 81092",Resident 1058,A-20058,2025-12-13,474381,gallons,,R5,
M-1059,"513 Grain Elevator Rd, Wiley, CO 81092",Resident 1059,A-20059,2025-07-13,126601,gallons,,R6,
M-1059,"513 Grain Elevator Rd, Wiley, CO 81092",Resident 1059,A-20059,2025-08-14,131556,gallons,,R6,
M-1059,"513 Grain Elevator Rd, Wiley, CO 81092",Resident 1059,A-20059,2025-09-15,135138,gallons,,R6,
M-1059,"513 Grain Elevator Rd, Wiley, CO 81092",Resident 1059,A-20059,2025-10-16,138417,gallons,,R6,
M-1059,"513 Grain Elevator Rd, Wiley, CO 81092",Resident 1059,A-20059,2025-11-12,140890,gallons,,R6,
M-1059,"513 Grain Elevator Rd, Wiley, CO 81092",Resident 1059,A-20059,2025-12-13,143080,gallons,,R6,
M-1060,"520 Main St, Wiley, CO 81092",Resident 1060,A-20060,2025-07-13,241391,gallons,,R1,
M-1060,"520 Main St, Wiley, CO 81092",Resident 1060,A-20060,2025-08-14,247484,gallons,,R1,
M-1060,"520 Main St, Wiley, CO 81092",Resident 1060,A-20060,2025-09-15,253356,gallons,,R1,
M-1060,"520 Main St, Wiley, CO 81092",Resident 1060,A-20060,2025-10-16,258636,gallons,,R1,
M-1060,"520 Main St, Wiley, CO 81092",Resident 1060,A-20060,2025-11-12,263125,gallons,,R1,
M-1060,"520 Main St, Wiley, CO 81092",Resident 1060,A-20060,2025-12-13,266962,gallons,,R1,
M-1061,"527 County Rd 10, Wiley, CO 81092",Resident 1061,A-20061,2025-07-13,297303,gallons,,R2,
M-1061,"527 County Rd 10, Wiley, CO 81092",Resident 1061,A-20061,2025-08-14,300672,gallons,,R2,
M-1061,"527 County Rd 10, Wiley, CO 81092",Resident 1061,A-20061,2025-09-15,303711,gallons,,R2,
M-1061,"527 County Rd 10, Wiley, CO 81092",Resident 1061,A-20061,2025-10-16,306685,gallons,,R2,
M-1061,"527 County Rd 10, Wiley, CO 81092",Resident 1061,A-20061,2025-11-12,308558,gallons,,R2,
M-1061,"527 County Rd 10, Wiley, CO 81092",Resident 1061,A-20061,2025-12-13,310963,gallons,,R2,
M-1062,"534 County Rd 14, Wiley, CO 81092",Resident 1062,A-20062,2025-07-13,195142,gallons,,R3,
M-1062,"534 County Rd 14, Wiley, CO 81092",Resident 1062,A-20062,2025-08-14,203251,gallons,,R3,
M-1062,"534 County Rd 14, Wiley, CO 81092",Resident 1062,A-20062,2025-09-15,210800,gallons,,R3,
M-1062,"534 County Rd 14, Wiley, CO 81092",Resident 1062,A-20062,2025-10-16,216909,gallons,,R3,
M-1062,"534 County Rd 14, Wiley, CO 81092",Resident 1062,A-20062,2025-11-12,221646,gallons,,R3,
M-1062,"534 County Rd 14, Wiley, CO 81092",Resident 1062,A-20062,2025-12-13,227201,gallons,,R3,
M-1063,"541 Highway 287, Wiley, CO 81092",Resident 1063,A-20063,2025-07-13,405208,gallons,,R4,
M-1063,"541 Highway 287, Wiley, CO 81092",Resident 1063,A-20063,2025-08-14,412212,gallons,,R4,
M-1063,"541 Highway 287, Wiley, CO 81092",Resident 1063,A-20063,2025-09-15,417089,gallons,,R4,
M-1063,"541 Highway 287, Wiley, CO 81092",Resident 1063,A-20063,2025-10-16,421850,gallons,,R4,
M-1063,"541 Highway 287, Wiley, CO 81092",Resident 1063,A-20063,2025-11-12,425164,gallons,,R4,
M-1063,"541 Highway 287, Wiley, CO 81092",Resident 1063,A-20063,2025-12-13,428256,gallons,,R4,
M-1064,"548 Maple Ave, Wiley, CO 81092",Resident 1064,A-20064,2025-07-13,269708,gallons,,R5,
M-1064,"548 Maple Ave, Wiley, CO 81092",Resident 1064,A-20064,2025-08-14,279436,gallons,,R5,
M-1064,"548 Maple Ave, Wiley, CO 81092",Resident 1064,A-20064,2025-09-15,288558,gallons,,R5,
M-1064,"548 Maple Ave, Wiley, CO 81092",Resident 1064,A-20064,2025-10-16,296426,gallons,,R5,
M-1064,"548 Maple Ave, Wiley, CO 81092",Resident 1064,A-20064,2025-11-12,301737,gallons,,R5,
M-1064,"548 Maple Ave, Wiley, CO 81092",Resident 1064,A-20064,2025-12-13,308071,gallons,,R5,
M-1065,"555 Oak St, Wiley, CO 81092",Resident 1065,A-20065,2025-07-13,442189,gallons,,R6,
M-1065,"555 Oak St, Wiley, CO 81092",Resident 1065,A-20065,2025-08-14,450715,gallons,,R6,
M-1065,"555 Oak St, Wiley, CO 81092",Resident 1065,A-20065,2025-09-15,460098,gallons,,R6,
M-1065,"555 Oak St, Wiley, CO 81092",Resident 1065,A-20065,2025-10-16,466810,gallons,,R6,
M-1065,"555 Oak St, Wiley, CO 81092",Resident 1065,A-20065,2025-11-12,471552,gallons,,R6,
M-1065,"555 Oak St, Wiley, CO 81092",Resident 1065,A-20065,2025-12-13,477279,gallons,,R6,
M-1066,"562 Elm St, Wiley, CO 81092",Resident 1066,A-20066,2025-07-13,428106,gallons,,R1,
M-1066,"562 Elm St, Wiley, CO 81092",Resident 1066,A-20066,2025-08-14,434493,gallons,,R1,
M-1066,"562 Elm St, Wiley, CO 81092",Resident 1066,A-20066,2025-09-15,440977,gallons,,R1,
M-1066,"562 Elm St, Wiley, CO 81092",Resident 1066,A-20066,2025-10-16,445475,gallons,,R1,
M-1066,"562 Elm St, Wiley, CO 81092",Resident 1066,A-20066,2025-11-12,449262,gallons,,R1,
M-1066,"562 Elm St, Wiley, CO 81092",Resident 1066,A-20066,2025-12-13,452708,gallons,,R1,
M-1067,"569 3rd Ave, Wiley, CO 81092",Resident 1067,A-20067,2025-07-13,156867,gallons,,R2,
M-1067,"569 3rd Ave, Wiley, CO 81092",Resident 1067,A-20067,2025-08-14,165042,gallons,,R2,
M-1067,"569 3rd Ave, Wiley, CO 81092",Resident 1067,A-20067,2025-09-15,173451,gallons,,R2,
M-1067,"569 3rd Ave, Wiley, CO 81092",Resident 1067,A-20067,2025-10-16,180955,gallons,,R2,
M-1067,"569 3rd Ave, Wiley, CO 81092",Resident 1067,A-20067,2025-11-12,186230,gallons,,R2,
M-1067,"569 3rd Ave, Wiley, CO 81092",Resident 1067,A-20067,2025-12-13,190759,gallons,,R2,
M-1068,"576 5th St, Wiley, CO 81092",Resident 1068,A-20068,2025-07-13,420983,gallons,,R3,
M-1068,"576 5th St, Wiley, CO 81092",Resident 1068,A-20068,2025-08-14,425372,gallons,,R3,
M-1068,"576 5th St, Wiley, CO 81092",Resident 1068,A-20068,2025-09-15,429432,gallons,,R3,
M-1068,"576 5th St, Wiley, CO 81092",Resident 1068,A-20068,2025-10-16,433007,gallons,,R3,
M-1068,"576 5th St, Wiley, CO 81092",Resident 1068,A-20068,2025-11-12,435662,gallons,,R3,
M-1068,"576 5th St, Wiley, CO 81092",Resident 1068,A-20068,2025-12-13,438081,gallons,,R3,
M-1069,"583 Ranch Rd, Wiley, CO 81092",Resident 1069,A-20069,2025-07-13,192649,gallons,,R4,
M-1069,"583 Ranch Rd, Wiley, CO 81092",Resident 1069,A-20069,2025-08-14,203036,gallons,,R4,
M-1069,"583 Ranch Rd, Wiley, CO 81092",Resident 1069,A-20069,2025-09-15,212870,gallons,,R4,
M-1069,"583 Ranch Rd, Wiley, CO 81092",Resident 1069,A-20069,2025-10-16,221855,gallons,,R4,
M-1069,"583 Ranch Rd, Wiley, CO 81092",Resident 1069,A-20069,2025-11-12,227177,gallons,,R4,
M-1069,"583 Ranch Rd, Wiley, CO 81092",Resident 1069,A-20069,2025-12-13,233552,gallons,,R4,
M-1070,"590 Irrigation Ln, Wiley, CO 81092",Resident 1070,A-20070,2025-07-13,303781,gallons,,R5,
M-1070,"590 Irrigation Ln, Wiley, CO 81092",Resident 1070,A-20070,2025-08-14,308062,gallons,,R5,
M-1070,"590 Irrigation Ln, Wiley, CO 81092",Resident 1070,A-20070,2025-09-15,311541,gallons,,R5,
M-1070,"590 Irrigation Ln, Wiley, CO 81092",Resident 1070,A-20070,2025-10-16,313969,gallons,,R5,
M-1070,"590 Irrigation Ln, Wiley, CO 81092",Resident 1070,A-20070,2025-11-12,316167,gallons,,R5,
M-1070,"590 Irrigation Ln, Wiley, CO 81092",Resident 1070,A-20070,2025-12-13,318235,gallons,,R5,
M-1071,"597 North Frontage, Wiley, CO 81092",Resident 1071,A-20071,2025-07-13,425839,gallons,,R6,
M-1071,"597 North Frontage, Wiley, CO 81092",Resident 1071,A-20071,2025-08-14,429434,gallons,,R6,
M-1071,"597 North Frontage, Wiley, CO 81092",Resident 1071,A-20071,2025-09-15,432317,gallons,,R6,
M-1071,"597 North Frontage, Wiley, CO 81092",Resident 1071,A-20071,2025-10-16,435024,gallons,,R6,
M-1071,"597 North Frontage, Wiley, CO 81092",Resident 1071,A-20071,2025-11-12,436824,gallons,,R6,
M-1071,"597 North Frontage, Wiley, CO 81092",Resident 1071,A-20071,2025-12-13,438718,gallons,,R6,
M-1072,"604 South Loop, Wiley, CO 81092",Resident 1072,A-20072,2025-07-13,451795,gallons,,R1,
M-1072,"604 South Loop, Wiley, CO 81092",Resident 1072,A-20072,2025-08-14,462142,gallons,,R1,
M-1072,"604 South Loop, Wiley, CO 81092",Resident 1072,A-20072,2025-09-15,471830,gallons,,R1,
M-1072,"604 South Loop, Wiley, CO 81092",Resident 1072,A-20072,2025-10-16,479272,gallons,,R1,
M-1072,"604 South Loop, Wiley, CO 81092",Resident 1072,A-20072,2025-11-12,485031,gallons,,R1,
M-1072,"604 South Loop, Wiley, CO 81092",Resident 1072,A-20072,2025-12-13,491583,gallons,,R1,
M-1073,"611 Pioneer Rd, Wiley, CO 81092",Resident 1073,A-20073,2025-07-13,397532,gallons,,R2,
M-1073,"611 Pioneer Rd, Wiley, CO 81092",Resident 1073,A-20073,2025-08-14,403369,gallons,,R2,
M-1073,"611 Pioneer Rd, Wiley, CO 81092",Resident 1073,A-20073,2025-09-15,407599,gallons,,R2,
M-1073,"611 Pioneer Rd, Wiley, CO 81092",Resident 1073,A-20073,2025-10-16,411479,gallons,,R2,
M-1073,"611 Pioneer Rd, Wiley, CO 81092",Resident 1073,A-20073,2025-11-12,414551,gallons,,R2,
M-1073,"611 Pioneer Rd, Wiley, CO 81092",Resident 1073,A-20073,2025-12-13,417220,gallons,,R2,
M-1074,"618 Cottonwood Dr, Wiley, CO 81092",Resident 1074,A-20074,2025-07-13,380326,gallons,,R3,
M-1074,"618 Cottonwood Dr, Wiley, CO 81092",Resident 1074,A-20074,2025-08-14,386675,gallons,,R3,
M-1074,"618 Cottonwood Dr, Wiley, CO 81092",Resident 1074,A-20074,2025-09-15,391598,gallons,,R3,
M-1074,"618 Cottonwood Dr, Wiley, CO 81092",Resident 1074,A-20074,2025-10-16,395922,gallons,,R3,
M-1074,"618 Cottonwood Dr, Wiley, CO 81092",Resident 1074,A-20074,2025-11-12,399550,gallons,,R3,
M-1074,"618 Cottonwood Dr, Wiley, CO 81092",Resident 1074,A-20074,2025-12-13,403123,gallons,,R3,
M-1075,"625 Sand Creek Rd, Wiley, CO 81092",Resident 1075,A-20075,2025-07-13,250443,gallons,,R4,
M-1075,"625 Sand Creek Rd, Wiley, CO 81092",Resident 1075,A-20075,2025-08-14,254809,gallons,,R4,
M-1075,"625 Sand Creek Rd, Wiley, CO 81092",Resident 1075,A-20075,2025-09-15,258224,gallons,,R4,
M-1075,"625 Sand Creek Rd, Wiley, CO 81092",Resident 1075,A-20075,2025-10-16,261157,gallons,,R4,
M-1075,"625 Sand Creek Rd, Wiley, CO 81092",Resident 1075,A-20075,2025-11-12,263368,gallons,,R4,
M-1075,"625 Sand Creek Rd, Wiley, CO 81092",Resident 1075,A-20075,2025-12-13,265453,gallons,,R4,
M-1076,"632 Prairie View, Wiley, CO 81092",Resident 1076,A-20076,2025-07-13,236180,gallons,,R5,
M-1076,"632 Prairie View, Wiley, CO 81092",Resident 1076,A-20076,2025-08-14,242257,gallons,,R5,
M-1076,"632 Prairie View, Wiley, CO 81092",Resident 1076,A-20076,2025-09-15,247146,gallons,,R5,
M-1076,"632 Prairie View, Wiley, CO 81092",New Occupant 1076,A-20076,2025-10-16,250666,gallons,,R5,Ownership change
M-1076,"632 Prairie View, Wiley, CO 81092",New Occupant 1076,A-20076,2025-11-12,253385,gallons,,R5,
M-1076,"632 Prairie View, Wiley, CO 81092",New Occupant 1076,A-20076,2025-12-13,256424,gallons,,R5,
M-1077,"639 School House Rd, Wiley, CO 81092",Resident 1077,A-20077,2025-07-13,194297,gallons,,R6,
M-1077,"639 School House Rd, Wiley, CO 81092",Resident 1077,A-20077,2025-08-14,198555,gallons,,R6,
M-1077,"639 School House Rd, Wiley, CO 81092",Resident 1077,A-20077,2025-09-15,201798,gallons,,R6,
M-1077,"639 School House Rd, Wiley, CO 81092",Resident 1077,A-20077,2025-10-16,204647,gallons,,R6,
M-1077,"639 School House Rd, Wiley, CO 81092",Resident 1077,A-20077,2025-11-12,207073,gallons,,R6,
M-1077,"639 School House Rd, Wiley, CO 81092",Resident 1077,A-20077,2025-12-13,209540,gallons,,R6,
M-1078,"646 Cemetery Rd, Wiley, CO 81092",Resident 1078,A-20078,2025-07-13,283185,gallons,,R1,
M-1078,"646 Cemetery Rd, Wiley, CO 81092",Resident 1078,A-20078,2025-08-14,290226,gallons,,R1,
M-1078,"646 Cemetery Rd, Wiley, CO 81092",Resident 1078,A-20078,2025-09-15,296560,gallons,,R1,
M-1078,"646 Cemetery Rd, Wiley, CO 81092",Resident 1078,A-20078,2025-10-16,302650,gallons,,R1,
M-1078,"646 Cemetery Rd, Wiley, CO 81092",Resident 1078,A-20078,2025-11-12,306788,gallons,,R1,
M-1078,"646 Cemetery Rd, Wiley, CO 81092",Resident 1078,A-20078,2025-12-13,310897,gallons,,R1,
M-1079,"653 Grain Elevator Rd, Wiley, CO 81092",Resident 1079,A-20079,2025-07-13,232932,gallons,,R2,
M-1079,"653 Grain Elevator Rd, Wiley, CO 81092",Resident 1079,A-20079,2025-08-14,238435,gallons,,R2,
M-1079,"653 Grain Elevator Rd, Wiley, CO 81092",Resident 1079,A-20079,2025-09-15,243101,gallons,,R2,
M-1079,"653 Grain Elevator Rd, Wiley, CO 81092",Resident 1079,A-20079,2025-10-16,247734,gallons,,R2,
M-1079,"653 Grain Elevator Rd, Wiley, CO 81092",Resident 1079,A-20079,2025-11-12,251582,gallons,,R2,
M-1079,"653 Grain Elevator Rd, Wiley, CO 81092",Resident 1079,A-20079,2025-12-13,254864,gallons,,R2,
M-1080,"660 Main St, Wiley, CO 81092",Resident 1080,A-20080,2025-07-13,259883,gallons,,R3,
M-1080,"660 Main St, Wiley, CO 81092",Resident 1080,A-20080,2025-08-14,268242,gallons,,R3,
M-1080,"660 Main St, Wiley, CO 81092",Resident 1080,A-20080,2025-09-15,274062,gallons,,R3,
M-1080,"660 Main St, Wiley, CO 81092",Resident 1080,A-20080,2025-10-16,280845,gallons,,R3,
M-1080,"660 Main St, Wiley, CO 81092",Resident 1080,A-20080,2025-11-12,285258,gallons,,R3,
M-1080,"660 Main St, Wiley, CO 81092",Resident 1080,A-20080,2025-12-13,289267,gallons,,R3,
M-1081,"667 County Rd 10, Wiley, CO 81092",Resident 1081,A-20081,2025-07-13,350024,gallons,,R4,
M-1081,"667 County Rd 10, Wiley, CO 81092",Resident 1081,A-20081,2025-08-14,360935,gallons,,R4,
M-1081,"667 County Rd 10, Wiley, CO 81092",Resident 1081,A-20081,2025-09-15,368302,gallons,,R4,
M-1081,"667 County Rd 10, Wiley, CO 81092",Resident 1081,A-20081,2025-10-16,375580,gallons,,R4,
M-1081,"667 County Rd 10, Wiley, CO 81092",Resident 1081,A-20081,2025-11-12,381449,gallons,,R4,
M-1081,"667 County Rd 10, Wiley, CO 81092",Resident 1081,A-20081,2025-12-13,387019,gallons,,R4,
M-1082,"674 County Rd 14, Wiley, CO 81092",Resident 1082,A-20082,2025-07-13,181689,gallons,,R5,
M-1082,"674 County Rd 14, Wiley, CO 81092",Resident 1082,A-20082,2025-08-14,188243,gallons,,R5,
M-1082,"674 County Rd 14, Wiley, CO 81092",Resident 1082,A-20082,2025-09-15,194271,gallons,,R5,
M-1082,"674 County Rd 14, Wiley, CO 81092",Resident 1082,A-20082,2025-10-16,198907,gallons,,R5,
M-1082,"674 County Rd 14, Wiley, CO 81092",Resident 1082,A-20082,2025-11-12,203304,gallons,,R5,
M-1082,"674 County Rd 14, Wiley, CO 81092",Resident 1082,A-20082,2025-12-13,207255,gallons,,R5,
M-1083,"681 Highway 287, Wiley, CO 81092",Resident 1083,A-20083,2025-07-13,432277,gallons,,R6,
M-1083,"681 Highway 287, Wiley, CO 81092",Resident 1083,A-20083,2025-08-14,436378,gallons,,R6,
M-1083,"681 Highway 287, Wiley, CO 81092",Resident 1083,A-20083,2025-09-15,440057,gallons,,R6,
M-1083,"681 Highway 287, Wiley, CO 81092",Resident 1083,A-20083,2025-10-16,443106,gallons,,R6,
M-1083,"681 Highway 287, Wiley, CO 81092",Resident 1083,A-20083,2025-11-12,446141,gallons,,R6,
M-1083,"681 Highway 287, Wiley, CO 81092",Resident 1083,A-20083,2025-12-13,448750,gallons,,R6,
M-1084,"688 Maple Ave, Wiley, CO 81092",Resident 1084,A-20084,2025-07-13,271862,gallons,,R1,
M-1084,"688 Maple Ave, Wiley, CO 81092",Resident 1084,A-20084,2025-08-14,279136,gallons,,R1,
M-1084,"688 Maple Ave, Wiley, CO 81092",Resident 1084,A-20084,2025-09-15,284434,gallons,,R1,
M-1084,"688 Maple Ave, Wiley, CO 81092",Resident 1084,A-20084,2025-10-16,290165,gallons,,R1,
M-1084,"688 Maple Ave, Wiley, CO 81092",Resident 1084,A-20084,2025-11-12,293838,gallons,,R1,
M-1084,"688 Maple Ave, Wiley, CO 81092",Resident 1084,A-20084,2025-12-13,297591,gallons,,R1,
M-1085,"695 Oak St, Wiley, CO 81092",Resident 1085,A-20085,2025-07-13,352915,gallons,,R2,
M-1085,"695 Oak St, Wiley, CO 81092",Resident 1085,A-20085,2025-08-14,359846,gallons,,R2,
M-1085,"695 Oak St, Wiley, CO 81092",Resident 1085,A-20085,2025-09-15,365315,gallons,,R2,
M-1085,"695 Oak St, Wiley, CO 81092",Resident 1085,A-20085,2025-10-16,369964,gallons,,R2,
M-1085,"695 Oak St, Wiley, CO 81092",Resident 1085,A-20085,2025-11-12,373921,gallons,,R2,
M-1085,"695 Oak St, Wiley, CO 81092",Resident 1085,A-20085,2025-12-13,377392,gallons,,R2,
M-1086,"702 Elm St, Wiley, CO 81092",Resident 1086,A-20086,2025-07-13,265962,gallons,,R3,
M-1086,"702 Elm St, Wiley, CO 81092",Resident 1086,A-20086,2025-08-14,270823,gallons,,R3,
M-1086,"702 Elm St, Wiley, CO 81092",Resident 1086,A-20086,2025-09-15,275617,gallons,,R3,
M-1086,"702 Elm St, Wiley, CO 81092",Resident 1086,A-20086,2025-10-16,279384,gallons,,R3,
M-1086,"702 Elm St, Wiley, CO 81092",Resident 1086,A-20086,2025-11-12,282159,gallons,,R3,
M-1086,"702 Elm St, Wiley, CO 81092",Resident 1086,A-20086,2025-12-13,285188,gallons,,R3,
M-1087,"709 3rd Ave, Wiley, CO 81092",Resident 1087,A-20087,2025-07-13,181972,gallons,,R4,
M-1087,"709 3rd Ave, Wiley, CO 81092",Resident 1087,A-20087,2025-08-14,191324,gallons,,R4,
M-1087,"709 3rd Ave, Wiley, CO 81092",Resident 1087,A-20087,2025-09-15,200770,gallons,,R4,
M-1087,"709 3rd Ave, Wiley, CO 81092",Resident 1087,A-20087,2025-10-16,209054,gallons,,R4,
M-1087,"709 3rd Ave, Wiley, CO 81092",Resident 1087,A-20087,2025-11-12,214865,gallons,,R4,
M-1087,"709 3rd Ave, Wiley, CO 81092",Resident 1087,A-20087,2025-12-13,220767,gallons,,R4,
M-1088,"716 5th St, Wiley, CO 81092",Resident 1088,A-20088,2025-07-13,108318,gallons,,R5,
M-1088,"716 5th St, Wiley, CO 81092",Resident 1088,A-20088,2025-08-14,113416,gallons,,R5,
M-1088,"716 5th St, Wiley, CO 81092",Resident 1088,A-20088,2025-09-15,118056,gallons,,R5,
M-1088,"716 5th St, Wiley, CO 81092",Resident 1088,A-20088,2025-10-16,122907,gallons,,R5,
M-1088,"716 5th St, Wiley, CO 81092",Resident 1088,A-20088,2025-11-12,126685,gallons,,R5,
M-1088,"716 5th St, Wiley, CO 81092",Resident 1088,A-20088,2025-12-13,130317,gallons,,R5,
M-1089,"723 Ranch Rd, Wiley, CO 81092",Resident 1089,A-20089,2025-07-13,532275,gallons,,R6,
M-1089,"723 Ranch Rd, Wiley, CO 81092",Resident 1089,A-20089,2025-08-14,556128,gallons,,R6,
M-1089,"723 Ranch Rd, Wiley, CO 81092",Resident 1089,A-20089,2025-09-15,575862,gallons,,R6,
M-1089,"723 Ranch Rd, Wiley, CO 81092",Resident 1089,A-20089,2025-10-16,592801,gallons,,R6,
M-1089,"723 Ranch Rd, Wiley, CO 81092",Resident 1089,A-20089,2025-11-12,606547,gallons,,R6,
M-1089,"723 Ranch Rd, Wiley, CO 81092",Resident 1089,A-20089,2025-12-13,619788,gallons,,R6,
M-1090,"730 Irrigation Ln, Wiley, CO 81092",Resident 1090,A-20090,2025-07-13,463336,gallons,,R1,
M-1090,"730 Irrigation Ln, Wiley, CO 81092",Resident 1090,A-20090,2025-08-14,471587,gallons,,R1,
M-1090,"730 Irrigation Ln, Wiley, CO 81092",Resident 1090,A-20090,2025-09-15,479839,gallons,,R1,
M-1090,"730 Irrigation Ln, Wiley, CO 81092",Resident 1090,A-20090,2025-10-16,486068,gallons,,R1,
M-1090,"730 Irrigation Ln, Wiley, CO 81092",Resident 1090,A-20090,2025-11-12,490861,gallons,,R1,
M-1090,"730 Irrigation Ln, Wiley, CO 81092",Resident 1090,A-20090,2025-12-13,496256,gallons,,R1,
M-1091,"737 North Frontage, Wiley, CO 81092",Resident 1091,A-20091,2025-07-13,433451,gallons,,R2,
M-1091,"737 North Frontage, Wiley, CO 81092",Resident 1091,A-20091,2025-08-14,442415,gallons,,R2,
M-1091,"737 North Frontage, Wiley, CO 81092",Resident 1091,A-20091,2025-09-15,450522,gallons,,R2,
M-1091,"737 North Frontage, Wiley, CO 81092",Resident 1091,A-20091,2025-10-16,458919,gallons,,R2,
M-1091,"737 North Frontage, Wiley, CO 81092",Resident 1091,A-20091,2025-11-12,464574,gallons,,R2,
M-1091,"737 North Frontage, Wiley, CO 81092",Resident 1091,A-20091,2025-12-13,469976,gallons,,R2,
M-1092,"744 South Loop, Wiley, CO 81092",Resident 1092,A-20092,2025-07-13,148188,gallons,,R3,
M-1092,"744 South Loop, Wiley, CO 81092",Resident 1092,A-20092,2025-08-14,153773,gallons,,R3,
M-1092,"744 South Loop, Wiley, CO 81092",Resident 1092,A-20092,2025-09-15,157680,gallons,,R3,
M-1092,"744 South Loop, Wiley, CO 81092",Resident 1092,A-20092,2025-10-16,161741,gallons,,R3,
M-1092,"744 South Loop, Wiley, CO 81092",Resident 1092,A-20092,2025-11-12,164457,gallons,,R3,
M-1092,"744 South Loop, Wiley, CO 81092",Resident 1092,A-20092,2025-12-13,167195,gallons,,R3,
M-1093,"751 Pioneer Rd, Wiley, CO 81092",Resident 1093,A-20093,2025-07-13,170155,gallons,,R4,
M-1093,"751 Pioneer Rd, Wiley, CO 81092",Resident 1093,A-20093,2025-08-14,179775,gallons,,R4,
M-1093,"751 Pioneer Rd, Wiley, CO 81092",Resident 1093,A-20093,2025-09-15,188015,gallons,,R4,
M-1093,"751 Pioneer Rd, Wiley, CO 81092",Resident 1093,A-20093,2025-10-16,195317,gallons,,R4,
M-1093,"751 Pioneer Rd, Wiley, CO 81092",Resident 1093,A-20093,2025-11-12,200443,gallons,,R4,
M-1093,"751 Pioneer Rd, Wiley, CO 81092",Resident 1093,A-20093,2025-12-13,205177,gallons,,R4,
M-1094,"758 Cottonwood Dr, Wiley, CO 81092",Resident 1094,A-20094,2025-07-13,430412,gallons,,R5,
M-1094,"758 Cottonwood Dr, Wiley, CO 81092",Resident 1094,A-20094,2025-08-14,440959,gallons,,R5,
M-1094,"758 Cottonwood Dr, Wiley, CO 81092",Resident 1094,A-20094,2025-09-15,451762,gallons,,R5,
M-1094,"758 Cottonwood Dr, Wiley, CO 81092",Resident 1094,A-20094,2025-10-16,460719,gallons,,R5,
M-1094,"758 Cottonwood Dr, Wiley, CO 81092",Resident 1094,A-20094,2025-11-12,466834,gallons,,R5,
M-1094,"758 Cottonwood Dr, Wiley, CO 81092",Resident 1094,A-20094,2025-12-13,473843,gallons,,R5,
M-1095,"765 Sand Creek Rd, Wiley, CO 81092",Resident 1095,A-20095,2025-07-13,215788,gallons,,R6,
M-1095,"765 Sand Creek Rd, Wiley, CO 81092",Resident 1095,A-20095,2025-08-14,221286,gallons,,R6,
M-1095,"765 Sand Creek Rd, Wiley, CO 81092",Resident 1095,A-20095,2025-09-15,226069,gallons,,R6,
M-1095,"765 Sand Creek Rd, Wiley, CO 81092",Resident 1095,A-20095,2025-10-16,229660,gallons,,R6,
M-1095,"765 Sand Creek Rd, Wiley, CO 81092",Resident 1095,A-20095,2025-11-12,232510,gallons,,R6,
M-1095,"765 Sand Creek Rd, Wiley, CO 81092",Resident 1095,A-20095,2025-12-13,235728,gallons,,R6,
M-1096,"772 Prairie View, Wiley, CO 81092",Resident 1096,A-20096,2025-07-13,360448,gallons,,R1,
M-1096,"772 Prairie View, Wiley, CO 81092",Resident 1096,A-20096,2025-08-14,365347,gallons,,R1,
M-1096,"772 Prairie View, Wiley, CO 81092",Resident 1096,A-20096,2025-09-15,369771,gallons,,R1,
M-1096,"772 Prairie View, Wiley, CO 81092",Resident 1096,A-20096,2025-10-16,373514,gallons,,R1,
M-1096,"772 Prairie View, Wiley, CO 81092",Resident 1096,A-20096,2025-11-12,376254,gallons,,R1,
M-1096,"772 Prairie View, Wiley, CO 81092",Resident 1096,A-20096,2025-12-13,379070,gallons,,R1,
M-1097,"779 School House Rd, Wiley, CO 81092",Resident 1097,A-20097,2025-07-13,262538,gallons,,R2,
M-1097,"779 School House Rd, Wiley, CO 81092",Resident 1097,A-20097,2025-08-14,270662,gallons,,R2,
M-1097,"779 School House Rd, Wiley, CO 81092",Resident 1097,A-20097,2025-09-15,277195,gallons,,R2,
M-1097,"779 School House Rd, Wiley, CO 81092",Resident 1097,A-20097,2025-10-16,282482,gallons,,R2,
M-1097,"779 School House Rd, Wiley, CO 81092",Resident 1097,A-20097,2025-11-12,287252,gallons,,R2,
M-1097,"779 School House Rd, Wiley, CO 81092",Resident 1097,A-20097,2025-12-13,291220,gallons,,R2,
M-1098,"786 Cemetery Rd, Wiley, CO 81092",Resident 1098,A-20098,2025-07-13,185331,gallons,,R3,
M-1098,"786 Cemetery Rd, Wiley, CO 81092",Resident 1098,A-20098,2025-08-14,193006,gallons,,R3,
M-1098,"786 Cemetery Rd, Wiley, CO 81092",Resident 1098,A-20098,2025-09-15,199739,gallons,,R3,
M-1098,"786 Cemetery Rd, Wiley, CO 81092",Resident 1098,A-20098,2025-10-16,204967,gallons,,R3,
M-1098,"786 Cemetery Rd, Wiley, CO 81092",Resident 1098,A-20098,2025-11-12,209520,gallons,,R3,
M-1098,"786 Cemetery Rd, Wiley, CO 81092",Resident 1098,A-20098,2025-12-13,213478,gallons,,R3,
M-1099,"793 Grain Elevator Rd, Wiley, CO 81092",Resident 1099,A-20099,2025-07-13,288607,gallons,,R4,
M-1099,"793 Grain Elevator Rd, Wiley, CO 81092",Resident 1099,A-20099,2025-08-14,293791,gallons,,R4,
M-1099,"793 Grain Elevator Rd, Wiley, CO 81092",Resident 1099,A-20099,2025-09-15,299550,gallons,,R4,
M-1099,"793 Grain Elevator Rd, Wiley, CO 81092",Resident 1099,A-20099,2025-10-16,303329,gallons,,R4,
M-1099,"793 Grain Elevator Rd, Wiley, CO 81092",Resident 1099,A-20099,2025-11-12,306142,gallons,,R4,
M-1099,"793 Grain Elevator Rd, Wiley, CO 81092",Resident 1099,A-20099,2025-12-13,309639,gallons,,R4,
M-1100,"800 Main St, Wiley, CO 81092",Resident 1100,A-20100,2025-07-13,175281,gallons,,R5,
M-1100,"800 Main St, Wiley, CO 81092",Resident 1100,A-20100,2025-08-14,184092,gallons,,R5,
M-1100,"800 Main St, Wiley, CO 81092",Resident 1100,A-20100,2025-09-15,191510,gallons,,R5,
M-1100,"800 Main St, Wiley, CO 81092",Resident 1100,A-20100,2025-10-16,198302,gallons,,R5,
M-1100,"800 Main St, Wiley, CO 81092",Resident 1100,A-20100,2025-11-12,203086,gallons,,R5,
M-1100,"800 Main St, Wiley, CO 81092",Resident 1100,A-20100,2025-12-13,208068,gallons,,R5,
M-1101,"807 County Rd 10, Wiley, CO 81092",Resident 1101,A-20101,2025-07-13,271900,gallons,,R6,
M-1101,"807 County Rd 10, Wiley, CO 81092",Resident 1101,A-20101,2025-08-14,281795,gallons,,R6,
M-1101,"807 County Rd 10, Wiley, CO 81092",Resident 1101,A-20101,2025-09-15,291552,gallons,,R6,
M-1101,"807 County Rd 10, Wiley, CO 81092",Resident 1101,A-20101,2025-10-16,299478,gallons,,R6,
M-1101,"807 County Rd 10, Wiley, CO 81092",Resident 1101,A-20101,2025-11-12,305576,gallons,,R6,
M-1101,"807 County Rd 10, Wiley, CO 81092",Resident 1101,A-20101,2025-12-13,305576,gallons,,R6,
M-1102,"814 County Rd 14, Wiley, CO 81092",Resident 1102,A-20102,2025-07-13,330099,gallons,,R1,
M-1102,"814 County Rd 14, Wiley, CO 81092",Resident 1102,A-20102,2025-08-14,340130,gallons,,R1,
M-1102,"814 County Rd 14, Wiley, CO 81092",Resident 1102,A-20102,2025-09-15,346906,gallons,,R1,
M-1102,"814 County Rd 14, Wiley, CO 81092",Resident 1102,A-20102,2025-10-16,353067,gallons,,R1,
M-1102,"814 County Rd 14, Wiley, CO 81092",Resident 1102,A-20102,2025-11-12,357557,gallons,,R1,
M-1102,"814 County Rd 14, Wiley, CO 81092",Resident 1102,A-20102,2025-12-13,363364,gallons,,R1,
M-1103,"821 Highway 287, Wiley, CO 81092",Resident 1103,A-20103,2025-07-13,251391,gallons,,R2,
M-1103,"821 Highway 287, Wiley, CO 81092",Resident 1103,A-20103,2025-08-14,257461,gallons,,R2,
M-1103,"821 Highway 287, Wiley, CO 81092",Resident 1103,A-20103,2025-09-15,262018,gallons,,R2,
M-1103,"821 Highway 287, Wiley, CO 81092",Resident 1103,A-20103,2025-10-16,266044,gallons,,R2,
M-1103,"821 Highway 287, Wiley, CO 81092",Resident 1103,A-20103,2025-11-12,269356,gallons,,R2,
M-1103,"821 Highway 287, Wiley, CO 81092",Resident 1103,A-20103,2025-12-13,272790,gallons,,R2,
M-1104,"828 Maple Ave, Wiley, CO 81092",Resident 1104,A-20104,2025-07-13,226577,gallons,,R3,
M-1104,"828 Maple Ave, Wiley, CO 81092",Resident 1104,A-20104,2025-08-14,236637,gallons,,R3,
M-1104,"828 Maple Ave, Wiley, CO 81092",Resident 1104,A-20104,2025-09-15,244787,gallons,,R3,
M-1104,"828 Maple Ave, Wiley, CO 81092",Resident 1104,A-20104,2025-10-16,252029,gallons,,R3,
M-1104,"828 Maple Ave, Wiley, CO 81092",Resident 1104,A-20104,2025-11-12,258411,gallons,,R3,
M-1104,"828 Maple Ave, Wiley, CO 81092",Resident 1104,A-20104,2025-12-13,264756,gallons,,R3,
M-1105,"835 Oak St, Wiley, CO 81092",Resident 1105,A-20105,2025-07-13,339505,gallons,,R4,
M-1105,"835 Oak St, Wiley, CO 81092",Resident 1105,A-20105,2025-08-14,346971,gallons,,R4,
M-1105,"835 Oak St, Wiley, CO 81092",Resident 1105,A-20105,2025-09-15,353127,gallons,,R4,
M-1105,"835 Oak St, Wiley, CO 81092",Resident 1105,A-20105,2025-10-16,357958,gallons,,R4,
M-1105,"835 Oak St, Wiley, CO 81092",Resident 1105,A-20105,2025-11-12,362145,gallons,,R4,
M-1105,"835 Oak St, Wiley, CO 81092",Resident 1105,A-20105,2025-12-13,365748,gallons,,R4,
M-1106,"842 Elm St, Wiley, CO 81092",Resident 1106,A-20106,2025-07-13,440566,gallons,,R5,
M-1106,"842 Elm St, Wiley, CO 81092",Resident 1106,A-20106,2025-08-14,451264,gallons,,R5,
M-1106,"842 Elm St, Wiley, CO 81092",Resident 1106,A-20106,2025-09-15,461961,gallons,,R5,
M-1106,"842 Elm St, Wiley, CO 81092",Resident 1106,A-20106,2025-10-16,471040,gallons,,R5,
M-1106,"842 Elm St, Wiley, CO 81092",Resident 1106,A-20106,2025-11-12,477246,gallons,,R5,
M-1106,"842 Elm St, Wiley, CO 81092",Resident 1106,A-20106,2025-12-13,482810,gallons,,R5,
M-1107,"849 3rd Ave, Wiley, CO 81092",Resident 1107,A-20107,2025-07-13,242526,gallons,,R6,
M-1107,"849 3rd Ave, Wiley, CO 81092",Resident 1107,A-20107,2025-08-14,246228,gallons,,R6,
M-1107,"849 3rd Ave, Wiley, CO 81092",Resident 1107,A-20107,2025-09-15,249585,gallons,,R6,
M-1107,"849 3rd Ave, Wiley, CO 81092",Resident 1107,A-20107,2025-10-16,251957,gallons,,R6,
M-1107,"849 3rd Ave, Wiley, CO 81092",Resident 1107,A-20107,2025-11-12,253851,gallons,,R6,
M-1107,"849 3rd Ave, Wiley, CO 81092",Resident 1107,A-20107,2025-12-13,256077,gallons,,R6,
M-1108,"856 5th St, Wiley, CO 81092",Resident 1108,A-20108,2025-07-13,421759,gallons,,R1,
M-1108,"856 5th St, Wiley, CO 81092",Resident 1108,A-20108,2025-08-14,426757,gallons,,R1,
M-1108,"856 5th St, Wiley, CO 81092",Resident 1108,A-20108,2025-09-15,430912,gallons,,R1,
M-1108,"856 5th St, Wiley, CO 81092",Resident 1108,A-20108,2025-10-16,435231,gallons,,R1,
M-1108,"856 5th St, Wiley, CO 81092",Resident 1108,A-20108,2025-11-12,438343,gallons,,R1,
M-1108,"856 5th St, Wiley, CO 81092",Resident 1108,A-20108,2025-12-13,441022,gallons,,R1,
M-1109,"863 Ranch Rd, Wiley, CO 81092",Resident 1109,A-20109,2025-07-13,425101,gallons,,R2,
M-1109,"863 Ranch Rd, Wiley, CO 81092",Resident 1109,A-20109,2025-08-14,428853,gallons,,R2,
M-1109,"863 Ranch Rd, Wiley, CO 81092",Resident 1109,A-20109,2025-09-15,431912,gallons,,R2,
M-1109,"863 Ranch Rd, Wiley, CO 81092",Resident 1109,A-20109,2025-10-16,434018,gallons,,R2,
M-1109,"863 Ranch Rd, Wiley, CO 81092",Resident 1109,A-20109,2025-11-12,435940,gallons,,R2,
M-1109,"863 Ranch Rd, Wiley, CO 81092",Resident 1109,A-20109,2025-12-13,437771,gallons,,R2,
M-1110,"870 Irrigation Ln, Wiley, CO 81092",Resident 1110,A-20110,2025-07-13,389202,gallons,,R3,
M-1110,"870 Irrigation Ln, Wiley, CO 81092",Resident 1110,A-20110,2025-08-14,395805,gallons,,R3,
M-1110,"870 Irrigation Ln, Wiley, CO 81092",Resident 1110,A-20110,2025-09-15,400892,gallons,,R3,
M-1110,"870 Irrigation Ln, Wiley, CO 81092",Resident 1110,A-20110,2025-10-16,405795,gallons,,R3,
M-1110,"870 Irrigation Ln, Wiley, CO 81092",Resident 1110,A-20110,2025-11-12,408856,gallons,,R3,
M-1110,"870 Irrigation Ln, Wiley, CO 81092",Resident 1110,A-20110,2025-12-13,412704,gallons,,R3,
M-1111,"877 North Frontage, Wiley, CO 81092",Resident 1111,A-20111,2025-07-13,120859,gallons,,R4,
M-1111,"877 North Frontage, Wiley, CO 81092",Resident 1111,A-20111,2025-08-14,127734,gallons,,R4,
M-1111,"877 North Frontage, Wiley, CO 81092",Resident 1111,A-20111,2025-09-15,134556,gallons,,R4,
M-1111,"877 North Frontage, Wiley, CO 81092",Resident 1111,A-20111,2025-10-16,140311,gallons,,R4,
M-1111,"877 North Frontage, Wiley, CO 81092",Resident 1111,A-20111,2025-11-12,144056,gallons,,R4,
M-1111,"877 North Frontage, Wiley, CO 81092",Resident 1111,A-20111,2025-12-13,148738,gallons,,R4,
M-1112,"884 South Loop, Wiley, CO 81092",Resident 1112,A-20112,2025-07-13,392070,gallons,,R5,
M-1112,"884 South Loop, Wiley, CO 81092",Resident 1112,A-20112,2025-08-14,397835,gallons,,R5,
M-1112,"884 South Loop, Wiley, CO 81092",Resident 1112,A-20112,2025-09-15,402800,gallons,,R5,
M-1112,"884 South Loop, Wiley, CO 81092",Resident 1112,A-20112,2025-10-16,406591,gallons,,R5,
M-1112,"884 South Loop, Wiley, CO 81092",Resident 1112,A-20112,2025-11-12,409669,gallons,,R5,
M-1112,"884 South Loop, Wiley, CO 81092",Resident 1112,A-20112,2025-12-13,412546,gallons,,R5,
M-1113,"891 Pioneer Rd, Wiley, CO 81092",Resident 1113,A-20113,2025-07-13,241331,gallons,,R6,
M-1113,"891 Pioneer Rd, Wiley, CO 81092",Resident 1113,A-20113,2025-08-14,244595,gallons,,R6,
M-1113,"891 Pioneer Rd, Wiley, CO 81092",Resident 1113,A-20113,2025-09-15,247973,gallons,,R6,
M-1113,"891 Pioneer Rd, Wiley, CO 81092",Resident 1113,A-20113,2025-10-16,250443,gallons,,R6,
M-1113,"891 Pioneer Rd, Wiley, CO 81092",Resident 1113,A-20113,2025-11-12,252678,gallons,,R6,
M-1113,"891 Pioneer Rd, Wiley, CO 81092",Resident 1113,A-20113,2025-12-13,254816,gallons,,R6,
M-1114,"898 Cottonwood Dr, Wiley, CO 81092",Resident 1114,A-20114,2025-07-13,446501,gallons,,R1,
M-1114,"898 Cottonwood Dr, Wiley, CO 81092",Resident 1114,A-20114,2025-08-14,451123,gallons,,R1,
M-1114,"898 Cottonwood Dr, Wiley, CO 81092",Resident 1114,A-20114,2025-09-15,455008,gallons,,R1,
M-1114,"898 Cottonwood Dr, Wiley, CO 81092",Resident 1114,A-20114,2025-10-16,458681,gallons,,R1,
M-1114,"898 Cottonwood Dr, Wiley, CO 81092",Resident 1114,A-20114,2025-11-12,461457,gallons,,R1,
M-1114,"898 Cottonwood Dr, Wiley, CO 81092",Resident 1114,A-20114,2025-12-13,464666,gallons,,R1,
M-1115,"905 Sand Creek Rd, Wiley, CO 81092",Resident 1115,A-20115,2025-07-13,188568,gallons,,R2,
M-1115,"905 Sand Creek Rd, Wiley, CO 81092",Resident 1115,A-20115,2025-08-14,197239,gallons,,R2,
M-1115,"905 Sand Creek Rd, Wiley, CO 81092",Resident 1115,A-20115,2025-09-15,205019,gallons,,R2,
M-1115,"905 Sand Creek Rd, Wiley, CO 81092",Resident 1115,A-20115,2025-10-16,212458,gallons,,R2,
M-1115,"905 Sand Creek Rd, Wiley, CO 81092",Resident 1115,A-20115,2025-11-12,217602,gallons,,R2,
M-1115,"905 Sand Creek Rd, Wiley, CO 81092",Resident 1115,A-20115,2025-12-13,222447,gallons,,R2,
M-1116,"912 Prairie View, Wiley, CO 81092",Resident 1116,A-20116,2025-07-13,216568,gallons,,R3,
M-1116,"912 Prairie View, Wiley, CO 81092",Resident 1116,A-20116,2025-08-14,228940,gallons,,R3,
M-1116,"912 Prairie View, Wiley, CO 81092",Resident 1116,A-20116,2025-09-15,238988,gallons,,R3,
M-1116,"912 Prairie View, Wiley, CO 81092",Resident 1116,A-20116,2025-10-16,247354,gallons,,R3,
M-1116,"912 Prairie View, Wiley, CO 81092",Resident 1116,A-20116,2025-11-12,253094,gallons,,R3,
M-1116,"912 Prairie View, Wiley, CO 81092",Resident 1116,A-20116,2025-12-13,258341,gallons,,R3,
M-1117,"919 School House Rd, Wiley, CO 81092",Resident 1117,A-20117,2025-07-13,250057,gallons,,R4,
M-1117,"919 School House Rd, Wiley, CO 81092",Resident 1117,A-20117,2025-08-14,257092,gallons,,R4,
M-1117,"919 School House Rd, Wiley, CO 81092",Resident 1117,A-20117,2025-09-15,262620,gallons,,R4,
M-1117,"919 School House Rd, Wiley, CO 81092",Resident 1117,A-20117,2025-10-16,266756,gallons,,R4,
M-1117,"919 School House Rd, Wiley, CO 81092",Resident 1117,A-20117,2025-11-12,269807,gallons,,R4,
M-1117,"919 School House Rd, Wiley, CO 81092",Resident 1117,A-20117,2025-12-13,273221,gallons,,R4,
M-1118,"926 Cemetery Rd, Wiley, CO 81092",Resident 1118,A-20118,2025-07-13,159900,gallons,,R5,
M-1118,"926 Cemetery Rd, Wiley, CO 81092",Resident 1118,A-20118,2025-08-14,165949,gallons,,R5,
M-1118,"926 Cemetery Rd, Wiley, CO 81092",Resident 1118,A-20118,2025-09-15,171136,gallons,,R5,
M-1118,"926 Cemetery Rd, Wiley, CO 81092",Resident 1118,A-20118,2025-10-16,175259,gallons,,R5,
M-1118,"926 Cemetery Rd, Wiley, CO 81092",Resident 1118,A-20118,2025-11-12,178379,gallons,,R5,
M-1118,"926 Cemetery Rd, Wiley, CO 81092",Resident 1118,A-20118,2025-12-13,181581,gallons,,R5,
M-1119,"933 Grain Elevator Rd, Wiley, CO 81092",Resident 1119,A-20119,2025-07-13,199273,gallons,,R6,
M-1119,"933 Grain Elevator Rd, Wiley, CO 81092",Resident 1119,A-20119,2025-08-14,210644,gallons,,R6,
M-1119,"933 Grain Elevator Rd, Wiley, CO 81092",Resident 1119,A-20119,2025-09-15,219277,gallons,,R6,
M-1119,"933 Grain Elevator Rd, Wiley, CO 81092",Resident 1119,A-20119,2025-10-16,225729,gallons,,R6,
M-1119,"933 Grain Elevator Rd, Wiley, CO 81092",Resident 1119,A-20119,2025-11-12,231135,gallons,,R6,
M-1119,"933 Grain Elevator Rd, Wiley, CO 81092",Resident 1119,A-20119,2025-12-13,236758,gallons,,R6,
M-1120,"940 Main St, Wiley, CO 81092",Resident 1120,A-20120,2025-07-13,414363,gallons,,R1,
M-1120,"940 Main St, Wiley, CO 81092",Resident 1120,A-20120,2025-08-14,423650,gallons,,R1,
M-1120,"940 Main St, Wiley, CO 81092",Resident 1120,A-20120,2025-09-15,431276,gallons,,R1,
M-1120,"940 Main St, Wiley, CO 81092",Resident 1120,A-20120,2025-10-16,437354,gallons,,R1,
M-1120,"940 Main St, Wiley, CO 81092",Resident 1120,A-20120,2025-11-12,442388,gallons,,R1,
M-1120,"940 Main St, Wiley, CO 81092",Resident 1120,A-20120,2025-12-13,447122,gallons,,R1,
M-1121,"947 County Rd 10, Wiley, CO 81092",Resident 1121,A-20121,2025-07-13,197038,gallons,,R2,
M-1121,"947 County Rd 10, Wiley, CO 81092",Resident 1121,A-20121,2025-08-14,204548,gallons,,R2,
M-1121,"947 County Rd 10, Wiley, CO 81092",Resident 1121,A-20121,2025-09-15,210452,gallons,,R2,
M-1121,"947 County Rd 10, Wiley, CO 81092",Resident 1121,A-20121,2025-10-16,215519,gallons,,R2,
M-1121,"947 County Rd 10, Wiley, CO 81092",Resident 1121,A-20121,2025-11-12,219741,gallons,,R2,
M-1121,"947 County Rd 10, Wiley, CO 81092",Resident 1121,A-20121,2025-12-13,223784,gallons,,R2,
M-1122,"954 County Rd 14, Wiley, CO 81092",Resident 1122,A-20122,2025-07-13,287227,gallons,,R3,
M-1122,"954 County Rd 14, Wiley, CO 81092",Resident 1122,A-20122,2025-08-14,297893,gallons,,R3,
M-1122,"954 County Rd 14, Wiley, CO 81092",Resident 1122,A-20122,2025-09-15,306023,gallons,,R3,
M-1122,"954 County Rd 14, Wiley, CO 81092",Resident 1122,A-20122,2025-10-16,314277,gallons,,R3,
M-1122,"954 County Rd 14, Wiley, CO 81092",Resident 1122,A-20122,2025-11-12,319085,gallons,,R3,
M-1122,"954 County Rd 14, Wiley, CO 81092",Resident 1122,A-20122,2025-12-13,325077,gallons,,R3,
M-1123,"961 Highway 287, Wiley, CO 81092",Resident 1123,A-20123,2025-07-13,272137,gallons,,R4,
M-1123,"961 Highway 287, Wiley, CO 81092",Resident 1123,A-20123,2025-08-14,281304,gallons,,R4,
M-1123,"961 Highway 287, Wiley, CO 81092",Resident 1123,A-20123,2025-09-15,288421,gallons,,R4,
M-1123,"961 Highway 287, Wiley, CO 81092",Resident 1123,A-20123,2025-10-16,294665,gallons,,R4,
M-1123,"961 Highway 287, Wiley, CO 81092",Resident 1123,A-20123,2025-11-12,298698,gallons,,R4,
M-1123,"961 Highway 287, Wiley, CO 81092",Resident 1123,A-20123,2025-12-13,303060,gallons,,R4,
M-1124,"968 Maple Ave, Wiley, CO 81092",Resident 1124,A-20124,2025-07-13,409455,gallons,,R5,
M-1124,"968 Maple Ave, Wiley, CO 81092",Resident 1124,A-20124,2025-08-14,414090,gallons,,R5,
M-1124,"968 Maple Ave, Wiley, CO 81092",Resident 1124,A-20124,2025-09-15,417433,gallons,,R5,
M-1124,"968 Maple Ave, Wiley, CO 81092",Resident 1124,A-20124,2025-10-16,421171,gallons,,R5,
M-1124,"968 Maple Ave, Wiley, CO 81092",Resident 1124,A-20124,2025-11-12,423569,gallons,,R5,
M-1124,"968 Maple Ave, Wiley, CO 81092",Resident 1124,A-20124,2025-12-13,426445,gallons,,R5,
M-1125,"975 Oak St, Wiley, CO 81092",Resident 1125,A-20125,2025-07-13,213166,gallons,,R6,
M-1125,"975 Oak St, Wiley, CO 81092",Resident 1125,A-20125,2025-08-14,219541,gallons,,R6,
M-1125,"975 Oak St, Wiley, CO 81092",Resident 1125,A-20125,2025-09-15,225224,gallons,,R6,
M-1125,"975 Oak St, Wiley, CO 81092",Resident 1125,A-20125,2025-10-16,228962,gallons,,R6,
M-1125,"975 Oak St, Wiley, CO 81092",Resident 1125,A-20125,2025-11-12,232079,gallons,,R6,
M-1125,"975 Oak St, Wiley, CO 81092",Resident 1125,A-20125,2025-12-13,235648,gallons,,R6,
M-1126,"982 Elm St, Wiley, CO 81092",Resident 1126,A-20126,2025-07-13,270536,gallons,,R1,
M-1126,"982 Elm St, Wiley, CO 81092",Resident 1126,A-20126,2025-08-14,275397,gallons,,R1,
M-1126,"982 Elm St, Wiley, CO 81092",Resident 1126,A-20126,2025-09-15,279265,gallons,,R1,
M-1126,"982 Elm St, Wiley, CO 81092",Resident 1126,A-20126,2025-10-16,282976,gallons,,R1,
M-1126,"982 Elm St, Wiley, CO 81092",Resident 1126,A-20126,2025-11-12,285612,gallons,,R1,
M-1126,"982 Elm St, Wiley, CO 81092",Resident 1126,A-20126,2025-12-13,287960,gallons,,R1,
M-1127,"989 3rd Ave, Wiley, CO 81092",Resident 1127,A-20127,2025-07-13,209418,gallons,,R2,
M-1127,"989 3rd Ave, Wiley, CO 81092",Resident 1127,A-20127,2025-08-14,215903,gallons,,R2,
M-1127,"989 3rd Ave, Wiley, CO 81092",Resident 1127,A-20127,2025-09-15,220396,gallons,,R2,
M-1127,"989 3rd Ave, Wiley, CO 81092",Resident 1127,A-20127,2025-10-16,224805,gallons,,R2,
M-1127,"989 3rd Ave, Wiley, CO 81092",Resident 1127,A-20127,2025-11-12,228365,gallons,,R2,
M-1127,"989 3rd Ave, Wiley, CO 81092",Resident 1127,A-20127,2025-12-13,231088,gallons,,R2,
M-1128,"996 5th St, Wiley, CO 81092",Resident 1128,A-20128,2025-07-13,489385,gallons,,R3,
M-1128,"996 5th St, Wiley, CO 81092",Resident 1128,A-20128,2025-08-14,500454,gallons,,R3,
M-1128,"996 5th St, Wiley, CO 81092",Resident 1128,A-20128,2025-09-15,510398,gallons,,R3,
M-1128,"996 5th St, Wiley, CO 81092",Resident 1128,A-20128,2025-10-16,518030,gallons,,R3,
M-1128,"996 5th St, Wiley, CO 81092",Resident 1128,A-20128,2025-11-12,524811,gallons,,R3,
M-1128,"996 5th St, Wiley, CO 81092",Resident 1128,A-20128,2025-12-13,531827,gallons,,R3,
M-1129,"1003 Ranch Rd, Wiley, CO 81092",Resident 1129,A-20129,2025-07-13,272737,gallons,,R4,
M-1129,"1003 Ranch Rd, Wiley, CO 81092",Resident 1129,A-20129,2025-08-14,281806,gallons,,R4,
M-1129,"1003 Ranch Rd, Wiley, CO 81092",Resident 1129,A-20129,2025-09-15,288917,gallons,,R4,
M-1129,"1003 Ranch Rd, Wiley, CO 81092",Resident 1129,A-20129,2025-10-16,295471,gallons,,R4,
M-1129,"1003 Ranch Rd, Wiley, CO 81092",Resident 1129,A-20129,2025-11-12,300792,gallons,,R4,
M-1129,"1003 Ranch Rd, Wiley, CO 81092",Resident 1129,A-20129,2025-12-13,306272,gallons,,R4,
M-1130,"1010 Irrigation Ln, Wiley, CO 81092",Resident 1130,A-20130,2025-07-13,398050,gallons,,R5,
M-1130,"1010 Irrigation Ln, Wiley, CO 81092",Resident 1130,A-20130,2025-08-14,407212,gallons,,R5,
M-1130,"1010 Irrigation Ln, Wiley, CO 81092",Resident 1130,A-20130,2025-09-15,415703,gallons,,R5,
M-1130,"1010 Irrigation Ln, Wiley, CO 81092",Resident 1130,A-20130,2025-10-16,423263,gallons,,R5,
M-1130,"1010 Irrigation Ln, Wiley, CO 81092",Resident 1130,A-20130,2025-11-12,428196,gallons,,R5,
M-1130,"1010 Irrigation Ln, Wiley, CO 81092",Resident 1130,A-20130,2025-12-13,433495,gallons,,R5,
M-1131,"1017 North Frontage, Wiley, CO 81092",Resident 1131,A-20131,2025-07-13,359279,gallons,,R6,
M-1131,"1017 North Frontage, Wiley, CO 81092",Resident 1131,A-20131,2025-08-14,364321,gallons,,R6,
M-1131,"1017 North Frontage, Wiley, CO 81092",Resident 1131,A-20131,2025-09-15,369871,gallons,,R6,
M-1131,"1017 North Frontage, Wiley, CO 81092",Resident 1131,A-20131,2025-10-16,373700,gallons,,R6,
M-1131,"1017 North Frontage, Wiley, CO 81092",Resident 1131,A-20131,2025-11-12,377088,gallons,,R6,
M-1131,"1017 North Frontage, Wiley, CO 81092",Resident 1131,A-20131,2025-12-13,380414,gallons,,R6,
M-1132,"1024 South Loop, Wiley, CO 81092",Resident 1132,A-20132,2025-07-13,284719,gallons,,R1,
M-1132,"1024 South Loop, Wiley, CO 81092",Resident 1132,A-20132,2025-08-14,294656,gallons,,R1,
M-1132,"1024 South Loop, Wiley, CO 81092",Resident 1132,A-20132,2025-09-15,303412,gallons,,R1,
M-1132,"1024 South Loop, Wiley, CO 81092",Resident 1132,A-20132,2025-10-16,311270,gallons,,R1,
M-1132,"1024 South Loop, Wiley, CO 81092",Resident 1132,A-20132,2025-11-12,318243,gallons,,R1,
M-1132,"1024 South Loop, Wiley, CO 81092",Resident 1132,A-20132,2025-12-13,323661,gallons,,R1,
M-1133,"1031 Pioneer Rd, Wiley, CO 81092",Resident 1133,A-20133,2025-07-13,160420,gallons,,R2,
M-1133,"1031 Pioneer Rd, Wiley, CO 81092",Resident 1133,A-20133,2025-08-14,168629,gallons,,R2,
M-1133,"1031 Pioneer Rd, Wiley, CO 81092",Resident 1133,A-20133,2025-09-15,175732,gallons,,R2,
M-1133,"1031 Pioneer Rd, Wiley, CO 81092",Resident 1133,A-20133,2025-10-16,183488,gallons,,R2,
M-1133,"1031 Pioneer Rd, Wiley, CO 81092",Resident 1133,A-20133,2025-11-12,188787,gallons,,R2,
M-1133,"1031 Pioneer Rd, Wiley, CO 81092",Resident 1133,A-20133,2025-12-13,193985,gallons,,R2,
M-1134,"1038 Cottonwood Dr, Wiley, CO 81092",Resident 1134,A-20134,2025-07-13,166375,gallons,,R3,
M-1134,"1038 Cottonwood Dr, Wiley, CO 81092",Resident 1134,A-20134,2025-08-14,174391,gallons,,R3,
M-1134,"1038 Cottonwood Dr, Wiley, CO 81092",Resident 1134,A-20134,2025-09-15,181218,gallons,,R3,
M-1134,"1038 Cottonwood Dr, Wiley, CO 81092",Resident 1134,A-20134,2025-10-16,186981,gallons,,R3,
M-1134,"1038 Cottonwood Dr, Wiley, CO 81092",Resident 1134,A-20134,2025-11-12,191050,gallons,,R3,
M-1134,"1038 Cottonwood Dr, Wiley, CO 81092",Resident 1134,A-20134,2025-12-13,194906,gallons,,R3,
M-1135,"1045 Sand Creek Rd, Wiley, CO 81092",Resident 1135,A-20135,2025-07-13,466129,gallons,,R4,
M-1135,"1045 Sand Creek Rd, Wiley, CO 81092",Resident 1135,A-20135,2025-08-14,476949,gallons,,R4,
M-1135,"1045 Sand Creek Rd, Wiley, CO 81092",Resident 1135,A-20135,2025-09-15,484553,gallons,,R4,
M-1135,"1045 Sand Creek Rd, Wiley, CO 81092",Resident 1135,A-20135,2025-10-16,490876,gallons,,R4,
M-1135,"1045 Sand Creek Rd, Wiley, CO 81092",Resident 1135,A-20135,2025-11-12,496557,gallons,,R4,
M-1135,"1045 Sand Creek Rd, Wiley, CO 81092",Resident 1135,A-20135,2025-12-13,501087,gallons,,R4,
M-1136,"1052 Prairie View, Wiley, CO 81092",Resident 1136,A-20136,2025-07-13,341605,gallons,,R5,
M-1136,"1052 Prairie View, Wiley, CO 81092",Resident 1136,A-20136,2025-08-14,349382,gallons,,R5,
M-1136,"1052 Prairie View, Wiley, CO 81092",Resident 1136,A-20136,2025-09-15,355045,gallons,,R5,
M-1136,"1052 Prairie View, Wiley, CO 81092",Resident 1136,A-20136,2025-10-16,360517,gallons,,R5,
M-1136,"1052 Prairie View, Wiley, CO 81092",Resident 1136,A-20136,2025-11-12,364514,gallons,,R5,
M-1136,"1052 Prairie View, Wiley, CO 81092",Resident 1136,A-20136,2025-12-13,369220,gallons,,R5,
M-1137,"1059 School House Rd, Wiley, CO 81092",Resident 1137,A-20137,2025-07-13,261651,gallons,,R6,
M-1137,"1059 School House Rd, Wiley, CO 81092",Resident 1137,A-20137,2025-08-14,268058,gallons,,R6,
M-1137,"1059 School House Rd, Wiley, CO 81092",Resident 1137,A-20137,2025-09-15,273598,gallons,,R6,
M-1137,"1059 School House Rd, Wiley, CO 81092",Resident 1137,A-20137,2025-10-16,278697,gallons,,R6,
M-1137,"1059 School House Rd, Wiley, CO 81092",Resident 1137,A-20137,2025-11-12,282852,gallons,,R6,
M-1137,"1059 School House Rd, Wiley, CO 81092",Resident 1137,A-20137,2025-12-13,287084,gallons,,R6,
M-1138,"1066 Cemetery Rd, Wiley, CO 81092",Resident 1138,A-20138,2025-07-13,125101,gallons,,R1,
M-1138,"1066 Cemetery Rd, Wiley, CO 81092",Resident 1138,A-20138,2025-08-14,130197,gallons,,R1,
M-1138,"1066 Cemetery Rd, Wiley, CO 81092",Resident 1138,A-20138,2025-09-15,134268,gallons,,R1,
M-1138,"1066 Cemetery Rd, Wiley, CO 81092",Resident 1138,A-20138,2025-10-16,138775,gallons,,R1,
M-1138,"1066 Cemetery Rd, Wiley, CO 81092",Resident 1138,A-20138,2025-11-12,142073,gallons,,R1,
M-1138,"1066 Cemetery Rd, Wiley, CO 81092",Resident 1138,A-20138,2025-12-13,145181,gallons,,R1,
M-1139,"1073 Grain Elevator Rd, Wiley, CO 81092",Resident 1139,A-20139,2025-07-13,92302,gallons,,R2,
M-1139,"1073 Grain Elevator Rd, Wiley, CO 81092",Resident 1139,A-20139,2025-08-14,97416,gallons,,R2,
M-1139,"1073 Grain Elevator Rd, Wiley, CO 81092",Resident 1139,A-20139,2025-09-15,101581,gallons,,R2,
M-1139,"1073 Grain Elevator Rd, Wiley, CO 81092",Resident 1139,A-20139,2025-10-16,104435,gallons,,R2,
M-1139,"1073 Grain Elevator Rd, Wiley, CO 81092",Resident 1139,A-20139,2025-11-12,106784,gallons,,R2,
M-1139,"1073 Grain Elevator Rd, Wiley, CO 81092",Resident 1139,A-20139,2025-12-13,109123,gallons,,R2,
M-1140,"1080 Main St, Wiley, CO 81092",Resident 1140,A-20140,2025-07-13,302791,gallons,,R3,
M-1140,"1080 Main St, Wiley, CO 81092",Resident 1140,A-20140,2025-08-14,311438,gallons,,R3,
M-1140,"1080 Main St, Wiley, CO 81092",Resident 1140,A-20140,2025-09-15,317688,gallons,,R3,
M-1140,"1080 Main St, Wiley, CO 81092",Resident 1140,A-20140,2025-10-16,323578,gallons,,R3,
M-1140,"1080 Main St, Wiley, CO 81092",Resident 1140,A-20140,2025-11-12,328681,gallons,,R3,
M-1140,"1080 Main St, Wiley, CO 81092",Resident 1140,A-20140,2025-12-13,332862,gallons,,R3,
M-1141,"1087 County Rd 10, Wiley, CO 81092",Resident 1141,A-20141,2025-07-13,198267,gallons,,R4,
M-1141,"1087 County Rd 10, Wiley, CO 81092",Resident 1141,A-20141,2025-08-14,205454,gallons,,R4,
M-1141,"1087 County Rd 10, Wiley, CO 81092",Resident 1141,A-20141,2025-09-15,211645,gallons,,R4,
M-1141,"1087 County Rd 10, Wiley, CO 81092",Resident 1141,A-20141,2025-10-16,217942,gallons,,R4,
M-1141,"1087 County Rd 10, Wiley, CO 81092",Resident 1141,A-20141,2025-11-12,222364,gallons,,R4,
M-1141,"1087 County Rd 10, Wiley, CO 81092",Resident 1141,A-20141,2025-12-13,227053,gallons,,R4,
M-1142,"1094 County Rd 14, Wiley, CO 81092",Resident 1142,A-20142,2025-07-13,419797,gallons,,R5,
M-1142,"1094 County Rd 14, Wiley, CO 81092",Resident 1142,A-20142,2025-08-14,424167,gallons,,R5,
M-1142,"1094 County Rd 14, Wiley, CO 81092",Resident 1142,A-20142,2025-09-15,427840,gallons,,R5,
M-1142,"1094 County Rd 14, Wiley, CO 81092",Resident 1142,A-20142,2025-10-16,430637,gallons,,R5,
M-1142,"1094 County Rd 14, Wiley, CO 81092",Resident 1142,A-20142,2025-11-12,432868,gallons,,R5,
M-1142,"1094 County Rd 14, Wiley, CO 81092",Resident 1142,A-20142,2025-12-13,435308,gallons,,R5,
M-1143,"1101 Highway 287, Wiley, CO 81092",Resident 1143,A-20143,2025-07-13,291338,gallons,,R6,
M-1143,"1101 Highway 287, Wiley, CO 81092",Resident 1143,A-20143,2025-08-14,301810,gallons,,R6,
M-1143,"1101 Highway 287, Wiley, CO 81092",Resident 1143,A-20143,2025-09-15,311388,gallons,,R6,
M-1143,"1101 Highway 287, Wiley, CO 81092",Resident 1143,A-20143,2025-10-16,319510,gallons,,R6,
M-1143,"1101 Highway 287, Wiley, CO 81092",Resident 1143,A-20143,2025-11-12,325252,gallons,,R6,
M-1143,"1101 Highway 287, Wiley, CO 81092",Resident 1143,A-20143,2025-12-13,331125,gallons,,R6,
M-1144,"1108 Maple Ave, Wiley, CO 81092",Resident 1144,A-20144,2025-07-13,166454,gallons,,R1,
M-1144,"1108 Maple Ave, Wiley, CO 81092",Resident 1144,A-20144,2025-08-14,169517,gallons,,R1,
M-1144,"1108 Maple Ave, Wiley, CO 81092",Resident 1144,A-20144,2025-09-15,172575,gallons,,R1,
M-1144,"1108 Maple Ave, Wiley, CO 81092",Resident 1144,A-20144,2025-10-16,174894,gallons,,R1,
M-1144,"1108 Maple Ave, Wiley, CO 81092",Resident 1144,A-20144,2025-11-12,176940,gallons,,R1,
M-1144,"1108 Maple Ave, Wiley, CO 81092",Resident 1144,A-20144,2025-12-13,178665,gallons,,R1,
M-1145,"1115 Oak St, Wiley, CO 81092",Resident 1145,A-20145,2025-07-13,321467,gallons,,R2,
M-1145,"1115 Oak St, Wiley, CO 81092",Resident 1145,A-20145,2025-08-14,325867,gallons,,R2,
M-1145,"1115 Oak St, Wiley, CO 81092",Resident 1145,A-20145,2025-09-15,329292,gallons,,R2,
M-1145,"1115 Oak St, Wiley, CO 81092",Resident 1145,A-20145,2025-10-16,332247,gallons,,R2,
M-1145,"1115 Oak St, Wiley, CO 81092",Resident 1145,A-20145,2025-11-12,334779,gallons,,R2,
M-1145,"1115 Oak St, Wiley, CO 81092",Resident 1145,A-20145,2025-12-13,336949,gallons,,R2,
M-1146,"1122 Elm St, Wiley, CO 81092",Resident 1146,A-20146,2025-07-13,380838,gallons,,R3,
M-1146,"1122 Elm St, Wiley, CO 81092",Resident 1146,A-20146,2025-08-14,385947,gallons,,R3,
M-1146,"1122 Elm St, Wiley, CO 81092",Resident 1146,A-20146,2025-09-15,389427,gallons,,R3,
M-1146,"1122 Elm St, Wiley, CO 81092",Resident 1146,A-20146,2025-10-16,392725,gallons,,R3,
M-1146,"1122 Elm St, Wiley, CO 81092",Resident 1146,A-20146,2025-11-12,395615,gallons,,R3,
M-1146,"1122 Elm St, Wiley, CO 81092",Resident 1146,A-20146,2025-12-13,398481,gallons,,R3,
M-1147,"1129 3rd Ave, Wiley, CO 81092",Resident 1147,A-20147,2025-07-13,367047,gallons,,R4,
M-1147,"1129 3rd Ave, Wiley, CO 81092",Resident 1147,A-20147,2025-08-14,375695,gallons,,R4,
M-1147,"1129 3rd Ave, Wiley, CO 81092",Resident 1147,A-20147,2025-09-15,383269,gallons,,R4,
M-1147,"1129 3rd Ave, Wiley, CO 81092",Resident 1147,A-20147,2025-10-16,390884,gallons,,R4,
M-1147,"1129 3rd Ave, Wiley, CO 81092",Resident 1147,A-20147,2025-11-12,396147,gallons,,R4,
M-1147,"1129 3rd Ave, Wiley, CO 81092",Resident 1147,A-20147,2025-12-13,400849,gallons,,R4,
M-1148,"1136 5th St, Wiley, CO 81092",Resident 1148,A-20148,2025-07-13,387485,gallons,,R5,
M-1148,"1136 5th St, Wiley, CO 81092",Resident 1148,A-20148,2025-08-14,392836,gallons,,R5,
M-1148,"1136 5th St, Wiley, CO 81092",Resident 1148,A-20148,2025-09-15,396377,gallons,,R5,
M-1148,"1136 5th St, Wiley, CO 81092",Resident 1148,A-20148,2025-10-16,399609,gallons,,R5,
M-1148,"1136 5th St, Wiley, CO 81092",Resident 1148,A-20148,2025-11-12,402612,gallons,,R5,
M-1148,"1136 5th St, Wiley, CO 81092",Resident 1148,A-20148,2025-12-13,404937,gallons,,R5,
M-1149,"1143 Ranch Rd, Wiley, CO 81092",Resident 1149,A-20149,2025-07-13,151155,gallons,,R6,
M-1149,"1143 Ranch Rd, Wiley, CO 81092",Resident 1149,A-20149,2025-08-14,161576,gallons,,R6,
M-1149,"1143 Ranch Rd, Wiley, CO 81092",Resident 1149,A-20149,2025-09-15,170834,gallons,,R6,
M-1149,"1143 Ranch Rd, Wiley, CO 81092",Resident 1149,A-20149,2025-10-16,179723,gallons,,R6,
M-1149,"1143 Ranch Rd, Wiley, CO 81092",Resident 1149,A-20149,2025-11-12,185169,gallons,,R6,
M-1149,"1143 Ranch Rd, Wiley, CO 81092",Resident 1149,A-20149,2025-12-13,190430,gallons,,R6,
M-1150,"1150 Irrigation Ln, Wiley, CO 81092",Resident 1150,A-20150,2025-07-13,180593,gallons,,R1,
M-1150,"1150 Irrigation Ln, Wiley, CO 81092",Resident 1150,A-20150,2025-08-14,187895,gallons,,R1,
M-1150,"1150 Irrigation Ln, Wiley, CO 81092",Resident 1150,A-20150,2025-09-15,195242,gallons,,R1,
M-1150,"1150 Irrigation Ln, Wiley, CO 81092",Resident 1150,A-20150,2025-10-16,200902,gallons,,R1,
M-1150,"1150 Irrigation Ln, Wiley, CO 81092",Resident 1150,A-20150,2025-11-12,204548,gallons,,R1,
M-1150,"1150 Irrigation Ln, Wiley, CO 81092",Resident 1150,A-20150,2025-12-13,208908,gallons,,R1,
M-1151,"1157 North Frontage, Wiley, CO 81092",Resident 1151,A-20151,2025-07-13,175973,gallons,,R2,
M-1151,"1157 North Frontage, Wiley, CO 81092",Resident 1151,A-20151,2025-08-14,186669,gallons,,R2,
M-1151,"1157 North Frontage, Wiley, CO 81092",Resident 1151,A-20151,2025-09-15,196031,gallons,,R2,
M-1151,"1157 North Frontage, Wiley, CO 81092",Resident 1151,A-20151,2025-10-16,203778,gallons,,R2,
M-1151,"1157 North Frontage, Wiley, CO 81092",Resident 1151,A-20151,2025-11-12,209862,gallons,,R2,
M-1151,"1157 North Frontage, Wiley, CO 81092",Resident 1151,A-20151,2025-12-13,214619,gallons,,R2,
M-1152,"1164 South Loop, Wiley, CO 81092",Resident 1152,A-20152,2025-07-13,162357,gallons,,R3,
M-1152,"1164 South Loop, Wiley, CO 81092",Resident 1152,A-20152,2025-08-14,165774,gallons,,R3,
M-1152,"1164 South Loop, Wiley, CO 81092",Resident 1152,A-20152,2025-09-15,169019,gallons,,R3,
M-1152,"1164 South Loop, Wiley, CO 81092",Resident 1152,A-20152,2025-10-16,171841,gallons,,R3,
M-1152,"1164 South Loop, Wiley, CO 81092",Resident 1152,A-20152,2025-11-12,173958,gallons,,R3,
M-1152,"1164 South Loop, Wiley, CO 81092",Resident 1152,A-20152,2025-12-13,175965,gallons,,R3,
M-1153,"1171 Pioneer Rd, Wiley, CO 81092",Resident 1153,A-20153,2025-07-13,403668,gallons,,R4,
M-1153,"1171 Pioneer Rd, Wiley, CO 81092",Resident 1153,A-20153,2025-08-14,411862,gallons,,R4,
M-1153,"1171 Pioneer Rd, Wiley, CO 81092",Resident 1153,A-20153,2025-09-15,417203,gallons,,R4,
M-1153,"1171 Pioneer Rd, Wiley, CO 81092",Resident 1153,A-20153,2025-10-16,423163,gallons,,R4,
M-1153,"1171 Pioneer Rd, Wiley, CO 81092",Resident 1153,A-20153,2025-11-12,427589,gallons,,R4,
M-1153,"1171 Pioneer Rd, Wiley, CO 81092",Resident 1153,A-20153,2025-12-13,431973,gallons,,R4,
M-1154,"1178 Cottonwood Dr, Wiley, CO 81092",Resident 1154,A-20154,2025-07-13,136851,gallons,,R5,
M-1154,"1178 Cottonwood Dr, Wiley, CO 81092",Resident 1154,A-20154,2025-08-14,144436,gallons,,R5,
M-1154,"1178 Cottonwood Dr, Wiley, CO 81092",Resident 1154,A-20154,2025-09-15,150826,gallons,,R5,
M-1154,"1178 Cottonwood Dr, Wiley, CO 81092",Resident 1154,A-20154,2025-10-16,156775,gallons,,R5,
M-1154,"1178 Cottonwood Dr, Wiley, CO 81092",Resident 1154,A-20154,2025-11-12,160854,gallons,,R5,
M-1154,"1178 Cottonwood Dr, Wiley, CO 81092",Resident 1154,A-20154,2025-12-13,164562,gallons,,R5,
M-1155,"1185 Sand Creek Rd, Wiley, CO 81092",Resident 1155,A-20155,2025-07-13,328711,gallons,,R6,
M-1155,"1185 Sand Creek Rd, Wiley, CO 81092",Resident 1155,A-20155,2025-08-14,339445,gallons,,R6,
M-1155,"1185 Sand Creek Rd, Wiley, CO 81092",Resident 1155,A-20155,2025-09-15,348079,gallons,,R6,
M-1155,"1185 Sand Creek Rd, Wiley, CO 81092",Resident 1155,A-20155,2025-10-16,355828,gallons,,R6,
M-1155,"1185 Sand Creek Rd, Wiley, CO 81092",Resident 1155,A-20155,2025-11-12,360962,gallons,,R6,
M-1155,"1185 Sand Creek Rd, Wiley, CO 81092",Resident 1155,A-20155,2025-12-13,366592,gallons,,R6,
M-1156,"1192 Prairie View, Wiley, CO 81092",Resident 1156,A-20156,2025-07-13,669716,gallons,,R1,
M-1156,"1192 Prairie View, Wiley, CO 81092",Resident 1156,A-20156,2025-08-14,704357,gallons,,R1,
M-1156,"1192 Prairie View, Wiley, CO 81092",Resident 1156,A-20156,2025-09-15,736456,gallons,,R1,
M-1156,"1192 Prairie View, Wiley, CO 81092",Resident 1156,A-20156,2025-10-16,758500,gallons,,R1,
M-1156,"1192 Prairie View, Wiley, CO 81092",Resident 1156,A-20156,2025-11-12,778300,gallons,,R1,
M-1156,"1192 Prairie View, Wiley, CO 81092",Resident 1156,A-20156,2025-12-13,797463,gallons,,R1,
M-1157,"1199 School House Rd, Wiley, CO 81092",Resident 1157,A-20157,2025-07-13,420717,gallons,,R2,
M-1157,"1199 School House Rd, Wiley, CO 81092",Resident 1157,A-20157,2025-08-14,428743,gallons,,R2,
M-1157,"1199 School House Rd, Wiley, CO 81092",Resident 1157,A-20157,2025-09-15,435413,gallons,,R2,
M-1157,"1199 School House Rd, Wiley, CO 81092",Resident 1157,A-20157,2025-10-16,442054,gallons,,R2,
M-1157,"1199 School House Rd, Wiley, CO 81092",Resident 1157,A-20157,2025-11-12,447490,gallons,,R2,
M-1157,"1199 School House Rd, Wiley, CO 81092",Resident 1157,A-20157,2025-12-13,452830,gallons,,R2,
M-1158,"1206 Cemetery Rd, Wiley, CO 81092",Resident 1158,A-20158,2025-07-13,179059,gallons,,R3,
M-1158,"1206 Cemetery Rd, Wiley, CO 81092",Resident 1158,A-20158,2025-08-14,185214,gallons,,R3,
M-1158,"1206 Cemetery Rd, Wiley, CO 81092",Resident 1158,A-20158,2025-09-15,189719,gallons,,R3,
M-1158,"1206 Cemetery Rd, Wiley, CO 81092",Resident 1158,A-20158,2025-10-16,193697,gallons,,R3,
M-1158,"1206 Cemetery Rd, Wiley, CO 81092",Resident 1158,A-20158,2025-11-12,197132,gallons,,R3,
M-1158,"1206 Cemetery Rd, Wiley, CO 81092",Resident 1158,A-20158,2025-12-13,200673,gallons,,R3,
M-1159,"1213 Grain Elevator Rd, Wiley, CO 81092",Resident 1159,A-20159,2025-07-13,357427,gallons,,R4,
M-1159,"1213 Grain Elevator Rd, Wiley, CO 81092",Resident 1159,A-20159,2025-08-14,367531,gallons,,R4,
M-1159,"1213 Grain Elevator Rd, Wiley, CO 81092",Resident 1159,A-20159,2025-09-15,376391,gallons,,R4,
M-1159,"1213 Grain Elevator Rd, Wiley, CO 81092",Resident 1159,A-20159,2025-10-16,382419,gallons,,R4,
M-1159,"1213 Grain Elevator Rd, Wiley, CO 81092",Resident 1159,A-20159,2025-11-12,387778,gallons,,R4,
M-1159,"1213 Grain Elevator Rd, Wiley, CO 81092",Resident 1159,A-20159,2025-12-13,392588,gallons,,R4,
M-1160,"1220 Main St, Wiley, CO 81092",Resident 1160,A-20160,2025-07-13,144787,gallons,,R5,
M-1160,"1220 Main St, Wiley, CO 81092",Resident 1160,A-20160,2025-08-14,147611,gallons,,R5,
M-1160,"1220 Main St, Wiley, CO 81092",Resident 1160,A-20160,2025-09-15,150477,gallons,,R5,
M-1160,"1220 Main St, Wiley, CO 81092",Resident 1160,A-20160,2025-10-16,153044,gallons,,R5,
M-1160,"1220 Main St, Wiley, CO 81092",Resident 1160,A-20160,2025-11-12,154668,gallons,,R5,
M-1160,"1220 Main St, Wiley, CO 81092",Resident 1160,A-20160,2025-12-13,156173,gallons,,R5,
M-1161,"1227 County Rd 10, Wiley, CO 81092",Resident 1161,A-20161,2025-07-13,169688,gallons,,R6,
M-1161,"1227 County Rd 10, Wiley, CO 81092",Resident 1161,A-20161,2025-08-14,179244,gallons,,R6,
M-1161,"1227 County Rd 10, Wiley, CO 81092",Resident 1161,A-20161,2025-09-15,188870,gallons,,R6,
M-1161,"1227 County Rd 10, Wiley, CO 81092",Resident 1161,A-20161,2025-10-16,197007,gallons,,R6,
M-1161,"1227 County Rd 10, Wiley, CO 81092",Resident 1161,A-20161,2025-11-12,202016,gallons,,R6,
M-1161,"1227 County Rd 10, Wiley, CO 81092",Resident 1161,A-20161,2025-12-13,207224,gallons,,R6,
M-1162,"1234 County Rd 14, Wiley, CO 81092",Resident 1162,A-20162,2025-07-13,315277,gallons,,R1,
M-1162,"1234 County Rd 14, Wiley, CO 81092",Resident 1162,A-20162,2025-08-14,325395,gallons,,R1,
M-1162,"1234 County Rd 14, Wiley, CO 81092",Resident 1162,A-20162,2025-09-15,335568,gallons,,R1,
M-1162,"1234 County Rd 14, Wiley, CO 81092",Resident 1162,A-20162,2025-10-16,342669,gallons,,R1,
M-1162,"1234 County Rd 14, Wiley, CO 81092",Resident 1162,A-20162,2025-11-12,348589,gallons,,R1,
M-1162,"1234 County Rd 14, Wiley, CO 81092",Resident 1162,A-20162,2025-12-13,355458,gallons,,R1,
M-1163,"1241 Highway 287, Wiley, CO 81092",Resident 1163,A-20163,2025-07-13,281082,gallons,,R2,
M-1163,"1241 Highway 287, Wiley, CO 81092",Resident 1163,A-20163,2025-08-14,285469,gallons,,R2,
M-1163,"1241 Highway 287, Wiley, CO 81092",Resident 1163,A-20163,2025-09-15,289011,gallons,,R2,
M-1163,"1241 Highway 287, Wiley, CO 81092",Resident 1163,A-20163,2025-10-16,292038,gallons,,R2,
M-1163,"1241 Highway 287, Wiley, CO 81092",Resident 1163,A-20163,2025-11-12,294389,gallons,,R2,
M-1163,"1241 Highway 287, Wiley, CO 81092",Resident 1163,A-20163,2025-12-13,296498,gallons,,R2,
M-1164,"1248 Maple Ave, Wiley, CO 81092",Resident 1164,A-20164,2025-07-13,165658,gallons,,R3,
M-1164,"1248 Maple Ave, Wiley, CO 81092",Resident 1164,A-20164,2025-08-14,175081,gallons,,R3,
M-1164,"1248 Maple Ave, Wiley, CO 81092",Resident 1164,A-20164,2025-09-15,183208,gallons,,R3,
M-1164,"1248 Maple Ave, Wiley, CO 81092",Resident 1164,A-20164,2025-10-16,192067,gallons,,R3,
M-1164,"1248 Maple Ave, Wiley, CO 81092",Resident 1164,A-20164,2025-11-12,197445,gallons,,R3,
M-1164,"1248 Maple Ave, Wiley, CO 81092",Resident 1164,A-20164,2025-12-13,203275,gallons,,R3,
M-1165,"1255 Oak St, Wiley, CO 81092",Resident 1165,A-20165,2025-07-13,318748,gallons,,R4,
M-1165,"1255 Oak St, Wiley, CO 81092",Resident 1165,A-20165,2025-08-14,326604,gallons,,R4,
M-1165,"1255 Oak St, Wiley, CO 81092",Resident 1165,A-20165,2025-09-15,334622,gallons,,R4,
M-1165,"1255 Oak St, Wiley, CO 81092",Resident 1165,A-20165,2025-10-16,341442,gallons,,R4,
M-1165,"1255 Oak St, Wiley, CO 81092",Resident 1165,A-20165,2025-11-12,346319,gallons,,R4,
M-1165,"1255 Oak St, Wiley, CO 81092",Resident 1165,A-20165,2025-12-13,352000,gallons,,R4,
M-1166,"1262 Elm St, Wiley, CO 81092",Resident 1166,A-20166,2025-07-13,265345,gallons,,R5,
M-1166,"1262 Elm St, Wiley, CO 81092",Resident 1166,A-20166,2025-08-14,278039,gallons,,R5,
M-1166,"1262 Elm St, Wiley, CO 81092",Resident 1166,A-20166,2025-09-15,287234,gallons,,R5,
M-1166,"1262 Elm St, Wiley, CO 81092",Resident 1166,A-20166,2025-10-16,295899,gallons,,R5,
M-1166,"1262 Elm St, Wiley, CO 81092",Resident 1166,A-20166,2025-11-12,303009,gallons,,R5,
M-1166,"1262 Elm St, Wiley, CO 81092",Resident 1166,A-20166,2025-12-13,309780,gallons,,R5,
M-1167,"1269 3rd Ave, Wiley, CO 81092",Resident 1167,A-20167,2025-07-13,234522,gallons,,R6,
M-1167,"1269 3rd Ave, Wiley, CO 81092",Resident 1167,A-20167,2025-08-14,240753,gallons,,R6,
M-1167,"1269 3rd Ave, Wiley, CO 81092",Resident 1167,A-20167,2025-09-15,245243,gallons,,R6,
M-1167,"1269 3rd Ave, Wiley, CO 81092",Resident 1167,A-20167,2025-10-16,249269,gallons,,R6,
M-1167,"1269 3rd Ave, Wiley, CO 81092",Resident 1167,A-20167,2025-11-12,252277,gallons,,R6,
M-1167,"1269 3rd Ave, Wiley, CO 81092",Resident 1167,A-20167,2025-12-13,255307,gallons,,R6,
M-1168,"1276 5th St, Wiley, CO 81092",Resident 1168,A-20168,2025-07-13,503379,gallons,,R1,
M-1168,"1276 5th St, Wiley, CO 81092",Resident 1168,A-20168,2025-08-14,515410,gallons,,R1,
M-1168,"1276 5th St, Wiley, CO 81092",Resident 1168,A-20168,2025-09-15,526348,gallons,,R1,
M-1168,"1276 5th St, Wiley, CO 81092",Resident 1168,A-20168,2025-10-16,534182,gallons,,R1,
M-1168,"1276 5th St, Wiley, CO 81092",Resident 1168,A-20168,2025-11-12,540176,gallons,,R1,
M-1168,"1276 5th St, Wiley, CO 81092",Resident 1168,A-20168,2025-12-13,546433,gallons,,R1,
M-1169,"1283 Ranch Rd, Wiley, CO 81092",Resident 1169,A-20169,2025-07-13,195763,gallons,,R2,
M-1169,"1283 Ranch Rd, Wiley, CO 81092",Resident 1169,A-20169,2025-08-14,206163,gallons,,R2,
M-1169,"1283 Ranch Rd, Wiley, CO 81092",Resident 1169,A-20169,2025-09-15,214692,gallons,,R2,
M-1169,"1283 Ranch Rd, Wiley, CO 81092",Resident 1169,A-20169,2025-10-16,221365,gallons,,R2,
M-1169,"1283 Ranch Rd, Wiley, CO 81092",Resident 1169,A-20169,2025-11-12,226302,gallons,,R2,
M-1169,"1283 Ranch Rd, Wiley, CO 81092",Resident 1169,A-20169,2025-12-13,232120,gallons,,R2,
M-1170,"1290 Irrigation Ln, Wiley, CO 81092",Resident 1170,A-20170,2025-07-13,287426,gallons,,R3,
M-1170,"1290 Irrigation Ln, Wiley, CO 81092",Resident 1170,A-20170,2025-08-14,294690,gallons,,R3,
M-1170,"1290 Irrigation Ln, Wiley, CO 81092",Resident 1170,A-20170,2025-09-15,300316,gallons,,R3,
M-1170,"1290 Irrigation Ln, Wiley, CO 81092",Resident 1170,A-20170,2025-10-16,306005,gallons,,R3,
M-1170,"1290 Irrigation Ln, Wiley, CO 81092",Resident 1170,A-20170,2025-12-13,309420,gallons,,R3,
M-1171,"1297 North Frontage, Wiley, CO 81092",Resident 1171,A-20171,2025-07-13,382256,gallons,,R4,
M-1171,"1297 North Frontage, Wiley, CO 81092",Resident 1171,A-20171,2025-08-14,386510,gallons,,R4,
M-1171,"1297 North Frontage, Wiley, CO 81092",Resident 1171,A-20171,2025-09-15,389869,gallons,,R4,
M-1171,"1297 North Frontage, Wiley, CO 81092",Resident 1171,A-20171,2025-10-16,393364,gallons,,R4,
M-1171,"1297 North Frontage, Wiley, CO 81092",Resident 1171,A-20171,2025-11-12,395898,gallons,,R4,
M-1171,"1297 North Frontage, Wiley, CO 81092",Resident 1171,A-20171,2025-12-13,398396,gallons,,R4,
M-1172,"1304 South Loop, Wiley, CO 81092",Resident 1172,A-20172,2025-07-13,316467,gallons,,R5,
M-1172,"1304 South Loop, Wiley, CO 81092",Resident 1172,A-20172,2025-08-14,321828,gallons,,R5,
M-1172,"1304 South Loop, Wiley, CO 81092",Resident 1172,A-20172,2025-09-15,327435,gallons,,R5,
M-1172,"1304 South Loop, Wiley, CO 81092",Resident 1172,A-20172,2025-10-16,331803,gallons,,R5,
M-1172,"1304 South Loop, Wiley, CO 81092",Resident 1172,A-20172,2025-11-12,335543,gallons,,R5,
M-1172,"1304 South Loop, Wiley, CO 81092",Resident 1172,A-20172,2025-12-13,338835,gallons,,R5,
M-1173,"1311 Pioneer Rd, Wiley, CO 81092",Resident 1173,A-20173,2025-07-13,447953,gallons,,R6,
M-1173,"1311 Pioneer Rd, Wiley, CO 81092",Resident 1173,A-20173,2025-08-14,455689,gallons,,R6,
M-1173,"1311 Pioneer Rd, Wiley, CO 81092",Resident 1173,A-20173,2025-09-15,461697,gallons,,R6,
M-1173,"1311 Pioneer Rd, Wiley, CO 81092",Resident 1173,A-20173,2025-10-16,467530,gallons,,R6,
M-1173,"1311 Pioneer Rd, Wiley, CO 81092",Resident 1173,A-20173,2025-11-12,472386,gallons,,R6,
M-1173,"1311 Pioneer Rd, Wiley, CO 81092",Resident 1173,A-20173,2025-12-13,476891,gallons,,R6,
M-1174,"1318 Cottonwood Dr, Wiley, CO 81092",Resident 1174,A-20174,2025-07-13,174026,gallons,,R1,
M-1174,"1318 Cottonwood Dr, Wiley, CO 81092",Resident 1174,A-20174,2025-08-14,178915,gallons,,R1,
M-1174,"1318 Cottonwood Dr, Wiley, CO 81092",Resident 1174,A-20174,2025-09-15,182556,gallons,,R1,
M-1174,"1318 Cottonwood Dr, Wiley, CO 81092",Resident 1174,A-20174,2025-10-16,185743,gallons,,R1,
M-1174,"1318 Cottonwood Dr, Wiley, CO 81092",Resident 1174,A-20174,2025-11-12,188320,gallons,,R1,
M-1174,"1318 Cottonwood Dr, Wiley, CO 81092",Resident 1174,A-20174,2025-12-13,191142,gallons,,R1,
M-1175,"1325 Sand Creek Rd, Wiley, CO 81092",Resident 1175,A-20175,2025-07-13,246582,gallons,,R2,
M-1175,"1325 Sand Creek Rd, Wiley, CO 81092",Resident 1175,A-20175,2025-08-14,254550,gallons,,R2,
M-1175,"1325 Sand Creek Rd, Wiley, CO 81092",Resident 1175,A-20175,2025-09-15,261042,gallons,,R2,
M-1175,"1325 Sand Creek Rd, Wiley, CO 81092",Resident 1175,A-20175,2025-10-16,266316,gallons,,R2,
M-1175,"1325 Sand Creek Rd, Wiley, CO 81092",Resident 1175,A-20175,2025-11-12,270120,gallons,,R2,
M-1175,"1325 Sand Creek Rd, Wiley, CO 81092",Resident 1175,A-20175,2025-12-13,274045,gallons,,R2,
M-1176,"1332 Prairie View, Wiley, CO 81092",Resident 1176,A-20176,2025-07-13,162482,gallons,,R3,
M-1176,"1332 Prairie View, Wiley, CO 81092",Resident 1176,A-20176,2025-08-14,165924,gallons,,R3,
M-1176,"1332 Prairie View, Wiley, CO 81092",Resident 1176,A-20176,2025-09-15,168662,gallons,,R3,
M-1176,"1332 Prairie View, Wiley, CO 81092",Resident 1176,A-20176,2025-10-16,170915,gallons,,R3,
M-1176,"1332 Prairie View, Wiley, CO 81092",Resident 1176,A-20176,2025-11-12,172575,gallons,,R3,
M-1176,"1332 Prairie View, Wiley, CO 81092",Resident 1176,A-20176,2025-12-13,174078,gallons,,R3,
M-1177,"1339 School House Rd, Wiley, CO 81092",Resident 1177,A-20177,2025-07-13,245594,gallons,,R4,
M-1177,"1339 School House Rd, Wiley, CO 81092",Resident 1177,A-20177,2025-08-14,257854,gallons,,R4,
M-1177,"1339 School House Rd, Wiley, CO 81092",Resident 1177,A-20177,2025-09-15,266557,gallons,,R4,
M-1177,"1339 School House Rd, Wiley, CO 81092",Resident 1177,A-20177,2025-10-16,275402,gallons,,R4,
M-1177,"1339 School House Rd, Wiley, CO 81092",Resident 1177,A-20177,2025-11-12,281488,gallons,,R4,
M-1177,"1339 School House Rd, Wiley, CO 81092",Resident 1177,A-20177,2025-12-13,287389,gallons,,R4,
M-1178,"1346 Cemetery Rd, Wiley, CO 81092",Resident 1178,A-20178,2025-07-13,372397,gallons,,R5,
M-1178,"1346 Cemetery Rd, Wiley, CO 81092",Resident 1178,A-20178,2025-08-14,384534,gallons,,R5,
M-1178,"1346 Cemetery Rd, Wiley, CO 81092",Resident 1178,A-20178,2025-09-15,394768,gallons,,R5,
M-1178,"1346 Cemetery Rd, Wiley, CO 81092",Resident 1178,A-20178,2025-10-16,403743,gallons,,R5,
M-1178,"1346 Cemetery Rd, Wiley, CO 81092",Resident 1178,A-20178,2025-11-12,409250,gallons,,R5,
M-1178,"1346 Cemetery Rd, Wiley, CO 81092",Resident 1178,A-20178,2025-12-13,414959,gallons,,R5,
M-1179,"1353 Grain Elevator Rd, Wiley, CO 81092",Resident 1179,A-20179,2025-07-13,118368,gallons,,R6,
M-1179,"1353 Grain Elevator Rd, Wiley, CO 81092",Resident 1179,A-20179,2025-08-14,124233,gallons,,R6,
M-1179,"1353 Grain Elevator Rd, Wiley, CO 81092",Resident 1179,A-20179,2025-09-15,129866,gallons,,R6,
M-1179,"1353 Grain Elevator Rd, Wiley, CO 81092",Resident 1179,A-20179,2025-10-16,133973,gallons,,R6,
M-1179,"1353 Grain Elevator Rd, Wiley, CO 81092",Resident 1179,A-20179,2025-11-12,137656,gallons,,R6,
M-1179,"1353 Grain Elevator Rd, Wiley, CO 81092",Resident 1179,A-20179,2025-12-13,141165,gallons,,R6,
M-1180,"1360 Main St, Wiley, CO 81092",Resident 1180,A-20180,2025-07-13,220272,gallons,,R1,
M-1180,"1360 Main St, Wiley, CO 81092",Resident 1180,A-20180,2025-08-14,230012,gallons,,R1,
M-1180,"1360 Main St, Wiley, CO 81092",Resident 1180,A-20180,2025-09-15,237375,gallons,,R1,
M-1180,"1360 Main St, Wiley, CO 81092",Resident 1180,A-20180,2025-10-16,244062,gallons,,R1,
M-1180,"1360 Main St, Wiley, CO 81092",Resident 1180,A-20180,2025-11-12,249116,gallons,,R1,
M-1180,"1360 Main St, Wiley, CO 81092",Resident 1180,A-20180,2025-12-13,254198,gallons,,R1,
M-1181,"1367 County Rd 10, Wiley, CO 81092",Resident 1181,A-20181,2025-07-13,326934,gallons,,R2,
M-1181,"1367 County Rd 10, Wiley, CO 81092",Resident 1181,A-20181,2025-08-14,339751,gallons,,R2,
M-1181,"1367 County Rd 10, Wiley, CO 81092",Resident 1181,A-20181,2025-09-15,348202,gallons,,R2,
M-1181,"1367 County Rd 10, Wiley, CO 81092",Resident 1181,A-20181,2025-10-16,356703,gallons,,R2,
M-1181,"1367 County Rd 10, Wiley, CO 81092",Resident 1181,A-20181,2025-11-12,363078,gallons,,R2,
M-1181,"1367 County Rd 10, Wiley, CO 81092",Resident 1181,A-20181,2025-12-13,369470,gallons,,R2,
M-1182,"1374 County Rd 14, Wiley, CO 81092",Resident 1182,A-20182,2025-07-13,312322,gallons,,R3,
M-1182,"1374 County Rd 14, Wiley, CO 81092",Resident 1182,A-20182,2025-08-14,316941,gallons,,R3,
M-1182,"1374 County Rd 14, Wiley, CO 81092",Resident 1182,A-20182,2025-09-15,320717,gallons,,R3,
M-1182,"1374 County Rd 14, Wiley, CO 81092",Resident 1182,A-20182,2025-10-16,323979,gallons,,R3,
M-1182,"1374 County Rd 14, Wiley, CO 81092",Resident 1182,A-20182,2025-11-12,326953,gallons,,R3,
M-1182,"1374 County Rd 14, Wiley, CO 81092",Resident 1182,A-20182,2025-12-13,329601,gallons,,R3,
M-1183,"1381 Highway 287, Wiley, CO 81092",Resident 1183,A-20183,2025-07-13,259896,gallons,,R4,
M-1183,"1381 Highway 287, Wiley, CO 81092",Resident 1183,A-20183,2025-08-14,267763,gallons,,R4,
M-1183,"1381 Highway 287, Wiley, CO 81092",Resident 1183,A-20183,2025-09-15,274626,gallons,,R4,
M-1183,"1381 Highway 287, Wiley, CO 81092",Resident 1183,A-20183,2025-10-16,281929,gallons,,R4,
M-1183,"1381 Highway 287, Wiley, CO 81092",Resident 1183,A-20183,2025-11-12,286187,gallons,,R4,
M-1183,"1381 Highway 287, Wiley, CO 81092",Resident 1183,A-20183,2025-12-13,291249,gallons,,R4,
M-1184,"1388 Maple Ave, Wiley, CO 81092",Resident 1184,A-20184,2025-07-13,227548,gallons,,R5,
M-1184,"1388 Maple Ave, Wiley, CO 81092",Resident 1184,A-20184,2025-08-14,231789,gallons,,R5,
M-1184,"1388 Maple Ave, Wiley, CO 81092",Resident 1184,A-20184,2025-09-15,235069,gallons,,R5,
M-1184,"1388 Maple Ave, Wiley, CO 81092",Resident 1184,A-20184,2025-10-16,238578,gallons,,R5,
M-1184,"1388 Maple Ave, Wiley, CO 81092",Resident 1184,A-20184,2025-11-12,241138,gallons,,R5,
M-1184,"1388 Maple Ave, Wiley, CO 81092",Resident 1184,A-20184,2025-12-13,243423,gallons,,R5,
M-1185,"1395 Oak St, Wiley, CO 81092",Resident 1185,A-20185,2025-07-13,225575,gallons,,R6,
M-1185,"1395 Oak St, Wiley, CO 81092",Resident 1185,A-20185,2025-08-14,234137,gallons,,R6,
M-1185,"1395 Oak St, Wiley, CO 81092",Resident 1185,A-20185,2025-09-15,242221,gallons,,R6,
M-1185,"1395 Oak St, Wiley, CO 81092",Resident 1185,A-20185,2025-10-16,248763,gallons,,R6,
M-1185,"1395 Oak St, Wiley, CO 81092",Resident 1185,A-20185,2025-11-12,254785,gallons,,R6,
M-1185,"1395 Oak St, Wiley, CO 81092",Resident 1185,A-20185,2025-12-13,259691,gallons,,R6,
M-1186,"1402 Elm St, Wiley, CO 81092",Resident 1186,A-20186,2025-07-13,164543,gallons,,R1,
M-1186,"1402 Elm St, Wiley, CO 81092",Resident 1186,A-20186,2025-08-14,171375,gallons,,R1,
M-1186,"1402 Elm St, Wiley, CO 81092",Resident 1186,A-20186,2025-09-15,175915,gallons,,R1,
M-1186,"1402 Elm St, Wiley, CO 81092",Resident 1186,A-20186,2025-10-16,181162,gallons,,R1,
M-1186,"1402 Elm St, Wiley, CO 81092",Resident 1186,A-20186,2025-11-12,185102,gallons,,R1,
M-1186,"1402 Elm St, Wiley, CO 81092",Resident 1186,A-20186,2025-12-13,188971,gallons,,R1,
M-1187,"1409 3rd Ave, Wiley, CO 81092",Resident 1187,A-20187,2025-07-13,346240,gallons,,R2,
M-1187,"1409 3rd Ave, Wiley, CO 81092",Resident 1187,A-20187,2025-08-14,356210,gallons,,R2,
M-1187,"1409 3rd Ave, Wiley, CO 81092",Resident 1187,A-20187,2025-09-15,365113,gallons,,R2,
M-1187,"1409 3rd Ave, Wiley, CO 81092",Resident 1187,A-20187,2025-10-16,373477,gallons,,R2,
M-1187,"1409 3rd Ave, Wiley, CO 81092",Resident 1187,A-20187,2025-11-12,379348,gallons,,R2,
M-1187,"1409 3rd Ave, Wiley, CO 81092",Resident 1187,A-20187,2025-12-13,384107,gallons,,R2,
M-1188,"1416 5th St, Wiley, CO 81092",Resident 1188,A-20188,2025-07-13,147273,gallons,,R3,
M-1188,"1416 5th St, Wiley, CO 81092",Resident 1188,A-20188,2025-08-14,155961,gallons,,R3,
M-1188,"1416 5th St, Wiley, CO 81092",Resident 1188,A-20188,2025-09-15,163007,gallons,,R3,
M-1188,"1416 5th St, Wiley, CO 81092",Resident 1188,A-20188,2025-10-16,169016,gallons,,R3,
M-1188,"1416 5th St, Wiley, CO 81092",Resident 1188,A-20188,2025-11-12,173259,gallons,,R3,
M-1188,"1416 5th St, Wiley, CO 81092",Resident 1188,A-20188,2025-12-13,178638,gallons,,R3,
M-1189,"1423 Ranch Rd, Wiley, CO 81092",Resident 1189,A-20189,2025-07-13,384479,gallons,,R4,
M-1189,"1423 Ranch Rd, Wiley, CO 81092",Resident 1189,A-20189,2025-08-14,394190,gallons,,R4,
M-1189,"1423 Ranch Rd, Wiley, CO 81092",Resident 1189,A-20189,2025-09-15,401676,gallons,,R4,
M-1189,"1423 Ranch Rd, Wiley, CO 81092",Resident 1189,A-20189,2025-10-16,408987,gallons,,R4,
M-1189,"1423 Ranch Rd, Wiley, CO 81092",Resident 1189,A-20189,2025-11-12,414741,gallons,,R4,
M-1189,"1423 Ranch Rd, Wiley, CO 81092",Resident 1189,A-20189,2025-12-13,420049,gallons,,R4,
M-1190,"1430 Irrigation Ln, Wiley, CO 81092",Resident 1190,A-20190,2025-07-13,213663,gallons,,R5,
M-1190,"1430 Irrigation Ln, Wiley, CO 81092",Resident 1190,A-20190,2025-08-14,218667,gallons,,R5,
M-1190,"1430 Irrigation Ln, Wiley, CO 81092",Resident 1190,A-20190,2025-09-15,222434,gallons,,R5,
M-1190,"1430 Irrigation Ln, Wiley, CO 81092",Resident 1190,A-20190,2025-10-16,226778,gallons,,R5,
M-1190,"1430 Irrigation Ln, Wiley, CO 81092",Resident 1190,A-20190,2025-11-12,229614,gallons,,R5,
M-1190,"1430 Irrigation Ln, Wiley, CO 81092",Resident 1190,A-20190,2025-12-13,232639,gallons,,R5,
M-1191,"1437 North Frontage, Wiley, CO 81092",Resident 1191,A-20191,2025-07-13,195052,gallons,,R6,
M-1191,"1437 North Frontage, Wiley, CO 81092",Resident 1191,A-20191,2025-08-14,199972,gallons,,R6,
M-1191,"1437 North Frontage, Wiley, CO 81092",Resident 1191,A-20191,2025-09-15,204366,gallons,,R6,
M-1191,"1437 North Frontage, Wiley, CO 81092",New Occupant 1191,A-20191,2025-10-16,207422,gallons,,R6,Ownership change
M-1191,"1437 North Frontage, Wiley, CO 81092",New Occupant 1191,A-20191,2025-11-12,210176,gallons,,R6,
M-1191,"1437 North Frontage, Wiley, CO 81092",New Occupant 1191,A-20191,2025-12-13,213123,gallons,,R6,
M-1192,"1444 South Loop, Wiley, CO 81092",Resident 1192,A-20192,2025-07-13,356737,gallons,,R1,
M-1192,"1444 South Loop, Wiley, CO 81092",Resident 1192,A-20192,2025-08-14,363148,gallons,,R1,
M-1192,"1444 South Loop, Wiley, CO 81092",Resident 1192,A-20192,2025-09-15,369701,gallons,,R1,
M-1192,"1444 South Loop, Wiley, CO 81092",Resident 1192,A-20192,2025-10-16,374676,gallons,,R1,
M-1192,"1444 South Loop, Wiley, CO 81092",Resident 1192,A-20192,2025-11-12,378649,gallons,,R1,
M-1192,"1444 South Loop, Wiley, CO 81092",Resident 1192,A-20192,2025-12-13,382812,gallons,,R1,
M-1193,"1451 Pioneer Rd, Wiley, CO 81092",Resident 1193,A-20193,2025-07-13,334864,gallons,,R2,
M-1193,"1451 Pioneer Rd, Wiley, CO 81092",Resident 1193,A-20193,2025-08-14,347896,gallons,,R2,
M-1193,"1451 Pioneer Rd, Wiley, CO 81092",Resident 1193,A-20193,2025-09-15,356847,gallons,,R2,
M-1193,"1451 Pioneer Rd, Wiley, CO 81092",Resident 1193,A-20193,2025-10-16,366254,gallons,,R2,
M-1193,"1451 Pioneer Rd, Wiley, CO 81092",Resident 1193,A-20193,2025-11-12,371646,gallons,,R2,
M-1193,"1451 Pioneer Rd, Wiley, CO 81092",Resident 1193,A-20193,2025-12-13,377108,gallons,,R2,
M-1194,"1458 Cottonwood Dr, Wiley, CO 81092",Resident 1194,A-20194,2025-07-13,254104,gallons,,R3,
M-1194,"1458 Cottonwood Dr, Wiley, CO 81092",Resident 1194,A-20194,2025-08-14,259142,gallons,,R3,
M-1194,"1458 Cottonwood Dr, Wiley, CO 81092",Resident 1194,A-20194,2025-09-15,263462,gallons,,R3,
M-1194,"1458 Cottonwood Dr, Wiley, CO 81092",Resident 1194,A-20194,2025-10-16,267225,gallons,,R3,
M-1194,"1458 Cottonwood Dr, Wiley, CO 81092",Resident 1194,A-20194,2025-11-12,270209,gallons,,R3,
M-1194,"1458 Cottonwood Dr, Wiley, CO 81092",Resident 1194,A-20194,2025-12-13,273182,gallons,,R3,
M-1195,"1465 Sand Creek Rd, Wiley, CO 81092",Resident 1195,A-20195,2025-07-13,251759,gallons,,R4,
M-1195,"1465 Sand Creek Rd, Wiley, CO 81092",Resident 1195,A-20195,2025-08-14,260586,gallons,,R4,
M-1195,"1465 Sand Creek Rd, Wiley, CO 81092",Resident 1195,A-20195,2025-09-15,268558,gallons,,R4,
M-1195,"1465 Sand Creek Rd, Wiley, CO 81092",Resident 1195,A-20195,2025-10-16,275702,gallons,,R4,
M-1195,"1465 Sand Creek Rd, Wiley, CO 81092",Resident 1195,A-20195,2025-11-12,280944,gallons,,R4,
M-1195,"1465 Sand Creek Rd, Wiley, CO 81092",Resident 1195,A-20195,2025-12-13,286112,gallons,,R4,
M-1196,"1472 Prairie View, Wiley, CO 81092",Resident 1196,A-20196,2025-07-13,248571,gallons,,R5,
M-1196,"1472 Prairie View, Wiley, CO 81092",Resident 1196,A-20196,2025-08-14,257906,gallons,,R5,
M-1196,"1472 Prairie View, Wiley, CO 81092",Resident 1196,A-20196,2025-09-15,265519,gallons,,R5,
M-1196,"1472 Prairie View, Wiley, CO 81092",Resident 1196,A-20196,2025-10-16,272809,gallons,,R5,
M-1196,"1472 Prairie View, Wiley, CO 81092",Resident 1196,A-20196,2025-11-12,277855,gallons,,R5,
M-1196,"1472 Prairie View, Wiley, CO 81092",Resident 1196,A-20196,2025-12-13,283434,gallons,,R5,
M-1197,"1479 School House Rd, Wiley, CO 81092",Resident 1197,A-20197,2025-07-13,90640,gallons,,R6,
M-1197,"1479 School House Rd, Wiley, CO 81092",Resident 1197,A-20197,2025-08-14,93179,gallons,,R6,
M-1197,"1479 School House Rd, Wiley, CO 81092",Resident 1197,A-20197,2025-09-15,95628,gallons,,R6,
M-1197,"1479 School House Rd, Wiley, CO 81092",Resident 1197,A-20197,2025-10-16,97775,gallons,,R6,
M-1197,"1479 School House Rd, Wiley, CO 81092",Resident 1197,A-20197,2025-11-12,99223,gallons,,R6,
M-1197,"1479 School House Rd, Wiley, CO 81092",Resident 1197,A-20197,2025-12-13,100842,gallons,,R6,
M-1198,"1486 Cemetery Rd, Wiley, CO 81092",Resident 1198,A-20198,2025-07-13,486018,gallons,,R1,
M-1198,"1486 Cemetery Rd, Wiley, CO 81092",Resident 1198,A-20198,2025-08-14,494778,gallons,,R1,
M-1198,"1486 Cemetery Rd, Wiley, CO 81092",Resident 1198,A-20198,2025-09-15,503008,gallons,,R1,
M-1198,"1486 Cemetery Rd, Wiley, CO 81092",Resident 1198,A-20198,2025-10-16,509924,gallons,,R1,
M-1198,"1486 Cemetery Rd, Wiley, CO 81092",Resident 1198,A-20198,2025-11-12,515200,gallons,,R1,
M-1198,"1486 Cemetery Rd, Wiley, CO 81092",Resident 1198,A-20198,2025-12-13,521197,gallons,,R1,
M-1199,"1493 Grain Elevator Rd, Wiley, CO 81092",Resident 1199,A-20199,2025-07-13,212901,gallons,,R2,
M-1199,"1493 Grain Elevator Rd, Wiley, CO 81092",Resident 1199,A-20199,2025-08-14,219614,gallons,,R2,
M-1199,"1493 Grain Elevator Rd, Wiley, CO 81092",Resident 1199,A-20199,2025-09-15,225193,gallons,,R2,
M-1199,"1493 Grain Elevator Rd, Wiley, CO 81092",Resident 1199,A-20199,2025-10-16,229964,gallons,,R2,
M-1199,"1493 Grain Elevator Rd, Wiley, CO 81092",Resident 1199,A-20199,2025-11-12,233109,gallons,,R2,
M-1199,"1493 Grain Elevator Rd, Wiley, CO 81092",Resident 1199,A-20199,2025-12-13,237141,gallons,,R2,
M-1200,"1500 Main St, Wiley, CO 81092",Resident 1200,A-20200,2025-07-13,334091,gallons,,R3,
M-1200,"1500 Main St, Wiley, CO 81092",Resident 1200,A-20200,2025-08-14,342025,gallons,,R3,
M-1200,"1500 Main St, Wiley, CO 81092",Resident 1200,A-20200,2025-09-15,349267,gallons,,R3,
M-1200,"1500 Main St, Wiley, CO 81092",Resident 1200,A-20200,2025-10-16,356276,gallons,,R3,
M-1200,"1500 Main St, Wiley, CO 81092",Resident 1200,A-20200,2025-11-12,360956,gallons,,R3,
M-1200,"1500 Main St, Wiley, CO 81092",Resident 1200,A-20200,2025-12-13,365377,gallons,,R3,
M-1201,"1507 County Rd 10, Wiley, CO 81092",Resident 1201,A-20201,2025-07-13,250541,gallons,,R4,
M-1201,"1507 County Rd 10, Wiley, CO 81092",Resident 1201,A-20201,2025-08-14,253833,gallons,,R4,
M-1201,"1507 County Rd 10, Wiley, CO 81092",Resident 1201,A-20201,2025-09-15,256637,gallons,,R4,
M-1201,"1507 County Rd 10, Wiley, CO 81092",Resident 1201,A-20201,2025-10-16,259274,gallons,,R4,
M-1201,"1507 County Rd 10, Wiley, CO 81092",Resident 1201,A-20201,2025-11-12,261127,gallons,,R4,
M-1201,"1507 County Rd 10, Wiley, CO 81092",Resident 1201,A-20201,2025-12-13,262772,gallons,,R4,
M-1202,"1514 County Rd 14, Wiley, CO 81092",Resident 1202,A-20202,2025-07-13,234546,gallons,,R5,
M-1202,"1514 County Rd 14, Wiley, CO 81092",Resident 1202,A-20202,2025-08-14,238449,gallons,,R5,
M-1202,"1514 County Rd 14, Wiley, CO 81092",Resident 1202,A-20202,2025-09-15,241841,gallons,,R5,
M-1202,"1514 County Rd 14, Wiley, CO 81092",Resident 1202,A-20202,2025-10-16,245362,gallons,,R5,
M-1202,"1514 County Rd 14, Wiley, CO 81092",Resident 1202,A-20202,2025-11-12,247567,gallons,,R5,
M-1202,"1514 County Rd 14, Wiley, CO 81092",Resident 1202,A-20202,2025-12-13,249622,gallons,,R5,
M-1203,"1521 Highway 287, Wiley, CO 81092",Resident 1203,A-20203,2025-07-13,149083,gallons,,R6,
M-1203,"1521 Highway 287, Wiley, CO 81092",Resident 1203,A-20203,2025-08-14,156168,gallons,,R6,
M-1203,"1521 Highway 287, Wiley, CO 81092",Resident 1203,A-20203,2025-09-15,162368,gallons,,R6,
M-1203,"1521 Highway 287, Wiley, CO 81092",Resident 1203,A-20203,2025-10-16,167189,gallons,,R6,
M-1203,"1521 Highway 287, Wiley, CO 81092",Resident 1203,A-20203,2025-11-12,171159,gallons,,R6,
M-1203,"1521 Highway 287, Wiley, CO 81092",Resident 1203,A-20203,2025-12-13,175218,gallons,,R6,
M-1204,"1528 Maple Ave, Wiley, CO 81092",Resident 1204,A-20204,2025-07-13,252833,gallons,,R1,
M-1204,"1528 Maple Ave, Wiley, CO 81092",Resident 1204,A-20204,2025-08-14,258701,gallons,,R1,
M-1204,"1528 Maple Ave, Wiley, CO 81092",Resident 1204,A-20204,2025-09-15,263493,gallons,,R1,
M-1204,"1528 Maple Ave, Wiley, CO 81092",Resident 1204,A-20204,2025-10-16,268607,gallons,,R1,
M-1204,"1528 Maple Ave, Wiley, CO 81092",Resident 1204,A-20204,2025-11-12,271946,gallons,,R1,
M-1204,"1528 Maple Ave, Wiley, CO 81092",Resident 1204,A-20204,2025-12-13,275369,gallons,,R1,
M-1205,"1535 Oak St, Wiley, CO 81092",Resident 1205,A-20205,2025-07-13,286235,gallons,,R2,
M-1205,"1535 Oak St, Wiley, CO 81092",Resident 1205,A-20205,2025-08-14,291804,gallons,,R2,
M-1205,"1535 Oak St, Wiley, CO 81092",Resident 1205,A-20205,2025-09-15,296622,gallons,,R2,
M-1205,"1535 Oak St, Wiley, CO 81092",Resident 1205,A-20205,2025-10-16,300292,gallons,,R2,
M-1205,"1535 Oak St, Wiley, CO 81092",Resident 1205,A-20205,2025-11-12,303779,gallons,,R2,
M-1205,"1535 Oak St, Wiley, CO 81092",Resident 1205,A-20205,2025-12-13,307155,gallons,,R2,
M-1206,"1542 Elm St, Wiley, CO 81092",Resident 1206,A-20206,2025-07-13,419282,gallons,,R3,
M-1206,"1542 Elm St, Wiley, CO 81092",Resident 1206,A-20206,2025-08-14,423014,gallons,,R3,
M-1206,"1542 Elm St, Wiley, CO 81092",Resident 1206,A-20206,2025-09-15,425689,gallons,,R3,
M-1206,"1542 Elm St, Wiley, CO 81092",Resident 1206,A-20206,2025-10-16,428110,gallons,,R3,
M-1206,"1542 Elm St, Wiley, CO 81092",Resident 1206,A-20206,2025-11-12,430007,gallons,,R3,
M-1206,"1542 Elm St, Wiley, CO 81092",Resident 1206,A-20206,2025-12-13,432162,gallons,,R3,
M-1207,"1549 3rd Ave, Wiley, CO 81092",Resident 1207,A-20207,2025-07-13,371225,gallons,,R4,
M-1207,"1549 3rd Ave, Wiley, CO 81092",Resident 1207,A-20207,2025-08-14,376631,gallons,,R4,
M-1207,"1549 3rd Ave, Wiley, CO 81092",Resident 1207,A-20207,2025-09-15,381912,gallons,,R4,
M-1207,"1549 3rd Ave, Wiley, CO 81092",Resident 1207,A-20207,2025-10-16,386413,gallons,,R4,
M-1207,"1549 3rd Ave, Wiley, CO 81092",Resident 1207,A-20207,2025-11-12,389254,gallons,,R4,
M-1207,"1549 3rd Ave, Wiley, CO 81092",Resident 1207,A-20207,2025-12-13,392603,gallons,,R4,
M-1208,"1556 5th St, Wiley, CO 81092",Resident 1208,A-20208,2025-07-13,342431,gallons,,R5,
M-1208,"1556 5th St, Wiley, CO 81092",Resident 1208,A-20208,2025-08-14,351671,gallons,,R5,
M-1208,"1556 5th St, Wiley, CO 81092",Resident 1208,A-20208,2025-09-15,358670,gallons,,R5,
M-1208,"1556 5th St, Wiley, CO 81092",Resident 1208,A-20208,2025-10-16,365747,gallons,,R5,
M-1208,"1556 5th St, Wiley, CO 81092",Resident 1208,A-20208,2025-11-12,370538,gallons,,R5,
M-1208,"1556 5th St, Wiley, CO 81092",Resident 1208,A-20208,2025-12-13,375809,gallons,,R5,
M-1209,"1563 Ranch Rd, Wiley, CO 81092",Resident 1209,A-20209,2025-07-13,365362,gallons,,R6,
M-1209,"1563 Ranch Rd, Wiley, CO 81092",Resident 1209,A-20209,2025-08-14,368869,gallons,,R6,
M-1209,"1563 Ranch Rd, Wiley, CO 81092",Resident 1209,A-20209,2025-09-15,372507,gallons,,R6,
M-1209,"1563 Ranch Rd, Wiley, CO 81092",Resident 1209,A-20209,2025-10-16,375153,gallons,,R6,
M-1209,"1563 Ranch Rd, Wiley, CO 81092",Resident 1209,A-20209,2025-11-12,377170,gallons,,R6,
M-1209,"1563 Ranch Rd, Wiley, CO 81092",Resident 1209,A-20209,2025-12-13,379108,gallons,,R6,
M-1210,"1570 Irrigation Ln, Wiley, CO 81092",Resident 1210,A-20210,2025-07-13,259332,gallons,,R1,
M-1210,"1570 Irrigation Ln, Wiley, CO 81092",Resident 1210,A-20210,2025-08-14,263484,gallons,,R1,
M-1210,"1570 Irrigation Ln, Wiley, CO 81092",Resident 1210,A-20210,2025-09-15,266521,gallons,,R1,
M-1210,"1570 Irrigation Ln, Wiley, CO 81092",Resident 1210,A-20210,2025-10-16,269480,gallons,,R1,
M-1210,"1570 Irrigation Ln, Wiley, CO 81092",Resident 1210,A-20210,2025-11-12,271617,gallons,,R1,
M-1210,"1570 Irrigation Ln, Wiley, CO 81092",Resident 1210,A-20210,2025-12-13,273686,gallons,,R1,
M-1211,"1577 North Frontage, Wiley, CO 81092",Resident 1211,A-20211,2025-07-13,169344,gallons,,R2,
M-1211,"1577 North Frontage, Wiley, CO 81092",Resident 1211,A-20211,2025-08-14,179983,gallons,,R2,
M-1211,"1577 North Frontage, Wiley, CO 81092",Resident 1211,A-20211,2025-09-15,189365,gallons,,R2,
M-1211,"1577 North Frontage, Wiley, CO 81092",Resident 1211,A-20211,2025-10-16,196898,gallons,,R2,
M-1211,"1577 North Frontage, Wiley, CO 81092",Resident 1211,A-20211,2025-11-12,202339,gallons,,R2,
M-1211,"1577 North Frontage, Wiley, CO 81092",Resident 1211,A-20211,2025-12-13,208836,gallons,,R2,
M-1212,"1584 South Loop, Wiley, CO 81092",Resident 1212,A-20212,2025-07-13,190008,gallons,,R3,
M-1212,"1584 South Loop, Wiley, CO 81092",Resident 1212,A-20212,2025-08-14,199239,gallons,,R3,
M-1212,"1584 South Loop, Wiley, CO 81092",Resident 1212,A-20212,2025-09-15,205491,gallons,,R3,
M-1212,"1584 South Loop, Wiley, CO 81092",Resident 1212,A-20212,2025-10-16,211175,gallons,,R3,
M-1212,"1584 South Loop, Wiley, CO 81092",Resident 1212,A-20212,2025-11-12,215323,gallons,,R3,
M-1212,"1584 South Loop, Wiley, CO 81092",Resident 1212,A-20212,2025-12-13,219513,gallons,,R3,
M-1213,"1591 Pioneer Rd, Wiley, CO 81092",Resident 1213,A-20213,2025-07-13,221243,gallons,,R4,
M-1213,"1591 Pioneer Rd, Wiley, CO 81092",Resident 1213,A-20213,2025-08-14,224730,gallons,,R4,
M-1213,"1591 Pioneer Rd, Wiley, CO 81092",Resident 1213,A-20213,2025-09-15,227978,gallons,,R4,
M-1213,"1591 Pioneer Rd, Wiley, CO 81092",Resident 1213,A-20213,2025-10-16,230899,gallons,,R4,
M-1213,"1591 Pioneer Rd, Wiley, CO 81092",Resident 1213,A-20213,2025-11-12,232832,gallons,,R4,
M-1213,"1591 Pioneer Rd, Wiley, CO 81092",Resident 1213,A-20213,2025-12-13,234936,gallons,,R4,
M-1214,"1598 Cottonwood Dr, Wiley, CO 81092",Resident 1214,A-20214,2025-07-13,247518,gallons,,R5,
M-1214,"1598 Cottonwood Dr, Wiley, CO 81092",Resident 1214,A-20214,2025-08-14,257805,gallons,,R5,
M-1214,"1598 Cottonwood Dr, Wiley, CO 81092",Resident 1214,A-20214,2025-09-15,268477,gallons,,R5,
M-1214,"1598 Cottonwood Dr, Wiley, CO 81092",Resident 1214,A-20214,2025-10-16,276551,gallons,,R5,
M-1214,"1598 Cottonwood Dr, Wiley, CO 81092",Resident 1214,A-20214,2025-11-12,281954,gallons,,R5,
M-1214,"1598 Cottonwood Dr, Wiley, CO 81092",Resident 1214,A-20214,2025-12-13,288604,gallons,,R5,
M-1215,"1605 Sand Creek Rd, Wiley, CO 81092",Resident 1215,A-20215,2025-07-13,434718,gallons,,R6,
M-1215,"1605 Sand Creek Rd, Wiley, CO 81092",Resident 1215,A-20215,2025-08-14,442597,gallons,,R6,
M-1215,"1605 Sand Creek Rd, Wiley, CO 81092",Resident 1215,A-20215,2025-09-15,450502,gallons,,R6,
M-1215,"1605 Sand Creek Rd, Wiley, CO 81092",Resident 1215,A-20215,2025-10-16,457435,gallons,,R6,
M-1215,"1605 Sand Creek Rd, Wiley, CO 81092",Resident 1215,A-20215,2025-11-12,462538,gallons,,R6,
M-1215,"1605 Sand Creek Rd, Wiley, CO 81092",Resident 1215,A-20215,2025-12-13,467950,gallons,,R6,
M-1216,"1612 Prairie View, Wiley, CO 81092",Resident 1216,A-20216,2025-07-13,288807,gallons,,R1,
M-1216,"1612 Prairie View, Wiley, CO 81092",Resident 1216,A-20216,2025-08-14,300505,gallons,,R1,
M-1216,"1612 Prairie View, Wiley, CO 81092",Resident 1216,A-20216,2025-09-15,310324,gallons,,R1,
M-1216,"1612 Prairie View, Wiley, CO 81092",Resident 1216,A-20216,2025-10-16,318737,gallons,,R1,
M-1216,"1612 Prairie View, Wiley, CO 81092",Resident 1216,A-20216,2025-11-12,325118,gallons,,R1,
M-1216,"1612 Prairie View, Wiley, CO 81092",Resident 1216,A-20216,2025-12-13,330542,gallons,,R1,
M-1217,"1619 School House Rd, Wiley, CO 81092",Resident 1217,A-20217,2025-07-13,110414,gallons,,R2,
M-1217,"1619 School House Rd, Wiley, CO 81092",Resident 1217,A-20217,2025-08-14,114419,gallons,,R2,
M-1217,"1619 School House Rd, Wiley, CO 81092",Resident 1217,A-20217,2025-09-15,118357,gallons,,R2,
M-1217,"1619 School House Rd, Wiley, CO 81092",Resident 1217,A-20217,2025-10-16,121589,gallons,,R2,
M-1217,"1619 School House Rd, Wiley, CO 81092",Resident 1217,A-20217,2025-11-12,123798,gallons,,R2,
M-1217,"1619 School House Rd, Wiley, CO 81092",Resident 1217,A-20217,2025-12-13,125928,gallons,,R2,
M-1218,"1626 Cemetery Rd, Wiley, CO 81092",Resident 1218,A-20218,2025-07-13,145516,gallons,,R3,
M-1218,"1626 Cemetery Rd, Wiley, CO 81092",Resident 1218,A-20218,2025-08-14,149378,gallons,,R3,
M-1218,"1626 Cemetery Rd, Wiley, CO 81092",Resident 1218,A-20218,2025-09-15,152842,gallons,,R3,
M-1218,"1626 Cemetery Rd, Wiley, CO 81092",Resident 1218,A-20218,2025-10-16,156195,gallons,,R3,
M-1218,"1626 Cemetery Rd, Wiley, CO 81092",Resident 1218,A-20218,2025-11-12,158523,gallons,,R3,
M-1218,"1626 Cemetery Rd, Wiley, CO 81092",Resident 1218,A-20218,2025-12-13,160671,gallons,,R3,
M-1219,"1633 Grain Elevator Rd, Wiley, CO 81092",Resident 1219,A-20219,2025-07-13,453701,gallons,,R4,
M-1219,"1633 Grain Elevator Rd, Wiley, CO 81092",Resident 1219,A-20219,2025-08-14,463257,gallons,,R4,
M-1219,"1633 Grain Elevator Rd, Wiley, CO 81092",Resident 1219,A-20219,2025-09-15,471650,gallons,,R4,
M-1219,"1633 Grain Elevator Rd, Wiley, CO 81092",Resident 1219,A-20219,2025-10-16,479737,gallons,,R4,
M-1219,"1633 Grain Elevator Rd, Wiley, CO 81092",Resident 1219,A-20219,2025-11-12,485129,gallons,,R4,
M-1219,"1633 Grain Elevator Rd, Wiley, CO 81092",Resident 1219,A-20219,2025-12-13,490739,gallons,,R4,
M-1220,"1640 Main St, Wiley, CO 81092",Resident 1220,A-20220,2025-07-13,352078,gallons,,R5,
M-1220,"1640 Main St, Wiley, CO 81092",Resident 1220,A-20220,2025-08-14,359651,gallons,,R5,
M-1220,"1640 Main St, Wiley, CO 81092",Resident 1220,A-20220,2025-09-15,366880,gallons,,R5,
M-1220,"1640 Main St, Wiley, CO 81092",Resident 1220,A-20220,2025-10-16,372742,gallons,,R5,
M-1220,"1640 Main St, Wiley, CO 81092",Resident 1220,A-20220,2025-11-12,376820,gallons,,R5,
M-1220,"1640 Main St, Wiley, CO 81092",Resident 1220,A-20220,2025-12-13,381005,gallons,,R5,
M-1221,"1647 County Rd 10, Wiley, CO 81092",Resident 1221,A-20221,2025-07-13,313702,gallons,,R6,
M-1221,"1647 County Rd 10, Wiley, CO 81092",Resident 1221,A-20221,2025-08-14,322567,gallons,,R6,
M-1221,"1647 County Rd 10, Wiley, CO 81092",Resident 1221,A-20221,2025-09-15,329283,gallons,,R6,
M-1221,"1647 County Rd 10, Wiley, CO 81092",Resident 1221,A-20221,2025-10-16,336694,gallons,,R6,
M-1221,"1647 County Rd 10, Wiley, CO 81092",Resident 1221,A-20221,2025-11-12,342029,gallons,,R6,
M-1221,"1647 County Rd 10, Wiley, CO 81092",Resident 1221,A-20221,2025-12-13,346729,gallons,,R6,
M-1222,"1654 County Rd 14, Wiley, CO 81092",Resident 1222,A-20222,2025-07-13,258105,gallons,,R1,
M-1222,"1654 County Rd 14, Wiley, CO 81092",Resident 1222,A-20222,2025-08-14,262728,gallons,,R1,
M-1222,"1654 County Rd 14, Wiley, CO 81092",Resident 1222,A-20222,2025-09-15,267339,gallons,,R1,
M-1222,"1654 County Rd 14, Wiley, CO 81092",Resident 1222,A-20222,2025-10-16,270881,gallons,,R1,
M-1222,"1654 County Rd 14, Wiley, CO 81092",Resident 1222,A-20222,2025-11-12,273371,gallons,,R1,
M-1222,"1654 County Rd 14, Wiley, CO 81092",Resident 1222,A-20222,2025-12-13,275789,gallons,,R1,
M-1223,"1661 Highway 287, Wiley, CO 81092",Resident 1223,A-20223,2025-07-13,332635,gallons,,R2,
M-1223,"1661 Highway 287, Wiley, CO 81092",Resident 1223,A-20223,2025-08-14,337908,gallons,,R2,
M-1223,"1661 Highway 287, Wiley, CO 81092",Resident 1223,A-20223,2025-09-15,342495,gallons,,R2,
M-1223,"1661 Highway 287, Wiley, CO 81092",Resident 1223,A-20223,2025-10-16,346390,gallons,,R2,
M-1223,"1661 Highway 287, Wiley, CO 81092",Resident 1223,A-20223,2025-11-12,349417,gallons,,R2,
M-1223,"1661 Highway 287, Wiley, CO 81092",Resident 1223,A-20223,2025-12-13,352226,gallons,,R2,
M-1224,"1668 Maple Ave, Wiley, CO 81092",Resident 1224,A-20224,2025-07-13,449974,gallons,,R3,
M-1224,"1668 Maple Ave, Wiley, CO 81092",Resident 1224,A-20224,2025-08-14,459991,gallons,,R3,
M-1224,"1668 Maple Ave, Wiley, CO 81092",Resident 1224,A-20224,2025-09-15,467471,gallons,,R3,
M-1224,"1668 Maple Ave, Wiley, CO 81092",Resident 1224,A-20224,2025-10-16,473392,gallons,,R3,
M-1224,"1668 Maple Ave, Wiley, CO 81092",Resident 1224,A-20224,2025-11-12,477654,gallons,,R3,
M-1224,"1668 Maple Ave, Wiley, CO 81092",Resident 1224,A-20224,2025-12-13,481946,gallons,,R3,
M-1225,"1675 Oak St, Wiley, CO 81092",Resident 1225,A-20225,2025-07-13,405209,gallons,,R4,
M-1225,"1675 Oak St, Wiley, CO 81092",Resident 1225,A-20225,2025-08-14,413869,gallons,,R4,
M-1225,"1675 Oak St, Wiley, CO 81092",Resident 1225,A-20225,2025-09-15,423077,gallons,,R4,
M-1225,"1675 Oak St, Wiley, CO 81092",Resident 1225,A-20225,2025-10-16,429239,gallons,,R4,
M-1225,"1675 Oak St, Wiley, CO 81092",Resident 1225,A-20225,2025-11-12,434798,gallons,,R4,
M-1225,"1675 Oak St, Wiley, CO 81092",Resident 1225,A-20225,2025-12-13,440882,gallons,,R4,
M-1226,"1682 Elm St, Wiley, CO 81092",Resident 1226,A-20226,2025-07-13,179038,gallons,,R5,
M-1226,"1682 Elm St, Wiley, CO 81092",Resident 1226,A-20226,2025-08-14,187388,gallons,,R5,
M-1226,"1682 Elm St, Wiley, CO 81092",Resident 1226,A-20226,2025-09-15,193082,gallons,,R5,
M-1226,"1682 Elm St, Wiley, CO 81092",Resident 1226,A-20226,2025-10-16,199197,gallons,,R5,
M-1226,"1682 Elm St, Wiley, CO 81092",Resident 1226,A-20226,2025-11-12,203240,gallons,,R5,
M-1226,"1682 Elm St, Wiley, CO 81092",Resident 1226,A-20226,2025-12-13,207689,gallons,,R5,
M-1227,"1689 3rd Ave, Wiley, CO 81092",Resident 1227,A-20227,2025-07-13,299013,gallons,,R6,
M-1227,"1689 3rd Ave, Wiley, CO 81092",Resident 1227,A-20227,2025-08-14,303809,gallons,,R6,
M-1227,"1689 3rd Ave, Wiley, CO 81092",Resident 1227,A-20227,2025-09-15,308742,gallons,,R6,
M-1227,"1689 3rd Ave, Wiley, CO 81092",Resident 1227,A-20227,2025-10-16,312104,gallons,,R6,
M-1227,"1689 3rd Ave, Wiley, CO 81092",Resident 1227,A-20227,2025-11-12,315005,gallons,,R6,
M-1227,"1689 3rd Ave, Wiley, CO 81092",Resident 1227,A-20227,2025-12-13,318253,gallons,,R6,
M-1228,"1696 5th St, Wiley, CO 81092",Resident 1228,A-20228,2025-07-13,437213,gallons,,R1,
M-1228,"1696 5th St, Wiley, CO 81092",Resident 1228,A-20228,2025-08-14,446144,gallons,,R1,
M-1228,"1696 5th St, Wiley, CO 81092",Resident 1228,A-20228,2025-09-15,452750,gallons,,R1,
M-1228,"1696 5th St, Wiley, CO 81092",Resident 1228,A-20228,2025-10-16,458910,gallons,,R1,
M-1228,"1696 5th St, Wiley, CO 81092",Resident 1228,A-20228,2025-11-12,463321,gallons,,R1,
M-1228,"1696 5th St, Wiley, CO 81092",Resident 1228,A-20228,2025-12-13,468954,gallons,,R1,
M-1229,"1703 Ranch Rd, Wiley, CO 81092",Resident 1229,A-20229,2025-07-13,254454,gallons,,R2,
M-1229,"1703 Ranch Rd, Wiley, CO 81092",Resident 1229,A-20229,2025-08-14,267459,gallons,,R2,
M-1229,"1703 Ranch Rd, Wiley, CO 81092",Resident 1229,A-20229,2025-09-15,277271,gallons,,R2,
M-1229,"1703 Ranch Rd, Wiley, CO 81092",Resident 1229,A-20229,2025-10-16,285439,gallons,,R2,
M-1229,"1703 Ranch Rd, Wiley, CO 81092",Resident 1229,A-20229,2025-11-12,291674,gallons,,R2,
M-1229,"1703 Ranch Rd, Wiley, CO 81092",Resident 1229,A-20229,2025-12-13,298224,gallons,,R2,
M-1230,"1710 Irrigation Ln, Wiley, CO 81092",Resident 1230,A-20230,2025-07-13,284398,gallons,,R3,
M-1230,"1710 Irrigation Ln, Wiley, CO 81092",Resident 1230,A-20230,2025-08-14,296597,gallons,,R3,
M-1230,"1710 Irrigation Ln, Wiley, CO 81092",Resident 1230,A-20230,2025-09-15,307239,gallons,,R3,
M-1230,"1710 Irrigation Ln, Wiley, CO 81092",Resident 1230,A-20230,2025-10-16,316012,gallons,,R3,
M-1230,"1710 Irrigation Ln, Wiley, CO 81092",Resident 1230,A-20230,2025-11-12,322469,gallons,,R3,
M-1230,"1710 Irrigation Ln, Wiley, CO 81092",Resident 1230,A-20230,2025-12-13,328986,gallons,,R3,
M-1231,"1717 North Frontage, Wiley, CO 81092",Resident 1231,A-20231,2025-07-13,169715,gallons,,R4,
M-1231,"1717 North Frontage, Wiley, CO 81092",Resident 1231,A-20231,2025-08-14,180367,gallons,,R4,
M-1231,"1717 North Frontage, Wiley, CO 81092",Resident 1231,A-20231,2025-09-15,189168,gallons,,R4,
M-1231,"1717 North Frontage, Wiley, CO 81092",Resident 1231,A-20231,2025-10-16,198168,gallons,,R4,
M-1231,"1717 North Frontage, Wiley, CO 81092",Resident 1231,A-20231,2025-11-12,203360,gallons,,R4,
M-1231,"1717 North Frontage, Wiley, CO 81092",Resident 1231,A-20231,2025-12-13,208576,gallons,,R4,
M-1232,"1724 South Loop, Wiley, CO 81092",Resident 1232,A-20232,2025-07-13,326805,gallons,,R5,
M-1232,"1724 South Loop, Wiley, CO 81092",Resident 1232,A-20232,2025-08-14,332342,gallons,,R5,
M-1232,"1724 South Loop, Wiley, CO 81092",Resident 1232,A-20232,2025-09-15,336592,gallons,,R5,
M-1232,"1724 South Loop, Wiley, CO 81092",Resident 1232,A-20232,2025-10-16,340736,gallons,,R5,
M-1232,"1724 South Loop, Wiley, CO 81092",Resident 1232,A-20232,2025-11-12,343235,gallons,,R5,
M-1232,"1724 South Loop, Wiley, CO 81092",Resident 1232,A-20232,2025-12-13,346428,gallons,,R5,
M-1233,"1731 Pioneer Rd, Wiley, CO 81092",Resident 1233,A-20233,2025-07-13,148036,gallons,,R6,
M-1233,"1731 Pioneer Rd, Wiley, CO 81092",Resident 1233,A-20233,2025-08-14,159819,gallons,,R6,
M-1233,"1731 Pioneer Rd, Wiley, CO 81092",Resident 1233,A-20233,2025-09-15,169643,gallons,,R6,
M-1233,"1731 Pioneer Rd, Wiley, CO 81092",Resident 1233,A-20233,2025-10-16,176636,gallons,,R6,
M-1233,"1731 Pioneer Rd, Wiley, CO 81092",Resident 1233,A-20233,2025-11-12,182532,gallons,,R6,
M-1233,"1731 Pioneer Rd, Wiley, CO 81092",Resident 1233,A-20233,2025-12-13,187892,gallons,,R6,
M-1234,"1738 Cottonwood Dr, Wiley, CO 81092",Resident 1234,A-20234,2025-07-13,380635,gallons,,R1,
M-1234,"1738 Cottonwood Dr, Wiley, CO 81092",Resident 1234,A-20234,2025-08-14,386666,gallons,,R1,
M-1234,"1738 Cottonwood Dr, Wiley, CO 81092",Resident 1234,A-20234,2025-09-15,392662,gallons,,R1,
M-1234,"1738 Cottonwood Dr, Wiley, CO 81092",Resident 1234,A-20234,2025-10-16,398024,gallons,,R1,
M-1234,"1738 Cottonwood Dr, Wiley, CO 81092",Resident 1234,A-20234,2025-11-12,401245,gallons,,R1,
M-1234,"1738 Cottonwood Dr, Wiley, CO 81092",Resident 1234,A-20234,2025-12-13,404977,gallons,,R1,
M-1235,"1745 Sand Creek Rd, Wiley, CO 81092",Resident 1235,A-20235,2025-07-13,402357,gallons,,R2,
M-1235,"1745 Sand Creek Rd, Wiley, CO 81092",Resident 1235,A-20235,2025-08-14,409876,gallons,,R2,
M-1235,"1745 Sand Creek Rd, Wiley, CO 81092",Resident 1235,A-20235,2025-09-15,415722,gallons,,R2,
M-1235,"1745 Sand Creek Rd, Wiley, CO 81092",Resident 1235,A-20235,2025-10-16,421986,gallons,,R2,
M-1235,"1745 Sand Creek Rd, Wiley, CO 81092",Resident 1235,A-20235,2025-11-12,426205,gallons,,R2,
M-1235,"1745 Sand Creek Rd, Wiley, CO 81092",Resident 1235,A-20235,2025-12-13,430797,gallons,,R2,
M-1236,"1752 Prairie View, Wiley, CO 81092",Resident 1236,A-20236,2025-07-13,250379,gallons,,R3,
M-1236,"1752 Prairie View, Wiley, CO 81092",Resident 1236,A-20236,2025-08-14,260988,gallons,,R3,
M-1236,"1752 Prairie View, Wiley, CO 81092",Resident 1236,A-20236,2025-09-15,268624,gallons,,R3,
M-1236,"1752 Prairie View, Wiley, CO 81092",Resident 1236,A-20236,2025-10-16,277174,gallons,,R3,
M-1236,"1752 Prairie View, Wiley, CO 81092",Resident 1236,A-20236,2025-11-12,283111,gallons,,R3,
M-1236,"1752 Prairie View, Wiley, CO 81092",Resident 1236,A-20236,2025-12-13,289001,gallons,,R3,
M-1237,"1759 School House Rd, Wiley, CO 81092",Resident 1237,A-20237,2025-07-13,336907,gallons,,R4,
M-1237,"1759 School House Rd, Wiley, CO 81092",Resident 1237,A-20237,2025-08-14,346753,gallons,,R4,
M-1237,"1759 School House Rd, Wiley, CO 81092",Resident 1237,A-20237,2025-09-15,354289,gallons,,R4,
M-1237,"1759 School House Rd, Wiley, CO 81092",Resident 1237,A-20237,2025-10-16,361789,gallons,,R4,
M-1237,"1759 School House Rd, Wiley, CO 81092",Resident 1237,A-20237,2025-11-12,368000,gallons,,R4,
M-1237,"1759 School House Rd, Wiley, CO 81092",Resident 1237,A-20237,2025-12-13,374433,gallons,,R4,
M-1238,"1766 Cemetery Rd, Wiley, CO 81092",Resident 1238,A-20238,2025-07-13,341644,gallons,,R5,
M-1238,"1766 Cemetery Rd, Wiley, CO 81092",Resident 1238,A-20238,2025-08-14,349149,gallons,,R5,
M-1238,"1766 Cemetery Rd, Wiley, CO 81092",Resident 1238,A-20238,2025-09-15,354841,gallons,,R5,
M-1238,"1766 Cemetery Rd, Wiley, CO 81092",Resident 1238,A-20238,2025-10-16,359823,gallons,,R5,
M-1238,"1766 Cemetery Rd, Wiley, CO 81092",Resident 1238,A-20238,2025-11-12,364003,gallons,,R5,
M-1238,"1766 Cemetery Rd, Wiley, CO 81092",Resident 1238,A-20238,2025-12-13,368415,gallons,,R5,
M-1239,"1773 Grain Elevator Rd, Wiley, CO 81092",Resident 1239,A-20239,2025-07-13,156586,gallons,,R6,
M-1239,"1773 Grain Elevator Rd, Wiley, CO 81092",Resident 1239,A-20239,2025-08-14,163368,gallons,,R6,
M-1239,"1773 Grain Elevator Rd, Wiley, CO 81092",Resident 1239,A-20239,2025-09-15,170912,gallons,,R6,
M-1239,"1773 Grain Elevator Rd, Wiley, CO 81092",Resident 1239,A-20239,2025-10-16,176626,gallons,,R6,
M-1239,"1773 Grain Elevator Rd, Wiley, CO 81092",Resident 1239,A-20239,2025-11-12,181118,gallons,,R6,
M-1239,"1773 Grain Elevator Rd, Wiley, CO 81092",Resident 1239,A-20239,2025-12-13,185713,gallons,,R6,
M-1240,"1780 Main St, Wiley, CO 81092",Resident 1240,A-20240,2025-07-13,479339,gallons,,R1,
M-1240,"1780 Main St, Wiley, CO 81092",Resident 1240,A-20240,2025-08-14,488850,gallons,,R1,
M-1240,"1780 Main St, Wiley, CO 81092",Resident 1240,A-20240,2025-09-15,497278,gallons,,R1,
M-1240,"1780 Main St, Wiley, CO 81092",Resident 1240,A-20240,2025-10-16,503227,gallons,,R1,
M-1240,"1780 Main St, Wiley, CO 81092",Resident 1240,A-20240,2025-11-12,507784,gallons,,R1,
M-1240,"1780 Main St, Wiley, CO 81092",Resident 1240,A-20240,2025-12-13,512255,gallons,,R1,
M-1241,"1787 County Rd 10, Wiley, CO 81092",Resident 1241,A-20241,2025-07-13,296773,gallons,,R2,
M-1241,"1787 County Rd 10, Wiley, CO 81092",Resident 1241,A-20241,2025-08-14,304679,gallons,,R2,
M-1241,"1787 County Rd 10, Wiley, CO 81092",Resident 1241,A-20241,2025-09-15,310641,gallons,,R2,
M-1241,"1787 County Rd 10, Wiley, CO 81092",Resident 1241,A-20241,2025-10-16,316370,gallons,,R2,
M-1241,"1787 County Rd 10, Wiley, CO 81092",Resident 1241,A-20241,2025-11-12,321214,gallons,,R2,
M-1241,"1787 County Rd 10, Wiley, CO 81092",Resident 1241,A-20241,2025-12-13,325593,gallons,,R2,
M-1242,"1794 County Rd 14, Wiley, CO 81092",Resident 1242,A-20242,2025-07-13,415971,gallons,,R3,
M-1242,"1794 County Rd 14, Wiley, CO 81092",Resident 1242,A-20242,2025-08-14,420446,gallons,,R3,
M-1242,"1794 County Rd 14, Wiley, CO 81092",Resident 1242,A-20242,2025-09-15,424363,gallons,,R3,
M-1242,"1794 County Rd 14, Wiley, CO 81092",Resident 1242,A-20242,2025-10-16,427115,gallons,,R3,
M-1242,"1794 County Rd 14, Wiley, CO 81092",Resident 1242,A-20242,2025-11-12,429661,gallons,,R3,
M-1242,"1794 County Rd 14, Wiley, CO 81092",Resident 1242,A-20242,2025-12-13,432367,gallons,,R3,
M-1243,"1801 Highway 287, Wiley, CO 81092",Resident 1243,A-20243,2025-07-13,266168,gallons,,R4,
M-1243,"1801 Highway 287, Wiley, CO 81092",Resident 1243,A-20243,2025-08-14,271792,gallons,,R4,
M-1243,"1801 Highway 287, Wiley, CO 81092",Resident 1243,A-20243,2025-09-15,276702,gallons,,R4,
M-1243,"1801 Highway 287, Wiley, CO 81092",Resident 1243,A-20243,2025-10-16,281230,gallons,,R4,
M-1243,"1801 Highway 287, Wiley, CO 81092",Resident 1243,A-20243,2025-11-12,284565,gallons,,R4,
M-1243,"1801 Highway 287, Wiley, CO 81092",Resident 1243,A-20243,2025-12-13,287869,gallons,,R4,
M-1244,"1808 Maple Ave, Wiley, CO 81092",Resident 1244,A-20244,2025-07-13,658529,gallons,,R5,
M-1244,"1808 Maple Ave, Wiley, CO 81092",Resident 1244,A-20244,2025-08-14,686346,gallons,,R5,
M-1244,"1808 Maple Ave, Wiley, CO 81092",Resident 1244,A-20244,2025-09-15,708956,gallons,,R5,
M-1244,"1808 Maple Ave, Wiley, CO 81092",Resident 1244,A-20244,2025-10-16,729858,gallons,,R5,
M-1244,"1808 Maple Ave, Wiley, CO 81092",Resident 1244,A-20244,2025-11-12,746282,gallons,,R5,
M-1244,"1808 Maple Ave, Wiley, CO 81092",Resident 1244,A-20244,2025-12-13,764604,gallons,,R5,
M-1245,"1815 Oak St, Wiley, CO 81092",Resident 1245,A-20245,2025-07-13,147547,gallons,,R6,
M-1245,"1815 Oak St, Wiley, CO 81092",Resident 1245,A-20245,2025-08-14,151071,gallons,,R6,
M-1245,"1815 Oak St, Wiley, CO 81092",Resident 1245,A-20245,2025-09-15,154228,gallons,,R6,
M-1245,"1815 Oak St, Wiley, CO 81092",Resident 1245,A-20245,2025-10-16,156799,gallons,,R6,
M-1245,"1815 Oak St, Wiley, CO 81092",Resident 1245,A-20245,2025-11-12,159132,gallons,,R6,
M-1245,"1815 Oak St, Wiley, CO 81092",Resident 1245,A-20245,2025-12-13,161037,gallons,,R6,
M-1246,"1822 Elm St, Wiley, CO 81092",Resident 1246,A-20246,2025-07-13,268772,gallons,,R1,
M-1246,"1822 Elm St, Wiley, CO 81092",Resident 1246,A-20246,2025-08-14,275601,gallons,,R1,
M-1246,"1822 Elm St, Wiley, CO 81092",Resident 1246,A-20246,2025-09-15,280884,gallons,,R1,
M-1246,"1822 Elm St, Wiley, CO 81092",Resident 1246,A-20246,2025-10-16,286019,gallons,,R1,
M-1246,"1822 Elm St, Wiley, CO 81092",Resident 1246,A-20246,2025-11-12,290031,gallons,,R1,
M-1246,"1822 Elm St, Wiley, CO 81092",Resident 1246,A-20246,2025-12-13,293676,gallons,,R1,
M-1247,"1829 3rd Ave, Wiley, CO 81092",Resident 1247,A-20247,2025-07-13,345021,gallons,,R2,
M-1247,"1829 3rd Ave, Wiley, CO 81092",Resident 1247,A-20247,2025-08-14,348638,gallons,,R2,
M-1247,"1829 3rd Ave, Wiley, CO 81092",Resident 1247,A-20247,2025-09-15,351468,gallons,,R2,
M-1247,"1829 3rd Ave, Wiley, CO 81092",Resident 1247,A-20247,2025-10-16,354012,gallons,,R2,
M-1247,"1829 3rd Ave, Wiley, CO 81092",Resident 1247,A-20247,2025-11-12,355772,gallons,,R2,
M-1247,"1829 3rd Ave, Wiley, CO 81092",Resident 1247,A-20247,2025-12-13,357766,gallons,,R2,
M-1248,"1836 5th St, Wiley, CO 81092",Resident 1248,A-20248,2025-07-13,302037,gallons,,R3,
M-1248,"1836 5th St, Wiley, CO 81092",Resident 1248,A-20248,2025-08-14,310823,gallons,,R3,
M-1248,"1836 5th St, Wiley, CO 81092",Resident 1248,A-20248,2025-09-15,318117,gallons,,R3,
M-1248,"1836 5th St, Wiley, CO 81092",Resident 1248,A-20248,2025-10-16,325333,gallons,,R3,
M-1248,"1836 5th St, Wiley, CO 81092",Resident 1248,A-20248,2025-11-12,330015,gallons,,R3,
M-1248,"1836 5th St, Wiley, CO 81092",Resident 1248,A-20248,2025-12-13,335705,gallons,,R3,
M-1249,"1843 Ranch Rd, Wiley, CO 81092",Resident 1249,A-20249,2025-07-13,482435,gallons,,R4,
M-1249,"1843 Ranch Rd, Wiley, CO 81092",Resident 1249,A-20249,2025-08-14,490219,gallons,,R4,
M-1249,"1843 Ranch Rd, Wiley, CO 81092",Resident 1249,A-20249,2025-09-15,498545,gallons,,R4,
M-1249,"1843 Ranch Rd, Wiley, CO 81092",Resident 1249,A-20249,2025-10-16,505332,gallons,,R4,
M-1249,"1843 Ranch Rd, Wiley, CO 81092",Resident 1249,A-20249,2025-11-12,510858,gallons,,R4,
M-1249,"1843 Ranch Rd, Wiley, CO 81092",Resident 1249,A-20249,2025-12-13,515643,gallons,,R4,
M-1250,"1850 Irrigation Ln, Wiley, CO 81092",Resident 1250,A-20250,2025-07-13,313921,gallons,,R5,
M-1250,"1850 Irrigation Ln, Wiley, CO 81092",Resident 1250,A-20250,2025-08-14,318809,gallons,,R5,
M-1250,"1850 Irrigation Ln, Wiley, CO 81092",Resident 1250,A-20250,2025-09-15,323387,gallons,,R5,
M-1250,"1850 Irrigation Ln, Wiley, CO 81092",Resident 1250,A-20250,2025-10-16,327932,gallons,,R5,
M-1250,"1850 Irrigation Ln, Wiley, CO 81092",Resident 1250,A-20250,2025-11-12,331381,gallons,,R5,
M-1250,"1850 Irrigation Ln, Wiley, CO 81092",Resident 1250,A-20250,2025-12-13,334134,gallons,,R5,
M-1251,"1857 North Frontage, Wiley, CO 81092",Resident 1251,A-20251,2025-07-13,306287,gallons,,R6,
M-1251,"1857 North Frontage, Wiley, CO 81092",Resident 1251,A-20251,2025-08-14,316808,gallons,,R6,
M-1251,"1857 North Frontage, Wiley, CO 81092",Resident 1251,A-20251,2025-09-15,323925,gallons,,R6,
M-1251,"1857 North Frontage, Wiley, CO 81092",Resident 1251,A-20251,2025-10-16,331549,gallons,,R6,
M-1251,"1857 North Frontage, Wiley, CO 81092",Resident 1251,A-20251,2025-11-12,336763,gallons,,R6,
M-1251,"1857 North Frontage, Wiley, CO 81092",Resident 1251,A-20251,2025-12-13,341355,gallons,,R6,
M-1252,"1864 South Loop, Wiley, CO 81092",Resident 1252,A-20252,2025-07-13,312139,gallons,,R1,
M-1252,"1864 South Loop, Wiley, CO 81092",Resident 1252,A-20252,2025-08-14,318295,gallons,,R1,
M-1252,"1864 South Loop, Wiley, CO 81092",Resident 1252,A-20252,2025-09-15,323091,gallons,,R1,
M-1252,"1864 South Loop, Wiley, CO 81092",Resident 1252,A-20252,2025-10-16,327119,gallons,,R1,
M-1252,"1864 South Loop, Wiley, CO 81092",Resident 1252,A-20252,2025-11-12,330081,gallons,,R1,
M-1252,"1864 South Loop, Wiley, CO 81092",Resident 1252,A-20252,2025-12-13,333333,gallons,,R1,
M-1253,"1871 Pioneer Rd, Wiley, CO 81092",Resident 1253,A-20253,2025-07-13,233613,gallons,,R2,
M-1253,"1871 Pioneer Rd, Wiley, CO 81092",Resident 1253,A-20253,2025-08-14,236386,gallons,,R2,
M-1253,"1871 Pioneer Rd, Wiley, CO 81092",Resident 1253,A-20253,2025-09-15,238872,gallons,,R2,
M-1253,"1871 Pioneer Rd, Wiley, CO 81092",Resident 1253,A-20253,2025-10-16,241097,gallons,,R2,
M-1253,"1871 Pioneer Rd, Wiley, CO 81092",Resident 1253,A-20253,2025-11-12,242884,gallons,,R2,
M-1253,"1871 Pioneer Rd, Wiley, CO 81092",Resident 1253,A-20253,2025-12-13,244517,gallons,,R2,
M-1254,"1878 Cottonwood Dr, Wiley, CO 81092",Resident 1254,A-20254,2025-07-13,375788,gallons,,R3,
M-1254,"1878 Cottonwood Dr, Wiley, CO 81092",Resident 1254,A-20254,2025-08-14,379627,gallons,,R3,
M-1254,"1878 Cottonwood Dr, Wiley, CO 81092",Resident 1254,A-20254,2025-09-15,382785,gallons,,R3,
M-1254,"1878 Cottonwood Dr, Wiley, CO 81092",Resident 1254,A-20254,2025-10-16,385838,gallons,,R3,
M-1254,"1878 Cottonwood Dr, Wiley, CO 81092",Resident 1254,A-20254,2025-11-12,388055,gallons,,R3,
M-1254,"1878 Cottonwood Dr, Wiley, CO 81092",Resident 1254,A-20254,2025-12-13,390036,gallons,,R3,
M-1255,"1885 Sand Creek Rd, Wiley, CO 81092",Resident 1255,A-20255,2025-07-13,215628,gallons,,R4,
M-1255,"1885 Sand Creek Rd, Wiley, CO 81092",Resident 1255,A-20255,2025-08-14,226908,gallons,,R4,
M-1255,"1885 Sand Creek Rd, Wiley, CO 81092",Resident 1255,A-20255,2025-09-15,236561,gallons,,R4,
M-1255,"1885 Sand Creek Rd, Wiley, CO 81092",Resident 1255,A-20255,2025-10-16,243461,gallons,,R4,
M-1255,"1885 Sand Creek Rd, Wiley, CO 81092",Resident 1255,A-20255,2025-11-12,249397,gallons,,R4,
M-1255,"1885 Sand Creek Rd, Wiley, CO 81092",Resident 1255,A-20255,2025-12-13,254603,gallons,,R4,
M-1256,"1892 Prairie View, Wiley, CO 81092",Resident 1256,A-20256,2025-07-13,244762,gallons,,R5,
M-1256,"1892 Prairie View, Wiley, CO 81092",Resident 1256,A-20256,2025-08-14,253738,gallons,,R5,
M-1256,"1892 Prairie View, Wiley, CO 81092",Resident 1256,A-20256,2025-09-15,263185,gallons,,R5,
M-1256,"1892 Prairie View, Wiley, CO 81092",Resident 1256,A-20256,2025-10-16,271650,gallons,,R5,
M-1256,"1892 Prairie View, Wiley, CO 81092",Resident 1256,A-20256,2025-11-12,276731,gallons,,R5,
M-1256,"1892 Prairie View, Wiley, CO 81092",Resident 1256,A-20256,2025-12-13,283013,gallons,,R5,
M-1257,"1899 School House Rd, Wiley, CO 81092",Resident 1257,A-20257,2025-07-13,302816,gallons,,R6,
M-1257,"1899 School House Rd, Wiley, CO 81092",Resident 1257,A-20257,2025-08-14,306741,gallons,,R6,
M-1257,"1899 School House Rd, Wiley, CO 81092",Resident 1257,A-20257,2025-09-15,309517,gallons,,R6,
M-1257,"1899 School House Rd, Wiley, CO 81092",Resident 1257,A-20257,2025-10-16,312214,gallons,,R6,
M-1257,"1899 School House Rd, Wiley, CO 81092",Resident 1257,A-20257,2025-11-12,314058,gallons,,R6,
M-1257,"1899 School House Rd, Wiley, CO 81092",Resident 1257,A-20257,2025-12-13,315927,gallons,,R6,
M-1258,"1906 Cemetery Rd, Wiley, CO 81092",Resident 1258,A-20258,2025-07-13,448905,gallons,,R1,
M-1258,"1906 Cemetery Rd, Wiley, CO 81092",Resident 1258,A-20258,2025-08-14,454167,gallons,,R1,
M-1258,"1906 Cemetery Rd, Wiley, CO 81092",Resident 1258,A-20258,2025-09-15,458403,gallons,,R1,
M-1258,"1906 Cemetery Rd, Wiley, CO 81092",Resident 1258,A-20258,2025-10-16,462350,gallons,,R1,
M-1258,"1906 Cemetery Rd, Wiley, CO 81092",Resident 1258,A-20258,2025-11-12,465737,gallons,,R1,
M-1258,"1906 Cemetery Rd, Wiley, CO 81092",Resident 1258,A-20258,2025-12-13,468738,gallons,,R1,
M-1259,"1913 Grain Elevator Rd, Wiley, CO 81092",Resident 1259,A-20259,2025-07-13,282345,gallons,,R2,
M-1259,"1913 Grain Elevator Rd, Wiley, CO 81092",Resident 1259,A-20259,2025-08-14,286253,gallons,,R2,
M-1259,"1913 Grain Elevator Rd, Wiley, CO 81092",Resident 1259,A-20259,2025-09-15,289324,gallons,,R2,
M-1259,"1913 Grain Elevator Rd, Wiley, CO 81092",Resident 1259,A-20259,2025-10-16,292270,gallons,,R2,
M-1259,"1913 Grain Elevator Rd, Wiley, CO 81092",Resident 1259,A-20259,2025-11-12,294406,gallons,,R2,
M-1259,"1913 Grain Elevator Rd, Wiley, CO 81092",Resident 1259,A-20259,2025-12-13,296464,gallons,,R2,
M-1260,"1920 Main St, Wiley, CO 81092",Resident 1260,A-20260,2025-07-13,172505,gallons,,R3,
M-1260,"1920 Main St, Wiley, CO 81092",Resident 1260,A-20260,2025-08-14,175809,gallons,,R3,
M-1260,"1920 Main St, Wiley, CO 81092",Resident 1260,A-20260,2025-09-15,178496,gallons,,R3,
M-1260,"1920 Main St, Wiley, CO 81092",Resident 1260,A-20260,2025-10-16,180995,gallons,,R3,
M-1260,"1920 Main St, Wiley, CO 81092",Resident 1260,A-20260,2025-11-12,183065,gallons,,R3,
M-1260,"1920 Main St, Wiley, CO 81092",Resident 1260,A-20260,2025-12-13,185144,gallons,,R3,
M-1261,"1927 County Rd 10, Wiley, CO 81092",Resident 1261,A-20261,2025-07-13,431388,gallons,,R4,
M-1261,"1927 County Rd 10, Wiley, CO 81092",Resident 1261,A-20261,2025-08-14,438481,gallons,,R4,
M-1261,"1927 County Rd 10, Wiley, CO 81092",Resident 1261,A-20261,2025-09-15,443544,gallons,,R4,
M-1261,"1927 County Rd 10, Wiley, CO 81092",Resident 1261,A-20261,2025-10-16,448473,gallons,,R4,
M-1261,"1927 County Rd 10, Wiley, CO 81092",Resident 1261,A-20261,2025-11-12,452033,gallons,,R4,
M-1261,"1927 County Rd 10, Wiley, CO 81092",Resident 1261,A-20261,2025-12-13,455834,gallons,,R4,
M-1262,"1934 County Rd 14, Wiley, CO 81092",Resident 1262,A-20262,2025-07-13,382997,gallons,,R5,
M-1262,"1934 County Rd 14, Wiley, CO 81092",Resident 1262,A-20262,2025-08-14,387188,gallons,,R5,
M-1262,"1934 County Rd 14, Wiley, CO 81092",Resident 1262,A-20262,2025-09-15,390863,gallons,,R5,
M-1262,"1934 County Rd 14, Wiley, CO 81092",Resident 1262,A-20262,2025-10-16,393751,gallons,,R5,
M-1262,"1934 County Rd 14, Wiley, CO 81092",Resident 1262,A-20262,2025-11-12,395960,gallons,,R5,
M-1262,"1934 County Rd 14, Wiley, CO 81092",Resident 1262,A-20262,2025-12-13,397843,gallons,,R5,
M-1263,"1941 Highway 287, Wiley, CO 81092",Resident 1263,A-20263,2025-07-13,284328,gallons,,R6,
M-1263,"1941 Highway 287, Wiley, CO 81092",Resident 1263,A-20263,2025-08-14,292674,gallons,,R6,
M-1263,"1941 Highway 287, Wiley, CO 81092",Resident 1263,A-20263,2025-09-15,299920,gallons,,R6,
M-1263,"1941 Highway 287, Wiley, CO 81092",Resident 1263,A-20263,2025-10-16,305464,gallons,,R6,
M-1263,"1941 Highway 287, Wiley, CO 81092",Resident 1263,A-20263,2025-11-12,310510,gallons,,R6,
M-1263,"1941 Highway 287, Wiley, CO 81092",Resident 1263,A-20263,2025-12-13,315306,gallons,,R6,
M-1264,"1948 Maple Ave, Wiley, CO 81092",Resident 1264,A-20264,2025-07-13,313039,gallons,,R1,
M-1264,"1948 Maple Ave, Wiley, CO 81092",Resident 1264,A-20264,2025-08-14,318281,gallons,,R1,
M-1264,"1948 Maple Ave, Wiley, CO 81092",Resident 1264,A-20264,2025-09-15,322840,gallons,,R1,
M-1264,"1948 Maple Ave, Wiley, CO 81092",Resident 1264,A-20264,2025-10-16,326729,gallons,,R1,
M-1264,"1948 Maple Ave, Wiley, CO 81092",Resident 1264,A-20264,2025-11-12,330110,gallons,,R1,
M-1264,"1948 Maple Ave, Wiley, CO 81092",Resident 1264,A-20264,2025-12-13,332889,gallons,,R1,
M-1265,"1955 Oak St, Wiley, CO 81092",Resident 1265,A-20265,2025-07-13,391552,gallons,,R2,
M-1265,"1955 Oak St, Wiley, CO 81092",Resident 1265,A-20265,2025-08-14,397840,gallons,,R2,
M-1265,"1955 Oak St, Wiley, CO 81092",Resident 1265,A-20265,2025-09-15,402707,gallons,,R2,
M-1265,"1955 Oak St, Wiley, CO 81092",Resident 1265,A-20265,2025-10-16,407050,gallons,,R2,
M-1265,"1955 Oak St, Wiley, CO 81092",Resident 1265,A-20265,2025-11-12,410796,gallons,,R2,
M-1265,"1955 Oak St, Wiley, CO 81092",Resident 1265,A-20265,2025-12-13,414427,gallons,,R2,
M-1266,"1962 Elm St, Wiley, CO 81092",Resident 1266,A-20266,2025-07-13,144838,gallons,,R3,
M-1266,"1962 Elm St, Wiley, CO 81092",Resident 1266,A-20266,2025-08-14,154101,gallons,,R3,
M-1266,"1962 Elm St, Wiley, CO 81092",Resident 1266,A-20266,2025-09-15,164235,gallons,,R3,
M-1266,"1962 Elm St, Wiley, CO 81092",Resident 1266,A-20266,2025-10-16,171464,gallons,,R3,
M-1266,"1962 Elm St, Wiley, CO 81092",Resident 1266,A-20266,2025-11-12,177143,gallons,,R3,
M-1266,"1962 Elm St, Wiley, CO 81092",Resident 1266,A-20266,2025-12-13,182416,gallons,,R3,
M-1267,"1969 3rd Ave, Wiley, CO 81092",Resident 1267,A-20267,2025-07-13,283625,gallons,,R4,
M-1267,"1969 3rd Ave, Wiley, CO 81092",Resident 1267,A-20267,2025-08-14,291131,gallons,,R4,
M-1267,"1969 3rd Ave, Wiley, CO 81092",Resident 1267,A-20267,2025-09-15,297859,gallons,,R4,
M-1267,"1969 3rd Ave, Wiley, CO 81092",Resident 1267,A-20267,2025-10-16,304642,gallons,,R4,
M-1267,"1969 3rd Ave, Wiley, CO 81092",Resident 1267,A-20267,2025-11-12,308621,gallons,,R4,
M-1267,"1969 3rd Ave, Wiley, CO 81092",Resident 1267,A-20267,2025-12-13,313452,gallons,,R4,
M-1268,"1976 5th St, Wiley, CO 81092",Resident 1268,A-20268,2025-07-13,249813,gallons,,R5,
M-1268,"1976 5th St, Wiley, CO 81092",Resident 1268,A-20268,2025-08-14,255645,gallons,,R5,
M-1268,"1976 5th St, Wiley, CO 81092",Resident 1268,A-20268,2025-09-15,260018,gallons,,R5,
M-1268,"1976 5th St, Wiley, CO 81092",Resident 1268,A-20268,2025-10-16,263927,gallons,,R5,
M-1268,"1976 5th St, Wiley, CO 81092",Resident 1268,A-20268,2025-11-12,266871,gallons,,R5,
M-1268,"1976 5th St, Wiley, CO 81092",Resident 1268,A-20268,2025-12-13,270204,gallons,,R5,
M-1269,"1983 Ranch Rd, Wiley, CO 81092",Resident 1269,A-20269,2025-07-13,245757,gallons,,R6,
M-1269,"1983 Ranch Rd, Wiley, CO 81092",Resident 1269,A-20269,2025-08-14,254254,gallons,,R6,
M-1269,"1983 Ranch Rd, Wiley, CO 81092",Resident 1269,A-20269,2025-09-15,262466,gallons,,R6,
M-1269,"1983 Ranch Rd, Wiley, CO 81092",Resident 1269,A-20269,2025-10-16,268929,gallons,,R6,
M-1269,"1983 Ranch Rd, Wiley, CO 81092",Resident 1269,A-20269,2025-11-12,273670,gallons,,R6,
M-1269,"1983 Ranch Rd, Wiley, CO 81092",Resident 1269,A-20269,2025-12-13,278953,gallons,,R6,
M-1270,"1990 Irrigation Ln, Wiley, CO 81092",Resident 1270,A-20270,2025-07-13,315703,gallons,,R1,
M-1270,"1990 Irrigation Ln, Wiley, CO 81092",Resident 1270,A-20270,2025-08-14,320309,gallons,,R1,
M-1270,"1990 Irrigation Ln, Wiley, CO 81092",Resident 1270,A-20270,2025-09-15,324005,gallons,,R1,
M-1270,"1990 Irrigation Ln, Wiley, CO 81092",Resident 1270,A-20270,2025-10-16,327399,gallons,,R1,
M-1270,"1990 Irrigation Ln, Wiley, CO 81092",Resident 1270,A-20270,2025-11-12,329832,gallons,,R1,
M-1270,"1990 Irrigation Ln, Wiley, CO 81092",Resident 1270,A-20270,2025-12-13,332001,gallons,,R1,
M-1271,"1997 North Frontage, Wiley, CO 81092",Resident 1271,A-20271,2025-07-13,455022,gallons,,R2,
M-1271,"1997 North Frontage, Wiley, CO 81092",Resident 1271,A-20271,2025-08-14,466226,gallons,,R2,
M-1271,"1997 North Frontage, Wiley, CO 81092",Resident 1271,A-20271,2025-09-15,476202,gallons,,R2,
M-1271,"1997 North Frontage, Wiley, CO 81092",Resident 1271,A-20271,2025-10-16,483241,gallons,,R2,
M-1271,"1997 North Frontage, Wiley, CO 81092",Resident 1271,A-20271,2025-11-12,488732,gallons,,R2,
M-1271,"1997 North Frontage, Wiley, CO 81092",Resident 1271,A-20271,2025-12-13,494044,gallons,,R2,
M-1272,"2004 South Loop, Wiley, CO 81092",Resident 1272,A-20272,2025-07-13,450619,gallons,,R3,
M-1272,"2004 South Loop, Wiley, CO 81092",Resident 1272,A-20272,2025-08-14,460874,gallons,,R3,
M-1272,"2004 South Loop, Wiley, CO 81092",Resident 1272,A-20272,2025-09-15,469039,gallons,,R3,
M-1272,"2004 South Loop, Wiley, CO 81092",Resident 1272,A-20272,2025-10-16,475951,gallons,,R3,
M-1272,"2004 South Loop, Wiley, CO 81092",Resident 1272,A-20272,2025-11-12,481523,gallons,,R3,
M-1272,"2004 South Loop, Wiley, CO 81092",Resident 1272,A-20272,2025-12-13,486791,gallons,,R3,
M-1273,"2011 Pioneer Rd, Wiley, CO 81092",Resident 1273,A-20273,2025-07-13,477710,gallons,,R4,
M-1273,"2011 Pioneer Rd, Wiley, CO 81092",Resident 1273,A-20273,2025-08-14,485850,gallons,,R4,
M-1273,"2011 Pioneer Rd, Wiley, CO 81092",Resident 1273,A-20273,2025-09-15,493958,gallons,,R4,
M-1273,"2011 Pioneer Rd, Wiley, CO 81092",Resident 1273,A-20273,2025-10-16,500135,gallons,,R4,
M-1273,"2011 Pioneer Rd, Wiley, CO 81092",Resident 1273,A-20273,2025-11-12,505487,gallons,,R4,
M-1273,"2011 Pioneer Rd, Wiley, CO 81092",Resident 1273,A-20273,2025-12-13,510288,gallons,,R4,
M-1274,"2018 Cottonwood Dr, Wiley, CO 81092",Resident 1274,A-20274,2025-07-13,293021,gallons,,R5,
M-1274,"2018 Cottonwood Dr, Wiley, CO 81092",Resident 1274,A-20274,2025-08-14,300387,gallons,,R5,
M-1274,"2018 Cottonwood Dr, Wiley, CO 81092",Resident 1274,A-20274,2025-09-15,306770,gallons,,R5,
M-1274,"2018 Cottonwood Dr, Wiley, CO 81092",Resident 1274,A-20274,2025-10-16,313442,gallons,,R5,
M-1274,"2018 Cottonwood Dr, Wiley, CO 81092",Resident 1274,A-20274,2025-11-12,317486,gallons,,R5,
M-1274,"2018 Cottonwood Dr, Wiley, CO 81092",Resident 1274,A-20274,2025-12-13,321966,gallons,,R5,
M-1275,"2025 Sand Creek Rd, Wiley, CO 81092",Resident 1275,A-20275,2025-07-13,346230,gallons,,R6,
M-1275,"2025 Sand Creek Rd, Wiley, CO 81092",Resident 1275,A-20275,2025-08-14,351425,gallons,,R6,
M-1275,"2025 Sand Creek Rd, Wiley, CO 81092",Resident 1275,A-20275,2025-09-15,356627,gallons,,R6,
M-1275,"2025 Sand Creek Rd, Wiley, CO 81092",Resident 1275,A-20275,2025-10-16,360756,gallons,,R6,
M-1275,"2025 Sand Creek Rd, Wiley, CO 81092",Resident 1275,A-20275,2025-11-12,363524,gallons,,R6,
M-1275,"2025 Sand Creek Rd, Wiley, CO 81092",Resident 1275,A-20275,2025-12-13,367040,gallons,,R6,
M-1276,"2032 Prairie View, Wiley, CO 81092",Resident 1276,A-20276,2025-07-13,359943,gallons,,R1,
M-1276,"2032 Prairie View, Wiley, CO 81092",Resident 1276,A-20276,2025-08-14,367692,gallons,,R1,
M-1276,"2032 Prairie View, Wiley, CO 81092",Resident 1276,A-20276,2025-09-15,375570,gallons,,R1,
M-1276,"2032 Prairie View, Wiley, CO 81092",Resident 1276,A-20276,2025-10-16,382049,gallons,,R1,
M-1276,"2032 Prairie View, Wiley, CO 81092",Resident 1276,A-20276,2025-11-12,387038,gallons,,R1,
M-1276,"2032 Prairie View, Wiley, CO 81092",Resident 1276,A-20276,2025-12-13,391113,gallons,,R1,
M-1277,"2039 School House Rd, Wiley, CO 81092",Resident 1277,A-20277,2025-07-13,350406,gallons,,R2,
M-1277,"2039 School House Rd, Wiley, CO 81092",Resident 1277,A-20277,2025-08-14,357409,gallons,,R2,
M-1277,"2039 School House Rd, Wiley, CO 81092",Resident 1277,A-20277,2025-09-15,363303,gallons,,R2,
M-1277,"2039 School House Rd, Wiley, CO 81092",Resident 1277,A-20277,2025-10-16,368194,gallons,,R2,
M-1277,"2039 School House Rd, Wiley, CO 81092",Resident 1277,A-20277,2025-11-12,372714,gallons,,R2,
M-1277,"2039 School House Rd, Wiley, CO 81092",Resident 1277,A-20277,2025-12-13,377039,gallons,,R2,
M-1278,"2046 Cemetery Rd, Wiley, CO 81092",Resident 1278,A-20278,2025-07-13,207463,gallons,,R3,
M-1278,"2046 Cemetery Rd, Wiley, CO 81092",Resident 1278,A-20278,2025-08-14,212183,gallons,,R3,
M-1278,"2046 Cemetery Rd, Wiley, CO 81092",Resident 1278,A-20278,2025-09-15,217104,gallons,,R3,
M-1278,"2046 Cemetery Rd, Wiley, CO 81092",Resident 1278,A-20278,2025-10-16,221177,gallons,,R3,
M-1278,"2046 Cemetery Rd, Wiley, CO 81092",Resident 1278,A-20278,2025-11-12,223848,gallons,,R3,
M-1278,"2046 Cemetery Rd, Wiley, CO 81092",Resident 1278,A-20278,2025-12-13,227033,gallons,,R3,
M-1279,"2053 Grain Elevator Rd, Wiley, CO 81092",Resident 1279,A-20279,2025-07-13,355017,gallons,,R4,
M-1279,"2053 Grain Elevator Rd, Wiley, CO 81092",Resident 1279,A-20279,2025-08-14,359203,gallons,,R4,
M-1279,"2053 Grain Elevator Rd, Wiley, CO 81092",Resident 1279,A-20279,2025-09-15,362566,gallons,,R4,
M-1279,"2053 Grain Elevator Rd, Wiley, CO 81092",Resident 1279,A-20279,2025-10-16,365928,gallons,,R4,
M-1279,"2053 Grain Elevator Rd, Wiley, CO 81092",Resident 1279,A-20279,2025-11-12,368256,gallons,,R4,
M-1279,"2053 Grain Elevator Rd, Wiley, CO 81092",Resident 1279,A-20279,2025-12-13,370595,gallons,,R4,
M-1280,"2060 Main St, Wiley, CO 81092",Resident 1280,A-20280,2025-07-13,335577,gallons,,R5,
M-1280,"2060 Main St, Wiley, CO 81092",Resident 1280,A-20280,2025-08-14,339341,gallons,,R5,
M-1280,"2060 Main St, Wiley, CO 81092",Resident 1280,A-20280,2025-09-15,342677,gallons,,R5,
M-1280,"2060 Main St, Wiley, CO 81092",Resident 1280,A-20280,2025-10-16,345847,gallons,,R5,
M-1280,"2060 Main St, Wiley, CO 81092",Resident 1280,A-20280,2025-11-12,348289,gallons,,R5,
M-1280,"2060 Main St, Wiley, CO 81092",Resident 1280,A-20280,2025-12-13,350377,gallons,,R5,
M-1281,"2067 County Rd 10, Wiley, CO 81092",Resident 1281,A-20281,2025-07-13,234085,gallons,,R6,
M-1281,"2067 County Rd 10, Wiley, CO 81092",Resident 1281,A-20281,2025-08-14,244172,gallons,,R6,
M-1281,"2067 County Rd 10, Wiley, CO 81092",Resident 1281,A-20281,2025-09-15,253502,gallons,,R6,
M-1281,"2067 County Rd 10, Wiley, CO 81092",Resident 1281,A-20281,2025-10-16,260268,gallons,,R6,
M-1281,"2067 County Rd 10, Wiley, CO 81092",Resident 1281,A-20281,2025-11-12,266022,gallons,,R6,
M-1281,"2067 County Rd 10, Wiley, CO 81092",Resident 1281,A-20281,2025-12-13,272062,gallons,,R6,
M-1282,"2074 County Rd 14, Wiley, CO 81092",Resident 1282,A-20282,2025-07-13,466609,gallons,,R1,
M-1282,"2074 County Rd 14, Wiley, CO 81092",Resident 1282,A-20282,2025-08-14,475187,gallons,,R1,
M-1282,"2074 County Rd 14, Wiley, CO 81092",Resident 1282,A-20282,2025-09-15,482732,gallons,,R1,
M-1282,"2074 County Rd 14, Wiley, CO 81092",Resident 1282,A-20282,2025-10-16,488314,gallons,,R1,
M-1282,"2074 County Rd 14, Wiley, CO 81092",Resident 1282,A-20282,2025-11-12,492484,gallons,,R1,
M-1282,"2074 County Rd 14, Wiley, CO 81092",Resident 1282,A-20282,2025-12-13,497303,gallons,,R1,
M-1283,"2081 Highway 287, Wiley, CO 81092",Resident 1283,A-20283,2025-07-13,156533,gallons,,R2,
M-1283,"2081 Highway 287, Wiley, CO 81092",Resident 1283,A-20283,2025-08-14,163137,gallons,,R2,
M-1283,"2081 Highway 287, Wiley, CO 81092",Resident 1283,A-20283,2025-09-15,169172,gallons,,R2,
M-1283,"2081 Highway 287, Wiley, CO 81092",Resident 1283,A-20283,2025-10-16,174198,gallons,,R2,
M-1283,"2081 Highway 287, Wiley, CO 81092",Resident 1283,A-20283,2025-11-12,177925,gallons,,R2,
M-1283,"2081 Highway 287, Wiley, CO 81092",Resident 1283,A-20283,2025-12-13,181837,gallons,,R2,
M-1284,"2088 Maple Ave, Wiley, CO 81092",Resident 1284,A-20284,2025-07-13,268896,gallons,,R3,
M-1284,"2088 Maple Ave, Wiley, CO 81092",Resident 1284,A-20284,2025-08-14,276748,gallons,,R3,
M-1284,"2088 Maple Ave, Wiley, CO 81092",Resident 1284,A-20284,2025-09-15,283301,gallons,,R3,
M-1284,"2088 Maple Ave, Wiley, CO 81092",Resident 1284,A-20284,2025-10-16,288423,gallons,,R3,
M-1284,"2088 Maple Ave, Wiley, CO 81092",Resident 1284,A-20284,2025-11-12,292828,gallons,,R3,
M-1284,"2088 Maple Ave, Wiley, CO 81092",Resident 1284,A-20284,2025-12-13,297099,gallons,,R3,
M-1285,"2095 Oak St, Wiley, CO 81092",Resident 1285,A-20285,2025-07-13,389284,gallons,,R4,
M-1285,"2095 Oak St, Wiley, CO 81092",Resident 1285,A-20285,2025-08-14,397849,gallons,,R4,
M-1285,"2095 Oak St, Wiley, CO 81092",Resident 1285,A-20285,2025-09-15,405198,gallons,,R4,
M-1285,"2095 Oak St, Wiley, CO 81092",Resident 1285,A-20285,2025-10-16,410915,gallons,,R4,
M-1285,"2095 Oak St, Wiley, CO 81092",Resident 1285,A-20285,2025-11-12,415150,gallons,,R4,
M-1285,"2095 Oak St, Wiley, CO 81092",Resident 1285,A-20285,2025-12-13,419876,gallons,,R4,
M-1286,"2102 Elm St, Wiley, CO 81092",Resident 1286,A-20286,2025-07-13,470661,gallons,,R5,
M-1286,"2102 Elm St, Wiley, CO 81092",Resident 1286,A-20286,2025-08-14,478584,gallons,,R5,
M-1286,"2102 Elm St, Wiley, CO 81092",Resident 1286,A-20286,2025-09-15,485100,gallons,,R5,
M-1286,"2102 Elm St, Wiley, CO 81092",Resident 1286,A-20286,2025-10-16,491509,gallons,,R5,
M-1286,"2102 Elm St, Wiley, CO 81092",Resident 1286,A-20286,2025-11-12,496670,gallons,,R5,
M-1286,"2102 Elm St, Wiley, CO 81092",Resident 1286,A-20286,2025-12-13,501176,gallons,,R5,
M-1287,"2109 3rd Ave, Wiley, CO 81092",Resident 1287,A-20287,2025-07-13,484367,gallons,,R6,
M-1287,"2109 3rd Ave, Wiley, CO 81092",Resident 1287,A-20287,2025-08-14,494352,gallons,,R6,
M-1287,"2109 3rd Ave, Wiley, CO 81092",Resident 1287,A-20287,2025-09-15,503186,gallons,,R6,
M-1287,"2109 3rd Ave, Wiley, CO 81092",Resident 1287,A-20287,2025-10-16,510627,gallons,,R6,
M-1287,"2109 3rd Ave, Wiley, CO 81092",Resident 1287,A-20287,2025-11-12,516542,gallons,,R6,
M-1287,"2109 3rd Ave, Wiley, CO 81092",Resident 1287,A-20287,2025-12-13,522553,gallons,,R6,
M-1288,"2116 5th St, Wiley, CO 81092",Resident 1288,A-20288,2025-07-13,401707,gallons,,R1,
M-1288,"2116 5th St, Wiley, CO 81092",Resident 1288,A-20288,2025-08-14,404764,gallons,,R1,
M-1288,"2116 5th St, Wiley, CO 81092",Resident 1288,A-20288,2025-09-15,407549,gallons,,R1,
M-1288,"2116 5th St, Wiley, CO 81092",Resident 1288,A-20288,2025-10-16,410156,gallons,,R1,
M-1288,"2116 5th St, Wiley, CO 81092",Resident 1288,A-20288,2025-12-13,412342,gallons,,R1,
M-1289,"2123 Ranch Rd, Wiley, CO 81092",Resident 1289,A-20289,2025-07-13,319201,gallons,,R2,
M-1289,"2123 Ranch Rd, Wiley, CO 81092",Resident 1289,A-20289,2025-08-14,330329,gallons,,R2,
M-1289,"2123 Ranch Rd, Wiley, CO 81092",Resident 1289,A-20289,2025-09-15,340149,gallons,,R2,
M-1289,"2123 Ranch Rd, Wiley, CO 81092",Resident 1289,A-20289,2025-10-16,347286,gallons,,R2,
M-1289,"2123 Ranch Rd, Wiley, CO 81092",Resident 1289,A-20289,2025-11-12,352796,gallons,,R2,
M-1289,"2123 Ranch Rd, Wiley, CO 81092",Resident 1289,A-20289,2025-12-13,359070,gallons,,R2,
M-1290,"2130 Irrigation Ln, Wiley, CO 81092",Resident 1290,A-20290,2025-07-13,188263,gallons,,R3,
M-1290,"2130 Irrigation Ln, Wiley, CO 81092",Resident 1290,A-20290,2025-08-14,198955,gallons,,R3,
M-1290,"2130 Irrigation Ln, Wiley, CO 81092",Resident 1290,A-20290,2025-09-15,206394,gallons,,R3,
M-1290,"2130 Irrigation Ln, Wiley, CO 81092",Resident 1290,A-20290,2025-10-16,214381,gallons,,R3,
M-1290,"2130 Irrigation Ln, Wiley, CO 81092",Resident 1290,A-20290,2025-11-12,220579,gallons,,R3,
M-1290,"2130 Irrigation Ln, Wiley, CO 81092",Resident 1290,A-20290,2025-12-13,226728,gallons,,R3,
M-1291,"2137 North Frontage, Wiley, CO 81092",Resident 1291,A-20291,2025-07-13,263575,gallons,,R4,
M-1291,"2137 North Frontage, Wiley, CO 81092",Resident 1291,A-20291,2025-08-14,275027,gallons,,R4,
M-1291,"2137 North Frontage, Wiley, CO 81092",Resident 1291,A-20291,2025-09-15,284476,gallons,,R4,
M-1291,"2137 North Frontage, Wiley, CO 81092",Resident 1291,A-20291,2025-10-16,292884,gallons,,R4,
M-1291,"2137 North Frontage, Wiley, CO 81092",Resident 1291,A-20291,2025-11-12,298657,gallons,,R4,
M-1291,"2137 North Frontage, Wiley, CO 81092",Resident 1291,A-20291,2025-12-13,304344,gallons,,R4,
M-1292,"2144 South Loop, Wiley, CO 81092",Resident 1292,A-20292,2025-07-13,247960,gallons,,R5,
M-1292,"2144 South Loop, Wiley, CO 81092",Resident 1292,A-20292,2025-08-14,252262,gallons,,R5,
M-1292,"2144 South Loop, Wiley, CO 81092",Resident 1292,A-20292,2025-09-15,255915,gallons,,R5,
M-1292,"2144 South Loop, Wiley, CO 81092",Resident 1292,A-20292,2025-10-16,259188,gallons,,R5,
M-1292,"2144 South Loop, Wiley, CO 81092",Resident 1292,A-20292,2025-11-12,261634,gallons,,R5,
M-1292,"2144 South Loop, Wiley, CO 81092",Resident 1292,A-20292,2025-12-13,263552,gallons,,R5,
M-1293,"2151 Pioneer Rd, Wiley, CO 81092",Resident 1293,A-20293,2025-07-13,201077,gallons,,R6,
M-1293,"2151 Pioneer Rd, Wiley, CO 81092",Resident 1293,A-20293,2025-08-14,204258,gallons,,R6,
M-1293,"2151 Pioneer Rd, Wiley, CO 81092",Resident 1293,A-20293,2025-09-15,207150,gallons,,R6,
M-1293,"2151 Pioneer Rd, Wiley, CO 81092",Resident 1293,A-20293,2025-10-16,210022,gallons,,R6,
M-1293,"2151 Pioneer Rd, Wiley, CO 81092",Resident 1293,A-20293,2025-11-12,212004,gallons,,R6,
M-1293,"2151 Pioneer Rd, Wiley, CO 81092",Resident 1293,A-20293,2025-12-13,214301,gallons,,R6,
M-1294,"2158 Cottonwood Dr, Wiley, CO 81092",Resident 1294,A-20294,2025-07-13,222364,gallons,,R1,
M-1294,"2158 Cottonwood Dr, Wiley, CO 81092",Resident 1294,A-20294,2025-08-14,229044,gallons,,R1,
M-1294,"2158 Cottonwood Dr, Wiley, CO 81092",Resident 1294,A-20294,2025-09-15,235468,gallons,,R1,
M-1294,"2158 Cottonwood Dr, Wiley, CO 81092",Resident 1294,A-20294,2025-10-16,240345,gallons,,R1,
M-1294,"2158 Cottonwood Dr, Wiley, CO 81092",Resident 1294,A-20294,2025-11-12,244823,gallons,,R1,
M-1294,"2158 Cottonwood Dr, Wiley, CO 81092",Resident 1294,A-20294,2025-12-13,249339,gallons,,R1,
M-1295,"2165 Sand Creek Rd, Wiley, CO 81092",Resident 1295,A-20295,2025-07-13,231043,gallons,,R2,
M-1295,"2165 Sand Creek Rd, Wiley, CO 81092",Resident 1295,A-20295,2025-08-14,240752,gallons,,R2,
M-1295,"2165 Sand Creek Rd, Wiley, CO 81092",Resident 1295,A-20295,2025-09-15,250300,gallons,,R2,
M-1295,"2165 Sand Creek Rd, Wiley, CO 81092",Resident 1295,A-20295,2025-10-16,257519,gallons,,R2,
M-1295,"2165 Sand Creek Rd, Wiley, CO 81092",Resident 1295,A-20295,2025-11-12,263724,gallons,,R2,
M-1295,"2165 Sand Creek Rd, Wiley, CO 81092",Resident 1295,A-20295,2025-12-13,269814,gallons,,R2,
M-1296,"2172 Prairie View, Wiley, CO 81092",Resident 1296,A-20296,2025-07-13,125200,gallons,,R3,
M-1296,"2172 Prairie View, Wiley, CO 81092",Resident 1296,A-20296,2025-08-14,131042,gallons,,R3,
M-1296,"2172 Prairie View, Wiley, CO 81092",Resident 1296,A-20296,2025-09-15,137499,gallons,,R3,
M-1296,"2172 Prairie View, Wiley, CO 81092",Resident 1296,A-20296,2025-10-16,142402,gallons,,R3,
M-1296,"2172 Prairie View, Wiley, CO 81092",Resident 1296,A-20296,2025-11-12,145840,gallons,,R3,
M-1296,"2172 Prairie View, Wiley, CO 81092",Resident 1296,A-20296,2025-12-13,149649,gallons,,R3,
M-1297,"2179 School House Rd, Wiley, CO 81092",Resident 1297,A-20297,2025-07-13,113249,gallons,,R4,
M-1297,"2179 School House Rd, Wiley, CO 81092",Resident 1297,A-20297,2025-08-14,117901,gallons,,R4,
M-1297,"2179 School House Rd, Wiley, CO 81092",Resident 1297,A-20297,2025-09-15,121091,gallons,,R4,
M-1297,"2179 School House Rd, Wiley, CO 81092",Resident 1297,A-20297,2025-10-16,124058,gallons,,R4,
M-1297,"2179 School House Rd, Wiley, CO 81092",Resident 1297,A-20297,2025-11-12,126492,gallons,,R4,
M-1297,"2179 School House Rd, Wiley, CO 81092",Resident 1297,A-20297,2025-12-13,129116,gallons,,R4,
M-1298,"2186 Cemetery Rd, Wiley, CO 81092",Resident 1298,A-20298,2025-07-13,229238,gallons,,R5,
M-1298,"2186 Cemetery Rd, Wiley, CO 81092",Resident 1298,A-20298,2025-08-14,235039,gallons,,R5,
M-1298,"2186 Cemetery Rd, Wiley, CO 81092",Resident 1298,A-20298,2025-09-15,239234,gallons,,R5,
M-1298,"2186 Cemetery Rd, Wiley, CO 81092",Resident 1298,A-20298,2025-10-16,243500,gallons,,R5,
M-1298,"2186 Cemetery Rd, Wiley, CO 81092",Resident 1298,A-20298,2025-11-12,246274,gallons,,R5,
M-1298,"2186 Cemetery Rd, Wiley, CO 81092",Resident 1298,A-20298,2025-12-13,249316,gallons,,R5,
M-1299,"2193 Grain Elevator Rd, Wiley, CO 81092",Resident 1299,A-20299,2025-07-13,343969,gallons,,R6,
M-1299,"2193 Grain Elevator Rd, Wiley, CO 81092",Resident 1299,A-20299,2025-08-14,348334,gallons,,R6,
M-1299,"2193 Grain Elevator Rd, Wiley, CO 81092",Resident 1299,A-20299,2025-09-15,352480,gallons,,R6,
M-1299,"2193 Grain Elevator Rd, Wiley, CO 81092",Resident 1299,A-20299,2025-10-16,356117,gallons,,R6,
M-1299,"2193 Grain Elevator Rd, Wiley, CO 81092",Resident 1299,A-20299,2025-11-12,359309,gallons,,R6,
M-1299,"2193 Grain Elevator Rd, Wiley, CO 81092",Resident 1299,A-20299,2025-12-13,362289,gallons,,R6,
M-1300,"2200 Main St, Wiley, CO 81092",Resident 1300,A-20300,2025-07-13,417477,gallons,,R1,
M-1300,"2200 Main St, Wiley, CO 81092",Resident 1300,A-20300,2025-08-14,422393,gallons,,R1,
M-1300,"2200 Main St, Wiley, CO 81092",Resident 1300,A-20300,2025-09-15,426245,gallons,,R1,
M-1300,"2200 Main St, Wiley, CO 81092",Resident 1300,A-20300,2025-10-16,430331,gallons,,R1,
M-1300,"2200 Main St, Wiley, CO 81092",Resident 1300,A-20300,2025-11-12,433212,gallons,,R1,
M-1300,"2200 Main St, Wiley, CO 81092",Resident 1300,A-20300,2025-12-13,435946,gallons,,R1,
