meter_id,service_addr,customer,acct,read_dt,reading,units,diag,route,comment
M-1001,"107 County Rd 10, Wiley, CO 81092",Resident 1001,A-20001,2025/07/13,418040,gal,,R2,
M-1001,"107 County Rd 10, Wiley, CO 81092",Resident 1001,A-20001,2025/08/14,427266,gal,,R2,
M-1001,"107 County Rd 10, Wiley, CO 81092",Resident 1001,A-20001,2025/09/15,436499,gal,,R2,
M-1001,"107 County Rd 10, Wiley, CO 81092",Resident 1001,A-20001,2025/10/16,443640,gal,,R2,
M-1001,"107 County Rd 10, Wiley, CO 81092",Resident 1001,A-20001,2025/11/12,449238,gal,,R2,
M-1001,"107 County Rd 10, Wiley, CO 81092",Resident 1001,A-20001,2025/12/13,454794,gal,,R2,
M-1002,"114 County Rd 14, Wiley, CO 81092",Resident 1002,A-20002,2025/07/13,323951,gal,,R3,
M-1002,"114 County Rd 14, Wiley, CO 81092",Resident 1002,A-20002,2025/08/14,328533,gal,,R3,
M-1002,"114 County Rd 14, Wiley, CO 81092",Resident 1002,A-20002,2025/09/15,331664,gal,,R3,
M-1002,"114 County Rd 14, Wiley, CO 81092",Resident 1002,A-20002,2025/10/16,334852,gal,,R3,
M-1002,"114 County Rd 14, Wiley, CO 81092",Resident 1002,A-20002,2025/11/12,337500,gal,,R3,
M-1002,"114 County Rd 14, Wiley, CO 81092",Resident 1002,A-20002,2025/12/13,339898,gal,,R3,
M-1003,"121 Highway 287, Wiley, CO 81092",Resident 1003,A-20003,2025/07/13,153199,gal,,R4,
M-1003,"121 Highway 287, Wiley, CO 81092",Resident 1003,A-20003,2025/08/14,156726,gal,,R4,
M-1003,"121 Highway 287, Wiley, CO 81092",Resident 1003,A-20003,2025/09/15,159293,gal,,R4,
M-1003,"121 Highway 287, Wiley, CO 81092",Resident 1003,A-20003,2025/10/16,161504,gal,,R4,
M-1003,"121 Highway 287, Wiley, CO 81092",Resident 1003,A-20003,2025/11/12,163241,gal,,R4,
M-1003,"121 Highway 287, Wiley, CO 81092",Resident 1003,A-20003,2025/12/13,165023,gal,,R4,
M-1004,"128 Maple Ave, Wiley, CO 81092",Resident 1004,A-20004,2025/07/13,375747,gal,,R5,
M-1004,"128 Maple Ave, Wiley, CO 81092",Resident 1004,A-20004,2025/08/14,386518,gal,,R5,
M-1004,"128 Maple Ave, Wiley, CO 81092",Resident 1004,A-20004,2025/09/15,395049,gal,,R5,
M-1004,"128 Maple Ave, Wiley, CO 81092",Resident 1004,A-20004,2025/10/16,404095,gal,,R5,
M-1004,"128 Maple Ave, Wiley, CO 81092",Resident 1004,A-20004,2025/11/12,410078,gal,,R5,
M-1004,"128 Maple Ave, Wiley, CO 81092",Resident 1004,A-20004,2025/12/13,416386,gal,,R5,
M-1005,"135 Oak St, Wiley, CO 81092",Resident 1005,A-20005,2025/07/13,201369,gal,,R6,
M-1005,"135 Oak St, Wiley, CO 81092",Resident 1005,A-20005,2025/08/14,207541,gal,,R6,
M-1005,"135 Oak St, Wiley, CO 81092",Resident 1005,A-20005,2025/09/15,212899,gal,,R6,
M-1005,"135 Oak St, Wiley, CO 81092",Resident 1005,A-20005,2025/10/16,216806,gal,,R6,
M-1005,"135 Oak St, Wiley, CO 81092",Resident 1005,A-20005,2025/11/12,220414,gal,,R6,
M-1005,"135 Oak St, Wiley, CO 81092",Resident 1005,A-20005,2025/12/13,224076,gal,,R6,
M-1006,"142 Elm St, Wiley, CO 81092",Resident 1006,A-20006,2025/07/13,247355,gal,,R1,
M-1006,"142 Elm St, Wiley, CO 81092",Resident 1006,A-20006,2025/08/14,253444,gal,,R1,
M-1006,"142 Elm St, Wiley, CO 81092",Resident 1006,A-20006,2025/09/15,258840,gal,,R1,
M-1006,"142 Elm St, Wiley, CO 81092",Resident 1006,A-20006,2025/10/16,262919,gal,,R1,
M-1006,"142 Elm St, Wiley, CO 81092",Resident 1006,A-20006,2025/11/12,266463,gal,,R1,
M-1006,"142 Elm St, Wiley, CO 81092",Resident 1006,A-20006,2025/12/13,269311,gal,,R1,
M-1007,"149 3rd Ave, Wiley, CO 81092",Resident 1007,A-20007,2025/07/13,342323,gal,,R2,
M-1007,"149 3rd Ave, Wiley, CO 81092",Resident 1007,A-20007,2025/08/14,348187,gal,,R2,
M-1007,"149 3rd Ave, Wiley, CO 81092",Resident 1007,A-20007,2025/09/15,352554,gal,,R2,
M-1007,"149 3rd Ave, Wiley, CO 81092",Resident 1007,A-20007,2025/10/16,357086,gal,,R2,
M-1007,"149 3rd Ave, Wiley, CO 81092",Resident 1007,A-20007,2025/11/12,360166,gal,,R2,
M-1007,"149 3rd Ave, Wiley, CO 81092",Resident 1007,A-20007,2025/12/13,363600,gal,,R2,
M-1008,"156 5th St, Wiley, CO 81092",Resident 1008,A-20008,2025/07/13,220919,gal,,R3,
M-1008,"156 5th St, Wiley, CO 81092",Resident 1008,A-20008,2025/08/14,225698,gal,,R3,
M-1008,"156 5th St, Wiley, CO 81092",Resident 1008,A-20008,2025/09/15,229251,gal,,R3,
M-1008,"156 5th St, Wiley, CO 81092",Resident 1008,A-20008,2025/10/16,232828,gal,,R3,
M-1008,"156 5th St, Wiley, CO 81092",Resident 1008,A-20008,2025/11/12,235455,gal,,R3,
M-1008,"156 5th St, Wiley, CO 81092",Resident 1008,A-20008,2025/12/13,237638,gal,,R3,
M-1009,"163 Ranch Rd, Wiley, CO 81092",Resident 1009,A-20009,2025/07/13,190653,gal,,R4,
M-1009,"163 Ranch Rd, Wiley, CO 81092",Resident 1009,A-20009,2025/08/14,200426,gal,,R4,
M-1009,"163 Ranch Rd, Wiley, CO 81092",Resident 1009,A-20009,2025/09/15,209280,gal,,R4,
M-1009,"163 Ranch Rd, Wiley, CO 81092",Resident 1009,A-20009,2025/10/16,218065,gal,,R4,
M-1009,"163 Ranch Rd, Wiley, CO 81092",Resident 1009,A-20009,2025/11/12,223591,gal,,R4,
M-1009,"163 Ranch Rd, Wiley, CO 81092",Resident 1009,A-20009,2025/12/13,229040,gal,,R4,
M-1010,"170 Irrigation Ln, Wiley, CO 81092",Resident 1010,A-20010,2025/07/13,319240,gal,,R5,
M-1010,"170 Irrigation Ln, Wiley, CO 81092",Resident 1010,A-20010,2025/08/14,322892,gal,,R5,
M-1010,"170 Irrigation Ln, Wiley, CO 81092",Resident 1010,A-20010,2025/09/15,326519,gal,,R5,
M-1010,"170 Irrigation Ln, Wiley, CO 81092",Resident 1010,A-20010,2025/10/16,329825,gal,,R5,
M-1010,"170 Irrigation Ln, Wiley, CO 81092",Resident 1010,A-20010,2025/11/12,332356,gal,,R5,
M-1010,"170 Irrigation Ln, Wiley, CO 81092",Resident 1010,A-20010,2025/12/13,334850,gal,,R5,
M-1011,"177 North Frontage, Wiley, CO 81092",Resident 1011,A-20011,2025/07/13,431599,gal,,R6,
M-1011,"177 North Frontage, Wiley, CO 81092",Resident 1011,A-20011,2025/08/14,441980,gal,,R6,
M-1011,"177 North Frontage, Wiley, CO 81092",Resident 1011,A-20011,2025/09/15,449899,gal,,R6,
M-1011,"177 North Frontage, Wiley, CO 81092",Resident 1011,A-20011,2025/10/16,456882,gal,,R6,
M-1011,"177 North Frontage, Wiley, CO 81092",Resident 1011,A-20011,2025/11/12,462129,gal,,R6,
M-1011,"177 North Frontage, Wiley, CO 81092",Resident 1011,A-20011,2025/12/13,468408,gal,,R6,
M-1012,"184 South Loop, Wiley, CO 81092",Resident 1012,A-20012,2025/07/13,204620,gal,,R1,
M-1012,"184 South Loop, Wiley, CO 81092",Resident 1012,A-20012,2025/08/14,214884,gal,,R1,
M-1012,"184 South Loop, Wiley, CO 81092",Resident 1012,A-20012,2025/09/15,225356,gal,,R1,
M-1012,"184 South Loop, Wiley, CO 81092",Resident 1012,A-20012,2025/10/16,234430,gal,,R1,
M-1012,"184 South Loop, Wiley, CO 81092",Resident 1012,A-20012,2025/11/12,241024,gal,,R1,
M-1012,"184 South Loop, Wiley, CO 81092",Resident 1012,A-20012,2025/12/13,246999,gal,,R1,
M-1013,"191 Pioneer Rd, Wiley, CO 81092",Resident 1013,A-20013,2025/07/13,155995,gal,,R2,
M-1013,"191 Pioneer Rd, Wiley, CO 81092",Resident 1013,A-20013,2025/08/14,165964,gal,,R2,
M-1013,"191 Pioneer Rd, Wiley, CO 81092",Resident 1013,A-20013,2025/09/15,172546,gal,,R2,
M-1013,"191 Pioneer Rd, Wiley, CO 81092",Resident 1013,A-20013,2025/10/16,179592,gal,,R2,
M-1013,"191 Pioneer Rd, Wiley, CO 81092",Resident 1013,A-20013,2025/11/12,184471,gal,,R2,
M-1013,"191 Pioneer Rd, Wiley, CO 81092",Resident 1013,A-20013,2025/12/13,189462,gal,,R2,
M-1014,"198 Cottonwood Dr, Wiley, CO 81092",Resident 1014,A-20014,2025/07/13,427919,gal,,R3,
M-1014,"198 Cottonwood Dr, Wiley, CO 81092",Resident 1014,A-20014,2025/08/14,431594,gal,,R3,
M-1014,"198 Cottonwood Dr, Wiley, CO 81092",Resident 1014,A-20014,2025/09/15,435107,gal,,R3,
M-1014,"198 Cottonwood Dr, Wiley, CO 81092",Resident 1014,A-20014,2025/10/16,438085,gal,,R3,
M-1014,"198 Cottonwood Dr, Wiley, CO 81092",Resident 1014,A-20014,2025/11/12,440144,gal,,R3,
M-1014,"198 Cottonwood Dr, Wiley, CO 81092",Resident 1014,A-20014,2025/12/13,442432,gal,,R3,
M-1015,"205 Sand Creek Rd, Wiley, CO 81092",Resident 1015,A-20015,2025/07/13,419620,gal,,R4,
M-1015,"205 Sand Creek Rd, Wiley, CO 81092",Resident 1015,A-20015,2025/08/14,430193,gal,,R4,
M-1015,"205 Sand Creek Rd, Wiley, CO 81092",Resident 1015,A-20015,2025/09/15,439160,gal,,R4,
M-1015,"205 Sand Creek Rd, Wiley, CO 81092",Resident 1015,A-20015,2025/10/16,447057,gal,,R4,
M-1015,"205 Sand Creek Rd, Wiley, CO 81092",Resident 1015,A-20015,2025/11/12,452760,gal,,R4,
M-1015,"205 Sand Creek Rd, Wiley, CO 81092",Resident 1015,A-20015,2025/12/13,457389,gal,,R4,
M-1016,"212 Prairie View, Wiley, CO 81092",Resident 1016,A-20016,2025/07/13,128440,gal,,R5,
M-1016,"212 Prairie View, Wiley, CO 81092",Resident 1016,A-20016,2025/08/14,135866,gal,,R5,
M-1016,"212 Prairie View, Wiley, CO 81092",Resident 1016,A-20016,2025/09/15,142029,gal,,R5,
M-1016,"212 Prairie View, Wiley, CO 81092",Resident 1016,A-20016,2025/10/16,147846,gal,,R5,
M-1016,"212 Prairie View, Wiley, CO 81092",Resident 1016,A-20016,2025/11/12,152019,gal,,R5,
M-1016,"212 Prairie View, Wiley, CO 81092",Resident 1016,A-20016,2025/12/13,156664,gal,,R5,
M-1017,"219 School House Rd, Wiley, CO 81092",Resident 1017,A-20017,2025/07/13,127901,gal,,R6,
M-1017,"219 School House Rd, Wiley, CO 81092",Resident 1017,A-20017,2025/08/14,130912,gal,,R6,
M-1017,"219 School House Rd, Wiley, CO 81092",Resident 1017,A-20017,2025/09/15,133720,gal,,R6,
M-1017,"219 School House Rd, Wiley, CO 81092",Resident 1017,A-20017,2025/10/16,136032,gal,,R6,
M-1017,"219 School House Rd, Wiley, CO 81092",Resident 1017,A-20017,2025/11/12,137946,gal,,R6,
M-1017,"219 School House Rd, Wiley, CO 81092",Resident 1017,A-20017,2025/12/13,140005,gal,,R6,
M-1018,"226 Cemetery Rd, Wiley, CO 81092",Resident 1018,A-20018,2025/07/13,204859,gal,,R1,
M-1018,"226 Cemetery Rd, Wiley, CO 81092",Resident 1018,A-20018,2025/08/14,208365,gal,,R1,
M-1018,"226 Cemetery Rd, Wiley, CO 81092",Resident 1018,A-20018,2025/09/15,211576,gal,,R1,
M-1018,"226 Cemetery Rd, Wiley, CO 81092",Resident 1018,A-20018,2025/10/16,214189,gal,,R1,
M-1018,"226 Cemetery Rd, Wiley, CO 81092",Resident 1018,A-20018,2025/11/12,215811,gal,,R1,
M-1018,"226 Cemetery Rd, Wiley, CO 81092",Resident 1018,A-20018,2025/12/13,217865,gal,,R1,
M-1019,"233 Grain Elevator Rd, Wiley, CO 81092",Resident 1019,A-20019,2025/07/13,172075,gal,,R2,
M-1019,"233 Grain Elevator Rd, Wiley, CO 81092",Resident 1019,A-20019,2025/08/14,176428,gal,,R2,
M-1019,"233 Grain Elevator Rd, Wiley, CO 81092",Resident 1019,A-20019,2025/09/15,179881,gal,,R2,
M-1019,"233 Grain Elevator Rd, Wiley, CO 81092",Resident 1019,A-20019,2025/10/16,182915,gal,,R2,
M-1019,"233 Grain Elevator Rd, Wiley, CO 81092",Resident 1019,A-20019,2025/11/12,184894,gal,,R2,
M-1019,"233 Grain Elevator Rd, Wiley, CO 81092",Resident 1019,A-20019,2025/12/13,187210,gal,,R2,
M-1020,"240 Main St, Wiley, CO 81092",Resident 1020,A-20020,2025/07/13,309720,gal,,R3,
M-1020,"240 Main St, Wiley, CO 81092",Resident 1020,A-20020,2025/08/14,315233,gal,,R3,
M-1020,"240 Main St, Wiley, CO 81092",Resident 1020,A-20020,2025/09/15,319509,gal,,R3,
M-1020,"240 Main St, Wiley, CO 81092",Resident 1020,A-20020,2025/10/16,322995,gal,,R3,
M-1020,"240 Main St, Wiley, CO 81092",Resident 1020,A-20020,2025/11/12,325721,gal,,R3,
M-1020,"240 Main St, Wiley, CO 81092",Resident 1020,A-20020,2025/12/13,328265,gal,,R3,
M-1021,"247 County Rd 10, Wiley, CO 81092",Resident 1021,A-20021,2025/07/13,357027,gal,,R4,
M-1021,"247 County Rd 10, Wiley, CO 81092",Resident 1021,A-20021,2025/08/14,361933,gal,,R4,
M-1021,"247 County Rd 10, Wiley, CO 81092",Resident 1021,A-20021,2025/09/15,366575,gal,,R4,
M-1021,"247 County Rd 10, Wiley, CO 81092",Resident 1021,A-20021,2025/10/16,370133,gal,,R4,
M-1021,"247 County Rd 10, Wiley, CO 81092",Resident 1021,A-20021,2025/11/12,373324,gal,,R4,
M-1021,"247 County Rd 10, Wiley, CO 81092",Resident 1021,A-20021,2025/12/13,376076,gal,,R4,
M-1022,"254 County Rd 14, Wiley, CO 81092",Resident 1022,A-20022,2025/07/13,377805,gal,,R5,
M-1022,"254 County Rd 14, Wiley, CO 81092",Resident 1022,A-20022,2025/08/14,385097,gal,,R5,
M-1022,"254 County Rd 14, Wiley, CO 81092",Resident 1022,A-20022,2025/09/15,393413,gal,,R5,
M-1022,"254 County Rd 14, Wiley, CO 81092",Resident 1022,A-20022,2025/10/16,400267,gal,,R5,
M-1022,"254 County Rd 14, Wiley, CO 81092",Resident 1022,A-20022,2025/11/12,404669,gal,,R5,
M-1022,"254 County Rd 14, Wiley, CO 81092",Resident 1022,A-20022,2025/12/13,408922,gal,,R5,
M-1023,"261 Highway 287, Wiley, CO 81092",Resident 1023,A-20023,2025/07/13,249118,gal,,R6,
M-1023,"261 Highway 287, Wiley, CO 81092",Resident 1023,A-20023,2025/08/14,259191,gal,,R6,
M-1023,"261 Highway 287, Wiley, CO 81092",Resident 1023,A-20023,2025/09/15,267877,gal,,R6,
M-1023,"261 Highway 287, Wiley, CO 81092",Resident 1023,A-20023,2025/10/16,274682,gal,,R6,
M-1023,"261 Highway 287, Wiley, CO 81092",Resident 1023,A-20023,2025/11/12,279963,gal,,R6,
M-1023,"261 Highway 287, Wiley, CO 81092",Resident 1023,A-20023,2025/12/13,285361,gal,,R6,
M-1024,"268 Maple Ave, Wiley, CO 81092",Resident 1024,A-20024,2025/07/13,292199,gal,,R1,
M-1024,"268 Maple Ave, Wiley, CO 81092",Resident 1024,A-20024,2025/08/14,295645,gal,,R1,
M-1024,"268 Maple Ave, Wiley, CO 81092",Resident 1024,A-20024,2025/09/15,298155,gal,,R1,
M-1024,"268 Maple Ave, Wiley, CO 81092",Resident 1024,A-20024,2025/10/16,300801,gal,,R1,
M-1024,"268 Maple Ave, Wiley, CO 81092",Resident 1024,A-20024,2025/11/12,302807,gal,,R1,
M-1024,"268 Maple Ave, Wiley, CO 81092",Resident 1024,A-20024,2025/12/13,304559,gal,,R1,
M-1025,"275 Oak St, Wiley, CO 81092",Resident 1025,A-20025,2025/07/13,166373,gal,,R2,
M-1025,"275 Oak St, Wiley, CO 81092",Resident 1025,A-20025,2025/08/14,175042,gal,,R2,
M-1025,"275 Oak St, Wiley, CO 81092",Resident 1025,A-20025,2025/09/15,183087,gal,,R2,
M-1025,"275 Oak St, Wiley, CO 81092",Resident 1025,A-20025,2025/10/16,189713,gal,,R2,
M-1025,"275 Oak St, Wiley, CO 81092",Resident 1025,A-20025,2025/11/12,194877,gal,,R2,
M-1025,"275 Oak St, Wiley, CO 81092",Resident 1025,A-20025,2025/12/13,200093,gal,,R2,
M-1026,"282 Elm St, Wiley, CO 81092",Resident 1026,A-20026,2025/07/13,185484,gal,,R3,
M-1026,"282 Elm St, Wiley, CO 81092",Resident 1026,A-20026,2025/08/14,190438,gal,,R3,
M-1026,"282 Elm St, Wiley, CO 81092",Resident 1026,A-20026,2025/09/15,195013,gal,,R3,
M-1026,"282 Elm St, Wiley, CO 81092",Resident 1026,A-20026,2025/10/16,199263,gal,,R3,
M-1026,"282 Elm St, Wiley, CO 81092",Resident 1026,A-20026,2025/11/12,201708,gal,,R3,
M-1026,"282 Elm St, Wiley, CO 81092",Resident 1026,A-20026,2025/12/13,204316,gal,,R3,
M-1027,"289 3rd Ave, Wiley, CO 81092",Resident 1027,A-20027,2025/07/13,347557,gal,,R4,
M-1027,"289 3rd Ave, Wiley, CO 81092",Resident 1027,A-20027,2025/08/14,357317,gal,,R4,
M-1027,"289 3rd Ave, Wiley, CO 81092",Resident 1027,A-20027,2025/09/15,366969,gal,,R4,
M-1027,"289 3rd Ave, Wiley, CO 81092",Resident 1027,A-20027,2025/10/16,375928,gal,,R4,
M-1027,"289 3rd Ave, Wiley, CO 81092",Resident 1027,A-20027,2025/11/12,382671,gal,,R4,
M-1027,"289 3rd Ave, Wiley, CO 81092",Resident 1027,A-20027,2025/12/13,389049,gal,,R4,
M-1028,"296 5th St, Wiley, CO 81092",Resident 1028,A-20028,2025/07/13,144308,gal,,R5,
M-1028,"296 5th St, Wiley, CO 81092",Resident 1028,A-20028,2025/08/14,154925,gal,,R5,
M-1028,"296 5th St, Wiley, CO 81092",Resident 1028,A-20028,2025/09/15,163742,gal,,R5,
M-1028,"296 5th St, Wiley, CO 81092",Resident 1028,A-20028,2025/10/16,170648,gal,,R5,
M-1028,"296 5th St, Wiley, CO 81092",Resident 1028,A-20028,2025/11/12,175846,gal,,R5,
M-1028,"296 5th St, Wiley, CO 81092",Resident 1028,A-20028,2025/12/13,181177,gal,,R5,
M-1029,"303 Ranch Rd, Wiley, CO 81092",Resident 1029,A-20029,2025/07/13,351016,gal,,R6,
M-1029,"303 Ranch Rd, Wiley, CO 81092",Resident 1029,A-20029,2025/08/14,360949,gal,,R6,
M-1029,"303 Ranch Rd, Wiley, CO 81092",Resident 1029,A-20029,2025/09/15,370150,gal,,R6,
M-1029,"303 Ranch Rd, Wiley, CO 81092",Resident 1029,A-20029,2025/10/16,378459,gal,,R6,
M-1029,"303 Ranch Rd, Wiley, CO 81092",Resident 1029,A-20029,2025/11/12,384576,gal,,R6,
M-1029,"303 Ranch Rd, Wiley, CO 81092",Resident 1029,A-20029,2025/12/13,390660,gal,,R6,
M-1030,"310 Irrigation Ln, Wiley, CO 81092",Resident 1030,A-20030,2025/07/13,271658,gal,,R1,
M-1030,"310 Irrigation Ln, Wiley, CO 81092",Resident 1030,A-20030,2025/08/14,281612,gal,,R1,
M-1030,"310 Irrigation Ln, Wiley, CO 81092",Resident 1030,A-20030,2025/09/15,289596,gal,,R1,
M-1030,"310 Irrigation Ln, Wiley, CO 81092",Resident 1030,A-20030,2025/10/16,296464,gal,,R1,
M-1030,"310 Irrigation Ln, Wiley, CO 81092",Resident 1030,A-20030,2025/11/12,301425,gal,,R1,
M-1030,"310 Irrigation Ln, Wiley, CO 81092",Resident 1030,A-20030,2025/12/13,307042,gal,,R1,
M-1031,"317 North Frontage, Wiley, CO 81092",Resident 1031,A-20031,2025/07/13,361470,gal,,R2,
M-1031,"317 North Frontage, Wiley, CO 81092",Resident 1031,A-20031,2025/08/14,368904,gal,,R2,
M-1031,"317 North Frontage, Wiley, CO 81092",Resident 1031,A-20031,2025/09/15,375015,gal,,R2,
M-1031,"317 North Frontage, Wiley, CO 81092",Resident 1031,A-20031,2025/10/16,379824,gal,,R2,
M-1031,"317 North Frontage, Wiley, CO 81092",Resident 1031,A-20031,2025/11/12,383937,gal,,R2,
M-1031,"317 North Frontage, Wiley, CO 81092",Resident 1031,A-20031,2025/12/13,387916,gal,,R2,
M-1032,"324 South Loop, Wiley, CO 81092",Resident 1032,A-20032,2025/07/13,248193,gal,,R3,
M-1032,"324 South Loop, Wiley, CO 81092",Resident 1032,A-20032,2025/08/14,253381,gal,,R3,
M-1032,"324 South Loop, Wiley, CO 81092",Resident 1032,A-20032,2025/09/15,257775,gal,,R3,
M-1032,"324 South Loop, Wiley, CO 81092",Resident 1032,A-20032,2025/10/16,262113,gal,,R3,
M-1032,"324 South Loop, Wiley, CO 81092",Resident 1032,A-20032,2025/11/12,264737,gal,,R3,
M-1032,"324 South Loop, Wiley, CO 81092",Resident 1032,A-20032,2025/12/13,268140,gal,,R3,
M-1033,"331 Pioneer Rd, Wiley, CO 81092",Resident 1033,A-20033,2025/07/13,582498,gal,,R4,
M-1033,"331 Pioneer Rd, Wiley, CO 81092",Resident 1033,A-20033,2025/08/14,614427,gal,,R4,
M-1033,"331 Pioneer Rd, Wiley, CO 81092",Resident 1033,A-20033,2025/09/15,643936,gal,,R4,
M-1033,"331 Pioneer Rd, Wiley, CO 81092",Resident 1033,A-20033,2025/10/16,668400,gal,,R4,
M-1033,"331 Pioneer Rd, Wiley, CO 81092",Resident 1033,A-20033,2025/11/12,687990,gal,,R4,
M-1033,"331 Pioneer Rd, Wiley, CO 81092",Resident 1033,A-20033,2025/12/13,706636,gal,,R4,
M-1034,"338 Cottonwood Dr, Wiley, CO 81092",Resident 1034,A-20034,2025/07/13,431453,gal,,R5,
M-1034,"338 Cottonwood Dr, Wiley, CO 81092",Resident 1034,A-20034,2025/08/14,441453,gal,,R5,
M-1034,"338 Cottonwood Dr, Wiley, CO 81092",Resident 1034,A-20034,2025/09/15,450272,gal,,R5,
M-1034,"338 Cottonwood Dr, Wiley, CO 81092",Resident 1034,A-20034,2025/10/16,456887,gal,,R5,
M-1034,"338 Cottonwood Dr, Wiley, CO 81092",Resident 1034,A-20034,2025/11/12,461753,gal,,R5,
M-1034,"338 Cottonwood Dr, Wiley, CO 81092",Resident 1034,A-20034,2025/12/13,467786,gal,,R5,
M-1035,"345 Sand Creek Rd, Wiley, CO 81092",Resident 1035,A-20035,2025/07/13,452430,gal,,R6,
M-1035,"345 Sand Creek Rd, Wiley, CO 81092",Resident 1035,A-20035,2025/08/14,458937,gal,,R6,
M-1035,"345 Sand Creek Rd, Wiley, CO 81092",Resident 1035,A-20035,2025/09/15,463996,gal,,R6,
M-1035,"345 Sand Creek Rd, Wiley, CO 81092",Resident 1035,A-20035,2025/10/16,467857,gal,,R6,
M-1035,"345 Sand Creek Rd, Wiley, CO 81092",Resident 1035,A-20035,2025/11/12,471263,gal,,R6,
M-1035,"345 Sand Creek Rd, Wiley, CO 81092",Resident 1035,A-20035,2025/12/13,474464,gal,,R6,
M-1036,"352 Prairie View, Wiley, CO 81092",Resident 1036,A-20036,2025/07/13,333118,gal,,R1,
M-1036,"352 Prairie View, Wiley, CO 81092",Resident 1036,A-20036,2025/08/14,336080,gal,,R1,
M-1036,"352 Prairie View, Wiley, CO 81092",Resident 1036,A-20036,2025/09/15,338566,gal,,R1,
M-1036,"352 Prairie View, Wiley, CO 81092",Resident 1036,A-20036,2025/10/16,340845,gal,,R1,
M-1036,"352 Prairie View, Wiley, CO 81092",Resident 1036,A-20036,2025/11/12,342595,gal,,R1,
M-1036,"352 Prairie View, Wiley, CO 81092",Resident 1036,A-20036,2025/12/13,344076,gal,,R1,
M-1037,"359 School House Rd, Wiley, CO 81092",Resident 1037,A-20037,2025/07/13,238583,gal,,R2,
M-1037,"359 School House Rd, Wiley, CO 81092",Resident 1037,A-20037,2025/08/14,250911,gal,,R2,
M-1037,"359 School House Rd, Wiley, CO 81092",Resident 1037,A-20037,2025/09/15,259891,gal,,R2,
M-1037,"359 School House Rd, Wiley, CO 81092",Resident 1037,A-20037,2025/10/16,267422,gal,,R2,
M-1037,"359 School House Rd, Wiley, CO 81092",Resident 1037,A-20037,2025/11/12,273842,gal,,R2,
M-1037,"359 School House Rd, Wiley, CO 81092",Resident 1037,A-20037,2025/12/13,279222,gal,,R2,
M-1038,"366 Cemetery Rd, Wiley, CO 81092",Resident 1038,A-20038,2025/07/13,192910,gal,,R3,
M-1038,"366 Cemetery Rd, Wiley, CO 81092",Resident 1038,A-20038,2025/08/14,197619,gal,,R3,
M-1038,"366 Cemetery Rd, Wiley, CO 81092",Resident 1038,A-20038,2025/09/15,201414,gal,,R3,
M-1038,"366 Cemetery Rd, Wiley, CO 81092",Resident 1038,A-20038,2025/10/16,204923,gal,,R3,
M-1038,"366 Cemetery Rd, Wiley, CO 81092",Resident 1038,A-20038,2025/11/12,207809,gal,,R3,
M-1038,"366 Cemetery Rd, Wiley, CO 81092",Resident 1038,A-20038,2025/12/13,210823,gal,,R3,
M-1039,"373 Grain Elevator Rd, Wiley, CO 81092",Resident 1039,A-20039,2025/07/13,303666,gal,,R4,
M-1039,"373 Grain Elevator Rd, Wiley, CO 81092",Resident 1039,A-20039,2025/08/14,313940,gal,,R4,
M-1039,"373 Grain Elevator Rd, Wiley, CO 81092",Resident 1039,A-20039,2025/09/15,321681,gal,,R4,
M-1039,"373 Grain Elevator Rd, Wiley, CO 81092",Resident 1039,A-20039,2025/10/16,328936,gal,,R4,
M-1039,"373 Grain Elevator Rd, Wiley, CO 81092",Resident 1039,A-20039,2025/11/12,334071,gal,,R4,
M-1039,"373 Grain Elevator Rd, Wiley, CO 81092",Resident 1039,A-20039,2025/12/13,339839,gal,,R4,
M-1040,"380 Main St, Wiley, CO 81092",Resident 1040,A-20040,2025/07/13,231867,gal,,R5,
M-1040,"380 Main St, Wiley, CO 81092",Resident 1040,A-20040,2025/08/14,239636,gal,,R5,
M-1040,"380 Main St, Wiley, CO 81092",Resident 1040,A-20040,2025/09/15,246763,gal,,R5,
M-1040,"380 Main St, Wiley, CO 81092",Resident 1040,A-20040,2025/10/16,251661,gal,,R5,
M-1040,"380 Main St, Wiley, CO 81092",Resident 1040,A-20040,2025/11/12,255459,gal,,R5,
M-1040,"380 Main St, Wiley, CO 81092",Resident 1040,A-20040,2025/12/13,259231,gal,,R5,
M-1041,"387 County Rd 10, Wiley, CO 81092",Resident 1041,A-20041,2025/07/13,144285,gal,,R6,
M-1041,"387 County Rd 10, Wiley, CO 81092",Resident 1041,A-20041,2025/08/14,150520,gal,,R6,
M-1041,"387 County Rd 10, Wiley, CO 81092",Resident 1041,A-20041,2025/09/15,156853,gal,,R6,
M-1041,"387 County Rd 10, Wiley, CO 81092",Resident 1041,A-20041,2025/10/16,162186,gal,,R6,
M-1041,"387 County Rd 10, Wiley, CO 81092",Resident 1041,A-20041,2025/11/12,166098,gal,,R6,
M-1041,"387 County Rd 10, Wiley, CO 81092",Resident 1041,A-20041,2025/12/13,169607,gal,,R6,
M-1042,"394 County Rd 14, Wiley, CO 81092",Resident 1042,A-20042,2025/07/13,406585,gal,,R1,
M-1042,"394 County Rd 14, Wiley, CO 81092",Resident 1042,A-20042,2025/08/14,412277,gal,,R1,
M-1042,"394 County Rd 14, Wiley, CO 81092",Resident 1042,A-20042,2025/09/15,417183,gal,,R1,
M-1042,"394 County Rd 14, Wiley, CO 81092",Resident 1042,A-20042,2025/10/16,421515,gal,,R1,
M-1042,"394 County Rd 14, Wiley, CO 81092",Resident 1042,A-20042,2025/11/12,424405,gal,,R1,
M-1042,"394 County Rd 14, Wiley, CO 81092",Resident 1042,A-20042,2025/12/13,427630,gal,,R1,
M-1043,"401 Highway 287, Wiley, CO 81092",Resident 1043,A-20043,2025/07/13,376470,gal,,R2,
M-1043,"401 Highway 287, Wiley, CO 81092",Resident 1043,A-20043,2025/08/14,380939,gal,,R2,
M-1043,"401 Highway 287, Wiley, CO 81092",Resident 1043,A-20043,2025/09/15,384896,gal,,R2,
M-1043,"401 Highway 287, Wiley, CO 81092",Resident 1043,A-20043,2025/10/16,388312,gal,,R2,
M-1043,"401 Highway 287, Wiley, CO 81092",Resident 1043,A-20043,2025/11/12,391193,gal,,R2,
M-1043,"401 Highway 287, Wiley, CO 81092",Resident 1043,A-20043,2025/12/13,393835,gal,,R2,
M-1044,"408 Maple Ave, Wiley, CO 81092",Resident 1044,A-20044,2025/07/13,130076,gal,,R3,
M-1044,"408 Maple Ave, Wiley, CO 81092",Resident 1044,A-20044,2025/08/14,135755,gal,,R3,
M-1044,"408 Maple Ave, Wiley, CO 81092",Resident 1044,A-20044,2025/09/15,139640,gal,,R3,
M-1044,"408 Maple Ave, Wiley, CO 81092",Resident 1044,A-20044,2025/10/16,143716,gal,,R3,
M-1044,"408 Maple Ave, Wiley, CO 81092",Resident 1044,A-20044,2025/11/12,146837,gal,,R3,
M-1044,"408 Maple Ave, Wiley, CO 81092",Resident 1044,A-20044,2025/12/13,149410,gal,,R3,
M-1045,"415 Oak St, Wiley, CO 81092",Resident 1045,A-20045,2025/07/13,318412,gal,,R4,
M-1045,"415 Oak St, Wiley, CO 81092",Resident 1045,A-20045,2025/08/14,330632,gal,,R4,
M-1045,"415 Oak St, Wiley, CO 81092",Resident 1045,A-20045,2025/09/15,341585,gal,,R4,
M-1045,"415 Oak St, Wiley, CO 81092",Resident 1045,A-20045,2025/10/16,350050,gal,,R4,
M-1045,"415 Oak St, Wiley, CO 81092",Resident 1045,A-20045,2025/11/12,357033,gal,,R4,
M-1045,"415 Oak St, Wiley, CO 81092",Resident 1045,A-20045,2025/12/13,363760,gal,,R4,
M-1046,"422 Elm St, Wiley, CO 81092",Resident 1046,A-20046,2025/07/13,138364,gal,,R5,
M-1046,"422 Elm St, Wiley, CO 81092",Resident 1046,A-20046,2025/08/14,145768,gal,,R5,
M-1046,"422 Elm St, Wiley, CO 81092",Resident 1046,A-20046,2025/09/15,152232,gal,,R5,
M-1046,"422 Elm St, Wiley, CO 81092",Resident 1046,A-20046,2025/10/16,156775,gal,,R5,
M-1046,"422 Elm St, Wiley, CO 81092",Resident 1046,A-20046,2025/11/12,160267,gal,,R5,
M-1046,"422 Elm St, Wiley, CO 81092",Resident 1046,A-20046,2025/12/13,164342,gal,,R5,
M-1047,"429 3rd Ave, Wiley, CO 81092",Resident 1047,A-20047,2025/07/13,113807,gal,,R6,
M-1047,"429 3rd Ave, Wiley, CO 81092",Resident 1047,A-20047,2025/08/14,118102,gal,,R6,
M-1047,"429 3rd Ave, Wiley, CO 81092",Resident 1047,A-20047,2025/09/15,121570,gal,,R6,
M-1047,"429 3rd Ave, Wiley, CO 81092",Resident 1047,A-20047,2025/10/16,124415,gal,,R6,
M-1047,"429 3rd Ave, Wiley, CO 81092",Resident 1047,A-20047,2025/11/12,126980,gal,,R6,
M-1047,"429 3rd Ave, Wiley, CO 81092",Resident 1047,A-20047,2025/12/13,129161,gal,,R6,
M-1048,"436 5th St, Wiley, CO 81092",Resident 1048,A-20048,2025/07/13,392245,gal,,R1,
M-1048,"436 5th St, Wiley, CO 81092",Resident 1048,A-20048,2025/08/14,396536,gal,,R1,
M-1048,"436 5th St, Wiley, CO 81092",Resident 1048,A-20048,2025/09/15,399437,gal,,R1,
M-1048,"436 5th St, Wiley, CO 81092",Resident 1048,A-20048,2025/10/16,402302,gal,,R1,
M-1048,"436 5th St, Wiley, CO 81092",Resident 1048,A-20048,2025/11/12,404221,gal,,R1,
M-1048,"436 5th St, Wiley, CO 81092",Resident 1048,A-20048,2025/12/13,406680,gal,,R1,
M-1049,"443 Ranch Rd, Wiley, CO 81092",Resident 1049,A-20049,2025/07/13,365147,gal,,R2,
M-1049,"443 Ranch Rd, Wiley, CO 81092",Resident 1049,A-20049,2025/08/14,372203,gal,,R2,
M-1049,"443 Ranch Rd, Wiley, CO 81092",Resident 1049,A-20049,2025/09/15,378184,gal,,R2,
M-1049,"443 Ranch Rd, Wiley, CO 81092",Resident 1049,A-20049,2025/10/16,382909,gal,,R2,
M-1049,"443 Ranch Rd, Wiley, CO 81092",Resident 1049,A-20049,2025/11/12,386793,gal,,R2,
M-1049,"443 Ranch Rd, Wiley, CO 81092",Resident 1049,A-20049,2025/12/13,391214,gal,,R2,
M-1050,"450 Irrigation Ln, Wiley, CO 81092",Resident 1050,A-20050,2025/07/13,350524,gal,,R3,
M-1050,"450 Irrigation Ln, Wiley, CO 81092",Resident 1050,A-20050,2025/08/14,354804,gal,,R3,
M-1050,"450 Irrigation Ln, Wiley, CO 81092",Resident 1050,A-20050,2025/09/15,358031,gal,,R3,
M-1050,"450 Irrigation Ln, Wiley, CO 81092",Resident 1050,A-20050,2025/10/16,360648,gal,,R3,
M-1050,"450 Irrigation Ln, Wiley, CO 81092",Resident 1050,A-20050,2025/11/12,362675,gal,,R3,
M-1050,"450 Irrigation Ln, Wiley, CO 81092",Resident 1050,A-20050,2025/12/13,364740,gal,,R3,
M-1051,"457 North Frontage, Wiley, CO 81092",Resident 1051,A-20051,2025/07/13,390480,gal,,R4,
M-1051,"457 North Frontage, Wiley, CO 81092",Resident 1051,A-20051,2025/08/14,396714,gal,,R4,
M-1051,"457 North Frontage, Wiley, CO 81092",Resident 1051,A-20051,2025/09/15,402148,gal,,R4,
M-1051,"457 North Frontage, Wiley, CO 81092",Resident 1051,A-20051,2025/10/16,407398,gal,,R4,
M-1051,"457 North Frontage, Wiley, CO 81092",Resident 1051,A-20051,2025/11/12,411452,gal,,R4,
M-1051,"457 North Frontage, Wiley, CO 81092",Resident 1051,A-20051,2025/12/13,415540,gal,,R4,
M-1052,"464 South Loop, Wiley, CO 81092",Resident 1052,A-20052,2025/07/13,196446,gal,,R5,
M-1052,"464 South Loop, Wiley, CO 81092",Resident 1052,A-20052,2025/08/14,202638,gal,,R5,
M-1052,"464 South Loop, Wiley, CO 81092",Resident 1052,A-20052,2025/09/15,207554,gal,,R5,
M-1052,"464 South Loop, Wiley, CO 81092",Resident 1052,A-20052,2025/10/16,211892,gal,,R5,
M-1052,"464 South Loop, Wiley, CO 81092",Resident 1052,A-20052,2025/11/12,215780,gal,,R5,
M-1052,"464 South Loop, Wiley, CO 81092",Resident 1052,A-20052,2025/12/13,219423,gal,,R5,
M-1053,"471 Pioneer Rd, Wiley, CO 81092",Resident 1053,A-20053,2025/07/13,169091,gal,,R6,
M-1053,"471 Pioneer Rd, Wiley, CO 81092",Resident 1053,A-20053,2025/08/14,178449,gal,,R6,
M-1053,"471 Pioneer Rd, Wiley, CO 81092",Resident 1053,A-20053,2025/09/15,186354,gal,,R6,
M-1053,"471 Pioneer Rd, Wiley, CO 81092",Resident 1053,A-20053,2025/10/16,193282,gal,,R6,
M-1053,"471 Pioneer Rd, Wiley, CO 81092",Resident 1053,A-20053,2025/11/12,198948,gal,,R6,
M-1053,"471 Pioneer Rd, Wiley, CO 81092",Resident 1053,A-20053,2025/12/13,204014,gal,,R6,
M-1054,"478 Cottonwood Dr, Wiley, CO 81092",Resident 1054,A-20054,2025/07/13,371766,gal,,R1,
M-1054,"478 Cottonwood Dr, Wiley, CO 81092",Resident 1054,A-20054,2025/08/14,377374,gal,,R1,
M-1054,"478 Cottonwood Dr, Wiley, CO 81092",Resident 1054,A-20054,2025/09/15,382261,gal,,R1,
M-1054,"478 Cottonwood Dr, Wiley, CO 81092",Resident 1054,A-20054,2025/10/16,386083,gal,,R1,
M-1054,"478 Cottonwood Dr, Wiley, CO 81092",Resident 1054,A-20054,2025/11/12,389450,gal,,R1,
M-1054,"478 Cottonwood Dr, Wiley, CO 81092",Resident 1054,A-20054,2025/12/13,392609,gal,,R1,
M-1055,"485 Sand Creek Rd, Wiley, CO 81092",Resident 1055,A-20055,2025/07/13,117628,gal,,R2,
M-1055,"485 Sand Creek Rd, Wiley, CO 81092",Resident 1055,A-20055,2025/08/14,121129,gal,,R2,
M-1055,"485 Sand Creek Rd, Wiley, CO 81092",Resident 1055,A-20055,2025/09/15,124120,gal,,R2,
M-1055,"485 Sand Creek Rd, Wiley, CO 81092",Resident 1055,A-20055,2025/10/16,126676,gal,,R2,
M-1055,"485 Sand Creek Rd, Wiley, CO 81092",Resident 1055,A-20055,2025/12/13,128524,gal,,R2,
M-1056,"492 Prairie View, Wiley, CO 81092",Resident 1056,A-20056,2025/07/13,245814,gal,,R3,
M-1056,"492 Prairie View, Wiley, CO 81092",Resident 1056,A-20056,2025/08/14,257505,gal,,R3,
M-1056,"492 Prairie View, Wiley, CO 81092",Resident 1056,A-20056,2025/09/15,266611,gal,,R3,
M-1056,"492 Prairie View, Wiley, CO 81092",Resident 1056,A-20056,2025/10/16,275459,gal,,R3,
M-1056,"492 Prairie View, Wiley, CO 81092",Resident 1056,A-20056,2025/11/12,282120,gal,,R3,
M-1056,"492 Prairie View, Wiley, CO 81092",Resident 1056,A-20056,2025/12/13,288335,gal,,R3,
M-1057,"499 School House Rd, Wiley, CO 81092",Resident 1057,A-20057,2025/07/13,158733,gal,,R4,
M-1057,"499 School House Rd, Wiley, CO 81092",Resident 1057,A-20057,2025/08/14,167282,gal,,R4,
M-1057,"499 School House Rd, Wiley, CO 81092",Resident 1057,A-20057,2025/09/15,173446,gal,,R4,
M-1057,"499 School House Rd, Wiley, CO 81092",Resident 1057,A-20057,2025/10/16,178747,gal,,R4,
M-1057,"499 School House Rd, Wiley, CO 81092",Resident 1057,A-20057,2025/11/12,182786,gal,,R4,
M-1057,"499 School House Rd, Wiley, CO 81092",Resident 1057,A-20057,2025/12/13,187476,gal,,R4,
M-1058,"506 Cemetery Rd, Wiley, CO 81092",Resident 1058,A-20058,2025/07/13,442616,gal,,R5,
M-1058,"506 Cemetery Rd, Wiley, CO 81092",Resident 1058,A-20058,2025/08/14,450609,gal,,R5,
M-1058,"506 Cemetery Rd, Wiley, CO 81092",Resident 1058,A-20058,2025/09/15,458729,gal,,R5,
M-1058,"506 Cemetery Rd, Wiley, CO 81092",Resident 1058,A-20058,2025/10/16,464598,gal,,R5,
M-1058,"506 Cemetery Rd, Wiley, CO 81092",Resident 1058,A-20058,2025/11/12,469475,gal,,R5,
M-1058,"506 Cemetery Rd, Wiley, CO 81092",Resident 1058,A-20058,2025/12/13,474381,gal,,R5,
M-1059,"513 Grain Elevator Rd, Wiley, CO 81092",Resident 1059,A-20059,2025/07/13,126601,gal,,R6,
M-1059,"513 Grain Elevator Rd, Wiley, CO 81092",Resident 1059,A-20059,2025/08/14,131556,gal,,R6,
M-1059,"513 Grain Elevator Rd, Wiley, CO 81092",Resident 1059,A-20059,2025/09/15,135138,gal,,R6,
M-1059,"513 Grain Elevator Rd, Wiley, CO 81092",Resident 1059,A-20059,2025/10/16,138417,gal,,R6,
M-1059,"513 Grain Elevator Rd, Wiley, CO 81092",Resident 1059,A-20059,2025/11/12,140890,gal,,R6,
M-1059,"513 Grain Elevator Rd, Wiley, CO 81092",Resident 1059,A-20059,2025/12/13,143080,gal,,R6,
M-1060,"520 Main St, Wiley, CO 81092",Resident 1060,A-20060,2025/07/13,241391,gal,,R1,
M-1060,"520 Main St, Wiley, CO 81092",Resident 1060,A-20060,2025/08/14,247484,gal,,R1,
M-1060,"520 Main St, Wiley, CO 81092",Resident 1060,A-20060,2025/09/15,253356,gal,,R1,
M-1060,"520 Main St, Wiley, CO 81092",Resident 1060,A-20060,2025/10/16,258636,gal,,R1,
M-1060,"520 Main St, Wiley, CO 81092",Resident 1060,A-20060,2025/11/12,263125,gal,,R1,
M-1060,"520 Main St, Wiley, CO 81092",Resident 1060,A-20060,2025/12/13,266962,gal,,R1,
M-1061,"527 County Rd 10, Wiley, CO 81092",Resident 1061,A-20061,2025/07/13,297303,gal,,R2,
M-1061,"527 County Rd 10, Wiley, CO 81092",Resident 1061,A-20061,2025/08/14,300672,gal,,R2,
M-1061,"527 County Rd 10, Wiley, CO 81092",Resident 1061,A-20061,2025/09/15,303711,gal,,R2,
M-1061,"527 County Rd 10, Wiley, CO 81092",Resident 1061,A-20061,2025/10/16,306685,gal,,R2,
M-1061,"527 County Rd 10, Wiley, CO 81092",Resident 1061,A-20061,2025/11/12,308558,gal,,R2,
M-1061,"527 County Rd 10, Wiley, CO 81092",Resident 1061,A-20061,2025/12/13,310963,gal,,R2,
M-1062,"534 County Rd 14, Wiley, CO 81092",Resident 1062,A-20062,2025/07/13,195142,gal,,R3,
M-1062,"534 County Rd 14, Wiley, CO 81092",Resident 1062,A-20062,2025/08/14,203251,gal,,R3,
M-1062,"534 County Rd 14, Wiley, CO 81092",Resident 1062,A-20062,2025/09/15,210800,gal,,R3,
M-1062,"534 County Rd 14, Wiley, CO 81092",Resident 1062,A-20062,2025/10/16,216909,gal,,R3,
M-1062,"534 County Rd 14, Wiley, CO 81092",Resident 1062,A-20062,2025/11/12,221646,gal,,R3,
M-1062,"534 County Rd 14, Wiley, CO 81092",Resident 1062,A-20062,2025/12/13,227201,gal,,R3,
M-1063,"541 Highway 287, Wiley, CO 81092",Resident 1063,A-20063,2025/07/13,405208,gal,,R4,
M-1063,"541 Highway 287, Wiley, CO 81092",Resident 1063,A-20063,2025/08/14,412212,gal,,R4,
M-1063,"541 Highway 287, Wiley, CO 81092",Resident 1063,A-20063,2025/09/15,417089,gal,,R4,
M-1063,"541 Highway 287, Wiley, CO 81092",Resident 1063,A-20063,2025/10/16,421850,gal,,R4,
M-1063,"541 Highway 287, Wiley, CO 81092",Resident 1063,A-20063,2025/11/12,425164,gal,,R4,
M-1063,"541 Highway 287, Wiley, CO 81092",Resident 1063,A-20063,2025/12/13,428256,gal,,R4,
M-1064,"548 Maple Ave, Wiley, CO 81092",Resident 1064,A-20064,2025/07/13,269708,gal,,R5,
M-1064,"548 Maple Ave, Wiley, CO 81092",Resident 1064,A-20064,2025/08/14,279436,gal,,R5,
M-1064,"548 Maple Ave, Wiley, CO 81092",Resident 1064,A-20064,2025/09/15,288558,gal,,R5,
M-1064,"548 Maple Ave, Wiley, CO 81092",Resident 1064,A-20064,2025/10/16,296426,gal,,R5,
M-1064,"548 Maple Ave, Wiley, CO 81092",Resident 1064,A-20064,2025/11/12,301737,gal,,R5,
M-1064,"548 Maple Ave, Wiley, CO 81092",Resident 1064,A-20064,2025/12/13,308071,gal,,R5,
M-1065,"555 Oak St, Wiley, CO 81092",Resident 1065,A-20065,2025/07/13,442189,gal,,R6,
M-1065,"555 Oak St, Wiley, CO 81092",Resident 1065,A-20065,2025/08/14,450715,gal,,R6,
M-1065,"555 Oak St, Wiley, CO 81092",Resident 1065,A-20065,2025/09/15,460098,gal,,R6,
M-1065,"555 Oak St, Wiley, CO 81092",Resident 1065,A-20065,2025/10/16,466810,gal,,R6,
M-1065,"555 Oak St, Wiley, CO 81092",Resident 1065,A-20065,2025/11/12,471552,gal,,R6,
M-1065,"555 Oak St, Wiley, CO 81092",Resident 1065,A-20065,2025/12/13,477279,gal,,R6,
M-1066,"562 Elm St, Wiley, CO 81092",Resident 1066,A-20066,2025/07/13,428106,gal,,R1,
M-1066,"562 Elm St, Wiley, CO 81092",Resident 1066,A-20066,2025/08/14,434493,gal,,R1,
M-1066,"562 Elm St, Wiley, CO 81092",Resident 1066,A-20066,2025/09/15,440977,gal,,R1,
M-1066,"562 Elm St, Wiley, CO 81092",Resident 1066,A-20066,2025/10/16,445475,gal,,R1,
M-1066,"562 Elm St, Wiley, CO 81092",Resident 1066,A-20066,2025/11/12,449262,gal,,R1,
M-1066,"562 Elm St, Wiley, CO 81092",Resident 1066,A-20066,2025/12/13,452708,gal,,R1,
M-1067,"569 3rd Ave, Wiley, CO 81092",Resident 1067,A-20067,2025/07/13,156867,gal,,R2,
M-1067,"569 3rd Ave, Wiley, CO 81092",Resident 1067,A-20067,2025/08/14,165042,gal,,R2,
M-1067,"569 3rd Ave, Wiley, CO 81092",Resident 1067,A-20067,2025/09/15,173451,gal,,R2,
M-1067,"569 3rd Ave, Wiley, CO 81092",Resident 1067,A-20067,2025/10/16,180955,gal,,R2,
M-1067,"569 3rd Ave, Wiley, CO 81092",Resident 1067,A-20067,2025/11/12,186230,gal,,R2,
M-1067,"569 3rd Ave, Wiley, CO 81092",Resident 1067,A-20067,2025/12/13,190759,gal,,R2,
M-1068,"576 5th St, Wiley, CO 81092",Resident 1068,A-20068,2025/07/13,420983,gal,,R3,
M-1068,"576 5th St, Wiley, CO 81092",Resident 1068,A-20068,2025/08/14,425372,gal,,R3,
M-1068,"576 5th St, Wiley, CO 81092",Resident 1068,A-20068,2025/09/15,429432,gal,,R3,
M-1068,"576 5th St, Wiley, CO 81092",Resident 1068,A-20068,2025/10/16,433007,gal,,R3,
M-1068,"576 5th St, Wiley, CO 81092",Resident 1068,A-20068,2025/11/12,435662,gal,,R3,
M-1068,"576 5th St, Wiley, CO 81092",Resident 1068,A-20068,2025/12/13,438081,gal,,R3,
M-1069,"583 Ranch Rd, Wiley, CO 81092",Resident 1069,A-20069,2025/07/13,192649,gal,,R4,
M-1069,"583 Ranch Rd, Wiley, CO 81092",Resident 1069,A-20069,2025/08/14,203036,gal,,R4,
M-1069,"583 Ranch Rd, Wiley, CO 81092",Resident 1069,A-20069,2025/09/15,212870,gal,,R4,
M-1069,"583 Ranch Rd, Wiley, CO 81092",Resident 1069,A-20069,2025/10/16,221855,gal,,R4,
M-1069,"583 Ranch Rd, Wiley, CO 81092",Resident 1069,A-20069,2025/11/12,227177,gal,,R4,
M-1069,"583 Ranch Rd, Wiley, CO 81092",Resident 1069,A-20069,2025/12/13,233552,gal,,R4,
M-1070,"590 Irrigation Ln, Wiley, CO 81092",Resident 1070,A-20070,2025/07/13,303781,gal,,R5,
M-1070,"590 Irrigation Ln, Wiley, CO 81092",Resident 1070,A-20070,2025/08/14,308062,gal,,R5,
M-1070,"590 Irrigation Ln, Wiley, CO 81092",Resident 1070,A-20070,2025/09/15,311541,gal,,R5,
M-1070,"590 Irrigation Ln, Wiley, CO 81092",Resident 1070,A-20070,2025/10/16,313969,gal,,R5,
M-1070,"590 Irrigation Ln, Wiley, CO 81092",Resident 1070,A-20070,2025/11/12,316167,gal,,R5,
M-1070,"590 Irrigation Ln, Wiley, CO 81092",Resident 1070,A-20070,2025/12/13,318235,gal,,R5,
M-1071,"597 North Frontage, Wiley, CO 81092",Resident 1071,A-20071,2025/07/13,425839,gal,,R6,
M-1071,"597 North Frontage, Wiley, CO 81092",Resident 1071,A-20071,2025/08/14,429434,gal,,R6,
M-1071,"597 North Frontage, Wiley, CO 81092",Resident 1071,A-20071,2025/09/15,432317,gal,,R6,
M-1071,"597 North Frontage, Wiley, CO 81092",Resident 1071,A-20071,2025/10/16,435024,gal,,R6,
M-1071,"597 North Frontage, Wiley, CO 81092",Resident 1071,A-20071,2025/11/12,436824,gal,,R6,
M-1071,"597 North Frontage, Wiley, CO 81092",Resident 1071,A-20071,2025/12/13,438718,gal,,R6,
M-1072,"604 South Loop, Wiley, CO 81092",Resident 1072,A-20072,2025/07/13,451795,gal,,R1,
M-1072,"604 South Loop, Wiley, CO 81092",Resident 1072,A-20072,2025/08/14,462142,gal,,R1,
M-1072,"604 South Loop, Wiley, CO 81092",Resident 1072,A-20072,2025/09/15,471830,gal,,R1,
M-1072,"604 South Loop, Wiley, CO 81092",Resident 1072,A-20072,2025/10/16,479272,gal,,R1,
M-1072,"604 South Loop, Wiley, CO 81092",Resident 1072,A-20072,2025/11/12,485031,gal,,R1,
M-1072,"604 South Loop, Wiley, CO 81092",Resident 1072,A-20072,2025/12/13,491583,gal,,R1,
M-1073,"611 Pioneer Rd, Wiley, CO 81092",Resident 1073,A-20073,2025/07/13,397532,gal,,R2,
M-1073,"611 Pioneer Rd, Wiley, CO 81092",Resident 1073,A-20073,2025/08/14,403369,gal,,R2,
M-1073,"611 Pioneer Rd, Wiley, CO 81092",Resident 1073,A-20073,2025/09/15,407599,gal,,R2,
M-1073,"611 Pioneer Rd, Wiley, CO 81092",Resident 1073,A-20073,2025/10/16,411479,gal,,R2,
M-1073,"611 Pioneer Rd, Wiley, CO 81092",Resident 1073,A-20073,2025/11/12,414551,gal,,R2,
M-1073,"611 Pioneer Rd, Wiley, CO 81092",Resident 1073,A-20073,2025/12/13,417220,gal,,R2,
M-1074,"618 Cottonwood Dr, Wiley, CO 81092",Resident 1074,A-20074,2025/07/13,380326,gal,,R3,
M-1074,"618 Cottonwood Dr, Wiley, CO 81092",Resident 1074,A-20074,2025/08/14,386675,gal,,R3,
M-1074,"618 Cottonwood Dr, Wiley, CO 81092",Resident 1074,A-20074,2025/09/15,391598,gal,,R3,
M-1074,"618 Cottonwood Dr, Wiley, CO 81092",Resident 1074,A-20074,2025/10/16,395922,gal,,R3,
M-1074,"618 Cottonwood Dr, Wiley, CO 81092",Resident 1074,A-20074,2025/11/12,399550,gal,,R3,
M-1074,"618 Cottonwood Dr, Wiley, CO 81092",Resident 1074,A-20074,2025/12/13,403123,gal,,R3,
M-1075,"625 Sand Creek Rd, Wiley, CO 81092",Resident 1075,A-20075,2025/07/13,250443,gal,,R4,
M-1075,"625 Sand Creek Rd, Wiley, CO 81092",Resident 1075,A-20075,2025/08/14,254809,gal,,R4,
M-1075,"625 Sand Creek Rd, Wiley, CO 81092",Resident 1075,A-20075,2025/09/15,258224,gal,,R4,
M-1075,"625 Sand Creek Rd, Wiley, CO 81092",Resident 1075,A-20075,2025/10/16,261157,gal,,R4,
M-1075,"625 Sand Creek Rd, Wiley, CO 81092",Resident 1075,A-20075,2025/11/12,263368,gal,,R4,
M-1075,"625 Sand Creek Rd, Wiley, CO 81092",Resident 1075,A-20075,2025/12/13,265453,gal,,R4,
M-1076,"632 Prairie View, Wiley, CO 81092",Resident 1076,A-20076,2025/07/13,236180,gal,,R5,
M-1076,"632 Prairie View, Wiley, CO 81092",Resident 1076,A-20076,2025/08/14,242257,gal,,R5,
M-1076,"632 Prairie View, Wiley, CO 81092",Resident 1076,A-20076,2025/09/15,247146,gal,,R5,
M-1076,"632 Prairie View, Wiley, CO 81092",New Occupant 1076,A-20076,2025/10/16,250666,gal,,R5,Ownership change
M-1076,"632 Prairie View, Wiley, CO 81092",New Occupant 1076,A-20076,2025/11/12,253385,gal,,R5,
M-1076,"632 Prairie View, Wiley, CO 81092",New Occupant 1076,A-20076,2025/12/13,256424,gal,,R5,
M-1077,"639 School House Rd, Wiley, CO 81092",Resident 1077,A-20077,2025/07/13,194297,gal,,R6,
M-1077,"639 School House Rd, Wiley, CO 81092",Resident 1077,A-20077,2025/08/14,198555,gal,,R6,
M-1077,"639 School House Rd, Wiley, CO 81092",Resident 1077,A-20077,2025/09/15,201798,gal,,R6,
M-1077,"639 School House Rd, Wiley, CO 81092",Resident 1077,A-20077,2025/10/16,204647,gal,,R6,
M-1077,"639 School House Rd, Wiley, CO 81092",Resident 1077,A-20077,2025/11/12,207073,gal,,R6,
M-1077,"639 School House Rd, Wiley, CO 81092",Resident 1077,A-20077,2025/12/13,209540,gal,,R6,
M-1078,"646 Cemetery Rd, Wiley, CO 81092",Resident 1078,A-20078,2025/07/13,283185,gal,,R1,
M-1078,"646 Cemetery Rd, Wiley, CO 81092",Resident 1078,A-20078,2025/08/14,290226,gal,,R1,
M-1078,"646 Cemetery Rd, Wiley, CO 81092",Resident 1078,A-20078,2025/09/15,296560,gal,,R1,
M-1078,"646 Cemetery Rd, Wiley, CO 81092",Resident 1078,A-20078,2025/10/16,302650,gal,,R1,
M-1078,"646 Cemetery Rd, Wiley, CO 81092",Resident 1078,A-20078,2025/11/12,306788,gal,,R1,
M-1078,"646 Cemetery Rd, Wiley, CO 81092",Resident 1078,A-20078,2025/12/13,310897,gal,,R1,
M-1079,"653 Grain Elevator Rd, Wiley, CO 81092",Resident 1079,A-20079,2025/07/13,232932,gal,,R2,
M-1079,"653 Grain Elevator Rd, Wiley, CO 81092",Resident 1079,A-20079,2025/08/14,238435,gal,,R2,
M-1079,"653 Grain Elevator Rd, Wiley, CO 81092",Resident 1079,A-20079,2025/09/15,243101,gal,,R2,
M-1079,"653 Grain Elevator Rd, Wiley, CO 81092",Resident 1079,A-20079,2025/10/16,247734,gal,,R2,
M-1079,"653 Grain Elevator Rd, Wiley, CO 81092",Resident 1079,A-20079,2025/11/12,251582,gal,,R2,
M-1079,"653 Grain Elevator Rd, Wiley, CO 81092",Resident 1079,A-20079,2025/12/13,254864,gal,,R2,
M-1080,"660 Main St, Wiley, CO 81092",Resident 1080,A-20080,2025/07/13,259883,gal,,R3,
M-1080,"660 Main St, Wiley, CO 81092",Resident 1080,A-20080,2025/08/14,268242,gal,,R3,
M-1080,"660 Main St, Wiley, CO 81092",Resident 1080,A-20080,2025/09/15,274062,gal,,R3,
M-1080,"660 Main St, Wiley, CO 81092",Resident 1080,A-20080,2025/10/16,280845,gal,,R3,
M-1080,"660 Main St, Wiley, CO 81092",Resident 1080,A-20080,2025/11/12,285258,gal,,R3,
M-1080,"660 Main St, Wiley, CO 81092",Resident 1080,A-20080,2025/12/13,289267,gal,,R3,
M-1081,"667 County Rd 10, Wiley, CO 81092",Resident 1081,A-20081,2025/07/13,350024,gal,,R4,
M-1081,"667 County Rd 10, Wiley, CO 81092",Resident 1081,A-20081,2025/08/14,360935,gal,,R4,
M-1081,"667 County Rd 10, Wiley, CO 81092",Resident 1081,A-20081,2025/09/15,368302,gal,,R4,
M-1081,"667 County Rd 10, Wiley, CO 81092",Resident 1081,A-20081,2025/10/16,375580,gal,,R4,
M-1081,"667 County Rd 10, Wiley, CO 81092",Resident 1081,A-20081,2025/11/12,381449,gal,,R4,
M-1081,"667 County Rd 10, Wiley, CO 81092",Resident 1081,A-20081,2025/12/13,387019,gal,,R4,
M-1082,"674 County Rd 14, Wiley, CO 81092",Resident 1082,A-20082,2025/07/13,181689,gal,,R5,
M-1082,"674 County Rd 14, Wiley, CO 81092",Resident 1082,A-20082,2025/08/14,188243,gal,,R5,
M-1082,"674 County Rd 14, Wiley, CO 81092",Resident 1082,A-20082,2025/09/15,194271,gal,,R5,
M-1082,"674 County Rd 14, Wiley, CO 81092",Resident 1082,A-20082,2025/10/16,198907,gal,,R5,
M-1082,"674 County Rd 14, Wiley, CO 81092",Resident 1082,A-20082,2025/11/12,203304,gal,,R5,
M-1082,"674 County Rd 14, Wiley, CO 81092",Resident 1082,A-20082,2025/12/13,207255,gal,,R5,
M-1083,"681 Highway 287, Wiley, CO 81092",Resident 1083,A-20083,2025/07/13,432277,gal,,R6,
M-1083,"681 Highway 287, Wiley, CO 81092",Resident 1083,A-20083,2025/08/14,436378,gal,,R6,
M-1083,"681 Highway 287, Wiley, CO 81092",Resident 1083,A-20083,2025/09/15,440057,gal,,R6,
M-1083,"681 Highway 287, Wiley, CO 81092",Resident 1083,A-20083,2025/10/16,443106,gal,,R6,
M-1083,"681 Highway 287, Wiley, CO 81092",Resident 1083,A-20083,2025/11/12,446141,gal,,R6,
M-1083,"681 Highway 287, Wiley, CO 81092",Resident 1083,A-20083,2025/12/13,448750,gal,,R6,
M-1084,"688 Maple Ave, Wiley, CO 81092",Resident 1084,A-20084,2025/07/13,271862,gal,,R1,
M-1084,"688 Maple Ave, Wiley, CO 81092",Resident 1084,A-20084,2025/08/14,279136,gal,,R1,
M-1084,"688 Maple Ave, Wiley, CO 81092",Resident 1084,A-20084,2025/09/15,284434,gal,,R1,
M-1084,"688 Maple Ave, Wiley, CO 81092",Resident 1084,A-20084,2025/10/16,290165,gal,,R1,
M-1084,"688 Maple Ave, Wiley, CO 81092",Resident 1084,A-20084,2025/11/12,293838,gal,,R1,
M-1084,"688 Maple Ave, Wiley, CO 81092",Resident 1084,A-20084,2025/12/13,297591,gal,,R1,
M-1085,"695 Oak St, Wiley, CO 81092",Resident 1085,A-20085,2025/07/13,352915,gal,,R2,
M-1085,"695 Oak St, Wiley, CO 81092",Resident 1085,A-20085,2025/08/14,359846,gal,,R2,
M-1085,"695 Oak St, Wiley, CO 81092",Resident 1085,A-20085,2025/09/15,365315,gal,,R2,
M-1085,"695 Oak St, Wiley, CO 81092",Resident 1085,A-20085,2025/10/16,369964,gal,,R2,
M-1085,"695 Oak St, Wiley, CO 81092",Resident 1085,A-20085,2025/11/12,373921,gal,,R2,
M-1085,"695 Oak St, Wiley, CO 81092",Resident 1085,A-20085,2025/12/13,377392,gal,,R2,
M-1086,"702 Elm St, Wiley, CO 81092",Resident 1086,A-20086,2025/07/13,265962,gal,,R3,
M-1086,"702 Elm St, Wiley, CO 81092",Resident 1086,A-20086,2025/08/14,270823,gal,,R3,
M-1086,"702 Elm St, Wiley, CO 81092",Resident 1086,A-20086,2025/09/15,275617,gal,,R3,
M-1086,"702 Elm St, Wiley, CO 81092",Resident 1086,A-20086,2025/10/16,279384,gal,,R3,
M-1086,"702 Elm St, Wiley, CO 81092",Resident 1086,A-20086,2025/11/12,282159,gal,,R3,
M-1086,"702 Elm St, Wiley, CO 81092",Resident 1086,A-20086,2025/12/13,285188,gal,,R3,
M-1087,"709 3rd Ave, Wiley, CO 81092",Resident 1087,A-20087,2025/07/13,181972,gal,,R4,
M-1087,"709 3rd Ave, Wiley, CO 81092",Resident 1087,A-20087,2025/08/14,191324,gal,,R4,
M-1087,"709 3rd Ave, Wiley, CO 81092",Resident 1087,A-20087,2025/09/15,200770,gal,,R4,
M-1087,"709 3rd Ave, Wiley, CO 81092",Resident 1087,A-20087,2025/10/16,209054,gal,,R4,
M-1087,"709 3rd Ave, Wiley, CO 81092",Resident 1087,A-20087,2025/11/12,214865,gal,,R4,
M-1087,"709 3rd Ave, Wiley, CO 81092",Resident 1087,A-20087,2025/12/13,220767,gal,,R4,
M-1088,"716 5th St, Wiley, CO 81092",Resident 1088,A-20088,2025/07/13,108318,gal,,R5,
M-1088,"716 5th St, Wiley, CO 81092",Resident 1088,A-20088,2025/08/14,113416,gal,,R5,
M-1088,"716 5th St, Wiley, CO 81092",Resident 1088,A-20088,2025/09/15,118056,gal,,R5,
M-1088,"716 5th St, Wiley, CO 81092",Resident 1088,A-20088,2025/10/16,122907,gal,,R5,
M-1088,"716 5th St, Wiley, CO 81092",Resident 1088,A-20088,2025/11/12,126685,gal,,R5,
M-1088,"716 5th St, Wiley, CO 81092",Resident 1088,A-20088,2025/12/13,130317,gal,,R5,
M-1089,"723 Ranch Rd, Wiley, CO 81092",Resident 1089,A-20089,2025/07/13,532275,gal,,R6,
M-1089,"723 Ranch Rd, Wiley, CO 81092",Resident 1089,A-20089,2025/08/14,556128,gal,,R6,
M-1089,"723 Ranch Rd, Wiley, CO 81092",Resident 1089,A-20089,2025/09/15,575862,gal,,R6,
M-1089,"723 Ranch Rd, Wiley, CO 81092",Resident 1089,A-20089,2025/10/16,592801,gal,,R6,
M-1089,"723 Ranch Rd, Wiley, CO 81092",Resident 1089,A-20089,2025/11/12,606547,gal,,R6,
M-1089,"723 Ranch Rd, Wiley, CO 81092",Resident 1089,A-20089,2025/12/13,619788,gal,,R6,
M-1090,"730 Irrigation Ln, Wiley, CO 81092",Resident 1090,A-20090,2025/07/13,463336,gal,,R1,
M-1090,"730 Irrigation Ln, Wiley, CO 81092",Resident 1090,A-20090,2025/08/14,471587,gal,,R1,
M-1090,"730 Irrigation Ln, Wiley, CO 81092",Resident 1090,A-20090,2025/09/15,479839,gal,,R1,
M-1090,"730 Irrigation Ln, Wiley, CO 81092",Resident 1090,A-20090,2025/10/16,486068,gal,,R1,
M-1090,"730 Irrigation Ln, Wiley, CO 81092",Resident 1090,A-20090,2025/11/12,490861,gal,,R1,
M-1090,"730 Irrigation Ln, Wiley, CO 81092",Resident 1090,A-20090,2025/12/13,496256,gal,,R1,
M-1091,"737 North Frontage, Wiley, CO 81092",Resident 1091,A-20091,2025/07/13,433451,gal,,R2,
M-1091,"737 North Frontage, Wiley, CO 81092",Resident 1091,A-20091,2025/08/14,442415,gal,,R2,
M-1091,"737 North Frontage, Wiley, CO 81092",Resident 1091,A-20091,2025/09/15,450522,gal,,R2,
M-1091,"737 North Frontage, Wiley, CO 81092",Resident 1091,A-20091,2025/10/16,458919,gal,,R2,
M-1091,"737 North Frontage, Wiley, CO 81092",Resident 1091,A-20091,2025/11/12,464574,gal,,R2,
M-1091,"737 North Frontage, Wiley, CO 81092",Resident 1091,A-20091,2025/12/13,469976,gal,,R2,
M-1092,"744 South Loop, Wiley, CO 81092",Resident 1092,A-20092,2025/07/13,148188,gal,,R3,
M-1092,"744 South Loop, Wiley, CO 81092",Resident 1092,A-20092,2025/08/14,153773,gal,,R3,
M-1092,"744 South Loop, Wiley, CO 81092",Resident 1092,A-20092,2025/09/15,157680,gal,,R3,
M-1092,"744 South Loop, Wiley, CO 81092",Resident 1092,A-20092,2025/10/16,161741,gal,,R3,
M-1092,"744 South Loop, Wiley, CO 81092",Resident 1092,A-20092,2025/11/12,164457,gal,,R3,
M-1092,"744 South Loop, Wiley, CO 81092",Resident 1092,A-20092,2025/12/13,167195,gal,,R3,
M-1093,"751 Pioneer Rd, Wiley, CO 81092",Resident 1093,A-20093,2025/07/13,170155,gal,,R4,
M-1093,"751 Pioneer Rd, Wiley, CO 81092",Resident 1093,A-20093,2025/08/14,179775,gal,,R4,
M-1093,"751 Pioneer Rd, Wiley, CO 81092",Resident 1093,A-20093,2025/09/15,188015,gal,,R4,
M-1093,"751 Pioneer Rd, Wiley, CO 81092",Resident 1093,A-20093,2025/10/16,195317,gal,,R4,
M-1093,"751 Pioneer Rd, Wiley, CO 81092",Resident 1093,A-20093,2025/11/12,200443,gal,,R4,
M-1093,"751 Pioneer Rd, Wiley, CO 81092",Resident 1093,A-20093,2025/12/13,205177,gal,,R4,
M-1094,"758 Cottonwood Dr, Wiley, CO 81092",Resident 1094,A-20094,2025/07/13,430412,gal,,R5,
M-1094,"758 Cottonwood Dr, Wiley, CO 81092",Resident 1094,A-20094,2025/08/14,440959,gal,,R5,
M-1094,"758 Cottonwood Dr, Wiley, CO 81092",Resident 1094,A-20094,2025/09/15,451762,gal,,R5,
M-1094,"758 Cottonwood Dr, Wiley, CO 81092",Resident 1094,A-20094,2025/10/16,460719,gal,,R5,
M-1094,"758 Cottonwood Dr, Wiley, CO 81092",Resident 1094,A-20094,2025/11/12,466834,gal,,R5,
M-1094,"758 Cottonwood Dr, Wiley, CO 81092",Resident 1094,A-20094,2025/12/13,473843,gal,,R5,
M-1095,"765 Sand Creek Rd, Wiley, CO 81092",Resident 1095,A-20095,2025/07/13,215788,gal,,R6,
M-1095,"765 Sand Creek Rd, Wiley, CO 81092",Resident 1095,A-20095,2025/08/14,221286,gal,,R6,
M-1095,"765 Sand Creek Rd, Wiley, CO 81092",Resident 1095,A-20095,2025/09/15,226069,gal,,R6,
M-1095,"765 Sand Creek Rd, Wiley, CO 81092",Resident 1095,A-20095,2025/10/16,229660,gal,,R6,
M-1095,"765 Sand Creek Rd, Wiley, CO 81092",Resident 1095,A-20095,2025/11/12,232510,gal,,R6,
M-1095,"765 Sand Creek Rd, Wiley, CO 81092",Resident 1095,A-20095,2025/12/13,235728,gal,,R6,
M-1096,"772 Prairie View, Wiley, CO 81092",Resident 1096,A-20096,2025/07/13,360448,gal,,R1,
M-1096,"772 Prairie View, Wiley, CO 81092",Resident 1096,A-20096,2025/08/14,365347,gal,,R1,
M-1096,"772 Prairie View, Wiley, CO 81092",Resident 1096,A-20096,2025/09/15,369771,gal,,R1,
M-1096,"772 Prairie View, Wiley, CO 81092",Resident 1096,A-20096,2025/10/16,373514,gal,,R1,
M-1096,"772 Prairie View, Wiley, CO 81092",Resident 1096,A-20096,2025/11/12,376254,gal,,R1,
M-1096,"772 Prairie View, Wiley, CO 81092",Resident 1096,A-20096,2025/12/13,379070,gal,,R1,
M-1097,"779 School House Rd, Wiley, CO 81092",Resident 1097,A-20097,2025/07/13,262538,gal,,R2,
M-1097,"779 School House Rd, Wiley, CO 81092",Resident 1097,A-20097,2025/08/14,270662,gal,,R2,
M-1097,"779 School House Rd, Wiley, CO 81092",Resident 1097,A-20097,2025/09/15,277195,gal,,R2,
M-1097,"779 School House Rd, Wiley, CO 81092",Resident 1097,A-20097,2025/10/16,282482,gal,,R2,
M-1097,"779 School House Rd, Wiley, CO 81092",Resident 1097,A-20097,2025/11/12,287252,gal,,R2,
M-1097,"779 School House Rd, Wiley, CO 81092",Resident 1097,A-20097,2025/12/13,291220,gal,,R2,
M-1098,"786 Cemetery Rd, Wiley, CO 81092",Resident 1098,A-20098,2025/07/13,185331,gal,,R3,
M-1098,"786 Cemetery Rd, Wiley, CO 81092",Resident 1098,A-20098,2025/08/14,193006,gal,,R3,
M-1098,"786 Cemetery Rd, Wiley, CO 81092",Resident 1098,A-20098,2025/09/15,199739,gal,,R3,
M-1098,"786 Cemetery Rd, Wiley, CO 81092",Resident 1098,A-20098,2025/10/16,204967,gal,,R3,
M-1098,"786 Cemetery Rd, Wiley, CO 81092",Resident 1098,A-20098,2025/11/12,209520,gal,,R3,
M-1098,"786 Cemetery Rd, Wiley, CO 81092",Resident 1098,A-20098,2025/12/13,213478,gal,,R3,
M-1099,"793 Grain Elevator Rd, Wiley, CO 81092",Resident 1099,A-20099,2025/07/13,288607,gal,,R4,
M-1099,"793 Grain Elevator Rd, Wiley, CO 81092",Resident 1099,A-20099,2025/08/14,293791,gal,,R4,
M-1099,"793 Grain Elevator Rd, Wiley, CO 81092",Resident 1099,A-20099,2025/09/15,299550,gal,,R4,
M-1099,"793 Grain Elevator Rd, Wiley, CO 81092",Resident 1099,A-20099,2025/10/16,303329,gal,,R4,
M-1099,"793 Grain Elevator Rd, Wiley, CO 81092",Resident 1099,A-20099,2025/11/12,306142,gal,,R4,
M-1099,"793 Grain Elevator Rd, Wiley, CO 81092",Resident 1099,A-20099,2025/12/13,309639,gal,,R4,
M-1100,"800 Main St, Wiley, CO 81092",Resident 1100,A-20100,2025/07/13,175281,gal,,R5,
M-1100,"800 Main St, Wiley, CO 81092",Resident 1100,A-20100,2025/08/14,184092,gal,,R5,
M-1100,"800 Main St, Wiley, CO 81092",Resident 1100,A-20100,2025/09/15,191510,gal,,R5,
M-1100,"800 Main St, Wiley, CO 81092",Resident 1100,A-20100,2025/10/16,198302,gal,,R5,
M-1100,"800 Main St, Wiley, CO 81092",Resident 1100,A-20100,2025/11/12,203086,gal,,R5,
M-1100,"800 Main St, Wiley, CO 81092",Resident 1100,A-20100,2025/12/13,208068,gal,,R5,
M-1101,"807 County Rd 10, Wiley, CO 81092",Resident 1101,A-20101,2025/07/13,271900,gal,,R6,
M-1101,"807 County Rd 10, Wiley, CO 81092",Resident 1101,A-20101,2025/08/14,281795,gal,,R6,
M-1101,"807 County Rd 10, Wiley, CO 81092",Resident 1101,A-20101,2025/09/15,291552,gal,,R6,
M-1101,"807 County Rd 10, Wiley, CO 81092",Resident 1101,A-20101,2025/10/16,299478,gal,,R6,
M-1101,"807 County Rd 10, Wiley, CO 81092",Resident 1101,A-20101,2025/11/12,305576,gal,,R6,
M-1101,"807 County Rd 10, Wiley, CO 81092",Resident 1101,A-20101,2025/12/13,305576,gal,,R6,
M-1102,"814 County Rd 14, Wiley, CO 81092",Resident 1102,A-20102,2025/07/13,330099,gal,,R1,
M-1102,"814 County Rd 14, Wiley, CO 81092",Resident 1102,A-20102,2025/08/14,340130,gal,,R1,
M-1102,"814 County Rd 14, Wiley, CO 81092",Resident 1102,A-20102,2025/09/15,346906,gal,,R1,
M-1102,"814 County Rd 14, Wiley, CO 81092",Resident 1102,A-20102,2025/10/16,353067,gal,,R1,
M-1102,"814 County Rd 14, Wiley, CO 81092",Resident 1102,A-20102,2025/11/12,357557,gal,,R1,
M-1102,"814 County Rd 14, Wiley, CO 81092",Resident 1102,A-20102,2025/12/13,363364,gal,,R1,
M-1103,"821 Highway 287, Wiley, CO 81092",Resident 1103,A-20103,2025/07/13,251391,gal,,R2,
M-1103,"821 Highway 287, Wiley, CO 81092",Resident 1103,A-20103,2025/08/14,257461,gal,,R2,
M-1103,"821 Highway 287, Wiley, CO 81092",Resident 1103,A-20103,2025/09/15,262018,gal,,R2,
M-1103,"821 Highway 287, Wiley, CO 81092",Resident 1103,A-20103,2025/10/16,266044,gal,,R2,
M-1103,"821 Highway 287, Wiley, CO 81092",Resident 1103,A-20103,2025/11/12,269356,gal,,R2,
M-1103,"821 Highway 287, Wiley, CO 81092",Resident 1103,A-20103,2025/12/13,272790,gal,,R2,
M-1104,"828 Maple Ave, Wiley, CO 81092",Resident 1104,A-20104,2025/07/13,226577,gal,,R3,
M-1104,"828 Maple Ave, Wiley, CO 81092",Resident 1104,A-20104,2025/08/14,236637,gal,,R3,
M-1104,"828 Maple Ave, Wiley, CO 81092",Resident 1104,A-20104,2025/09/15,244787,gal,,R3,
M-1104,"828 Maple Ave, Wiley, CO 81092",Resident 1104,A-20104,2025/10/16,252029,gal,,R3,
M-1104,"828 Maple Ave, Wiley, CO 81092",Resident 1104,A-20104,2025/11/12,258411,gal,,R3,
M-1104,"828 Maple Ave, Wiley, CO 81092",Resident 1104,A-20104,2025/12/13,264756,gal,,R3,
M-1105,"835 Oak St, Wiley, CO 81092",Resident 1105,A-20105,2025/07/13,339505,gal,,R4,
M-1105,"835 Oak St, Wiley, CO 81092",Resident 1105,A-20105,2025/08/14,346971,gal,,R4,
M-1105,"835 Oak St, Wiley, CO 81092",Resident 1105,A-20105,2025/09/15,353127,gal,,R4,
M-1105,"835 Oak St, Wiley, CO 81092",Resident 1105,A-20105,2025/10/16,357958,gal,,R4,
M-1105,"835 Oak St, Wiley, CO 81092",Resident 1105,A-20105,2025/11/12,362145,gal,,R4,
M-1105,"835 Oak St, Wiley, CO 81092",Resident 1105,A-20105,2025/12/13,365748,gal,,R4,
M-1106,"842 Elm St, Wiley, CO 81092",Resident 1106,A-20106,2025/07/13,440566,gal,,R5,
M-1106,"842 Elm St, Wiley, CO 81092",Resident 1106,A-20106,2025/08/14,451264,gal,,R5,
M-1106,"842 Elm St, Wiley, CO 81092",Resident 1106,A-20106,2025/09/15,461961,gal,,R5,
M-1106,"842 Elm St, Wiley, CO 81092",Resident 1106,A-20106,2025/10/16,471040,gal,,R5,
M-1106,"842 Elm St, Wiley, CO 81092",Resident 1106,A-20106,2025/11/12,477246,gal,,R5,
M-1106,"842 Elm St, Wiley, CO 81092",Resident 1106,A-20106,2025/12/13,482810,gal,,R5,
M-1107,"849 3rd Ave, Wiley, CO 81092",Resident 1107,A-20107,2025/07/13,242526,gal,,R6,
M-1107,"849 3rd Ave, Wiley, CO 81092",Resident 1107,A-20107,2025/08/14,246228,gal,,R6,
M-1107,"849 3rd Ave, Wiley, CO 81092",Resident 1107,A-20107,2025/09/15,249585,gal,,R6,
M-1107,"849 3rd Ave, Wiley, CO 81092",Resident 1107,A-20107,2025/10/16,251957,gal,,R6,
M-1107,"849 3rd Ave, Wiley, CO 81092",Resident 1107,A-20107,2025/11/12,253851,gal,,R6,
M-1107,"849 3rd Ave, Wiley, CO 81092",Resident 1107,A-20107,2025/12/13,256077,gal,,R6,
M-1108,"856 5th St, Wiley, CO 81092",Resident 1108,A-20108,2025/07/13,421759,gal,,R1,
M-1108,"856 5th St, Wiley, CO 81092",Resident 1108,A-20108,2025/08/14,426757,gal,,R1,
M-1108,"856 5th St, Wiley, CO 81092",Resident 1108,A-20108,2025/09/15,430912,gal,,R1,
M-1108,"856 5th St, Wiley, CO 81092",Resident 1108,A-20108,2025/10/16,435231,gal,,R1,
M-1108,"856 5th St, Wiley, CO 81092",Resident 1108,A-20108,2025/11/12,438343,gal,,R1,
M-1108,"856 5th St, Wiley, CO 81092",Resident 1108,A-20108,2025/12/13,441022,gal,,R1,
M-1109,"863 Ranch Rd, Wiley, CO 81092",Resident 1109,A-20109,2025/07/13,425101,gal,,R2,
M-1109,"863 Ranch Rd, Wiley, CO 81092",Resident 1109,A-20109,2025/08/14,428853,gal,,R2,
M-1109,"863 Ranch Rd, Wiley, CO 81092",Resident 1109,A-20109,2025/09/15,431912,gal,,R2,
M-1109,"863 Ranch Rd, Wiley, CO 81092",Resident 1109,A-20109,2025/10/16,434018,gal,,R2,
M-1109,"863 Ranch Rd, Wiley, CO 81092",Resident 1109,A-20109,2025/11/12,435940,gal,,R2,
M-1109,"863 Ranch Rd, Wiley, CO 81092",Resident 1109,A-20109,2025/12/13,437771,gal,,R2,
M-1110,"870 Irrigation Ln, Wiley, CO 81092",Resident 1110,A-20110,2025/07/13,389202,gal,,R3,
M-1110,"870 Irrigation Ln, Wiley, CO 81092",Resident 1110,A-20110,2025/08/14,395805,gal,,R3,
M-1110,"870 Irrigation Ln, Wiley, CO 81092",Resident 1110,A-20110,2025/09/15,400892,gal,,R3,
M-1110,"870 Irrigation Ln, Wiley, CO 81092",Resident 1110,A-20110,2025/10/16,405795,gal,,R3,
M-1110,"870 Irrigation Ln, Wiley, CO 81092",Resident 1110,A-20110,2025/11/12,408856,gal,,R3,
M-1110,"870 Irrigation Ln, Wiley, CO 81092",Resident 1110,A-20110,2025/12/13,412704,gal,,R3,
M-1111,"877 North Frontage, Wiley, CO 81092",Resident 1111,A-20111,2025/07/13,120859,gal,,R4,
M-1111,"877 North Frontage, Wiley, CO 81092",Resident 1111,A-20111,2025/08/14,127734,gal,,R4,
M-1111,"877 North Frontage, Wiley, CO 81092",Resident 1111,A-20111,2025/09/15,134556,gal,,R4,
M-1111,"877 North Frontage, Wiley, CO 81092",Resident 1111,A-20111,2025/10/16,140311,gal,,R4,
M-1111,"877 North Frontage, Wiley, CO 81092",Resident 1111,A-20111,2025/11/12,144056,gal,,R4,
M-1111,"877 North Frontage, Wiley, CO 81092",Resident 1111,A-20111,2025/12/13,148738,gal,,R4,
M-1112,"884 South Loop, Wiley, CO 81092",Resident 1112,A-20112,2025/07/13,392070,gal,,R5,
M-1112,"884 South Loop, Wiley, CO 81092",Resident 1112,A-20112,2025/08/14,397835,gal,,R5,
M-1112,"884 South Loop, Wiley, CO 81092",Resident 1112,A-20112,2025/09/15,402800,gal,,R5,
M-1112,"884 South Loop, Wiley, CO 81092",Resident 1112,A-20112,2025/10/16,406591,gal,,R5,
M-1112,"884 South Loop, Wiley, CO 81092",Resident 1112,A-20112,2025/11/12,409669,gal,,R5,
M-1112,"884 South Loop, Wiley, CO 81092",Resident 1112,A-20112,2025/12/13,412546,gal,,R5,
M-1113,"891 Pioneer Rd, Wiley, CO 81092",Resident 1113,A-20113,2025/07/13,241331,gal,,R6,
M-1113,"891 Pioneer Rd, Wiley, CO 81092",Resident 1113,A-20113,2025/08/14,244595,gal,,R6,
M-1113,"891 Pioneer Rd, Wiley, CO 81092",Resident 1113,A-20113,2025/09/15,247973,gal,,R6,
M-1113,"891 Pioneer Rd, Wiley, CO 81092",Resident 1113,A-20113,2025/10/16,250443,gal,,R6,
M-1113,"891 Pioneer Rd, Wiley, CO 81092",Resident 1113,A-20113,2025/11/12,252678,gal,,R6,
M-1113,"891 Pioneer Rd, Wiley, CO 81092",Resident 1113,A-20113,2025/12/13,254816,gal,,R6,
M-1114,"898 Cottonwood Dr, Wiley, CO 81092",Resident 1114,A-20114,2025/07/13,446501,gal,,R1,
M-1114,"898 Cottonwood Dr, Wiley, CO 81092",Resident 1114,A-20114,2025/08/14,451123,gal,,R1,
M-1114,"898 Cottonwood Dr, Wiley, CO 81092",Resident 1114,A-20114,2025/09/15,455008,gal,,R1,
M-1114,"898 Cottonwood Dr, Wiley, CO 81092",Resident 1114,A-20114,2025/10/16,458681,gal,,R1,
M-1114,"898 Cottonwood Dr, Wiley, CO 81092",Resident 1114,A-20114,2025/11/12,461457,gal,,R1,
M-1114,"898 Cottonwood Dr, Wiley, CO 81092",Resident 1114,A-20114,2025/12/13,464666,gal,,R1,
M-1115,"905 Sand Creek Rd, Wiley, CO 81092",Resident 1115,A-20115,2025/07/13,188568,gal,,R2,
M-1115,"905 Sand Creek Rd, Wiley, CO 81092",Resident 1115,A-20115,2025/08/14,197239,gal,,R2,
M-1115,"905 Sand Creek Rd, Wiley, CO 81092",Resident 1115,A-20115,2025/09/15,205019,gal,,R2,
M-1115,"905 Sand Creek Rd, Wiley, CO 81092",Resident 1115,A-20115,2025/10/16,212458,gal,,R2,
M-1115,"905 Sand Creek Rd, Wiley, CO 81092",Resident 1115,A-20115,2025/11/12,217602,gal,,R2,
M-1115,"905 Sand Creek Rd, Wiley, CO 81092",Resident 1115,A-20115,2025/12/13,222447,gal,,R2,
M-1116,"912 Prairie View, Wiley, CO 81092",Resident 1116,A-20116,2025/07/13,216568,gal,,R3,
M-1116,"912 Prairie View, Wiley, CO 81092",Resident 1116,A-20116,2025/08/14,228940,gal,,R3,
M-1116,"912 Prairie View, Wiley, CO 81092",Resident 1116,A-20116,2025/09/15,238988,gal,,R3,
M-1116,"912 Prairie View, Wiley, CO 81092",Resident 1116,A-20116,2025/10/16,247354,gal,,R3,
M-1116,"912 Prairie View, Wiley, CO 81092",Resident 1116,A-20116,2025/11/12,253094,gal,,R3,
M-1116,"912 Prairie View, Wiley, CO 81092",Resident 1116,A-20116,2025/12/13,258341,gal,,R3,
M-1117,"919 School House Rd, Wiley, CO 81092",Resident 1117,A-20117,2025/07/13,250057,gal,,R4,
M-1117,"919 School House Rd, Wiley, CO 81092",Resident 1117,A-20117,2025/08/14,257092,gal,,R4,
M-1117,"919 School House Rd, Wiley, CO 81092",Resident 1117,A-20117,2025/09/15,262620,gal,,R4,
M-1117,"919 School House Rd, Wiley, CO 81092",Resident 1117,A-20117,2025/10/16,266756,gal,,R4,
M-1117,"919 School House Rd, Wiley, CO 81092",Resident 1117,A-20117,2025/11/12,269807,gal,,R4,
M-1117,"919 School House Rd, Wiley, CO 81092",Resident 1117,A-20117,2025/12/13,273221,gal,,R4,
M-1118,"926 Cemetery Rd, Wiley, CO 81092",Resident 1118,A-20118,2025/07/13,159900,gal,,R5,
M-1118,"926 Cemetery Rd, Wiley, CO 81092",Resident 1118,A-20118,2025/08/14,165949,gal,,R5,
M-1118,"926 Cemetery Rd, Wiley, CO 81092",Resident 1118,A-20118,2025/09/15,171136,gal,,R5,
M-1118,"926 Cemetery Rd, Wiley, CO 81092",Resident 1118,A-20118,2025/10/16,175259,gal,,R5,
M-1118,"926 Cemetery Rd, Wiley, CO 81092",Resident 1118,A-20118,2025/11/12,178379,gal,,R5,
M-1118,"926 Cemetery Rd, Wiley, CO 81092",Resident 1118,A-20118,2025/12/13,181581,gal,,R5,
M-1119,"933 Grain Elevator Rd, Wiley, CO 81092",Resident 1119,A-20119,2025/07/13,199273,gal,,R6,
M-1119,"933 Grain Elevator Rd, Wiley, CO 81092",Resident 1119,A-20119,2025/08/14,210644,gal,,R6,
M-1119,"933 Grain Elevator Rd, Wiley, CO 81092",Resident 1119,A-20119,2025/09/15,219277,gal,,R6,
M-1119,"933 Grain Elevator Rd, Wiley, CO 81092",Resident 1119,A-20119,2025/10/16,225729,gal,,R6,
M-1119,"933 Grain Elevator Rd, Wiley, CO 81092",Resident 1119,A-20119,2025/11/12,231135,gal,,R6,
M-1119,"933 Grain Elevator Rd, Wiley, CO 81092",Resident 1119,A-20119,2025/12/13,236758,gal,,R6,
M-1120,"940 Main St, Wiley, CO 81092",Resident 1120,A-20120,2025/07/13,414363,gal,,R1,
M-1120,"940 Main St, Wiley, CO 81092",Resident 1120,A-20120,2025/08/14,423650,gal,,R1,
M-1120,"940 Main St, Wiley, CO 81092",Resident 1120,A-20120,2025/09/15,431276,gal,,R1,
M-1120,"940 Main St, Wiley, CO 81092",Resident 1120,A-20120,2025/10/16,437354,gal,,R1,
M-1120,"940 Main St, Wiley, CO 81092",Resident 1120,A-20120,2025/11/12,442388,gal,,R1,
M-1120,"940 Main St, Wiley, CO 81092",Resident 1120,A-20120,2025/12/13,447122,gal,,R1,
M-1121,"947 County Rd 10, Wiley, CO 81092",Resident 1121,A-20121,2025/07/13,197038,gal,,R2,
M-1121,"947 County Rd 10, Wiley, CO 81092",Resident 1121,A-20121,2025/08/14,204548,gal,,R2,
M-1121,"947 County Rd 10, Wiley, CO 81092",Resident 1121,A-20121,2025/09/15,210452,gal,,R2,
M-1121,"947 County Rd 10, Wiley, CO 81092",Resident 1121,A-20121,2025/10/16,215519,gal,,R2,
M-1121,"947 County Rd 10, Wiley, CO 81092",Resident 1121,A-20121,2025/11/12,219741,gal,,R2,
M-1121,"947 County Rd 10, Wiley, CO 81092",Resident 1121,A-20121,2025/12/13,223784,gal,,R2,
M-1122,"954 County Rd 14, Wiley, CO 81092",Resident 1122,A-20122,2025/07/13,287227,gal,,R3,
M-1122,"954 County Rd 14, Wiley, CO 81092",Resident 1122,A-20122,2025/08/14,297893,gal,,R3,
M-1122,"954 County Rd 14, Wiley, CO 81092",Resident 1122,A-20122,2025/09/15,306023,gal,,R3,
M-1122,"954 County Rd 14, Wiley, CO 81092",Resident 1122,A-20122,2025/10/16,314277,gal,,R3,
M-1122,"954 County Rd 14, Wiley, CO 81092",Resident 1122,A-20122,2025/11/12,319085,gal,,R3,
M-1122,"954 County Rd 14, Wiley, CO 81092",Resident 1122,A-20122,2025/12/13,325077,gal,,R3,
M-1123,"961 Highway 287, Wiley, CO 81092",Resident 1123,A-20123,2025/07/13,272137,gal,,R4,
M-1123,"961 Highway 287, Wiley, CO 81092",Resident 1123,A-20123,2025/08/14,281304,gal,,R4,
M-1123,"961 Highway 287, Wiley, CO 81092",Resident 1123,A-20123,2025/09/15,288421,gal,,R4,
M-1123,"961 Highway 287, Wiley, CO 81092",Resident 1123,A-20123,2025/10/16,294665,gal,,R4,
M-1123,"961 Highway 287, Wiley, CO 81092",Resident 1123,A-20123,2025/11/12,298698,gal,,R4,
M-1123,"961 Highway 287, Wiley, CO 81092",Resident 1123,A-20123,2025/12/13,303060,gal,,R4,
M-1124,"968 Maple Ave, Wiley, CO 81092",Resident 1124,A-20124,2025/07/13,409455,gal,,R5,
M-1124,"968 Maple Ave, Wiley, CO 81092",Resident 1124,A-20124,2025/08/14,414090,gal,,R5,
M-1124,"968 Maple Ave, Wiley, CO 81092",Resident 1124,A-20124,2025/09/15,417433,gal,,R5,
M-1124,"968 Maple Ave, Wiley, CO 81092",Resident 1124,A-20124,2025/10/16,421171,gal,,R5,
M-1124,"968 Maple Ave, Wiley, CO 81092",Resident 1124,A-20124,2025/11/12,423569,gal,,R5,
M-1124,"968 Maple Ave, Wiley, CO 81092",Resident 1124,A-20124,2025/12/13,426445,gal,,R5,
M-1125,"975 Oak St, Wiley, CO 81092",Resident 1125,A-20125,2025/07/13,213166,gal,,R6,
M-1125,"975 Oak St, Wiley, CO 81092",Resident 1125,A-20125,2025/08/14,219541,gal,,R6,
M-1125,"975 Oak St, Wiley, CO 81092",Resident 1125,A-20125,2025/09/15,225224,gal,,R6,
M-1125,"975 Oak St, Wiley, CO 81092",Resident 1125,A-20125,2025/10/16,228962,gal,,R6,
M-1125,"975 Oak St, Wiley, CO 81092",Resident 1125,A-20125,2025/11/12,232079,gal,,R6,
M-1125,"975 Oak St, Wiley, CO 81092",Resident 1125,A-20125,2025/12/13,235648,gal,,R6,
M-1126,"982 Elm St, Wiley, CO 81092",Resident 1126,A-20126,2025/07/13,270536,gal,,R1,
M-1126,"982 Elm St, Wiley, CO 81092",Resident 1126,A-20126,2025/08/14,275397,gal,,R1,
M-1126,"982 Elm St, Wiley, CO 81092",Resident 1126,A-20126,2025/09/15,279265,gal,,R1,
M-1126,"982 Elm St, Wiley, CO 81092",Resident 1126,A-20126,2025/10/16,282976,gal,,R1,
M-1126,"982 Elm St, Wiley, CO 81092",Resident 1126,A-20126,2025/11/12,285612,gal,,R1,
M-1126,"982 Elm St, Wiley, CO 81092",Resident 1126,A-20126,2025/12/13,287960,gal,,R1,
M-1127,"989 3rd Ave, Wiley, CO 81092",Resident 1127,A-20127,2025/07/13,209418,gal,,R2,
M-1127,"989 3rd Ave, Wiley, CO 81092",Resident 1127,A-20127,2025/08/14,215903,gal,,R2,
M-1127,"989 3rd Ave, Wiley, CO 81092",Resident 1127,A-20127,2025/09/15,220396,gal,,R2,
M-1127,"989 3rd Ave, Wiley, CO 81092",Resident 1127,A-20127,2025/10/16,224805,gal,,R2,
M-1127,"989 3rd Ave, Wiley, CO 81092",Resident 1127,A-20127,2025/11/12,228365,gal,,R2,
M-1127,"989 3rd Ave, Wiley, CO 81092",Resident 1127,A-20127,2025/12/13,231088,gal,,R2,
M-1128,"996 5th St, Wiley, CO 81092",Resident 1128,A-20128,2025/07/13,489385,gal,,R3,
M-1128,"996 5th St, Wiley, CO 81092",Resident 1128,A-20128,2025/08/14,500454,gal,,R3,
M-1128,"996 5th St, Wiley, CO 81092",Resident 1128,A-20128,2025/09/15,510398,gal,,R3,
M-1128,"996 5th St, Wiley, CO 81092",Resident 1128,A-20128,2025/10/16,518030,gal,,R3,
M-1128,"996 5th St, Wiley, CO 81092",Resident 1128,A-20128,2025/11/12,524811,gal,,R3,
M-1128,"996 5th St, Wiley, CO 81092",Resident 1128,A-20128,2025/12/13,531827,gal,,R3,
M-1129,"1003 Ranch Rd, Wiley, CO 81092",Resident 1129,A-20129,2025/07/13,272737,gal,,R4,
M-1129,"1003 Ranch Rd, Wiley, CO 81092",Resident 1129,A-20129,2025/08/14,281806,gal,,R4,
M-1129,"1003 Ranch Rd, Wiley, CO 81092",Resident 1129,A-20129,2025/09/15,288917,gal,,R4,
M-1129,"1003 Ranch Rd, Wiley, CO 81092",Resident 1129,A-20129,2025/10/16,295471,gal,,R4,
M-1129,"1003 Ranch Rd, Wiley, CO 81092",Resident 1129,A-20129,2025/11/12,300792,gal,,R4,
M-1129,"1003 Ranch Rd, Wiley, CO 81092",Resident 1129,A-20129,2025/12/13,306272,gal,,R4,
M-1130,"1010 Irrigation Ln, Wiley, CO 81092",Resident 1130,A-20130,2025/07/13,398050,gal,,R5,
M-1130,"1010 Irrigation Ln, Wiley, CO 81092",Resident 1130,A-20130,2025/08/14,407212,gal,,R5,
M-1130,"1010 Irrigation Ln, Wiley, CO 81092",Resident 1130,A-20130,2025/09/15,415703,gal,,R5,
M-1130,"1010 Irrigation Ln, Wiley, CO 81092",Resident 1130,A-20130,2025/10/16,423263,gal,,R5,
M-1130,"1010 Irrigation Ln, Wiley, CO 81092",Resident 1130,A-20130,2025/11/12,428196,gal,,R5,
M-1130,"1010 Irrigation Ln, Wiley, CO 81092",Resident 1130,A-20130,2025/12/13,433495,gal,,R5,
M-1131,"1017 North Frontage, Wiley, CO 81092",Resident 1131,A-20131,2025/07/13,359279,gal,,R6,
M-1131,"1017 North Frontage, Wiley, CO 81092",Resident 1131,A-20131,2025/08/14,364321,gal,,R6,
M-1131,"1017 North Frontage, Wiley, CO 81092",Resident 1131,A-20131,2025/09/15,369871,gal,,R6,
M-1131,"1017 North Frontage, Wiley, CO 81092",Resident 1131,A-20131,2025/10/16,373700,gal,,R6,
M-1131,"1017 North Frontage, Wiley, CO 81092",Resident 1131,A-20131,2025/11/12,377088,gal,,R6,
M-1131,"1017 North Frontage, Wiley, CO 81092",Resident 1131,A-20131,2025/12/13,380414,gal,,R6,
M-1132,"1024 South Loop, Wiley, CO 81092",Resident 1132,A-20132,2025/07/13,284719,gal,,R1,
M-1132,"1024 South Loop, Wiley, CO 81092",Resident 1132,A-20132,2025/08/14,294656,gal,,R1,
M-1132,"1024 South Loop, Wiley, CO 81092",Resident 1132,A-20132,2025/09/15,303412,gal,,R1,
M-1132,"1024 South Loop, Wiley, CO 81092",Resident 1132,A-20132,2025/10/16,311270,gal,,R1,
M-1132,"1024 South Loop, Wiley, CO 81092",Resident 1132,A-20132,2025/11/12,318243,gal,,R1,
M-1132,"1024 South Loop, Wiley, CO 81092",Resident 1132,A-20132,2025/12/13,323661,gal,,R1,
M-1133,"1031 Pioneer Rd, Wiley, CO 81092",Resident 1133,A-20133,2025/07/13,160420,gal,,R2,
M-1133,"1031 Pioneer Rd, Wiley, CO 81092",Resident 1133,A-20133,2025/08/14,168629,gal,,R2,
M-1133,"1031 Pioneer Rd, Wiley, CO 81092",Resident 1133,A-20133,2025/09/15,175732,gal,,R2,
M-1133,"1031 Pioneer Rd, Wiley, CO 81092",Resident 1133,A-20133,2025/10/16,183488,gal,,R2,
M-1133,"1031 Pioneer Rd, Wiley, CO 81092",Resident 1133,A-20133,2025/11/12,188787,gal,,R2,
M-1133,"1031 Pioneer Rd, Wiley, CO 81092",Resident 1133,A-20133,2025/12/13,193985,gal,,R2,
M-1134,"1038 Cottonwood Dr, Wiley, CO 81092",Resident 1134,A-20134,2025/07/13,166375,gal,,R3,
M-1134,"1038 Cottonwood Dr, Wiley, CO 81092",Resident 1134,A-20134,2025/08/14,174391,gal,,R3,
M-1134,"1038 Cottonwood Dr, Wiley, CO 81092",Resident 1134,A-20134,2025/09/15,181218,gal,,R3,
M-1134,"1038 Cottonwood Dr, Wiley, CO 81092",Resident 1134,A-20134,2025/10/16,186981,gal,,R3,
M-1134,"1038 Cottonwood Dr, Wiley, CO 81092",Resident 1134,A-20134,2025/11/12,191050,gal,,R3,
M-1134,"1038 Cottonwood Dr, Wiley, CO 81092",Resident 1134,A-20134,2025/12/13,194906,gal,,R3,
M-1135,"1045 Sand Creek Rd, Wiley, CO 81092",Resident 1135,A-20135,2025/07/13,466129,gal,,R4,
M-1135,"1045 Sand Creek Rd, Wiley, CO 81092",Resident 1135,A-20135,2025/08/14,476949,gal,,R4,
M-1135,"1045 Sand Creek Rd, Wiley, CO 81092",Resident 1135,A-20135,2025/09/15,484553,gal,,R4,
M-1135,"1045 Sand Creek Rd, Wiley, CO 81092",Resident 1135,A-20135,2025/10/16,490876,gal,,R4,
M-1135,"1045 Sand Creek Rd, Wiley, CO 81092",Resident 1135,A-20135,2025/11/12,496557,gal,,R4,
M-1135,"1045 Sand Creek Rd, Wiley, CO 81092",Resident 1135,A-20135,2025/12/13,501087,gal,,R4,
M-1136,"1052 Prairie View, Wiley, CO 81092",Resident 1136,A-20136,2025/07/13,341605,gal,,R5,
M-1136,"1052 Prairie View, Wiley, CO 81092",Resident 1136,A-20136,2025/08/14,349382,gal,,R5,
M-1136,"1052 Prairie View, Wiley, CO 81092",Resident 1136,A-20136,2025/09/15,355045,gal,,R5,
M-1136,"1052 Prairie View, Wiley, CO 81092",Resident 1136,A-20136,2025/10/16,360517,gal,,R5,
M-1136,"1052 Prairie View, Wiley, CO 81092",Resident 1136,A-20136,2025/11/12,364514,gal,,R5,
M-1136,"1052 Prairie View, Wiley, CO 81092",Resident 1136,A-20136,2025/12/13,369220,gal,,R5,
M-1137,"1059 School House Rd, Wiley, CO 81092",Resident 1137,A-20137,2025/07/13,261651,gal,,R6,
M-1137,"1059 School House Rd, Wiley, CO 81092",Resident 1137,A-20137,2025/08/14,268058,gal,,R6,
M-1137,"1059 School House Rd, Wiley, CO 81092",Resident 1137,A-20137,2025/09/15,273598,gal,,R6,
M-1137,"1059 School House Rd, Wiley, CO 81092",Resident 1137,A-20137,2025/10/16,278697,gal,,R6,
M-1137,"1059 School House Rd, Wiley, CO 81092",Resident 1137,A-20137,2025/11/12,282852,gal,,R6,
M-1137,"1059 School House Rd, Wiley, CO 81092",Resident 1137,A-20137,2025/12/13,287084,gal,,R6,
M-1138,"1066 Cemetery Rd, Wiley, CO 81092",Resident 1138,A-20138,2025/07/13,125101,gal,,R1,
M-1138,"1066 Cemetery Rd, Wiley, CO 81092",Resident 1138,A-20138,2025/08/14,130197,gal,,R1,
M-1138,"1066 Cemetery Rd, Wiley, CO 81092",Resident 1138,A-20138,2025/09/15,134268,gal,,R1,
M-1138,"1066 Cemetery Rd, Wiley, CO 81092",Resident 1138,A-20138,2025/10/16,138775,gal,,R1,
M-1138,"1066 Cemetery Rd, Wiley, CO 81092",Resident 1138,A-20138,2025/11/12,142073,gal,,R1,
M-1138,"1066 Cemetery Rd, Wiley, CO 81092",Resident 1138,A-20138,2025/12/13,145181,gal,,R1,
M-1139,"1073 Grain Elevator Rd, Wiley, CO 81092",Resident 1139,A-20139,2025/07/13,92302,gal,,R2,
M-1139,"1073 Grain Elevator Rd, Wiley, CO 81092",Resident 1139,A-20139,2025/08/14,97416,gal,,R2,
M-1139,"1073 Grain Elevator Rd, Wiley, CO 81092",Resident 1139,A-20139,2025/09/15,101581,gal,,R2,
M-1139,"1073 Grain Elevator Rd, Wiley, CO 81092",Resident 1139,A-20139,2025/10/16,104435,gal,,R2,
M-1139,"1073 Grain Elevator Rd, Wiley, CO 81092",Resident 1139,A-20139,2025/11/12,106784,gal,,R2,
M-1139,"1073 Grain Elevator Rd, Wiley, CO 81092",Resident 1139,A-20139,2025/12/13,109123,gal,,R2,
M-1140,"1080 Main St, Wiley, CO 81092",Resident 1140,A-20140,2025/07/13,302791,gal,,R3,
M-1140,"1080 Main St, Wiley, CO 81092",Resident 1140,A-20140,2025/08/14,311438,gal,,R3,
M-1140,"1080 Main St, Wiley, CO 81092",Resident 1140,A-20140,2025/09/15,317688,gal,,R3,
M-1140,"1080 Main St, Wiley, CO 81092",Resident 1140,A-20140,2025/10/16,323578,gal,,R3,
M-1140,"1080 Main St, Wiley, CO 81092",Resident 1140,A-20140,2025/11/12,328681,gal,,R3,
M-1140,"1080 Main St, Wiley, CO 81092",Resident 1140,A-20140,2025/12/13,332862,gal,,R3,
M-1141,"1087 County Rd 10, Wiley, CO 81092",Resident 1141,A-20141,2025/07/13,198267,gal,,R4,
M-1141,"1087 County Rd 10, Wiley, CO 81092",Resident 1141,A-20141,2025/08/14,205454,gal,,R4,
M-1141,"1087 County Rd 10, Wiley, CO 81092",Resident 1141,A-20141,2025/09/15,211645,gal,,R4,
M-1141,"1087 County Rd 10, Wiley, CO 81092",Resident 1141,A-20141,2025/10/16,217942,gal,,R4,
M-1141,"1087 County Rd 10, Wiley, CO 81092",Resident 1141,A-20141,2025/11/12,222364,gal,,R4,
M-1141,"1087 County Rd 10, Wiley, CO 81092",Resident 1141,A-20141,2025/12/13,227053,gal,,R4,
M-1142,"1094 County Rd 14, Wiley, CO 81092",Resident 1142,A-20142,2025/07/13,419797,gal,,R5,
M-1142,"1094 County Rd 14, Wiley, CO 81092",Resident 1142,A-20142,2025/08/14,424167,gal,,R5,
M-1142,"1094 County Rd 14, Wiley, CO 81092",Resident 1142,A-20142,2025/09/15,427840,gal,,R5,
M-1142,"1094 County Rd 14, Wiley, CO 81092",Resident 1142,A-20142,2025/10/16,430637,gal,,R5,
M-1142,"1094 County Rd 14, Wiley, CO 81092",Resident 1142,A-20142,2025/11/12,432868,gal,,R5,
M-1142,"1094 County Rd 14, Wiley, CO 81092",Resident 1142,A-20142,2025/12/13,435308,gal,,R5,
M-1143,"1101 Highway 287, Wiley, CO 81092",Resident 1143,A-20143,2025/07/13,291338,gal,,R6,
M-1143,"1101 Highway 287, Wiley, CO 81092",Resident 1143,A-20143,2025/08/14,301810,gal,,R6,
M-1143,"1101 Highway 287, Wiley, CO 81092",Resident 1143,A-20143,2025/09/15,311388,gal,,R6,
M-1143,"1101 Highway 287, Wiley, CO 81092",Resident 1143,A-20143,2025/10/16,319510,gal,,R6,
M-1143,"1101 Highway 287, Wiley, CO 81092",Resident 1143,A-20143,2025/11/12,325252,gal,,R6,
M-1143,"1101 Highway 287, Wiley, CO 81092",Resident 1143,A-20143,2025/12/13,331125,gal,,R6,
M-1144,"1108 Maple Ave, Wiley, CO 81092",Resident 1144,A-20144,2025/07/13,166454,gal,,R1,
M-1144,"1108 Maple Ave, Wiley, CO 81092",Resident 1144,A-20144,2025/08/14,169517,gal,,R1,
M-1144,"1108 Maple Ave, Wiley, CO 81092",Resident 1144,A-20144,2025/09/15,172575,gal,,R1,
M-1144,"1108 Maple Ave, Wiley, CO 81092",Resident 1144,A-20144,2025/10/16,174894,gal,,R1,
M-1144,"1108 Maple Ave, Wiley, CO 81092",Resident 1144,A-20144,2025/11/12,176940,gal,,R1,
M-1144,"1108 Maple Ave, Wiley, CO 81092",Resident 1144,A-20144,2025/12/13,178665,gal,,R1,
M-1145,"1115 Oak St, Wiley, CO 81092",Resident 1145,A-20145,2025/07/13,321467,gal,,R2,
M-1145,"1115 Oak St, Wiley, CO 81092",Resident 1145,A-20145,2025/08/14,325867,gal,,R2,
M-1145,"1115 Oak St, Wiley, CO 81092",Resident 1145,A-20145,2025/09/15,329292,gal,,R2,
M-1145,"1115 Oak St, Wiley, CO 81092",Resident 1145,A-20145,2025/10/16,332247,gal,,R2,
M-1145,"1115 Oak St, Wiley, CO 81092",Resident 1145,A-20145,2025/11/12,334779,gal,,R2,
M-1145,"1115 Oak St, Wiley, CO 81092",Resident 1145,A-20145,2025/12/13,336949,gal,,R2,
M-1146,"1122 Elm St, Wiley, CO 81092",Resident 1146,A-20146,2025/07/13,380838,gal,,R3,
M-1146,"1122 Elm St, Wiley, CO 81092",Resident 1146,A-20146,2025/08/14,385947,gal,,R3,
M-1146,"1122 Elm St, Wiley, CO 81092",Resident 1146,A-20146,2025/09/15,389427,gal,,R3,
M-1146,"1122 Elm St, Wiley, CO 81092",Resident 1146,A-20146,2025/10/16,392725,gal,,R3,
M-1146,"1122 Elm St, Wiley, CO 81092",Resident 1146,A-20146,2025/11/12,395615,gal,,R3,
M-1146,"1122 Elm St, Wiley, CO 81092",Resident 1146,A-20146,2025/12/13,398481,gal,,R3,
M-1147,"1129 3rd Ave, Wiley, CO 81092",Resident 1147,A-20147,2025/07/13,367047,gal,,R4,
M-1147,"1129 3rd Ave, Wiley, CO 81092",Resident 1147,A-20147,2025/08/14,375695,gal,,R4,
M-1147,"1129 3rd Ave, Wiley, CO 81092",Resident 1147,A-20147,2025/09/15,383269,gal,,R4,
M-1147,"1129 3rd Ave, Wiley, CO 81092",Resident 1147,A-20147,2025/10/16,390884,gal,,R4,
M-1147,"1129 3rd Ave, Wiley, CO 81092",Resident 1147,A-20147,2025/11/12,396147,gal,,R4,
M-1147,"1129 3rd Ave, Wiley, CO 81092",Resident 1147,A-20147,2025/12/13,400849,gal,,R4,
M-1148,"1136 5th St, Wiley, CO 81092",Resident 1148,A-20148,2025/07/13,387485,gal,,R5,
M-1148,"1136 5th St, Wiley, CO 81092",Resident 1148,A-20148,2025/08/14,392836,gal,,R5,
M-1148,"1136 5th St, Wiley, CO 81092",Resident 1148,A-20148,2025/09/15,396377,gal,,R5,
M-1148,"1136 5th St, Wiley, CO 81092",Resident 1148,A-20148,2025/10/16,399609,gal,,R5,
M-1148,"1136 5th St, Wiley, CO 81092",Resident 1148,A-20148,2025/11/12,402612,gal,,R5,
M-1148,"1136 5th St, Wiley, CO 81092",Resident 1148,A-20148,2025/12/13,404937,gal,,R5,
M-1149,"1143 Ranch Rd, Wiley, CO 81092",Resident 1149,A-20149,2025/07/13,151155,gal,,R6,
M-1149,"1143 Ranch Rd, Wiley, CO 81092",Resident 1149,A-20149,2025/08/14,161576,gal,,R6,
M-1149,"1143 Ranch Rd, Wiley, CO 81092",Resident 1149,A-20149,2025/09/15,170834,gal,,R6,
M-1149,"1143 Ranch Rd, Wiley, CO 81092",Resident 1149,A-20149,2025/10/16,179723,gal,,R6,
M-1149,"1143 Ranch Rd, Wiley, CO 81092",Resident 1149,A-20149,2025/11/12,185169,gal,,R6,
M-1149,"1143 Ranch Rd, Wiley, CO 81092",Resident 1149,A-20149,2025/12/13,190430,gal,,R6,
M-1150,"1150 Irrigation Ln, Wiley, CO 81092",Resident 1150,A-20150,2025/07/13,180593,gal,,R1,
M-1150,"1150 Irrigation Ln, Wiley, CO 81092",Resident 1150,A-20150,2025/08/14,187895,gal,,R1,
M-1150,"1150 Irrigation Ln, Wiley, CO 81092",Resident 1150,A-20150,2025/09/15,195242,gal,,R1,
M-1150,"1150 Irrigation Ln, Wiley, CO 81092",Resident 1150,A-20150,2025/10/16,200902,gal,,R1,
M-1150,"1150 Irrigation Ln, Wiley, CO 81092",Resident 1150,A-20150,2025/11/12,204548,gal,,R1,
M-1150,"1150 Irrigation Ln, Wiley, CO 81092",Resident 1150,A-20150,2025/12/13,208908,gal,,R1,
M-1151,"1157 North Frontage, Wiley, CO 81092",Resident 1151,A-20151,2025/07/13,175973,gal,,R2,
M-1151,"1157 North Frontage, Wiley, CO 81092",Resident 1151,A-20151,2025/08/14,186669,gal,,R2,
M-1151,"1157 North Frontage, Wiley, CO 81092",Resident 1151,A-20151,2025/09/15,196031,gal,,R2,
M-1151,"1157 North Frontage, Wiley, CO 81092",Resident 1151,A-20151,2025/10/16,203778,gal,,R2,
M-1151,"1157 North Frontage, Wiley, CO 81092",Resident 1151,A-20151,2025/11/12,209862,gal,,R2,
M-1151,"1157 North Frontage, Wiley, CO 81092",Resident 1151,A-20151,2025/12/13,214619,gal,,R2,
M-1152,"1164 South Loop, Wiley, CO 81092",Resident 1152,A-20152,2025/07/13,162357,gal,,R3,
M-1152,"1164 South Loop, Wiley, CO 81092",Resident 1152,A-20152,2025/08/14,165774,gal,,R3,
M-1152,"1164 South Loop, Wiley, CO 81092",Resident 1152,A-20152,2025/09/15,169019,gal,,R3,
M-1152,"1164 South Loop, Wiley, CO 81092",Resident 1152,A-20152,2025/10/16,171841,gal,,R3,
M-1152,"1164 South Loop, Wiley, CO 81092",Resident 1152,A-20152,2025/11/12,173958,gal,,R3,
M-1152,"1164 South Loop, Wiley, CO 81092",Resident 1152,A-20152,2025/12/13,175965,gal,,R3,
M-1153,"1171 Pioneer Rd, Wiley, CO 81092",Resident 1153,A-20153,2025/07/13,403668,gal,,R4,
M-1153,"1171 Pioneer Rd, Wiley, CO 81092",Resident 1153,A-20153,2025/08/14,411862,gal,,R4,
M-1153,"1171 Pioneer Rd, Wiley, CO 81092",Resident 1153,A-20153,2025/09/15,417203,gal,,R4,
M-1153,"1171 Pioneer Rd, Wiley, CO 81092",Resident 1153,A-20153,2025/10/16,423163,gal,,R4,
M-1153,"1171 Pioneer Rd, Wiley, CO 81092",Resident 1153,A-20153,2025/11/12,427589,gal,,R4,
M-1153,"1171 Pioneer Rd, Wiley, CO 81092",Resident 1153,A-20153,2025/12/13,431973,gal,,R4,
M-1154,"1178 Cottonwood Dr, Wiley, CO 81092",Resident 1154,A-20154,2025/07/13,136851,gal,,R5,
M-1154,"1178 Cottonwood Dr, Wiley, CO 81092",Resident 1154,A-20154,2025/08/14,144436,gal,,R5,
M-1154,"1178 Cottonwood Dr, Wiley, CO 81092",Resident 1154,A-20154,2025/09/15,150826,gal,,R5,
M-1154,"1178 Cottonwood Dr, Wiley, CO 81092",Resident 1154,A-20154,2025/10/16,156775,gal,,R5,
M-1154,"1178 Cottonwood Dr, Wiley, CO 81092",Resident 1154,A-20154,2025/11/12,160854,gal,,R5,
M-1154,"1178 Cottonwood Dr, Wiley, CO 81092",Resident 1154,A-20154,2025/12/13,164562,gal,,R5,
M-1155,"1185 Sand Creek Rd, Wiley, CO 81092",Resident 1155,A-20155,2025/07/13,328711,gal,,R6,
M-1155,"1185 Sand Creek Rd, Wiley, CO 81092",Resident 1155,A-20155,2025/08/14,339445,gal,,R6,
M-1155,"1185 Sand Creek Rd, Wiley, CO 81092",Resident 1155,A-20155,2025/09/15,348079,gal,,R6,
M-1155,"1185 Sand Creek Rd, Wiley, CO 81092",Resident 1155,A-20155,2025/10/16,355828,gal,,R6,
M-1155,"1185 Sand Creek Rd, Wiley, CO 81092",Resident 1155,A-20155,2025/11/12,360962,gal,,R6,
M-1155,"1185 Sand Creek Rd, Wiley, CO 81092",Resident 1155,A-20155,2025/12/13,366592,gal,,R6,
M-1156,"1192 Prairie View, Wiley, CO 81092",Resident 1156,A-20156,2025/07/13,669716,gal,,R1,
M-1156,"1192 Prairie View, Wiley, CO 81092",Resident 1156,A-20156,2025/08/14,704357,gal,,R1,
M-1156,"1192 Prairie View, Wiley, CO 81092",Resident 1156,A-20156,2025/09/15,736456,gal,,R1,
M-1156,"1192 Prairie View, Wiley, CO 81092",Resident 1156,A-20156,2025/10/16,758500,gal,,R1,
M-1156,"1192 Prairie View, Wiley, CO 81092",Resident 1156,A-20156,2025/11/12,778300,gal,,R1,
M-1156,"1192 Prairie View, Wiley, CO 81092",Resident 1156,A-20156,2025/12/13,797463,gal,,R1,
M-1157,"1199 School House Rd, Wiley, CO 81092",Resident 1157,A-20157,2025/07/13,420717,gal,,R2,
M-1157,"1199 School House Rd, Wiley, CO 81092",Resident 1157,A-20157,2025/08/14,428743,gal,,R2,
M-1157,"1199 School House Rd, Wiley, CO 81092",Resident 1157,A-20157,2025/09/15,435413,gal,,R2,
M-1157,"1199 School House Rd, Wiley, CO 81092",Resident 1157,A-20157,2025/10/16,442054,gal,,R2,
M-1157,"1199 School House Rd, Wiley, CO 81092",Resident 1157,A-20157,2025/11/12,447490,gal,,R2,
M-1157,"1199 School House Rd, Wiley, CO 81092",Resident 1157,A-20157,2025/12/13,452830,gal,,R2,
M-1158,"1206 Cemetery Rd, Wiley, CO 81092",Resident 1158,A-20158,2025/07/13,179059,gal,,R3,
M-1158,"1206 Cemetery Rd, Wiley, CO 81092",Resident 1158,A-20158,2025/08/14,185214,gal,,R3,
M-1158,"1206 Cemetery Rd, Wiley, CO 81092",Resident 1158,A-20158,2025/09/15,189719,gal,,R3,
M-1158,"1206 Cemetery Rd, Wiley, CO 81092",Resident 1158,A-20158,2025/10/16,193697,gal,,R3,
M-1158,"1206 Cemetery Rd, Wiley, CO 81092",Resident 1158,A-20158,2025/11/12,197132,gal,,R3,
M-1158,"1206 Cemetery Rd, Wiley, CO 81092",Resident 1158,A-20158,2025/12/13,200673,gal,,R3,
M-1159,"1213 Grain Elevator Rd, Wiley, CO 81092",Resident 1159,A-20159,2025/07/13,357427,gal,,R4,
M-1159,"1213 Grain Elevator Rd, Wiley, CO 81092",Resident 1159,A-20159,2025/08/14,367531,gal,,R4,
M-1159,"1213 Grain Elevator Rd, Wiley, CO 81092",Resident 1159,A-20159,2025/09/15,376391,gal,,R4,
M-1159,"1213 Grain Elevator Rd, Wiley, CO 81092",Resident 1159,A-20159,2025/10/16,382419,gal,,R4,
M-1159,"1213 Grain Elevator Rd, Wiley, CO 81092",Resident 1159,A-20159,2025/11/12,387778,gal,,R4,
M-1159,"1213 Grain Elevator Rd, Wiley, CO 81092",Resident 1159,A-20159,2025/12/13,392588,gal,,R4,
M-1160,"1220 Main St, Wiley, CO 81092",Resident 1160,A-20160,2025/07/13,144787,gal,,R5,
M-1160,"1220 Main St, Wiley, CO 81092",Resident 1160,A-20160,2025/08/14,147611,gal,,R5,
M-1160,"1220 Main St, Wiley, CO 81092",Resident 1160,A-20160,2025/09/15,150477,gal,,R5,
M-1160,"1220 Main St, Wiley, CO 81092",Resident 1160,A-20160,2025/10/16,153044,gal,,R5,
M-1160,"1220 Main St, Wiley, CO 81092",Resident 1160,A-20160,2025/11/12,154668,gal,,R5,
M-1160,"1220 Main St, Wiley, CO 81092",Resident 1160,A-20160,2025/12/13,156173,gal,,R5,
M-1161,"1227 County Rd 10, Wiley, CO 81092",Resident 1161,A-20161,2025/07/13,169688,gal,,R6,
M-1161,"1227 County Rd 10, Wiley, CO 81092",Resident 1161,A-20161,2025/08/14,179244,gal,,R6,
M-1161,"1227 County Rd 10, Wiley, CO 81092",Resident 1161,A-20161,2025/09/15,188870,gal,,R6,
M-1161,"1227 County Rd 10, Wiley, CO 81092",Resident 1161,A-20161,2025/10/16,197007,gal,,R6,
M-1161,"1227 County Rd 10, Wiley, CO 81092",Resident 1161,A-20161,2025/11/12,202016,gal,,R6,
M-1161,"1227 County Rd 10, Wiley, CO 81092",Resident 1161,A-20161,2025/12/13,207224,gal,,R6,
M-1162,"1234 County Rd 14, Wiley, CO 81092",Resident 1162,A-20162,2025/07/13,315277,gal,,R1,
M-1162,"1234 County Rd 14, Wiley, CO 81092",Resident 1162,A-20162,2025/08/14,325395,gal,,R1,
M-1162,"1234 County Rd 14, Wiley, CO 81092",Resident 1162,A-20162,2025/09/15,335568,gal,,R1,
M-1162,"1234 County Rd 14, Wiley, CO 81092",Resident 1162,A-20162,2025/10/16,342669,gal,,R1,
M-1162,"1234 County Rd 14, Wiley, CO 81092",Resident 1162,A-20162,2025/11/12,348589,gal,,R1,
M-1162,"1234 County Rd 14, Wiley, CO 81092",Resident 1162,A-20162,2025/12/13,355458,gal,,R1,
M-1163,"1241 Highway 287, Wiley, CO 81092",Resident 1163,A-20163,2025/07/13,281082,gal,,R2,
M-1163,"1241 Highway 287, Wiley, CO 81092",Resident 1163,A-20163,2025/08/14,285469,gal,,R2,
M-1163,"1241 Highway 287, Wiley, CO 81092",Resident 1163,A-20163,2025/09/15,289011,gal,,R2,
M-1163,"1241 Highway 287, Wiley, CO 81092",Resident 1163,A-20163,2025/10/16,292038,gal,,R2,
M-1163,"1241 Highway 287, Wiley, CO 81092",Resident 1163,A-20163,2025/11/12,294389,gal,,R2,
M-1163,"1241 Highway 287, Wiley, CO 81092",Resident 1163,A-20163,2025/12/13,296498,gal,,R2,
M-1164,"1248 Maple Ave, Wiley, CO 81092",Resident 1164,A-20164,2025/07/13,165658,gal,,R3,
M-1164,"1248 Maple Ave, Wiley, CO 81092",Resident 1164,A-20164,2025/08/14,175081,gal,,R3,
M-1164,"1248 Maple Ave, Wiley, CO 81092",Resident 1164,A-20164,2025/09/15,183208,gal,,R3,
M-1164,"1248 Maple Ave, Wiley, CO 81092",Resident 1164,A-20164,2025/10/16,192067,gal,,R3,
M-1164,"1248 Maple Ave, Wiley, CO 81092",Resident 1164,A-20164,2025/11/12,197445,gal,,R3,
M-1164,"1248 Maple Ave, Wiley, CO 81092",Resident 1164,A-20164,2025/12/13,203275,gal,,R3,
M-1165,"1255 Oak St, Wiley, CO 81092",Resident 1165,A-20165,2025/07/13,318748,gal,,R4,
M-1165,"1255 Oak St, Wiley, CO 81092",Resident 1165,A-20165,2025/08/14,326604,gal,,R4,
M-1165,"1255 Oak St, Wiley, CO 81092",Resident 1165,A-20165,2025/09/15,334622,gal,,R4,
M-1165,"1255 Oak St, Wiley, CO 81092",Resident 1165,A-20165,2025/10/16,341442,gal,,R4,
M-1165,"1255 Oak St, Wiley, CO 81092",Resident 1165,A-20165,2025/11/12,346319,gal,,R4,
M-1165,"1255 Oak St, Wiley, CO 81092",Resident 1165,A-20165,2025/12/13,352000,gal,,R4,
M-1166,"1262 Elm St, Wiley, CO 81092",Resident 1166,A-20166,2025/07/13,265345,gal,,R5,
M-1166,"1262 Elm St, Wiley, CO 81092",Resident 1166,A-20166,2025/08/14,278039,gal,,R5,
M-1166,"1262 Elm St, Wiley, CO 81092",Resident 1166,A-20166,2025/09/15,287234,gal,,R5,
M-1166,"1262 Elm St, Wiley, CO 81092",Resident 1166,A-20166,2025/10/16,295899,gal,,R5,
M-1166,"1262 Elm St, Wiley, CO 81092",Resident 1166,A-20166,2025/11/12,303009,gal,,R5,
M-1166,"1262 Elm St, Wiley, CO 81092",Resident 1166,A-20166,2025/12/13,309780,gal,,R5,
M-1167,"1269 3rd Ave, Wiley, CO 81092",Resident 1167,A-20167,2025/07/13,234522,gal,,R6,
M-1167,"1269 3rd Ave, Wiley, CO 81092",Resident 1167,A-20167,2025/08/14,240753,gal,,R6,
M-1167,"1269 3rd Ave, Wiley, CO 81092",Resident 1167,A-20167,2025/09/15,245243,gal,,R6,
M-1167,"1269 3rd Ave, Wiley, CO 81092",Resident 1167,A-20167,2025/10/16,249269,gal,,R6,
M-1167,"1269 3rd Ave, Wiley, CO 81092",Resident 1167,A-20167,2025/11/12,252277,gal,,R6,
M-1167,"1269 3rd Ave, Wiley, CO 81092",Resident 1167,A-20167,2025/12/13,255307,gal,,R6,
M-1168,"1276 5th St, Wiley, CO 81092",Resident 1168,A-20168,2025/07/13,503379,gal,,R1,
M-1168,"1276 5th St, Wiley, CO 81092",Resident 1168,A-20168,2025/08/14,515410,gal,,R1,
M-1168,"1276 5th St, Wiley, CO 81092",Resident 1168,A-20168,2025/09/15,526348,gal,,R1,
M-1168,"1276 5th St, Wiley, CO 81092",Resident 1168,A-20168,2025/10/16,534182,gal,,R1,
M-1168,"1276 5th St, Wiley, CO 81092",Resident 1168,A-20168,2025/11/12,540176,gal,,R1,
M-1168,"1276 5th St, Wiley, CO 81092",Resident 1168,A-20168,2025/12/13,546433,gal,,R1,
M-1169,"1283 Ranch Rd, Wiley, CO 81092",Resident 1169,A-20169,2025/07/13,195763,gal,,R2,
M-1169,"1283 Ranch Rd, Wiley, CO 81092",Resident 1169,A-20169,2025/08/14,206163,gal,,R2,
M-1169,"1283 Ranch Rd, Wiley, CO 81092",Resident 1169,A-20169,2025/09/15,214692,gal,,R2,
M-1169,"1283 Ranch Rd, Wiley, CO 81092",Resident 1169,A-20169,2025/10/16,221365,gal,,R2,
M-1169,"1283 Ranch Rd, Wiley, CO 81092",Resident 1169,A-20169,2025/11/12,226302,gal,,R2,
M-1169,"1283 Ranch Rd, Wiley, CO 81092",Resident 1169,A-20169,2025/12/13,232120,gal,,R2,
M-1170,"1290 Irrigation Ln, Wiley, CO 81092",Resident 1170,A-20170,2025/07/13,287426,gal,,R3,
M-1170,"1290 Irrigation Ln, Wiley, CO 81092",Resident 1170,A-20170,2025/08/14,294690,gal,,R3,
M-1170,"1290 Irrigation Ln, Wiley, CO 81092",Resident 1170,A-20170,2025/09/15,300316,gal,,R3,
M-1170,"1290 Irrigation Ln, Wiley, CO 81092",Resident 1170,A-20170,2025/10/16,306005,gal,,R3,
M-1170,"1290 Irrigation Ln, Wiley, CO 81092",Resident 1170,A-20170,2025/12/13,309420,gal,,R3,
M-1171,"1297 North Frontage, Wiley, CO 81092",Resident 1171,A-20171,2025/07/13,382256,gal,,R4,
M-1171,"1297 North Frontage, Wiley, CO 81092",Resident 1171,A-20171,2025/08/14,386510,gal,,R4,
M-1171,"1297 North Frontage, Wiley, CO 81092",Resident 1171,A-20171,2025/09/15,389869,gal,,R4,
M-1171,"1297 North Frontage, Wiley, CO 81092",Resident 1171,A-20171,2025/10/16,393364,gal,,R4,
M-1171,"1297 North Frontage, Wiley, CO 81092",Resident 1171,A-20171,2025/11/12,395898,gal,,R4,
M-1171,"1297 North Frontage, Wiley, CO 81092",Resident 1171,A-20171,2025/12/13,398396,gal,,R4,
M-1172,"1304 South Loop, Wiley, CO 81092",Resident 1172,A-20172,2025/07/13,316467,gal,,R5,
M-1172,"1304 South Loop, Wiley, CO 81092",Resident 1172,A-20172,2025/08/14,321828,gal,,R5,
M-1172,"1304 South Loop, Wiley, CO 81092",Resident 1172,A-20172,2025/09/15,327435,gal,,R5,
M-1172,"1304 South Loop, Wiley, CO 81092",Resident 1172,A-20172,2025/10/16,331803,gal,,R5,
M-1172,"1304 South Loop, Wiley, CO 81092",Resident 1172,A-20172,2025/11/12,335543,gal,,R5,
M-1172,"1304 South Loop, Wiley, CO 81092",Resident 1172,A-20172,2025/12/13,338835,gal,,R5,
M-1173,"1311 Pioneer Rd, Wiley, CO 81092",Resident 1173,A-20173,2025/07/13,447953,gal,,R6,
M-1173,"1311 Pioneer Rd, Wiley, CO 81092",Resident 1173,A-20173,2025/08/14,455689,gal,,R6,
M-1173,"1311 Pioneer Rd, Wiley, CO 81092",Resident 1173,A-20173,2025/09/15,461697,gal,,R6,
M-1173,"1311 Pioneer Rd, Wiley, CO 81092",Resident 1173,A-20173,2025/10/16,467530,gal,,R6,
M-1173,"1311 Pioneer Rd, Wiley, CO 81092",Resident 1173,A-20173,2025/11/12,472386,gal,,R6,
M-1173,"1311 Pioneer Rd, Wiley, CO 81092",Resident 1173,A-20173,2025/12/13,476891,gal,,R6,
M-1174,"1318 Cottonwood Dr, Wiley, CO 81092",Resident 1174,A-20174,2025/07/13,174026,gal,,R1,
M-1174,"1318 Cottonwood Dr, Wiley, CO 81092",Resident 1174,A-20174,2025/08/14,178915,gal,,R1,
M-1174,"1318 Cottonwood Dr, Wiley, CO 81092",Resident 1174,A-20174,2025/09/15,182556,gal,,R1,
M-1174,"1318 Cottonwood Dr, Wiley, CO 81092",Resident 1174,A-20174,2025/10/16,185743,gal,,R1,
M-1174,"1318 Cottonwood Dr, Wiley, CO 81092",Resident 1174,A-20174,2025/11/12,188320,gal,,R1,
M-1174,"1318 Cottonwood Dr, Wiley, CO 81092",Resident 1174,A-20174,2025/12/13,191142,gal,,R1,
M-1175,"1325 Sand Creek Rd, Wiley, CO 81092",Resident 1175,A-20175,2025/07/13,246582,gal,,R2,
M-1175,"1325 Sand Creek Rd, Wiley, CO 81092",Resident 1175,A-20175,2025/08/14,254550,gal,,R2,
M-1175,"1325 Sand Creek Rd, Wiley, CO 81092",Resident 1175,A-20175,2025/09/15,261042,gal,,R2,
M-1175,"1325 Sand Creek Rd, Wiley, CO 81092",Resident 1175,A-20175,2025/10/16,266316,gal,,R2,
M-1175,"1325 Sand Creek Rd, Wiley, CO 81092",Resident 1175,A-20175,2025/11/12,270120,gal,,R2,
M-1175,"1325 Sand Creek Rd, Wiley, CO 81092",Resident 1175,A-20175,2025/12/13,274045,gal,,R2,
M-1176,"1332 Prairie View, Wiley, CO 81092",Resident 1176,A-20176,2025/07/13,162482,gal,,R3,
M-1176,"1332 Prairie View, Wiley, CO 81092",Resident 1176,A-20176,2025/08/14,165924,gal,,R3,
M-1176,"1332 Prairie View, Wiley, CO 81092",Resident 1176,A-20176,2025/09/15,168662,gal,,R3,
M-1176,"1332 Prairie View, Wiley, CO 81092",Resident 1176,A-20176,2025/10/16,170915,gal,,R3,
M-1176,"1332 Prairie View, Wiley, CO 81092",Resident 1176,A-20176,2025/11/12,172575,gal,,R3,
M-1176,"1332 Prairie View, Wiley, CO 81092",Resident 1176,A-20176,2025/12/13,174078,gal,,R3,
M-1177,"1339 School House Rd, Wiley, CO 81092",Resident 1177,A-20177,2025/07/13,245594,gal,,R4,
M-1177,"1339 School House Rd, Wiley, CO 81092",Resident 1177,A-20177,2025/08/14,257854,gal,,R4,
M-1177,"1339 School House Rd, Wiley, CO 81092",Resident 1177,A-20177,2025/09/15,266557,gal,,R4,
M-1177,"1339 School House Rd, Wiley, CO 81092",Resident 1177,A-20177,2025/10/16,275402,gal,,R4,
M-1177,"1339 School House Rd, Wiley, CO 81092",Resident 1177,A-20177,2025/11/12,281488,gal,,R4,
M-1177,"1339 School House Rd, Wiley, CO 81092",Resident 1177,A-20177,2025/12/13,287389,gal,,R4,
M-1178,"1346 Cemetery Rd, Wiley, CO 81092",Resident 1178,A-20178,2025/07/13,372397,gal,,R5,
M-1178,"1346 Cemetery Rd, Wiley, CO 81092",Resident 1178,A-20178,2025/08/14,384534,gal,,R5,
M-1178,"1346 Cemetery Rd, Wiley, CO 81092",Resident 1178,A-20178,2025/09/15,394768,gal,,R5,
M-1178,"1346 Cemetery Rd, Wiley, CO 81092",Resident 1178,A-20178,2025/10/16,403743,gal,,R5,
M-1178,"1346 Cemetery Rd, Wiley, CO 81092",Resident 1178,A-20178,2025/11/12,409250,gal,,R5,
M-1178,"1346 Cemetery Rd, Wiley, CO 81092",Resident 1178,A-20178,2025/12/13,414959,gal,,R5,
M-1179,"1353 Grain Elevator Rd, Wiley, CO 81092",Resident 1179,A-20179,2025/07/13,118368,gal,,R6,
M-1179,"1353 Grain Elevator Rd, Wiley, CO 81092",Resident 1179,A-20179,2025/08/14,124233,gal,,R6,
M-1179,"1353 Grain Elevator Rd, Wiley, CO 81092",Resident 1179,A-20179,2025/09/15,129866,gal,,R6,
M-1179,"1353 Grain Elevator Rd, Wiley, CO 81092",Resident 1179,A-20179,2025/10/16,133973,gal,,R6,
M-1179,"1353 Grain Elevator Rd, Wiley, CO 81092",Resident 1179,A-20179,2025/11/12,137656,gal,,R6,
M-1179,"1353 Grain Elevator Rd, Wiley, CO 81092",Resident 1179,A-20179,2025/12/13,141165,gal,,R6,
M-1180,"1360 Main St, Wiley, CO 81092",Resident 1180,A-20180,2025/07/13,220272,gal,,R1,
M-1180,"1360 Main St, Wiley, CO 81092",Resident 1180,A-20180,2025/08/14,230012,gal,,R1,
M-1180,"1360 Main St, Wiley, CO 81092",Resident 1180,A-20180,2025/09/15,237375,gal,,R1,
M-1180,"1360 Main St, Wiley, CO 81092",Resident 1180,A-20180,2025/10/16,244062,gal,,R1,
M-1180,"1360 Main St, Wiley, CO 81092",Resident 1180,A-20180,2025/11/12,249116,gal,,R1,
M-1180,"1360 Main St, Wiley, CO 81092",Resident 1180,A-20180,2025/12/13,254198,gal,,R1,
M-1181,"1367 County Rd 10, Wiley, CO 81092",Resident 1181,A-20181,2025/07/13,326934,gal,,R2,
M-1181,"1367 County Rd 10, Wiley, CO 81092",Resident 1181,A-20181,2025/08/14,339751,gal,,R2,
M-1181,"1367 County Rd 10, Wiley, CO 81092",Resident 1181,A-20181,2025/09/15,348202,gal,,R2,
M-1181,"1367 County Rd 10, Wiley, CO 81092",Resident 1181,A-20181,2025/10/16,356703,gal,,R2,
M-1181,"1367 County Rd 10, Wiley, CO 81092",Resident 1181,A-20181,2025/11/12,363078,gal,,R2,
M-1181,"1367 County Rd 10, Wiley, CO 81092",Resident 1181,A-20181,2025/12/13,369470,gal,,R2,
M-1182,"1374 County Rd 14, Wiley, CO 81092",Resident 1182,A-20182,2025/07/13,312322,gal,,R3,
M-1182,"1374 County Rd 14, Wiley, CO 81092",Resident 1182,A-20182,2025/08/14,316941,gal,,R3,
M-1182,"1374 County Rd 14, Wiley, CO 81092",Resident 1182,A-20182,2025/09/15,320717,gal,,R3,
M-1182,"1374 County Rd 14, Wiley, CO 81092",Resident 1182,A-20182,2025/10/16,323979,gal,,R3,
M-1182,"1374 County Rd 14, Wiley, CO 81092",Resident 1182,A-20182,2025/11/12,326953,gal,,R3,
M-1182,"1374 County Rd 14, Wiley, CO 81092",Resident 1182,A-20182,2025/12/13,329601,gal,,R3,
M-1183,"1381 Highway 287, Wiley, CO 81092",Resident 1183,A-20183,2025/07/13,259896,gal,,R4,
M-1183,"1381 Highway 287, Wiley, CO 81092",Resident 1183,A-20183,2025/08/14,267763,gal,,R4,
M-1183,"1381 Highway 287, Wiley, CO 81092",Resident 1183,A-20183,2025/09/15,274626,gal,,R4,
M-1183,"1381 Highway 287, Wiley, CO 81092",Resident 1183,A-20183,2025/10/16,281929,gal,,R4,
M-1183,"1381 Highway 287, Wiley, CO 81092",Resident 1183,A-20183,2025/11/12,286187,gal,,R4,
M-1183,"1381 Highway 287, Wiley, CO 81092",Resident 1183,A-20183,2025/12/13,291249,gal,,R4,
M-1184,"1388 Maple Ave, Wiley, CO 81092",Resident 1184,A-20184,2025/07/13,227548,gal,,R5,
M-1184,"1388 Maple Ave, Wiley, CO 81092",Resident 1184,A-20184,2025/08/14,231789,gal,,R5,
M-1184,"1388 Maple Ave, Wiley, CO 81092",Resident 1184,A-20184,2025/09/15,235069,gal,,R5,
M-1184,"1388 Maple Ave, Wiley, CO 81092",Resident 1184,A-20184,2025/10/16,238578,gal,,R5,
M-1184,"1388 Maple Ave, Wiley, CO 81092",Resident 1184,A-20184,2025/11/12,241138,gal,,R5,
M-1184,"1388 Maple Ave, Wiley, CO 81092",Resident 1184,A-20184,2025/12/13,243423,gal,,R5,
M-1185,"1395 Oak St, Wiley, CO 81092",Resident 1185,A-20185,2025/07/13,225575,gal,,R6,
M-1185,"1395 Oak St, Wiley, CO 81092",Resident 1185,A-20185,2025/08/14,234137,gal,,R6,
M-1185,"1395 Oak St, Wiley, CO 81092",Resident 1185,A-20185,2025/09/15,242221,gal,,R6,
M-1185,"1395 Oak St, Wiley, CO 81092",Resident 1185,A-20185,2025/10/16,248763,gal,,R6,
M-1185,"1395 Oak St, Wiley, CO 81092",Resident 1185,A-20185,2025/11/12,254785,gal,,R6,
M-1185,"1395 Oak St, Wiley, CO 81092",Resident 1185,A-20185,2025/12/13,259691,gal,,R6,
M-1186,"1402 Elm St, Wiley, CO 81092",Resident 1186,A-20186,2025/07/13,164543,gal,,R1,
M-1186,"1402 Elm St, Wiley, CO 81092",Resident 1186,A-20186,2025/08/14,171375,gal,,R1,
M-1186,"1402 Elm St, Wiley, CO 81092",Resident 1186,A-20186,2025/09/15,175915,gal,,R1,
M-1186,"1402 Elm St, Wiley, CO 81092",Resident 1186,A-20186,2025/10/16,181162,gal,,R1,
M-1186,"1402 Elm St, Wiley, CO 81092",Resident 1186,A-20186,2025/11/12,185102,gal,,R1,
M-1186,"1402 Elm St, Wiley, CO 81092",Resident 1186,A-20186,2025/12/13,188971,gal,,R1,
M-1187,"1409 3rd Ave, Wiley, CO 81092",Resident 1187,A-20187,2025/07/13,346240,gal,,R2,
M-1187,"1409 3rd Ave, Wiley, CO 81092",Resident 1187,A-20187,2025/08/14,356210,gal,,R2,
M-1187,"1409 3rd Ave, Wiley, CO 81092",Resident 1187,A-20187,2025/09/15,365113,gal,,R2,
M-1187,"1409 3rd Ave, Wiley, CO 81092",Resident 1187,A-20187,2025/10/16,373477,gal,,R2,
M-1187,"1409 3rd Ave, Wiley, CO 81092",Resident 1187,A-20187,2025/11/12,379348,gal,,R2,
M-1187,"1409 3rd Ave, Wiley, CO 81092",Resident 1187,A-20187,2025/12/13,384107,gal,,R2,
M-1188,"1416 5th St, Wiley, CO 81092",Resident 1188,A-20188,2025/07/13,147273,gal,,R3,
M-1188,"1416 5th St, Wiley, CO 81092",Resident 1188,A-20188,2025/08/14,155961,gal,,R3,
M-1188,"1416 5th St, Wiley, CO 81092",Resident 1188,A-20188,2025/09/15,163007,gal,,R3,
M-1188,"1416 5th St, Wiley, CO 81092",Resident 1188,A-20188,2025/10/16,169016,gal,,R3,
M-1188,"1416 5th St, Wiley, CO 81092",Resident 1188,A-20188,2025/11/12,173259,gal,,R3,
M-1188,"1416 5th St, Wiley, CO 81092",Resident 1188,A-20188,2025/12/13,178638,gal,,R3,
M-1189,"1423 Ranch Rd, Wiley, CO 81092",Resident 1189,A-20189,2025/07/13,384479,gal,,R4,
M-1189,"1423 Ranch Rd, Wiley, CO 81092",Resident 1189,A-20189,2025/08/14,394190,gal,,R4,
M-1189,"1423 Ranch Rd, Wiley, CO 81092",Resident 1189,A-20189,2025/09/15,401676,gal,,R4,
M-1189,"1423 Ranch Rd, Wiley, CO 81092",Resident 1189,A-20189,2025/10/16,408987,gal,,R4,
M-1189,"1423 Ranch Rd, Wiley, CO 81092",Resident 1189,A-20189,2025/11/12,414741,gal,,R4,
M-1189,"1423 Ranch Rd, Wiley, CO 81092",Resident 1189,A-20189,2025/12/13,420049,gal,,R4,
M-1190,"1430 Irrigation Ln, Wiley, CO 81092",Resident 1190,A-20190,2025/07/13,213663,gal,,R5,
M-1190,"1430 Irrigation Ln, Wiley, CO 81092",Resident 1190,A-20190,2025/08/14,218667,gal,,R5,
M-1190,"1430 Irrigation Ln, Wiley, CO 81092",Resident 1190,A-20190,2025/09/15,222434,gal,,R5,
M-1190,"1430 Irrigation Ln, Wiley, CO 81092",Resident 1190,A-20190,2025/10/16,226778,gal,,R5,
M-1190,"1430 Irrigation Ln, Wiley, CO 81092",Resident 1190,A-20190,2025/11/12,229614,gal,,R5,
M-1190,"1430 Irrigation Ln, Wiley, CO 81092",Resident 1190,A-20190,2025/12/13,232639,gal,,R5,
M-1191,"1437 North Frontage, Wiley, CO 81092",Resident 1191,A-20191,2025/07/13,195052,gal,,R6,
M-1191,"1437 North Frontage, Wiley, CO 81092",Resident 1191,A-20191,2025/08/14,199972,gal,,R6,
M-1191,"1437 North Frontage, Wiley, CO 81092",Resident 1191,A-20191,2025/09/15,204366,gal,,R6,
M-1191,"1437 North Frontage, Wiley, CO 81092",New Occupant 1191,A-20191,2025/10/16,207422,gal,,R6,Ownership change
M-1191,"1437 North Frontage, Wiley, CO 81092",New Occupant 1191,A-20191,2025/11/12,210176,gal,,R6,
M-1191,"1437 North Frontage, Wiley, CO 81092",New Occupant 1191,A-20191,2025/12/13,213123,gal,,R6,
M-1192,"1444 South Loop, Wiley, CO 81092",Resident 1192,A-20192,2025/07/13,356737,gal,,R1,
M-1192,"1444 South Loop, Wiley, CO 81092",Resident 1192,A-20192,2025/08/14,363148,gal,,R1,
M-1192,"1444 South Loop, Wiley, CO 81092",Resident 1192,A-20192,2025/09/15,369701,gal,,R1,
M-1192,"1444 South Loop, Wiley, CO 81092",Resident 1192,A-20192,2025/10/16,374676,gal,,R1,
M-1192,"1444 South Loop, Wiley, CO 81092",Resident 1192,A-20192,2025/11/12,378649,gal,,R1,
M-1192,"1444 South Loop, Wiley, CO 81092",Resident 1192,A-20192,2025/12/13,382812,gal,,R1,
M-1193,"1451 Pioneer Rd, Wiley, CO 81092",Resident 1193,A-20193,2025/07/13,334864,gal,,R2,
M-1193,"1451 Pioneer Rd, Wiley, CO 81092",Resident 1193,A-20193,2025/08/14,347896,gal,,R2,
M-1193,"1451 Pioneer Rd, Wiley, CO 81092",Resident 1193,A-20193,2025/09/15,356847,gal,,R2,
M-1193,"1451 Pioneer Rd, Wiley, CO 81092",Resident 1193,A-20193,2025/10/16,366254,gal,,R2,
M-1193,"1451 Pioneer Rd, Wiley, CO 81092",Resident 1193,A-20193,2025/11/12,371646,gal,,R2,
M-1193,"1451 Pioneer Rd, Wiley, CO 81092",Resident 1193,A-20193,2025/12/13,377108,gal,,R2,
M-1194,"1458 Cottonwood Dr, Wiley, CO 81092",Resident 1194,A-20194,2025/07/13,254104,gal,,R3,
M-1194,"1458 Cottonwood Dr, Wiley, CO 81092",Resident 1194,A-20194,2025/08/14,259142,gal,,R3,
M-1194,"1458 Cottonwood Dr, Wiley, CO 81092",Resident 1194,A-20194,2025/09/15,263462,gal,,R3,
M-1194,"1458 Cottonwood Dr, Wiley, CO 81092",Resident 1194,A-20194,2025/10/16,267225,gal,,R3,
M-1194,"1458 Cottonwood Dr, Wiley, CO 81092",Resident 1194,A-20194,2025/11/12,270209,gal,,R3,
M-1194,"1458 Cottonwood Dr, Wiley, CO 81092",Resident 1194,A-20194,2025/12/13,273182,gal,,R3,
M-1195,"1465 Sand Creek Rd, Wiley, CO 81092",Resident 1195,A-20195,2025/07/13,251759,gal,,R4,
M-1195,"1465 Sand Creek Rd, Wiley, CO 81092",Resident 1195,A-20195,2025/08/14,260586,gal,,R4,
M-1195,"1465 Sand Creek Rd, Wiley, CO 81092",Resident 1195,A-20195,2025/09/15,268558,gal,,R4,
M-1195,"1465 Sand Creek Rd, Wiley, CO 81092",Resident 1195,A-20195,2025/10/16,275702,gal,,R4,
M-1195,"1465 Sand Creek Rd, Wiley, CO 81092",Resident 1195,A-20195,2025/11/12,280944,gal,,R4,
M-1195,"1465 Sand Creek Rd, Wiley, CO 81092",Resident 1195,A-20195,2025/12/13,286112,gal,,R4,
M-1196,"1472 Prairie View, Wiley, CO 81092",Resident 1196,A-20196,2025/07/13,248571,gal,,R5,
M-1196,"1472 Prairie View, Wiley, CO 81092",Resident 1196,A-20196,2025/08/14,257906,gal,,R5,
M-1196,"1472 Prairie View, Wiley, CO 81092",Resident 1196,A-20196,2025/09/15,265519,gal,,R5,
M-1196,"1472 Prairie View, Wiley, CO 81092",Resident 1196,A-20196,2025/10/16,272809,gal,,R5,
M-1196,"1472 Prairie View, Wiley, CO 81092",Resident 1196,A-20196,2025/11/12,277855,gal,,R5,
M-1196,"1472 Prairie View, Wiley, CO 81092",Resident 1196,A-20196,2025/12/13,283434,gal,,R5,
M-1197,"1479 School House Rd, Wiley, CO 81092",Resident 1197,A-20197,2025/07/13,90640,gal,,R6,
M-1197,"1479 School House Rd, Wiley, CO 81092",Resident 1197,A-20197,2025/08/14,93179,gal,,R6,
M-1197,"1479 School House Rd, Wiley, CO 81092",Resident 1197,A-20197,2025/09/15,95628,gal,,R6,
M-1197,"1479 School House Rd, Wiley, CO 81092",Resident 1197,A-20197,2025/10/16,97775,gal,,R6,
M-1197,"1479 School House Rd, Wiley, CO 81092",Resident 1197,A-20197,2025/11/12,99223,gal,,R6,
M-1197,"1479 School House Rd, Wiley, CO 81092",Resident 1197,A-20197,2025/12/13,100842,gal,,R6,
M-1198,"1486 Cemetery Rd, Wiley, CO 81092",Resident 1198,A-20198,2025/07/13,486018,gal,,R1,
M-1198,"1486 Cemetery Rd, Wiley, CO 81092",Resident 1198,A-20198,2025/08/14,494778,gal,,R1,
M-1198,"1486 Cemetery Rd, Wiley, CO 81092",Resident 1198,A-20198,2025/09/15,503008,gal,,R1,
M-1198,"1486 Cemetery Rd, Wiley, CO 81092",Resident 1198,A-20198,2025/10/16,509924,gal,,R1,
M-1198,"1486 Cemetery Rd, Wiley, CO 81092",Resident 1198,A-20198,2025/11/12,515200,gal,,R1,
M-1198,"1486 Cemetery Rd, Wiley, CO 81092",Resident 1198,A-20198,2025/12/13,521197,gal,,R1,
M-1199,"1493 Grain Elevator Rd, Wiley, CO 81092",Resident 1199,A-20199,2025/07/13,212901,gal,,R2,
M-1199,"1493 Grain Elevator Rd, Wiley, CO 81092",Resident 1199,A-20199,2025/08/14,219614,gal,,R2,
M-1199,"1493 Grain Elevator Rd, Wiley, CO 81092",Resident 1199,A-20199,2025/09/15,225193,gal,,R2,
M-1199,"1493 Grain Elevator Rd, Wiley, CO 81092",Resident 1199,A-20199,2025/10/16,229964,gal,,R2,
M-1199,"1493 Grain Elevator Rd, Wiley, CO 81092",Resident 1199,A-20199,2025/11/12,233109,gal,,R2,
M-1199,"1493 Grain Elevator Rd, Wiley, CO 81092",Resident 1199,A-20199,2025/12/13,237141,gal,,R2,
M-1200,"1500 Main St, Wiley, CO 81092",Resident 1200,A-20200,2025/07/13,334091,gal,,R3,
M-1200,"1500 Main St, Wiley, CO 81092",Resident 1200,A-20200,2025/08/14,342025,gal,,R3,
M-1200,"1500 Main St, Wiley, CO 81092",Resident 1200,A-20200,2025/09/15,349267,gal,,R3,
M-1200,"1500 Main St, Wiley, CO 81092",Resident 1200,A-20200,2025/10/16,356276,gal,,R3,
M-1200,"1500 Main St, Wiley, CO 81092",Resident 1200,A-20200,2025/11/12,360956,gal,,R3,
M-1200,"1500 Main St, Wiley, CO 81092",Resident 1200,A-20200,2025/12/13,365377,gal,,R3,
M-1201,"1507 County Rd 10, Wiley, CO 81092",Resident 1201,A-20201,2025/07/13,250541,gal,,R4,
M-1201,"1507 County Rd 10, Wiley, CO 81092",Resident 1201,A-20201,2025/08/14,253833,gal,,R4,
M-1201,"1507 County Rd 10, Wiley, CO 81092",Resident 1201,A-20201,2025/09/15,256637,gal,,R4,
M-1201,"1507 County Rd 10, Wiley, CO 81092",Resident 1201,A-20201,2025/10/16,259274,gal,,R4,
M-1201,"1507 County Rd 10, Wiley, CO 81092",Resident 1201,A-20201,2025/11/12,261127,gal,,R4,
M-1201,"1507 County Rd 10, Wiley, CO 81092",Resident 1201,A-20201,2025/12/13,262772,gal,,R4,
M-1202,"1514 County Rd 14, Wiley, CO 81092",Resident 1202,A-20202,2025/07/13,234546,gal,,R5,
M-1202,"1514 County Rd 14, Wiley, CO 81092",Resident 1202,A-20202,2025/08/14,238449,gal,,R5,
M-1202,"1514 County Rd 14, Wiley, CO 81092",Resident 1202,A-20202,2025/09/15,241841,gal,,R5,
M-1202,"1514 County Rd 14, Wiley, CO 81092",Resident 1202,A-20202,2025/10/16,245362,gal,,R5,
M-1202,"1514 County Rd 14, Wiley, CO 81092",Resident 1202,A-20202,2025/11/12,247567,gal,,R5,
M-1202,"1514 County Rd 14, Wiley, CO 81092",Resident 1202,A-20202,2025/12/13,249622,gal,,R5,
M-1203,"1521 Highway 287, Wiley, CO 81092",Resident 1203,A-20203,2025/07/13,149083,gal,,R6,
M-1203,"1521 Highway 287, Wiley, CO 81092",Resident 1203,A-20203,2025/08/14,156168,gal,,R6,
M-1203,"1521 Highway 287, Wiley, CO 81092",Resident 1203,A-20203,2025/09/15,162368,gal,,R6,
M-1203,"1521 Highway 287, Wiley, CO 81092",Resident 1203,A-20203,2025/10/16,167189,gal,,R6,
M-1203,"1521 Highway 287, Wiley, CO 81092",Resident 1203,A-20203,2025/11/12,171159,gal,,R6,
M-1203,"1521 Highway 287, Wiley, CO 81092",Resident 1203,A-20203,2025/12/13,175218,gal,,R6,
M-1204,"1528 Maple Ave, Wiley, CO 81092",Resident 1204,A-20204,2025/07/13,252833,gal,,R1,
M-1204,"1528 Maple Ave, Wiley, CO 81092",Resident 1204,A-20204,2025/08/14,258701,gal,,R1,
M-1204,"1528 Maple Ave, Wiley, CO 81092",Resident 1204,A-20204,2025/09/15,263493,gal,,R1,
M-1204,"1528 Maple Ave, Wiley, CO 81092",Resident 1204,A-20204,2025/10/16,268607,gal,,R1,
M-1204,"1528 Maple Ave, Wiley, CO 81092",Resident 1204,A-20204,2025/11/12,271946,gal,,R1,
M-1204,"1528 Maple Ave, Wiley, CO 81092",Resident 1204,A-20204,2025/12/13,275369,gal,,R1,
M-1205,"1535 Oak St, Wiley, CO 81092",Resident 1205,A-20205,2025/07/13,286235,gal,,R2,
M-1205,"1535 Oak St, Wiley, CO 81092",Resident 1205,A-20205,2025/08/14,291804,gal,,R2,
M-1205,"1535 Oak St, Wiley, CO 81092",Resident 1205,A-20205,2025/09/15,296622,gal,,R2,
M-1205,"1535 Oak St, Wiley, CO 81092",Resident 1205,A-20205,2025/10/16,300292,gal,,R2,
M-1205,"1535 Oak St, Wiley, CO 81092",Resident 1205,A-20205,2025/11/12,303779,gal,,R2,
M-1205,"1535 Oak St, Wiley, CO 81092",Resident 1205,A-20205,2025/12/13,307155,gal,,R2,
M-1206,"1542 Elm St, Wiley, CO 81092",Resident 1206,A-20206,2025/07/13,419282,gal,,R3,
M-1206,"1542 Elm St, Wiley, CO 81092",Resident 1206,A-20206,2025/08/14,423014,gal,,R3,
M-1206,"1542 Elm St, Wiley, CO 81092",Resident 1206,A-20206,2025/09/15,425689,gal,,R3,
M-1206,"1542 Elm St, Wiley, CO 81092",Resident 1206,A-20206,2025/10/16,428110,gal,,R3,
M-1206,"1542 Elm St, Wiley, CO 81092",Resident 1206,A-20206,2025/11/12,430007,gal,,R3,
M-1206,"1542 Elm St, Wiley, CO 81092",Resident 1206,A-20206,2025/12/13,432162,gal,,R3,
M-1207,"1549 3rd Ave, Wiley, CO 81092",Resident 1207,A-20207,2025/07/13,371225,gal,,R4,
M-1207,"1549 3rd Ave, Wiley, CO 81092",Resident 1207,A-20207,2025/08/14,376631,gal,,R4,
M-1207,"1549 3rd Ave, Wiley, CO 81092",Resident 1207,A-20207,2025/09/15,381912,gal,,R4,
M-1207,"1549 3rd Ave, Wiley, CO 81092",Resident 1207,A-20207,2025/10/16,386413,gal,,R4,
M-1207,"1549 3rd Ave, Wiley, CO 81092",Resident 1207,A-20207,2025/11/12,389254,gal,,R4,
M-1207,"1549 3rd Ave, Wiley, CO 81092",Resident 1207,A-20207,2025/12/13,392603,gal,,R4,
M-1208,"1556 5th St, Wiley, CO 81092",Resident 1208,A-20208,2025/07/13,342431,gal,,R5,
M-1208,"1556 5th St, Wiley, CO 81092",Resident 1208,A-20208,2025/08/14,351671,gal,,R5,
M-1208,"1556 5th St, Wiley, CO 81092",Resident 1208,A-20208,2025/09/15,358670,gal,,R5,
M-1208,"1556 5th St, Wiley, CO 81092",Resident 1208,A-20208,2025/10/16,365747,gal,,R5,
M-1208,"1556 5th St, Wiley, CO 81092",Resident 1208,A-20208,2025/11/12,370538,gal,,R5,
M-1208,"1556 5th St, Wiley, CO 81092",Resident 1208,A-20208,2025/12/13,375809,gal,,R5,
M-1209,"1563 Ranch Rd, Wiley, CO 81092",Resident 1209,A-20209,2025/07/13,365362,gal,,R6,
M-1209,"1563 Ranch Rd, Wiley, CO 81092",Resident 1209,A-20209,2025/08/14,368869,gal,,R6,
M-1209,"1563 Ranch Rd, Wiley, CO 81092",Resident 1209,A-20209,2025/09/15,372507,gal,,R6,
M-1209,"1563 Ranch Rd, Wiley, CO 81092",Resident 1209,A-20209,2025/10/16,375153,gal,,R6,
M-1209,"1563 Ranch Rd, Wiley, CO 81092",Resident 1209,A-20209,2025/11/12,377170,gal,,R6,
M-1209,"1563 Ranch Rd, Wiley, CO 81092",Resident 1209,A-20209,2025/12/13,379108,gal,,R6,
M-1210,"1570 Irrigation Ln, Wiley, CO 81092",Resident 1210,A-20210,2025/07/13,259332,gal,,R1,
M-1210,"1570 Irrigation Ln, Wiley, CO 81092",Resident 1210,A-20210,2025/08/14,263484,gal,,R1,
M-1210,"1570 Irrigation Ln, Wiley, CO 81092",Resident 1210,A-20210,2025/09/15,266521,gal,,R1,
M-1210,"1570 Irrigation Ln, Wiley, CO 81092",Resident 1210,A-20210,2025/10/16,269480,gal,,R1,
M-1210,"1570 Irrigation Ln, Wiley, CO 81092",Resident 1210,A-20210,2025/11/12,271617,gal,,R1,
M-1210,"1570 Irrigation Ln, Wiley, CO 81092",Resident 1210,A-20210,2025/12/13,273686,gal,,R1,
M-1211,"1577 North Frontage, Wiley, CO 81092",Resident 1211,A-20211,2025/07/13,169344,gal,,R2,
M-1211,"1577 North Frontage, Wiley, CO 81092",Resident 1211,A-20211,2025/08/14,179983,gal,,R2,
M-1211,"1577 North Frontage, Wiley, CO 81092",Resident 1211,A-20211,2025/09/15,189365,gal,,R2,
M-1211,"1577 North Frontage, Wiley, CO 81092",Resident 1211,A-20211,2025/10/16,196898,gal,,R2,
M-1211,"1577 North Frontage, Wiley, CO 81092",Resident 1211,A-20211,2025/11/12,202339,gal,,R2,
M-1211,"1577 North Frontage, Wiley, CO 81092",Resident 1211,A-20211,2025/12/13,208836,gal,,R2,
M-1212,"1584 South Loop, Wiley, CO 81092",Resident 1212,A-20212,2025/07/13,190008,gal,,R3,
M-1212,"1584 South Loop, Wiley, CO 81092",Resident 1212,A-20212,2025/08/14,199239,gal,,R3,
M-1212,"1584 South Loop, Wiley, CO 81092",Resident 1212,A-20212,2025/09/15,205491,gal,,R3,
M-1212,"1584 South Loop, Wiley, CO 81092",Resident 1212,A-20212,2025/10/16,211175,gal,,R3,
M-1212,"1584 South Loop, Wiley, CO 81092",Resident 1212,A-20212,2025/11/12,215323,gal,,R3,
M-1212,"1584 South Loop, Wiley, CO 81092",Resident 1212,A-20212,2025/12/13,219513,gal,,R3,
M-1213,"1591 Pioneer Rd, Wiley, CO 81092",Resident 1213,A-20213,2025/07/13,221243,gal,,R4,
M-1213,"1591 Pioneer Rd, Wiley, CO 81092",Resident 1213,A-20213,2025/08/14,224730,gal,,R4,
M-1213,"1591 Pioneer Rd, Wiley, CO 81092",Resident 1213,A-20213,2025/09/15,227978,gal,,R4,
M-1213,"1591 Pioneer Rd, Wiley, CO 81092",Resident 1213,A-20213,2025/10/16,230899,gal,,R4,
M-1213,"1591 Pioneer Rd, Wiley, CO 81092",Resident 1213,A-20213,2025/11/12,232832,gal,,R4,
M-1213,"1591 Pioneer Rd, Wiley, CO 81092",Resident 1213,A-20213,2025/12/13,234936,gal,,R4,
M-1214,"1598 Cottonwood Dr, Wiley, CO 81092",Resident 1214,A-20214,2025/07/13,247518,gal,,R5,
M-1214,"1598 Cottonwood Dr, Wiley, CO 81092",Resident 1214,A-20214,2025/08/14,257805,gal,,R5,
M-1214,"1598 Cottonwood Dr, Wiley, CO 81092",Resident 1214,A-20214,2025/09/15,268477,gal,,R5,
M-1214,"1598 Cottonwood Dr, Wiley, CO 81092",Resident 1214,A-20214,2025/10/16,276551,gal,,R5,
M-1214,"1598 Cottonwood Dr, Wiley, CO 81092",Resident 1214,A-20214,2025/11/12,281954,gal,,R5,
M-1214,"1598 Cottonwood Dr, Wiley, CO 81092",Resident 1214,A-20214,2025/12/13,288604,gal,,R5,
M-1215,"1605 Sand Creek Rd, Wiley, CO 81092",Resident 1215,A-20215,2025/07/13,434718,gal,,R6,
M-1215,"1605 Sand Creek Rd, Wiley, CO 81092",Resident 1215,A-20215,2025/08/14,442597,gal,,R6,
M-1215,"1605 Sand Creek Rd, Wiley, CO 81092",Resident 1215,A-20215,2025/09/15,450502,gal,,R6,
M-1215,"1605 Sand Creek Rd, Wiley, CO 81092",Resident 1215,A-20215,2025/10/16,457435,gal,,R6,
M-1215,"1605 Sand Creek Rd, Wiley, CO 81092",Resident 1215,A-20215,2025/11/12,462538,gal,,R6,
M-1215,"1605 Sand Creek Rd, Wiley, CO 81092",Resident 1215,A-20215,2025/12/13,467950,gal,,R6,
M-1216,"1612 Prairie View, Wiley, CO 81092",Resident 1216,A-20216,2025/07/13,288807,gal,,R1,
M-1216,"1612 Prairie View, Wiley, CO 81092",Resident 1216,A-20216,2025/08/14,300505,gal,,R1,
M-1216,"1612 Prairie View, Wiley, CO 81092",Resident 1216,A-20216,2025/09/15,310324,gal,,R1,
M-1216,"1612 Prairie View, Wiley, CO 81092",Resident 1216,A-20216,2025/10/16,318737,gal,,R1,
M-1216,"1612 Prairie View, Wiley, CO 81092",Resident 1216,A-20216,2025/11/12,325118,gal,,R1,
M-1216,"1612 Prairie View, Wiley, CO 81092",Resident 1216,A-20216,2025/12/13,330542,gal,,R1,
M-1217,"1619 School House Rd, Wiley, CO 81092",Resident 1217,A-20217,2025/07/13,110414,gal,,R2,
M-1217,"1619 School House Rd, Wiley, CO 81092",Resident 1217,A-20217,2025/08/14,114419,gal,,R2,
M-1217,"1619 School House Rd, Wiley, CO 81092",Resident 1217,A-20217,2025/09/15,118357,gal,,R2,
M-1217,"1619 School House Rd, Wiley, CO 81092",Resident 1217,A-20217,2025/10/16,121589,gal,,R2,
M-1217,"1619 School House Rd, Wiley, CO 81092",Resident 1217,A-20217,2025/11/12,123798,gal,,R2,
M-1217,"1619 School House Rd, Wiley, CO 81092",Resident 1217,A-20217,2025/12/13,125928,gal,,R2,
M-1218,"1626 Cemetery Rd, Wiley, CO 81092",Resident 1218,A-20218,2025/07/13,145516,gal,,R3,
M-1218,"1626 Cemetery Rd, Wiley, CO 81092",Resident 1218,A-20218,2025/08/14,149378,gal,,R3,
M-1218,"1626 Cemetery Rd, Wiley, CO 81092",Resident 1218,A-20218,2025/09/15,152842,gal,,R3,
M-1218,"1626 Cemetery Rd, Wiley, CO 81092",Resident 1218,A-20218,2025/10/16,156195,gal,,R3,
M-1218,"1626 Cemetery Rd, Wiley, CO 81092",Resident 1218,A-20218,2025/11/12,158523,gal,,R3,
M-1218,"1626 Cemetery Rd, Wiley, CO 81092",Resident 1218,A-20218,2025/12/13,160671,gal,,R3,
M-1219,"1633 Grain Elevator Rd, Wiley, CO 81092",Resident 1219,A-20219,2025/07/13,453701,gal,,R4,
M-1219,"1633 Grain Elevator Rd, Wiley, CO 81092",Resident 1219,A-20219,2025/08/14,463257,gal,,R4,
M-1219,"1633 Grain Elevator Rd, Wiley, CO 81092",Resident 1219,A-20219,2025/09/15,471650,gal,,R4,
M-1219,"1633 Grain Elevator Rd, Wiley, CO 81092",Resident 1219,A-20219,2025/10/16,479737,gal,,R4,
M-1219,"1633 Grain Elevator Rd, Wiley, CO 81092",Resident 1219,A-20219,2025/11/12,485129,gal,,R4,
M-1219,"1633 Grain Elevator Rd, Wiley, CO 81092",Resident 1219,A-20219,2025/12/13,490739,gal,,R4,
M-1220,"1640 Main St, Wiley, CO 81092",Resident 1220,A-20220,2025/07/13,352078,gal,,R5,
M-1220,"1640 Main St, Wiley, CO 81092",Resident 1220,A-20220,2025/08/14,359651,gal,,R5,
M-1220,"1640 Main St, Wiley, CO 81092",Resident 1220,A-20220,2025/09/15,366880,gal,,R5,
M-1220,"1640 Main St, Wiley, CO 81092",Resident 1220,A-20220,2025/10/16,372742,gal,,R5,
M-1220,"1640 Main St, Wiley, CO 81092",Resident 1220,A-20220,2025/11/12,376820,gal,,R5,
M-1220,"1640 Main St, Wiley, CO 81092",Resident 1220,A-20220,2025/12/13,381005,gal,,R5,
M-1221,"1647 County Rd 10, Wiley, CO 81092",Resident 1221,A-20221,2025/07/13,313702,gal,,R6,
M-1221,"1647 County Rd 10, Wiley, CO 81092",Resident 1221,A-20221,2025/08/14,322567,gal,,R6,
M-1221,"1647 County Rd 10, Wiley, CO 81092",Resident 1221,A-20221,2025/09/15,329283,gal,,R6,
M-1221,"1647 County Rd 10, Wiley, CO 81092",Resident 1221,A-20221,2025/10/16,336694,gal,,R6,
M-1221,"1647 County Rd 10, Wiley, CO 81092",Resident 1221,A-20221,2025/11/12,342029,gal,,R6,
M-1221,"1647 County Rd 10, Wiley, CO 81092",Resident 1221,A-20221,2025/12/13,346729,gal,,R6,
M-1222,"1654 County Rd 14, Wiley, CO 81092",Resident 1222,A-20222,2025/07/13,258105,gal,,R1,
M-1222,"1654 County Rd 14, Wiley, CO 81092",Resident 1222,A-20222,2025/08/14,262728,gal,,R1,
M-1222,"1654 County Rd 14, Wiley, CO 81092",Resident 1222,A-20222,2025/09/15,267339,gal,,R1,
M-1222,"1654 County Rd 14, Wiley, CO 81092",Resident 1222,A-20222,2025/10/16,270881,gal,,R1,
M-1222,"1654 County Rd 14, Wiley, CO 81092",Resident 1222,A-20222,2025/11/12,273371,gal,,R1,
M-1222,"1654 County Rd 14, Wiley, CO 81092",Resident 1222,A-20222,2025/12/13,275789,gal,,R1,
M-1223,"1661 Highway 287, Wiley, CO 81092",Resident 1223,A-20223,2025/07/13,332635,gal,,R2,
M-1223,"1661 Highway 287, Wiley, CO 81092",Resident 1223,A-20223,2025/08/14,337908,gal,,R2,
M-1223,"1661 Highway 287, Wiley, CO 81092",Resident 1223,A-20223,2025/09/15,342495,gal,,R2,
M-1223,"1661 Highway 287, Wiley, CO 81092",Resident 1223,A-20223,2025/10/16,346390,gal,,R2,
M-1223,"1661 Highway 287, Wiley, CO 81092",Resident 1223,A-20223,2025/11/12,349417,gal,,R2,
M-1223,"1661 Highway 287, Wiley, CO 81092",Resident 1223,A-20223,2025/12/13,352226,gal,,R2,
M-1224,"1668 Maple Ave, Wiley, CO 81092",Resident 1224,A-20224,2025/07/13,449974,gal,,R3,
M-1224,"1668 Maple Ave, Wiley, CO 81092",Resident 1224,A-20224,2025/08/14,459991,gal,,R3,
M-1224,"1668 Maple Ave, Wiley, CO 81092",Resident 1224,A-20224,2025/09/15,467471,gal,,R3,
M-1224,"1668 Maple Ave, Wiley, CO 81092",Resident 1224,A-20224,2025/10/16,473392,gal,,R3,
M-1224,"1668 Maple Ave, Wiley, CO 81092",Resident 1224,A-20224,2025/11/12,477654,gal,,R3,
M-1224,"1668 Maple Ave, Wiley, CO 81092",Resident 1224,A-20224,2025/12/13,481946,gal,,R3,
M-1225,"1675 Oak St, Wiley, CO 81092",Resident 1225,A-20225,2025/07/13,405209,gal,,R4,
M-1225,"1675 Oak St, Wiley, CO 81092",Resident 1225,A-20225,2025/08/14,413869,gal,,R4,
M-1225,"1675 Oak St, Wiley, CO 81092",Resident 1225,A-20225,2025/09/15,423077,gal,,R4,
M-1225,"1675 Oak St, Wiley, CO 81092",Resident 1225,A-20225,2025/10/16,429239,gal,,R4,
M-1225,"1675 Oak St, Wiley, CO 81092",Resident 1225,A-20225,2025/11/12,434798,gal,,R4,
M-1225,"1675 Oak St, Wiley, CO 81092",Resident 1225,A-20225,2025/12/13,440882,gal,,R4,
M-1226,"1682 Elm St, Wiley, CO 81092",Resident 1226,A-20226,2025/07/13,179038,gal,,R5,
M-1226,"1682 Elm St, Wiley, CO 81092",Resident 1226,A-20226,2025/08/14,187388,gal,,R5,
M-1226,"1682 Elm St, Wiley, CO 81092",Resident 1226,A-20226,2025/09/15,193082,gal,,R5,
M-1226,"1682 Elm St, Wiley, CO 81092",Resident 1226,A-20226,2025/10/16,199197,gal,,R5,
M-1226,"1682 Elm St, Wiley, CO 81092",Resident 1226,A-20226,2025/11/12,203240,gal,,R5,
M-1226,"1682 Elm St, Wiley, CO 81092",Resident 1226,A-20226,2025/12/13,207689,gal,,R5,
M-1227,"1689 3rd Ave, Wiley, CO 81092",Resident 1227,A-20227,2025/07/13,299013,gal,,R6,
M-1227,"1689 3rd Ave, Wiley, CO 81092",Resident 1227,A-20227,2025/08/14,303809,gal,,R6,
M-1227,"1689 3rd Ave, Wiley, CO 81092",Resident 1227,A-20227,2025/09/15,308742,gal,,R6,
M-1227,"1689 3rd Ave, Wiley, CO 81092",Resident 1227,A-20227,2025/10/16,312104,gal,,R6,
M-1227,"1689 3rd Ave, Wiley, CO 81092",Resident 1227,A-20227,2025/11/12,315005,gal,,R6,
M-1227,"1689 3rd Ave, Wiley, CO 81092",Resident 1227,A-20227,2025/12/13,318253,gal,,R6,
M-1228,"1696 5th St, Wiley, CO 81092",Resident 1228,A-20228,2025/07/13,437213,gal,,R1,
M-1228,"1696 5th St, Wiley, CO 81092",Resident 1228,A-20228,2025/08/14,446144,gal,,R1,
M-1228,"1696 5th St, Wiley, CO 81092",Resident 1228,A-20228,2025/09/15,452750,gal,,R1,
M-1228,"1696 5th St, Wiley, CO 81092",Resident 1228,A-20228,2025/10/16,458910,gal,,R1,
M-1228,"1696 5th St, Wiley, CO 81092",Resident 1228,A-20228,2025/11/12,463321,gal,,R1,
M-1228,"1696 5th St, Wiley, CO 81092",Resident 1228,A-20228,2025/12/13,468954,gal,,R1,
M-1229,"1703 Ranch Rd, Wiley, CO 81092",Resident 1229,A-20229,2025/07/13,254454,gal,,R2,
M-1229,"1703 Ranch Rd, Wiley, CO 81092",Resident 1229,A-20229,2025/08/14,267459,gal,,R2,
M-1229,"1703 Ranch Rd, Wiley, CO 81092",Resident 1229,A-20229,2025/09/15,277271,gal,,R2,
M-1229,"1703 Ranch Rd, Wiley, CO 81092",Resident 1229,A-20229,2025/10/16,285439,gal,,R2,
M-1229,"1703 Ranch Rd, Wiley, CO 81092",Resident 1229,A-20229,2025/11/12,291674,gal,,R2,
M-1229,"1703 Ranch Rd, Wiley, CO 81092",Resident 1229,A-20229,2025/12/13,298224,gal,,R2,
M-1230,"1710 Irrigation Ln, Wiley, CO 81092",Resident 1230,A-20230,2025/07/13,284398,gal,,R3,
M-1230,"1710 Irrigation Ln, Wiley, CO 81092",Resident 1230,A-20230,2025/08/14,296597,gal,,R3,
M-1230,"1710 Irrigation Ln, Wiley, CO 81092",Resident 1230,A-20230,2025/09/15,307239,gal,,R3,
M-1230,"1710 Irrigation Ln, Wiley, CO 81092",Resident 1230,A-20230,2025/10/16,316012,gal,,R3,
M-1230,"1710 Irrigation Ln, Wiley, CO 81092",Resident 1230,A-20230,2025/11/12,322469,gal,,R3,
M-1230,"1710 Irrigation Ln, Wiley, CO 81092",Resident 1230,A-20230,2025/12/13,328986,gal,,R3,
M-1231,"1717 North Frontage, Wiley, CO 81092",Resident 1231,A-20231,2025/07/13,169715,gal,,R4,
M-1231,"1717 North Frontage, Wiley, CO 81092",Resident 1231,A-20231,2025/08/14,180367,gal,,R4,
M-1231,"1717 North Frontage, Wiley, CO 81092",Resident 1231,A-20231,2025/09/15,189168,gal,,R4,
M-1231,"1717 North Frontage, Wiley, CO 81092",Resident 1231,A-20231,2025/10/16,198168,gal,,R4,
M-1231,"1717 North Frontage, Wiley, CO 81092",Resident 1231,A-20231,2025/11/12,203360,gal,,R4,
M-1231,"1717 North Frontage, Wiley, CO 81092",Resident 1231,A-20231,2025/12/13,208576,gal,,R4,
M-1232,"1724 South Loop, Wiley, CO 81092",Resident 1232,A-20232,2025/07/13,326805,gal,,R5,
M-1232,"1724 South Loop, Wiley, CO 81092",Resident 1232,A-20232,2025/08/14,332342,gal,,R5,
M-1232,"1724 South Loop, Wiley, CO 81092",Resident 1232,A-20232,2025/09/15,336592,gal,,R5,
M-1232,"1724 South Loop, Wiley, CO 81092",Resident 1232,A-20232,2025/10/16,340736,gal,,R5,
M-1232,"1724 South Loop, Wiley, CO 81092",Resident 1232,A-20232,2025/11/12,343235,gal,,R5,
M-1232,"1724 South Loop, Wiley, CO 81092",Resident 1232,A-20232,2025/12/13,346428,gal,,R5,
M-1233,"1731 Pioneer Rd, Wiley, CO 81092",Resident 1233,A-20233,2025/07/13,148036,gal,,R6,
M-1233,"1731 Pioneer Rd, Wiley, CO 81092",Resident 1233,A-20233,2025/08/14,159819,gal,,R6,
M-1233,"1731 Pioneer Rd, Wiley, CO 81092",Resident 1233,A-20233,2025/09/15,169643,gal,,R6,
M-1233,"1731 Pioneer Rd, Wiley, CO 81092",Resident 1233,A-20233,2025/10/16,176636,gal,,R6,
M-1233,"1731 Pioneer Rd, Wiley, CO 81092",Resident 1233,A-20233,2025/11/12,182532,gal,,R6,
M-1233,"1731 Pioneer Rd, Wiley, CO 81092",Resident 1233,A-20233,2025/12/13,187892,gal,,R6,
M-1234,"1738 Cottonwood Dr, Wiley, CO 81092",Resident 1234,A-20234,2025/07/13,380635,gal,,R1,
M-1234,"1738 Cottonwood Dr, Wiley, CO 81092",Resident 1234,A-20234,2025/08/14,386666,gal,,R1,
M-1234,"1738 Cottonwood Dr, Wiley, CO 81092",Resident 1234,A-20234,2025/09/15,392662,gal,,R1,
M-1234,"1738 Cottonwood Dr, Wiley, CO 81092",Resident 1234,A-20234,2025/10/16,398024,gal,,R1,
M-1234,"1738 Cottonwood Dr, Wiley, CO 81092",Resident 1234,A-20234,2025/11/12,401245,gal,,R1,
M-1234,"1738 Cottonwood Dr, Wiley, CO 81092",Resident 1234,A-20234,2025/12/13,404977,gal,,R1,
M-1235,"1745 Sand Creek Rd, Wiley, CO 81092",Resident 1235,A-20235,2025/07/13,402357,gal,,R2,
M-1235,"1745 Sand Creek Rd, Wiley, CO 81092",Resident 1235,A-20235,2025/08/14,409876,gal,,R2,
M-1235,"1745 Sand Creek Rd, Wiley, CO 81092",Resident 1235,A-20235,2025/09/15,415722,gal,,R2,
M-1235,"1745 Sand Creek Rd, Wiley, CO 81092",Resident 1235,A-20235,2025/10/16,421986,gal,,R2,
M-1235,"1745 Sand Creek Rd, Wiley, CO 81092",Resident 1235,A-20235,2025/11/12,426205,gal,,R2,
M-1235,"1745 Sand Creek Rd, Wiley, CO 81092",Resident 1235,A-20235,2025/12/13,430797,gal,,R2,
M-1236,"1752 Prairie View, Wiley, CO 81092",Resident 1236,A-20236,2025/07/13,250379,gal,,R3,
M-1236,"1752 Prairie View, Wiley, CO 81092",Resident 1236,A-20236,2025/08/14,260988,gal,,R3,
M-1236,"1752 Prairie View, Wiley, CO 81092",Resident 1236,A-20236,2025/09/15,268624,gal,,R3,
M-1236,"1752 Prairie View, Wiley, CO 81092",Resident 1236,A-20236,2025/10/16,277174,gal,,R3,
M-1236,"1752 Prairie View, Wiley, CO 81092",Resident 1236,A-20236,2025/11/12,283111,gal,,R3,
M-1236,"1752 Prairie View, Wiley, CO 81092",Resident 1236,A-20236,2025/12/13,289001,gal,,R3,
M-1237,"1759 School House Rd, Wiley, CO 81092",Resident 1237,A-20237,2025/07/13,336907,gal,,R4,
M-1237,"1759 School House Rd, Wiley, CO 81092",Resident 1237,A-20237,2025/08/14,346753,gal,,R4,
M-1237,"1759 School House Rd, Wiley, CO 81092",Resident 1237,A-20237,2025/09/15,354289,gal,,R4,
M-1237,"1759 School House Rd, Wiley, CO 81092",Resident 1237,A-20237,2025/10/16,361789,gal,,R4,
M-1237,"1759 School House Rd, Wiley, CO 81092",Resident 1237,A-20237,2025/11/12,368000,gal,,R4,
M-1237,"1759 School House Rd, Wiley, CO 81092",Resident 1237,A-20237,2025/12/13,374433,gal,,R4,
M-1238,"1766 Cemetery Rd, Wiley, CO 81092",Resident 1238,A-20238,2025/07/13,341644,gal,,R5,
M-1238,"1766 Cemetery Rd, Wiley, CO 81092",Resident 1238,A-20238,2025/08/14,349149,gal,,R5,
M-1238,"1766 Cemetery Rd, Wiley, CO 81092",Resident 1238,A-20238,2025/09/15,354841,gal,,R5,
M-1238,"1766 Cemetery Rd, Wiley, CO 81092",Resident 1238,A-20238,2025/10/16,359823,gal,,R5,
M-1238,"1766 Cemetery Rd, Wiley, CO 81092",Resident 1238,A-20238,2025/11/12,364003,gal,,R5,
M-1238,"1766 Cemetery Rd, Wiley, CO 81092",Resident 1238,A-20238,2025/12/13,368415,gal,,R5,
M-1239,"1773 Grain Elevator Rd, Wiley, CO 81092",Resident 1239,A-20239,2025/07/13,156586,gal,,R6,
M-1239,"1773 Grain Elevator Rd, Wiley, CO 81092",Resident 1239,A-20239,2025/08/14,163368,gal,,R6,
M-1239,"1773 Grain Elevator Rd, Wiley, CO 81092",Resident 1239,A-20239,2025/09/15,170912,gal,,R6,
M-1239,"1773 Grain Elevator Rd, Wiley, CO 81092",Resident 1239,A-20239,2025/10/16,176626,gal,,R6,
M-1239,"1773 Grain Elevator Rd, Wiley, CO 81092",Resident 1239,A-20239,2025/11/12,181118,gal,,R6,
M-1239,"1773 Grain Elevator Rd, Wiley, CO 81092",Resident 1239,A-20239,2025/12/13,185713,gal,,R6,
M-1240,"1780 Main St, Wiley, CO 81092",Resident 1240,A-20240,2025/07/13,479339,gal,,R1,
M-1240,"1780 Main St, Wiley, CO 81092",Resident 1240,A-20240,2025/08/14,488850,gal,,R1,
M-1240,"1780 Main St, Wiley, CO 81092",Resident 1240,A-20240,2025/09/15,497278,gal,,R1,
M-1240,"1780 Main St, Wiley, CO 81092",Resident 1240,A-20240,2025/10/16,503227,gal,,R1,
M-1240,"1780 Main St, Wiley, CO 81092",Resident 1240,A-20240,2025/11/12,507784,gal,,R1,
M-1240,"1780 Main St, Wiley, CO 81092",Resident 1240,A-20240,2025/12/13,512255,gal,,R1,
M-1241,"1787 County Rd 10, Wiley, CO 81092",Resident 1241,A-20241,2025/07/13,296773,gal,,R2,
M-1241,"1787 County Rd 10, Wiley, CO 81092",Resident 1241,A-20241,2025/08/14,304679,gal,,R2,
M-1241,"1787 County Rd 10, Wiley, CO 81092",Resident 1241,A-20241,2025/09/15,310641,gal,,R2,
M-1241,"1787 County Rd 10, Wiley, CO 81092",Resident 1241,A-20241,2025/10/16,316370,gal,,R2,
M-1241,"1787 County Rd 10, Wiley, CO 81092",Resident 1241,A-20241,2025/11/12,321214,gal,,R2,
M-1241,"1787 County Rd 10, Wiley, CO 81092",Resident 1241,A-20241,2025/12/13,325593,gal,,R2,
M-1242,"1794 County Rd 14, Wiley, CO 81092",Resident 1242,A-20242,2025/07/13,415971,gal,,R3,
M-1242,"1794 County Rd 14, Wiley, CO 81092",Resident 1242,A-20242,2025/08/14,420446,gal,,R3,
M-1242,"1794 County Rd 14, Wiley, CO 81092",Resident 1242,A-20242,2025/09/15,424363,gal,,R3,
M-1242,"1794 County Rd 14, Wiley, CO 81092",Resident 1242,A-20242,2025/10/16,427115,gal,,R3,
M-1242,"1794 County Rd 14, Wiley, CO 81092",Resident 1242,A-20242,2025/11/12,429661,gal,,R3,
M-1242,"1794 County Rd 14, Wiley, CO 81092",Resident 1242,A-20242,2025/12/13,432367,gal,,R3,
M-1243,"1801 Highway 287, Wiley, CO 81092",Resident 1243,A-20243,2025/07/13,266168,gal,,R4,
M-1243,"1801 Highway 287, Wiley, CO 81092",Resident 1243,A-20243,2025/08/14,271792,gal,,R4,
M-1243,"1801 Highway 287, Wiley, CO 81092",Resident 1243,A-20243,2025/09/15,276702,gal,,R4,
M-1243,"1801 Highway 287, Wiley, CO 81092",Resident 1243,A-20243,2025/10/16,281230,gal,,R4,
M-1243,"1801 Highway 287, Wiley, CO 81092",Resident 1243,A-20243,2025/11/12,284565,gal,,R4,
M-1243,"1801 Highway 287, Wiley, CO 81092",Resident 1243,A-20243,2025/12/13,287869,gal,,R4,
M-1244,"1808 Maple Ave, Wiley, CO 81092",Resident 1244,A-20244,2025/07/13,658529,gal,,R5,
M-1244,"1808 Maple Ave, Wiley, CO 81092",Resident 1244,A-20244,2025/08/14,686346,gal,,R5,
M-1244,"1808 Maple Ave, Wiley, CO 81092",Resident 1244,A-20244,2025/09/15,708956,gal,,R5,
M-1244,"1808 Maple Ave, Wiley, CO 81092",Resident 1244,A-20244,2025/10/16,729858,gal,,R5,
M-1244,"1808 Maple Ave, Wiley, CO 81092",Resident 1244,A-20244,2025/11/12,746282,gal,,R5,
M-1244,"1808 Maple Ave, Wiley, CO 81092",Resident 1244,A-20244,2025/12/13,764604,gal,,R5,
M-1245,"1815 Oak St, Wiley, CO 81092",Resident 1245,A-20245,2025/07/13,147547,gal,,R6,
M-1245,"1815 Oak St, Wiley, CO 81092",Resident 1245,A-20245,2025/08/14,151071,gal,,R6,
M-1245,"1815 Oak St, Wiley, CO 81092",Resident 1245,A-20245,2025/09/15,154228,gal,,R6,
M-1245,"1815 Oak St, Wiley, CO 81092",Resident 1245,A-20245,2025/10/16,156799,gal,,R6,
M-1245,"1815 Oak St, Wiley, CO 81092",Resident 1245,A-20245,2025/11/12,159132,gal,,R6,
M-1245,"1815 Oak St, Wiley, CO 81092",Resident 1245,A-20245,2025/12/13,161037,gal,,R6,
M-1246,"1822 Elm St, Wiley, CO 81092",Resident 1246,A-20246,2025/07/13,268772,gal,,R1,
M-1246,"1822 Elm St, Wiley, CO 81092",Resident 1246,A-20246,2025/08/14,275601,gal,,R1,
M-1246,"1822 Elm St, Wiley, CO 81092",Resident 1246,A-20246,2025/09/15,280884,gal,,R1,
M-1246,"1822 Elm St, Wiley, CO 81092",Resident 1246,A-20246,2025/10/16,286019,gal,,R1,
M-1246,"1822 Elm St, Wiley, CO 81092",Resident 1246,A-20246,2025/11/12,290031,gal,,R1,
M-1246,"1822 Elm St, Wiley, CO 81092",Resident 1246,A-20246,2025/12/13,293676,gal,,R1,
M-1247,"1829 3rd Ave, Wiley, CO 81092",Resident 1247,A-20247,2025/07/13,345021,gal,,R2,
M-1247,"1829 3rd Ave, Wiley, CO 81092",Resident 1247,A-20247,2025/08/14,348638,gal,,R2,
M-1247,"1829 3rd Ave, Wiley, CO 81092",Resident 1247,A-20247,2025/09/15,351468,gal,,R2,
M-1247,"1829 3rd Ave, Wiley, CO 81092",Resident 1247,A-20247,2025/10/16,354012,gal,,R2,
M-1247,"1829 3rd Ave, Wiley, CO 81092",Resident 1247,A-20247,2025/11/12,355772,gal,,R2,
M-1247,"1829 3rd Ave, Wiley, CO 81092",Resident 1247,A-20247,2025/12/13,357766,gal,,R2,
M-1248,"1836 5th St, Wiley, CO 81092",Resident 1248,A-20248,2025/07/13,302037,gal,,R3,
M-1248,"1836 5th St, Wiley, CO 81092",Resident 1248,A-20248,2025/08/14,310823,gal,,R3,
M-1248,"1836 5th St, Wiley, CO 81092",Resident 1248,A-20248,2025/09/15,318117,gal,,R3,
M-1248,"1836 5th St, Wiley, CO 81092",Resident 1248,A-20248,2025/10/16,325333,gal,,R3,
M-1248,"1836 5th St, Wiley, CO 81092",Resident 1248,A-20248,2025/11/12,330015,gal,,R3,
M-1248,"1836 5th St, Wiley, CO 81092",Resident 1248,A-20248,2025/12/13,335705,gal,,R3,
M-1249,"1843 Ranch Rd, Wiley, CO 81092",Resident 1249,A-20249,2025/07/13,482435,gal,,R4,
M-1249,"1843 Ranch Rd, Wiley, CO 81092",Resident 1249,A-20249,2025/08/14,490219,gal,,R4,
M-1249,"1843 Ranch Rd, Wiley, CO 81092",Resident 1249,A-20249,2025/09/15,498545,gal,,R4,
M-1249,"1843 Ranch Rd, Wiley, CO 81092",Resident 1249,A-20249,2025/10/16,505332,gal,,R4,
M-1249,"1843 Ranch Rd, Wiley, CO 81092",Resident 1249,A-20249,2025/11/12,510858,gal,,R4,
M-1249,"1843 Ranch Rd, Wiley, CO 81092",Resident 1249,A-20249,2025/12/13,515643,gal,,R4,
M-1250,"1850 Irrigation Ln, Wiley, CO 81092",Resident 1250,A-20250,2025/07/13,313921,gal,,R5,
M-1250,"1850 Irrigation Ln, Wiley, CO 81092",Resident 1250,A-20250,2025/08/14,318809,gal,,R5,
M-1250,"1850 Irrigation Ln, Wiley, CO 81092",Resident 1250,A-20250,2025/09/15,323387,gal,,R5,
M-1250,"1850 Irrigation Ln, Wiley, CO 81092",Resident 1250,A-20250,2025/10/16,327932,gal,,R5,
M-1250,"1850 Irrigation Ln, Wiley, CO 81092",Resident 1250,A-20250,2025/11/12,331381,gal,,R5,
M-1250,"1850 Irrigation Ln, Wiley, CO 81092",Resident 1250,A-20250,2025/12/13,334134,gal,,R5,
M-1251,"1857 North Frontage, Wiley, CO 81092",Resident 1251,A-20251,2025/07/13,306287,gal,,R6,
M-1251,"1857 North Frontage, Wiley, CO 81092",Resident 1251,A-20251,2025/08/14,316808,gal,,R6,
M-1251,"1857 North Frontage, Wiley, CO 81092",Resident 1251,A-20251,2025/09/15,323925,gal,,R6,
M-1251,"1857 North Frontage, Wiley, CO 81092",Resident 1251,A-20251,2025/10/16,331549,gal,,R6,
M-1251,"1857 North Frontage, Wiley, CO 81092",Resident 1251,A-20251,2025/11/12,336763,gal,,R6,
M-1251,"1857 North Frontage, Wiley, CO 81092",Resident 1251,A-20251,2025/12/13,341355,gal,,R6,
M-1252,"1864 South Loop, Wiley, CO 81092",Resident 1252,A-20252,2025/07/13,312139,gal,,R1,
M-1252,"1864 South Loop, Wiley, CO 81092",Resident 1252,A-20252,2025/08/14,318295,gal,,R1,
M-1252,"1864 South Loop, Wiley, CO 81092",Resident 1252,A-20252,2025/09/15,323091,gal,,R1,
M-1252,"1864 South Loop, Wiley, CO 81092",Resident 1252,A-20252,2025/10/16,327119,gal,,R1,
M-1252,"1864 South Loop, Wiley, CO 81092",Resident 1252,A-20252,2025/11/12,330081,gal,,R1,
M-1252,"1864 South Loop, Wiley, CO 81092",Resident 1252,A-20252,2025/12/13,333333,gal,,R1,
M-1253,"1871 Pioneer Rd, Wiley, CO 81092",Resident 1253,A-20253,2025/07/13,233613,gal,,R2,
M-1253,"1871 Pioneer Rd, Wiley, CO 81092",Resident 1253,A-20253,2025/08/14,236386,gal,,R2,
M-1253,"1871 Pioneer Rd, Wiley, CO 81092",Resident 1253,A-20253,2025/09/15,238872,gal,,R2,
M-1253,"1871 Pioneer Rd, Wiley, CO 81092",Resident 1253,A-20253,2025/10/16,241097,gal,,R2,
M-1253,"1871 Pioneer Rd, Wiley, CO 81092",Resident 1253,A-20253,2025/11/12,242884,gal,,R2,
M-1253,"1871 Pioneer Rd, Wiley, CO 81092",Resident 1253,A-20253,2025/12/13,244517,gal,,R2,
M-1254,"1878 Cottonwood Dr, Wiley, CO 81092",Resident 1254,A-20254,2025/07/13,375788,gal,,R3,
M-1254,"1878 Cottonwood Dr, Wiley, CO 81092",Resident 1254,A-20254,2025/08/14,379627,gal,,R3,
M-1254,"1878 Cottonwood Dr, Wiley, CO 81092",Resident 1254,A-20254,2025/09/15,382785,gal,,R3,
M-1254,"1878 Cottonwood Dr, Wiley, CO 81092",Resident 1254,A-20254,2025/10/16,385838,gal,,R3,
M-1254,"1878 Cottonwood Dr, Wiley, CO 81092",Resident 1254,A-20254,2025/11/12,388055,gal,,R3,
M-1254,"1878 Cottonwood Dr, Wiley, CO 81092",Resident 1254,A-20254,2025/12/13,390036,gal,,R3,
M-1255,"1885 Sand Creek Rd, Wiley, CO 81092",Resident 1255,A-20255,2025/07/13,215628,gal,,R4,
M-1255,"1885 Sand Creek Rd, Wiley, CO 81092",Resident 1255,A-20255,2025/08/14,226908,gal,,R4,
M-1255,"1885 Sand Creek Rd, Wiley, CO 81092",Resident 1255,A-20255,2025/09/15,236561,gal,,R4,
M-1255,"1885 Sand Creek Rd, Wiley, CO 81092",Resident 1255,A-20255,2025/10/16,243461,gal,,R4,
M-1255,"1885 Sand Creek Rd, Wiley, CO 81092",Resident 1255,A-20255,2025/11/12,249397,gal,,R4,
M-1255,"1885 Sand Creek Rd, Wiley, CO 81092",Resident 1255,A-20255,2025/12/13,254603,gal,,R4,
M-1256,"1892 Prairie View, Wiley, CO 81092",Resident 1256,A-20256,2025/07/13,244762,gal,,R5,
M-1256,"1892 Prairie View, Wiley, CO 81092",Resident 1256,A-20256,2025/08/14,253738,gal,,R5,
M-1256,"1892 Prairie View, Wiley, CO 81092",Resident 1256,A-20256,2025/09/15,263185,gal,,R5,
M-1256,"1892 Prairie View, Wiley, CO 81092",Resident 1256,A-20256,2025/10/16,271650,gal,,R5,
M-1256,"1892 Prairie View, Wiley, CO 81092",Resident 1256,A-20256,2025/11/12,276731,gal,,R5,
M-1256,"1892 Prairie View, Wiley, CO 81092",Resident 1256,A-20256,2025/12/13,283013,gal,,R5,
M-1257,"1899 School House Rd, Wiley, CO 81092",Resident 1257,A-20257,2025/07/13,302816,gal,,R6,
M-1257,"1899 School House Rd, Wiley, CO 81092",Resident 1257,A-20257,2025/08/14,306741,gal,,R6,
M-1257,"1899 School House Rd, Wiley, CO 81092",Resident 1257,A-20257,2025/09/15,309517,gal,,R6,
M-1257,"1899 School House Rd, Wiley, CO 81092",Resident 1257,A-20257,2025/10/16,312214,gal,,R6,
M-1257,"1899 School House Rd, Wiley, CO 81092",Resident 1257,A-20257,2025/11/12,314058,gal,,R6,
M-1257,"1899 School House Rd, Wiley, CO 81092",Resident 1257,A-20257,2025/12/13,315927,gal,,R6,
M-1258,"1906 Cemetery Rd, Wiley, CO 81092",Resident 1258,A-20258,2025/07/13,448905,gal,,R1,
M-1258,"1906 Cemetery Rd, Wiley, CO 81092",Resident 1258,A-20258,2025/08/14,454167,gal,,R1,
M-1258,"1906 Cemetery Rd, Wiley, CO 81092",Resident 1258,A-20258,2025/09/15,458403,gal,,R1,
M-1258,"1906 Cemetery Rd, Wiley, CO 81092",Resident 1258,A-20258,2025/10/16,462350,gal,,R1,
M-1258,"1906 Cemetery Rd, Wiley, CO 81092",Resident 1258,A-20258,2025/11/12,465737,gal,,R1,
M-1258,"1906 Cemetery Rd, Wiley, CO 81092",Resident 1258,A-20258,2025/12/13,468738,gal,,R1,
M-1259,"1913 Grain Elevator Rd, Wiley, CO 81092",Resident 1259,A-20259,2025/07/13,282345,gal,,R2,
M-1259,"1913 Grain Elevator Rd, Wiley, CO 81092",Resident 1259,A-20259,2025/08/14,286253,gal,,R2,
M-1259,"1913 Grain Elevator Rd, Wiley, CO 81092",Resident 1259,A-20259,2025/09/15,289324,gal,,R2,
M-1259,"1913 Grain Elevator Rd, Wiley, CO 81092",Resident 1259,A-20259,2025/10/16,292270,gal,,R2,
M-1259,"1913 Grain Elevator Rd, Wiley, CO 81092",Resident 1259,A-20259,2025/11/12,294406,gal,,R2,
M-1259,"1913 Grain Elevator Rd, Wiley, CO 81092",Resident 1259,A-20259,2025/12/13,296464,gal,,R2,
M-1260,"1920 Main St, Wiley, CO 81092",Resident 1260,A-20260,2025/07/13,172505,gal,,R3,
M-1260,"1920 Main St, Wiley, CO 81092",Resident 1260,A-20260,2025/08/14,175809,gal,,R3,
M-1260,"1920 Main St, Wiley, CO 81092",Resident 1260,A-20260,2025/09/15,178496,gal,,R3,
M-1260,"1920 Main St, Wiley, CO 81092",Resident 1260,A-20260,2025/10/16,180995,gal,,R3,
M-1260,"1920 Main St, Wiley, CO 81092",Resident 1260,A-20260,2025/11/12,183065,gal,,R3,
M-1260,"1920 Main St, Wiley, CO 81092",Resident 1260,A-20260,2025/12/13,185144,gal,,R3,
M-1261,"1927 County Rd 10, Wiley, CO 81092",Resident 1261,A-20261,2025/07/13,431388,gal,,R4,
M-1261,"1927 County Rd 10, Wiley, CO 81092",Resident 1261,A-20261,2025/08/14,438481,gal,,R4,
M-1261,"1927 County Rd 10, Wiley, CO 81092",Resident 1261,A-20261,2025/09/15,443544,gal,,R4,
M-1261,"1927 County Rd 10, Wiley, CO 81092",Resident 1261,A-20261,2025/10/16,448473,gal,,R4,
M-1261,"1927 County Rd 10, Wiley, CO 81092",Resident 1261,A-20261,2025/11/12,452033,gal,,R4,
M-1261,"1927 County Rd 10, Wiley, CO 81092",Resident 1261,A-20261,2025/12/13,455834,gal,,R4,
M-1262,"1934 County Rd 14, Wiley, CO 81092",Resident 1262,A-20262,2025/07/13,382997,gal,,R5,
M-1262,"1934 County Rd 14, Wiley, CO 81092",Resident 1262,A-20262,2025/08/14,387188,gal,,R5,
M-1262,"1934 County Rd 14, Wiley, CO 81092",Resident 1262,A-20262,2025/09/15,390863,gal,,R5,
M-1262,"1934 County Rd 14, Wiley, CO 81092",Resident 1262,A-20262,2025/10/16,393751,gal,,R5,
M-1262,"1934 County Rd 14, Wiley, CO 81092",Resident 1262,A-20262,2025/11/12,395960,gal,,R5,
M-1262,"1934 County Rd 14, Wiley, CO 81092",Resident 1262,A-20262,2025/12/13,397843,gal,,R5,
M-1263,"1941 Highway 287, Wiley, CO 81092",Resident 1263,A-20263,2025/07/13,284328,gal,,R6,
M-1263,"1941 Highway 287, Wiley, CO 81092",Resident 1263,A-20263,2025/08/14,292674,gal,,R6,
M-1263,"1941 Highway 287, Wiley, CO 81092",Resident 1263,A-20263,2025/09/15,299920,gal,,R6,
M-1263,"1941 Highway 287, Wiley, CO 81092",Resident 1263,A-20263,2025/10/16,305464,gal,,R6,
M-1263,"1941 Highway 287, Wiley, CO 81092",Resident 1263,A-20263,2025/11/12,310510,gal,,R6,
M-1263,"1941 Highway 287, Wiley, CO 81092",Resident 1263,A-20263,2025/12/13,315306,gal,,R6,
M-1264,"1948 Maple Ave, Wiley, CO 81092",Resident 1264,A-20264,2025/07/13,313039,gal,,R1,
M-1264,"1948 Maple Ave, Wiley, CO 81092",Resident 1264,A-20264,2025/08/14,318281,gal,,R1,
M-1264,"1948 Maple Ave, Wiley, CO 81092",Resident 1264,A-20264,2025/09/15,322840,gal,,R1,
M-1264,"1948 Maple Ave, Wiley, CO 81092",Resident 1264,A-20264,2025/10/16,326729,gal,,R1,
M-1264,"1948 Maple Ave, Wiley, CO 81092",Resident 1264,A-20264,2025/11/12,330110,gal,,R1,
M-1264,"1948 Maple Ave, Wiley, CO 81092",Resident 1264,A-20264,2025/12/13,332889,gal,,R1,
M-1265,"1955 Oak St, Wiley, CO 81092",Resident 1265,A-20265,2025/07/13,391552,gal,,R2,
M-1265,"1955 Oak St, Wiley, CO 81092",Resident 1265,A-20265,2025/08/14,397840,gal,,R2,
M-1265,"1955 Oak St, Wiley, CO 81092",Resident 1265,A-20265,2025/09/15,402707,gal,,R2,
M-1265,"1955 Oak St, Wiley, CO 81092",Resident 1265,A-20265,2025/10/16,407050,gal,,R2,
M-1265,"1955 Oak St, Wiley, CO 81092",Resident 1265,A-20265,2025/11/12,410796,gal,,R2,
M-1265,"1955 Oak St, Wiley, CO 81092",Resident 1265,A-20265,2025/12/13,414427,gal,,R2,
M-1266,"1962 Elm St, Wiley, CO 81092",Resident 1266,A-20266,2025/07/13,144838,gal,,R3,
M-1266,"1962 Elm St, Wiley, CO 81092",Resident 1266,A-20266,2025/08/14,154101,gal,,R3,
M-1266,"1962 Elm St, Wiley, CO 81092",Resident 1266,A-20266,2025/09/15,164235,gal,,R3,
M-1266,"1962 Elm St, Wiley, CO 81092",Resident 1266,A-20266,2025/10/16,171464,gal,,R3,
M-1266,"1962 Elm St, Wiley, CO 81092",Resident 1266,A-20266,2025/11/12,177143,gal,,R3,
M-1266,"1962 Elm St, Wiley, CO 81092",Resident 1266,A-20266,2025/12/13,182416,gal,,R3,
M-1267,"1969 3rd Ave, Wiley, CO 81092",Resident 1267,A-20267,2025/07/13,283625,gal,,R4,
M-1267,"1969 3rd Ave, Wiley, CO 81092",Resident 1267,A-20267,2025/08/14,291131,gal,,R4,
M-1267,"1969 3rd Ave, Wiley, CO 81092",Resident 1267,A-20267,2025/09/15,297859,gal,,R4,
M-1267,"1969 3rd Ave, Wiley, CO 81092",Resident 1267,A-20267,2025/10/16,304642,gal,,R4,
M-1267,"1969 3rd Ave, Wiley, CO 81092",Resident 1267,A-20267,2025/11/12,308621,gal,,R4,
M-1267,"1969 3rd Ave, Wiley, CO 81092",Resident 1267,A-20267,2025/12/13,313452,gal,,R4,
M-1268,"1976 5th St, Wiley, CO 81092",Resident 1268,A-20268,2025/07/13,249813,gal,,R5,
M-1268,"1976 5th St, Wiley, CO 81092",Resident 1268,A-20268,2025/08/14,255645,gal,,R5,
M-1268,"1976 5th St, Wiley, CO 81092",Resident 1268,A-20268,2025/09/15,260018,gal,,R5,
M-1268,"1976 5th St, Wiley, CO 81092",Resident 1268,A-20268,2025/10/16,263927,gal,,R5,
M-1268,"1976 5th St, Wiley, CO 81092",Resident 1268,A-20268,2025/11/12,266871,gal,,R5,
M-1268,"1976 5th St, Wiley, CO 81092",Resident 1268,A-20268,2025/12/13,270204,gal,,R5,
M-1269,"1983 Ranch Rd, Wiley, CO 81092",Resident 1269,A-20269,2025/07/13,245757,gal,,R6,
M-1269,"1983 Ranch Rd, Wiley, CO 81092",Resident 1269,A-20269,2025/08/14,254254,gal,,R6,
M-1269,"1983 Ranch Rd, Wiley, CO 81092",Resident 1269,A-20269,2025/09/15,262466,gal,,R6,
M-1269,"1983 Ranch Rd, Wiley, CO 81092",Resident 1269,A-20269,2025/10/16,268929,gal,,R6,
M-1269,"1983 Ranch Rd, Wiley, CO 81092",Resident 1269,A-20269,2025/11/12,273670,gal,,R6,
M-1269,"1983 Ranch Rd, Wiley, CO 81092",Resident 1269,A-20269,2025/12/13,278953,gal,,R6,
M-1270,"1990 Irrigation Ln, Wiley, CO 81092",Resident 1270,A-20270,2025/07/13,315703,gal,,R1,
M-1270,"1990 Irrigation Ln, Wiley, CO 81092",Resident 1270,A-20270,2025/08/14,320309,gal,,R1,
M-1270,"1990 Irrigation Ln, Wiley, CO 81092",Resident 1270,A-20270,2025/09/15,324005,gal,,R1,
M-1270,"1990 Irrigation Ln, Wiley, CO 81092",Resident 1270,A-20270,2025/10/16,327399,gal,,R1,
M-1270,"1990 Irrigation Ln, Wiley, CO 81092",Resident 1270,A-20270,2025/11/12,329832,gal,,R1,
M-1270,"1990 Irrigation Ln, Wiley, CO 81092",Resident 1270,A-20270,2025/12/13,332001,gal,,R1,
M-1271,"1997 North Frontage, Wiley, CO 81092",Resident 1271,A-20271,2025/07/13,455022,gal,,R2,
M-1271,"1997 North Frontage, Wiley, CO 81092",Resident 1271,A-20271,2025/08/14,466226,gal,,R2,
M-1271,"1997 North Frontage, Wiley, CO 81092",Resident 1271,A-20271,2025/09/15,476202,gal,,R2,
M-1271,"1997 North Frontage, Wiley, CO 81092",Resident 1271,A-20271,2025/10/16,483241,gal,,R2,
M-1271,"1997 North Frontage, Wiley, CO 81092",Resident 1271,A-20271,2025/11/12,488732,gal,,R2,
M-1271,"1997 North Frontage, Wiley, CO 81092",Resident 1271,A-20271,2025/12/13,494044,gal,,R2,
M-1272,"2004 South Loop, Wiley, CO 81092",Resident 1272,A-20272,2025/07/13,450619,gal,,R3,
M-1272,"2004 South Loop, Wiley, CO 81092",Resident 1272,A-20272,2025/08/14,460874,gal,,R3,
M-1272,"2004 South Loop, Wiley, CO 81092",Resident 1272,A-20272,2025/09/15,469039,gal,,R3,
M-1272,"2004 South Loop, Wiley, CO 81092",Resident 1272,A-20272,2025/10/16,475951,gal,,R3,
M-1272,"2004 South Loop, Wiley, CO 81092",Resident 1272,A-20272,2025/11/12,481523,gal,,R3,
M-1272,"2004 South Loop, Wiley, CO 81092",Resident 1272,A-20272,2025/12/13,486791,gal,,R3,
M-1273,"2011 Pioneer Rd, Wiley, CO 81092",Resident 1273,A-20273,2025/07/13,477710,gal,,R4,
M-1273,"2011 Pioneer Rd, Wiley, CO 81092",Resident 1273,A-20273,2025/08/14,485850,gal,,R4,
M-1273,"2011 Pioneer Rd, Wiley, CO 81092",Resident 1273,A-20273,2025/09/15,493958,gal,,R4,
M-1273,"2011 Pioneer Rd, Wiley, CO 81092",Resident 1273,A-20273,2025/10/16,500135,gal,,R4,
M-1273,"2011 Pioneer Rd, Wiley, CO 81092",Resident 1273,A-20273,2025/11/12,505487,gal,,R4,
M-1273,"2011 Pioneer Rd, Wiley, CO 81092",Resident 1273,A-20273,2025/12/13,510288,gal,,R4,
M-1274,"2018 Cottonwood Dr, Wiley, CO 81092",Resident 1274,A-20274,2025/07/13,293021,gal,,R5,
M-1274,"2018 Cottonwood Dr, Wiley, CO 81092",Resident 1274,A-20274,2025/08/14,300387,gal,,R5,
M-1274,"2018 Cottonwood Dr, Wiley, CO 81092",Resident 1274,A-20274,2025/09/15,306770,gal,,R5,
M-1274,"2018 Cottonwood Dr, Wiley, CO 81092",Resident 1274,A-20274,2025/10/16,313442,gal,,R5,
M-1274,"2018 Cottonwood Dr, Wiley, CO 81092",Resident 1274,A-20274,2025/11/12,317486,gal,,R5,
M-1274,"2018 Cottonwood Dr, Wiley, CO 81092",Resident 1274,A-20274,2025/12/13,321966,gal,,R5,
M-1275,"2025 Sand Creek Rd, Wiley, CO 81092",Resident 1275,A-20275,2025/07/13,346230,gal,,R6,
M-1275,"2025 Sand Creek Rd, Wiley, CO 81092",Resident 1275,A-20275,2025/08/14,351425,gal,,R6,
M-1275,"2025 Sand Creek Rd, Wiley, CO 81092",Resident 1275,A-20275,2025/09/15,356627,gal,,R6,
M-1275,"2025 Sand Creek Rd, Wiley, CO 81092",Resident 1275,A-20275,2025/10/16,360756,gal,,R6,
M-1275,"2025 Sand Creek Rd, Wiley, CO 81092",Resident 1275,A-20275,2025/11/12,363524,gal,,R6,
M-1275,"2025 Sand Creek Rd, Wiley, CO 81092",Resident 1275,A-20275,2025/12/13,367040,gal,,R6,
M-1276,"2032 Prairie View, Wiley, CO 81092",Resident 1276,A-20276,2025/07/13,359943,gal,,R1,
M-1276,"2032 Prairie View, Wiley, CO 81092",Resident 1276,A-20276,2025/08/14,367692,gal,,R1,
M-1276,"2032 Prairie View, Wiley, CO 81092",Resident 1276,A-20276,2025/09/15,375570,gal,,R1,
M-1276,"2032 Prairie View, Wiley, CO 81092",Resident 1276,A-20276,2025/10/16,382049,gal,,R1,
M-1276,"2032 Prairie View, Wiley, CO 81092",Resident 1276,A-20276,2025/11/12,387038,gal,,R1,
M-1276,"2032 Prairie View, Wiley, CO 81092",Resident 1276,A-20276,2025/12/13,391113,gal,,R1,
M-1277,"2039 School House Rd, Wiley, CO 81092",Resident 1277,A-20277,2025/07/13,350406,gal,,R2,
M-1277,"2039 School House Rd, Wiley, CO 81092",Resident 1277,A-20277,2025/08/14,357409,gal,,R2,
M-1277,"2039 School House Rd, Wiley, CO 81092",Resident 1277,A-20277,2025/09/15,363303,gal,,R2,
M-1277,"2039 School House Rd, Wiley, CO 81092",Resident 1277,A-20277,2025/10/16,368194,gal,,R2,
M-1277,"2039 School House Rd, Wiley, CO 81092",Resident 1277,A-20277,2025/11/12,372714,gal,,R2,
M-1277,"2039 School House Rd, Wiley, CO 81092",Resident 1277,A-20277,2025/12/13,377039,gal,,R2,
M-1278,"2046 Cemetery Rd, Wiley, CO 81092",Resident 1278,A-20278,2025/07/13,207463,gal,,R3,
M-1278,"2046 Cemetery Rd, Wiley, CO 81092",Resident 1278,A-20278,2025/08/14,212183,gal,,R3,
M-1278,"2046 Cemetery Rd, Wiley, CO 81092",Resident 1278,A-20278,2025/09/15,217104,gal,,R3,
M-1278,"2046 Cemetery Rd, Wiley, CO 81092",Resident 1278,A-20278,2025/10/16,221177,gal,,R3,
M-1278,"2046 Cemetery Rd, Wiley, CO 81092",Resident 1278,A-20278,2025/11/12,223848,gal,,R3,
M-1278,"2046 Cemetery Rd, Wiley, CO 81092",Resident 1278,A-20278,2025/12/13,227033,gal,,R3,
M-1279,"2053 Grain Elevator Rd, Wiley, CO 81092",Resident 1279,A-20279,2025/07/13,355017,gal,,R4,
M-1279,"2053 Grain Elevator Rd, Wiley, CO 81092",Resident 1279,A-20279,2025/08/14,359203,gal,,R4,
M-1279,"2053 Grain Elevator Rd, Wiley, CO 81092",Resident 1279,A-20279,2025/09/15,362566,gal,,R4,
M-1279,"2053 Grain Elevator Rd, Wiley, CO 81092",Resident 1279,A-20279,2025/10/16,365928,gal,,R4,
M-1279,"2053 Grain Elevator Rd, Wiley, CO 81092",Resident 1279,A-20279,2025/11/12,368256,gal,,R4,
M-1279,"2053 Grain Elevator Rd, Wiley, CO 81092",Resident 1279,A-20279,2025/12/13,370595,gal,,R4,
M-1280,"2060 Main St, Wiley, CO 81092",Resident 1280,A-20280,2025/07/13,335577,gal,,R5,
M-1280,"2060 Main St, Wiley, CO 81092",Resident 1280,A-20280,2025/08/14,339341,gal,,R5,
M-1280,"2060 Main St, Wiley, CO 81092",Resident 1280,A-20280,2025/09/15,342677,gal,,R5,
M-1280,"2060 Main St, Wiley, CO 81092",Resident 1280,A-20280,2025/10/16,345847,gal,,R5,
M-1280,"2060 Main St, Wiley, CO 81092",Resident 1280,A-20280,2025/11/12,348289,gal,,R5,
M-1280,"2060 Main St, Wiley, CO 81092",Resident 1280,A-20280,2025/12/13,350377,gal,,R5,
M-1281,"2067 County Rd 10, Wiley, CO 81092",Resident 1281,A-20281,2025/07/13,234085,gal,,R6,
M-1281,"2067 County Rd 10, Wiley, CO 81092",Resident 1281,A-20281,2025/08/14,244172,gal,,R6,
M-1281,"2067 County Rd 10, Wiley, CO 81092",Resident 1281,A-20281,2025/09/15,253502,gal,,R6,
M-1281,"2067 County Rd 10, Wiley, CO 81092",Resident 1281,A-20281,2025/10/16,260268,gal,,R6,
M-1281,"2067 County Rd 10, Wiley, CO 81092",Resident 1281,A-20281,2025/11/12,266022,gal,,R6,
M-1281,"2067 County Rd 10, Wiley, CO 81092",Resident 1281,A-20281,2025/12/13,272062,gal,,R6,
M-1282,"2074 County Rd 14, Wiley, CO 81092",Resident 1282,A-20282,2025/07/13,466609,gal,,R1,
M-1282,"2074 County Rd 14, Wiley, CO 81092",Resident 1282,A-20282,2025/08/14,475187,gal,,R1,
M-1282,"2074 County Rd 14, Wiley, CO 81092",Resident 1282,A-20282,2025/09/15,482732,gal,,R1,
M-1282,"2074 County Rd 14, Wiley, CO 81092",Resident 1282,A-20282,2025/10/16,488314,gal,,R1,
M-1282,"2074 County Rd 14, Wiley, CO 81092",Resident 1282,A-20282,2025/11/12,492484,gal,,R1,
M-1282,"2074 County Rd 14, Wiley, CO 81092",Resident 1282,A-20282,2025/12/13,497303,gal,,R1,
M-1283,"2081 Highway 287, Wiley, CO 81092",Resident 1283,A-20283,2025/07/13,156533,gal,,R2,
M-1283,"2081 Highway 287, Wiley, CO 81092",Resident 1283,A-20283,2025/08/14,163137,gal,,R2,
M-1283,"2081 Highway 287, Wiley, CO 81092",Resident 1283,A-20283,2025/09/15,169172,gal,,R2,
M-1283,"2081 Highway 287, Wiley, CO 81092",Resident 1283,A-20283,2025/10/16,174198,gal,,R2,
M-1283,"2081 Highway 287, Wiley, CO 81092",Resident 1283,A-20283,2025/11/12,177925,gal,,R2,
M-1283,"2081 Highway 287, Wiley, CO 81092",Resident 1283,A-20283,2025/12/13,181837,gal,,R2,
M-1284,"2088 Maple Ave, Wiley, CO 81092",Resident 1284,A-20284,2025/07/13,268896,gal,,R3,
M-1284,"2088 Maple Ave, Wiley, CO 81092",Resident 1284,A-20284,2025/08/14,276748,gal,,R3,
M-1284,"2088 Maple Ave, Wiley, CO 81092",Resident 1284,A-20284,2025/09/15,283301,gal,,R3,
M-1284,"2088 Maple Ave, Wiley, CO 81092",Resident 1284,A-20284,2025/10/16,288423,gal,,R3,
M-1284,"2088 Maple Ave, Wiley, CO 81092",Resident 1284,A-20284,2025/11/12,292828,gal,,R3,
M-1284,"2088 Maple Ave, Wiley, CO 81092",Resident 1284,A-20284,2025/12/13,297099,gal,,R3,
M-1285,"2095 Oak St, Wiley, CO 81092",Resident 1285,A-20285,2025/07/13,389284,gal,,R4,
M-1285,"2095 Oak St, Wiley, CO 81092",Resident 1285,A-20285,2025/08/14,397849,gal,,R4,
M-1285,"2095 Oak St, Wiley, CO 81092",Resident 1285,A-20285,2025/09/15,405198,gal,,R4,
M-1285,"2095 Oak St, Wiley, CO 81092",Resident 1285,A-20285,2025/10/16,410915,gal,,R4,
M-1285,"2095 Oak St, Wiley, CO 81092",Resident 1285,A-20285,2025/11/12,415150,gal,,R4,
M-1285,"2095 Oak St, Wiley, CO 81092",Resident 1285,A-20285,2025/12/13,419876,gal,,R4,
M-1286,"2102 Elm St, Wiley, CO 81092",Resident 1286,A-20286,2025/07/13,470661,gal,,R5,
M-1286,"2102 Elm St, Wiley, CO 81092",Resident 1286,A-20286,2025/08/14,478584,gal,,R5,
M-1286,"2102 Elm St, Wiley, CO 81092",Resident 1286,A-20286,2025/09/15,485100,gal,,R5,
M-1286,"2102 Elm St, Wiley, CO 81092",Resident 1286,A-20286,2025/10/16,491509,gal,,R5,
M-1286,"2102 Elm St, Wiley, CO 81092",Resident 1286,A-20286,2025/11/12,496670,gal,,R5,
M-1286,"2102 Elm St, Wiley, CO 81092",Resident 1286,A-20286,2025/12/13,501176,gal,,R5,
M-1287,"2109 3rd Ave, Wiley, CO 81092",Resident 1287,A-20287,2025/07/13,484367,gal,,R6,
M-1287,"2109 3rd Ave, Wiley, CO 81092",Resident 1287,A-20287,2025/08/14,494352,gal,,R6,
M-1287,"2109 3rd Ave, Wiley, CO 81092",Resident 1287,A-20287,2025/09/15,503186,gal,,R6,
M-1287,"2109 3rd Ave, Wiley, CO 81092",Resident 1287,A-20287,2025/10/16,510627,gal,,R6,
M-1287,"2109 3rd Ave, Wiley, CO 81092",Resident 1287,A-20287,2025/11/12,516542,gal,,R6,
M-1287,"2109 3rd Ave, Wiley, CO 81092",Resident 1287,A-20287,2025/12/13,522553,gal,,R6,
M-1288,"2116 5th St, Wiley, CO 81092",Resident 1288,A-20288,2025/07/13,401707,gal,,R1,
M-1288,"2116 5th St, Wiley, CO 81092",Resident 1288,A-20288,2025/08/14,404764,gal,,R1,
M-1288,"2116 5th St, Wiley, CO 81092",Resident 1288,A-20288,2025/09/15,407549,gal,,R1,
M-1288,"2116 5th St, Wiley, CO 81092",Resident 1288,A-20288,2025/10/16,410156,gal,,R1,
M-1288,"2116 5th St, Wiley, CO 81092",Resident 1288,A-20288,2025/12/13,412342,gal,,R1,
M-1289,"2123 Ranch Rd, Wiley, CO 81092",Resident 1289,A-20289,2025/07/13,319201,gal,,R2,
M-1289,"2123 Ranch Rd, Wiley, CO 81092",Resident 1289,A-20289,2025/08/14,330329,gal,,R2,
M-1289,"2123 Ranch Rd, Wiley, CO 81092",Resident 1289,A-20289,2025/09/15,340149,gal,,R2,
M-1289,"2123 Ranch Rd, Wiley, CO 81092",Resident 1289,A-20289,2025/10/16,347286,gal,,R2,
M-1289,"2123 Ranch Rd, Wiley, CO 81092",Resident 1289,A-20289,2025/11/12,352796,gal,,R2,
M-1289,"2123 Ranch Rd, Wiley, CO 81092",Resident 1289,A-20289,2025/12/13,359070,gal,,R2,
M-1290,"2130 Irrigation Ln, Wiley, CO 81092",Resident 1290,A-20290,2025/07/13,188263,gal,,R3,
M-1290,"2130 Irrigation Ln, Wiley, CO 81092",Resident 1290,A-20290,2025/08/14,198955,gal,,R3,
M-1290,"2130 Irrigation Ln, Wiley, CO 81092",Resident 1290,A-20290,2025/09/15,206394,gal,,R3,
M-1290,"2130 Irrigation Ln, Wiley, CO 81092",Resident 1290,A-20290,2025/10/16,214381,gal,,R3,
M-1290,"2130 Irrigation Ln, Wiley, CO 81092",Resident 1290,A-20290,2025/11/12,220579,gal,,R3,
M-1290,"2130 Irrigation Ln, Wiley, CO 81092",Resident 1290,A-20290,2025/12/13,226728,gal,,R3,
M-1291,"2137 North Frontage, Wiley, CO 81092",Resident 1291,A-20291,2025/07/13,263575,gal,,R4,
M-1291,"2137 North Frontage, Wiley, CO 81092",Resident 1291,A-20291,2025/08/14,275027,gal,,R4,
M-1291,"2137 North Frontage, Wiley, CO 81092",Resident 1291,A-20291,2025/09/15,284476,gal,,R4,
M-1291,"2137 North Frontage, Wiley, CO 81092",Resident 1291,A-20291,2025/10/16,292884,gal,,R4,
M-1291,"2137 North Frontage, Wiley, CO 81092",Resident 1291,A-20291,2025/11/12,298657,gal,,R4,
M-1291,"2137 North Frontage, Wiley, CO 81092",Resident 1291,A-20291,2025/12/13,304344,gal,,R4,
M-1292,"2144 South Loop, Wiley, CO 81092",Resident 1292,A-20292,2025/07/13,247960,gal,,R5,
M-1292,"2144 South Loop, Wiley, CO 81092",Resident 1292,A-20292,2025/08/14,252262,gal,,R5,
M-1292,"2144 South Loop, Wiley, CO 81092",Resident 1292,A-20292,2025/09/15,255915,gal,,R5,
M-1292,"2144 South Loop, Wiley, CO 81092",Resident 1292,A-20292,2025/10/16,259188,gal,,R5,
M-1292,"2144 South Loop, Wiley, CO 81092",Resident 1292,A-20292,2025/11/12,261634,gal,,R5,
M-1292,"2144 South Loop, Wiley, CO 81092",Resident 1292,A-20292,2025/12/13,263552,gal,,R5,
M-1293,"2151 Pioneer Rd, Wiley, CO 81092",Resident 1293,A-20293,2025/07/13,201077,gal,,R6,
M-1293,"2151 Pioneer Rd, Wiley, CO 81092",Resident 1293,A-20293,2025/08/14,204258,gal,,R6,
M-1293,"2151 Pioneer Rd, Wiley, CO 81092",Resident 1293,A-20293,2025/09/15,207150,gal,,R6,
M-1293,"2151 Pioneer Rd, Wiley, CO 81092",Resident 1293,A-20293,2025/10/16,210022,gal,,R6,
M-1293,"2151 Pioneer Rd, Wiley, CO 81092",Resident 1293,A-20293,2025/11/12,212004,gal,,R6,
M-1293,"2151 Pioneer Rd, Wiley, CO 81092",Resident 1293,A-20293,2025/12/13,214301,gal,,R6,
M-1294,"2158 Cottonwood Dr, Wiley, CO 81092",Resident 1294,A-20294,2025/07/13,222364,gal,,R1,
M-1294,"2158 Cottonwood Dr, Wiley, CO 81092",Resident 1294,A-20294,2025/08/14,229044,gal,,R1,
M-1294,"2158 Cottonwood Dr, Wiley, CO 81092",Resident 1294,A-20294,2025/09/15,235468,gal,,R1,
M-1294,"2158 Cottonwood Dr, Wiley, CO 81092",Resident 1294,A-20294,2025/10/16,240345,gal,,R1,
M-1294,"2158 Cottonwood Dr, Wiley, CO 81092",Resident 1294,A-20294,2025/11/12,244823,gal,,R1,
M-1294,"2158 Cottonwood Dr, Wiley, CO 81092",Resident 1294,A-20294,2025/12/13,249339,gal,,R1,
M-1295,"2165 Sand Creek Rd, Wiley, CO 81092",Resident 1295,A-20295,2025/07/13,231043,gal,,R2,
M-1295,"2165 Sand Creek Rd, Wiley, CO 81092",Resident 1295,A-20295,2025/08/14,240752,gal,,R2,
M-1295,"2165 Sand Creek Rd, Wiley, CO 81092",Resident 1295,A-20295,2025/09/15,250300,gal,,R2,
M-1295,"2165 Sand Creek Rd, Wiley, CO 81092",Resident 1295,A-20295,2025/10/16,257519,gal,,R2,
M-1295,"2165 Sand Creek Rd, Wiley, CO 81092",Resident 1295,A-20295,2025/11/12,263724,gal,,R2,
M-1295,"2165 Sand Creek Rd, Wiley, CO 81092",Resident 1295,A-20295,2025/12/13,269814,gal,,R2,
M-1296,"2172 Prairie View, Wiley, CO 81092",Resident 1296,A-20296,2025/07/13,125200,gal,,R3,
M-1296,"2172 Prairie View, Wiley, CO 81092",Resident 1296,A-20296,2025/08/14,131042,gal,,R3,
M-1296,"2172 Prairie View, Wiley, CO 81092",Resident 1296,A-20296,2025/09/15,137499,gal,,R3,
M-1296,"2172 Prairie View, Wiley, CO 81092",Resident 1296,A-20296,2025/10/16,142402,gal,,R3,
M-1296,"2172 Prairie View, Wiley, CO 81092",Resident 1296,A-20296,2025/11/12,145840,gal,,R3,
M-1296,"2172 Prairie View, Wiley, CO 81092",Resident 1296,A-20296,2025/12/13,149649,gal,,R3,
M-1297,"2179 School House Rd, Wiley, CO 81092",Resident 1297,A-20297,2025/07/13,113249,gal,,R4,
M-1297,"2179 School House Rd, Wiley, CO 81092",Resident 1297,A-20297,2025/08/14,117901,gal,,R4,
M-1297,"2179 School House Rd, Wiley, CO 81092",Resident 1297,A-20297,2025/09/15,121091,gal,,R4,
M-1297,"2179 School House Rd, Wiley, CO 81092",Resident 1297,A-20297,2025/10/16,124058,gal,,R4,
M-1297,"2179 School House Rd, Wiley, CO 81092",Resident 1297,A-20297,2025/11/12,126492,gal,,R4,
M-1297,"2179 School House Rd, Wiley, CO 81092",Resident 1297,A-20297,2025/12/13,129116,gal,,R4,
M-1298,"2186 Cemetery Rd, Wiley, CO 81092",Resident 1298,A-20298,2025/07/13,229238,gal,,R5,
M-1298,"2186 Cemetery Rd, Wiley, CO 81092",Resident 1298,A-20298,2025/08/14,235039,gal,,R5,
M-1298,"2186 Cemetery Rd, Wiley, CO 81092",Resident 1298,A-20298,2025/09/15,239234,gal,,R5,
M-1298,"2186 Cemetery Rd, Wiley, CO 81092",Resident 1298,A-20298,2025/10/16,243500,gal,,R5,
M-1298,"2186 Cemetery Rd, Wiley, CO 81092",Resident 1298,A-20298,2025/11/12,246274,gal,,R5,
M-1298,"2186 Cemetery Rd, Wiley, CO 81092",Resident 1298,A-20298,2025/12/13,249316,gal,,R5,
M-1299,"2193 Grain Elevator Rd, Wiley, CO 81092",Resident 1299,A-20299,2025/07/13,343969,gal,,R6,
M-1299,"2193 Grain Elevator Rd, Wiley, CO 81092",Resident 1299,A-20299,2025/08/14,348334,gal,,R6,
M-1299,"2193 Grain Elevator Rd, Wiley, CO 81092",Resident 1299,A-20299,2025/09/15,352480,gal,,R6,
M-1299,"2193 Grain Elevator Rd, Wiley, CO 81092",Resident 1299,A-20299,2025/10/16,356117,gal,,R6,
M-1299,"2193 Grain Elevator Rd, Wiley, CO 81092",Resident 1299,A-20299,2025/11/12,359309,gal,,R6,
M-1299,"2193 Grain Elevator Rd, Wiley, CO 81092",Resident 1299,A-20299,2025/12/13,362289,gal,,R6,
M-1300,"2200 Main St, Wiley, CO 81092",Resident 1300,A-20300,2025/07/13,417477,gal,,R1,
M-1300,"2200 Main St, Wiley, CO 81092",Resident 1300,A-20300,2025/08/14,422393,gal,,R1,
M-1300,"2200 Main St, Wiley, CO 81092",Resident 1300,A-20300,2025/09/15,426245,gal,,R1,
M-1300,"2200 Main St, Wiley, CO 81092",Resident 1300,A-20300,2025/10/16,430331,gal,,R1,
M-1300,"2200 Main St, Wiley, CO 81092",Resident 1300,A-20300,2025/11/12,433212,gal,,R1,
M-1300,"2200 Main St, Wiley, CO 81092",Resident 1300,A-20300,2025/12/13,435946,gal,,R1,
