Meter ID,Service Address,Occupant Name,Account Number,Reading Date,Cumulative Reading,Unit,Diagnostic Flag,Route,Notes
M-1001,"107 County Rd 10, Wiley, CO 81092",Resident 1001,A-20001,2026-01-14,460593,gallons,,R2,
M-1001,"107 County Rd 10, Wiley, CO 81092",Resident 1001,A-20001,2026-02-15,465817,gallons,,R2,
M-1001,"107 County Rd 10, Wiley, CO 81092",Resident 1001,A-20001,2026-03-16,474328,gallons,,R2,
M-1001,"107 County Rd 10, Wiley, CO 81092",Resident 1001,A-20001,2026-04-12,481883,gallons,,R2,
M-1001,"107 County Rd 10, Wiley, CO 81092",Resident 1001,A-20001,2026-05-13,490851,gallons,,R2,
M-1001,"107 County Rd 10, Wiley, CO 81092",Resident 1001,A-20001,2026-06-14,500575,gallons,,R2,
M-1001,"107 County Rd 10, Wiley, CO 81092",Resident 1001,A-20001,2026-07-15,509182,gallons,,R2,
M-1002,"114 County Rd 14, Wiley, CO 81092",Resident 1002,A-20002,2026-01-14,342553,gallons,,R3,
M-1002,"114 County Rd 14, Wiley, CO 81092",Resident 1002,A-20002,2026-02-15,345206,gallons,,R3,
M-1002,"114 County Rd 14, Wiley, CO 81092",Resident 1002,A-20002,2026-03-16,348247,gallons,,R3,
M-1002,"114 County Rd 14, Wiley, CO 81092",Resident 1002,A-20002,2026-04-12,351180,gallons,,R3,
M-1002,"114 County Rd 14, Wiley, CO 81092",Resident 1002,A-20002,2026-05-13,354414,gallons,,R3,
M-1002,"114 County Rd 14, Wiley, CO 81092",Resident 1002,A-20002,2026-06-14,358317,gallons,,R3,
M-1002,"114 County Rd 14, Wiley, CO 81092",Resident 1002,A-20002,2026-07-15,362892,gallons,,R3,
M-1003,"121 Highway 287, Wiley, CO 81092",Resident 1003,A-20003,2026-01-14,166604,gallons,,R4,
M-1003,"121 Highway 287, Wiley, CO 81092",Resident 1003,A-20003,2026-02-15,168195,gallons,,R4,
M-1003,"121 Highway 287, Wiley, CO 81092",Resident 1003,A-20003,2026-03-16,170609,gallons,,R4,
M-1003,"121 Highway 287, Wiley, CO 81092",Resident 1003,A-20003,2026-04-12,173343,gallons,,R4,
M-1003,"121 Highway 287, Wiley, CO 81092",Resident 1003,A-20003,2026-05-13,175844,gallons,,R4,
M-1003,"121 Highway 287, Wiley, CO 81092",Resident 1003,A-20003,2026-06-14,179088,gallons,,R4,
M-1003,"121 Highway 287, Wiley, CO 81092",Resident 1003,A-20003,2026-07-15,182756,gallons,,R4,
M-1004,"128 Maple Ave, Wiley, CO 81092",Resident 1004,A-20004,2026-01-14,422655,gallons,,R5,
M-1004,"128 Maple Ave, Wiley, CO 81092",Resident 1004,A-20004,2026-02-15,428443,gallons,,R5,
M-1004,"128 Maple Ave, Wiley, CO 81092",Resident 1004,A-20004,2026-03-16,436487,gallons,,R5,
M-1004,"128 Maple Ave, Wiley, CO 81092",Resident 1004,A-20004,2026-04-12,444420,gallons,,R5,
M-1004,"128 Maple Ave, Wiley, CO 81092",Resident 1004,A-20004,2026-05-13,453629,gallons,,R5,
M-1004,"128 Maple Ave, Wiley, CO 81092",Resident 1004,A-20004,2026-06-14,464542,gallons,,R5,
M-1004,"128 Maple Ave, Wiley, CO 81092",Resident 1004,A-20004,2026-07-15,476852,gallons,,R5,
M-1005,"135 Oak St, Wiley, CO 81092",Resident 1005,A-20005,2026-01-14,227877,gallons,,R6,
M-1005,"135 Oak St, Wiley, CO 81092",Resident 1005,A-20005,2026-02-15,231414,gallons,,R6,
M-1005,"135 Oak St, Wiley, CO 81092",Resident 1005,A-20005,2026-03-16,236216,gallons,,R6,
M-1005,"135 Oak St, Wiley, CO 81092",Resident 1005,A-20005,2026-04-12,241086,gallons,,R6,
M-1005,"135 Oak St, Wiley, CO 81092",Resident 1005,A-20005,2026-05-13,245566,gallons,,R6,
M-1005,"135 Oak St, Wiley, CO 81092",Resident 1005,A-20005,2026-06-14,251469,gallons,,R6,
M-1005,"135 Oak St, Wiley, CO 81092",Resident 1005,A-20005,2026-07-15,257024,gallons,,R6,
M-1006,"142 Elm St, Wiley, CO 81092",Resident 1006,A-20006,2026-01-14,272068,gallons,,R1,
M-1006,"142 Elm St, Wiley, CO 81092",Resident 1006,A-20006,2026-02-15,275219,gallons,,R1,
M-1006,"142 Elm St, Wiley, CO 81092",Resident 1006,A-20006,2026-03-16,279190,gallons,,R1,
M-1006,"142 Elm St, Wiley, CO 81092",Resident 1006,A-20006,2026-04-12,282919,gallons,,R1,
M-1006,"142 Elm St, Wiley, CO 81092",Resident 1006,A-20006,2026-05-13,288302,gallons,,R1,
M-1006,"142 Elm St, Wiley, CO 81092",Resident 1006,A-20006,2026-06-14,294714,gallons,,R1,
M-1006,"142 Elm St, Wiley, CO 81092",Resident 1006,A-20006,2026-07-15,300347,gallons,,R1,
M-1007,"149 3rd Ave, Wiley, CO 81092",Resident 1007,A-20007,2026-01-14,366584,gallons,,R2,
M-1007,"149 3rd Ave, Wiley, CO 81092",Resident 1007,A-20007,2026-02-15,369944,gallons,,R2,
M-1007,"149 3rd Ave, Wiley, CO 81092",Resident 1007,A-20007,2026-03-16,373930,gallons,,R2,
M-1007,"149 3rd Ave, Wiley, CO 81092",Resident 1007,A-20007,2026-04-12,378401,gallons,,R2,
M-1007,"149 3rd Ave, Wiley, CO 81092",Resident 1007,A-20007,2026-05-13,382751,gallons,,R2,
M-1007,"149 3rd Ave, Wiley, CO 81092",Resident 1007,A-20007,2026-06-14,388171,gallons,,R2,
M-1007,"149 3rd Ave, Wiley, CO 81092",Resident 1007,A-20007,2026-07-15,394357,gallons,,R2,
M-1008,"156 5th St, Wiley, CO 81092",Resident 1008,A-20008,2026-01-14,240345,gallons,,R3,
M-1008,"156 5th St, Wiley, CO 81092",Resident 1008,A-20008,2026-02-15,242867,gallons,,R3,
M-1008,"156 5th St, Wiley, CO 81092",Resident 1008,A-20008,2026-03-16,246229,gallons,,R3,
M-1008,"156 5th St, Wiley, CO 81092",Resident 1008,A-20008,2026-04-12,249930,gallons,,R3,
M-1008,"156 5th St, Wiley, CO 81092",Resident 1008,A-20008,2026-05-13,253875,gallons,,R3,
M-1008,"156 5th St, Wiley, CO 81092",Resident 1008,A-20008,2026-06-14,259028,gallons,,R3,
M-1008,"156 5th St, Wiley, CO 81092",Resident 1008,A-20008,2026-07-15,263991,gallons,,R3,
M-1009,"163 Ranch Rd, Wiley, CO 81092",Resident 1009,A-20009,2026-01-14,235488,gallons,,R4,
M-1009,"163 Ranch Rd, Wiley, CO 81092",Resident 1009,A-20009,2026-02-15,241898,gallons,,R4,
M-1009,"163 Ranch Rd, Wiley, CO 81092",Resident 1009,A-20009,2026-03-16,250120,gallons,,R4,
M-1009,"163 Ranch Rd, Wiley, CO 81092",Resident 1009,A-20009,2026-04-12,258077,gallons,,R4,
M-1009,"163 Ranch Rd, Wiley, CO 81092",Resident 1009,A-20009,2026-05-13,267417,gallons,,R4,
M-1009,"163 Ranch Rd, Wiley, CO 81092",Resident 1009,A-20009,2026-06-14,279611,gallons,,R4,
M-1009,"163 Ranch Rd, Wiley, CO 81092",Resident 1009,A-20009,2026-07-15,291797,gallons,,R4,
M-1010,"170 Irrigation Ln, Wiley, CO 81092",Resident 1010,A-20010,2026-01-14,336908,gallons,,R5,
M-1010,"170 Irrigation Ln, Wiley, CO 81092",Resident 1010,A-20010,2026-02-15,339045,gallons,,R5,
M-1010,"170 Irrigation Ln, Wiley, CO 81092",Resident 1010,A-20010,2026-03-16,341957,gallons,,R5,
M-1010,"170 Irrigation Ln, Wiley, CO 81092",Resident 1010,A-20010,2026-04-12,345369,gallons,,R5,
M-1010,"170 Irrigation Ln, Wiley, CO 81092",Resident 1010,A-20010,2026-05-13,349042,gallons,,R5,
M-1010,"170 Irrigation Ln, Wiley, CO 81092",Resident 1010,A-20010,2026-06-14,352706,gallons,,R5,
M-1010,"170 Irrigation Ln, Wiley, CO 81092",Resident 1010,A-20010,2026-07-15,356832,gallons,,R5,
M-1011,"177 North Frontage, Wiley, CO 81092",Resident 1011,A-20011,2026-01-14,473412,gallons,,R6,
M-1011,"177 North Frontage, Wiley, CO 81092",Resident 1011,A-20011,2026-02-15,480037,gallons,,R6,
M-1011,"177 North Frontage, Wiley, CO 81092",Resident 1011,A-20011,2026-03-16,487288,gallons,,R6,
M-1011,"177 North Frontage, Wiley, CO 81092",Resident 1011,A-20011,2026-04-12,494782,gallons,,R6,
M-1011,"177 North Frontage, Wiley, CO 81092",Resident 1011,A-20011,2026-05-13,504017,gallons,,R6,
M-1011,"177 North Frontage, Wiley, CO 81092",Resident 1011,A-20011,2026-06-14,513300,gallons,,R6,
M-1011,"177 North Frontage, Wiley, CO 81092",Resident 1011,A-20011,2026-07-15,522927,gallons,,R6,
M-1012,"184 South Loop, Wiley, CO 81092",Resident 1012,A-20012,2026-01-14,252983,gallons,,R1,
M-1012,"184 South Loop, Wiley, CO 81092",Resident 1012,A-20012,2026-02-15,259260,gallons,,R1,
M-1012,"184 South Loop, Wiley, CO 81092",Resident 1012,A-20012,2026-03-16,259260,gallons,,R1,
M-1012,"184 South Loop, Wiley, CO 81092",Resident 1012,A-20012,2026-04-12,259260,gallons,,R1,
M-1012,"184 South Loop, Wiley, CO 81092",Resident 1012,A-20012,2026-05-13,259260,gallons,,R1,
M-1012,"184 South Loop, Wiley, CO 81092",Resident 1012,A-20012,2026-06-14,259260,gallons,,R1,
M-1012,"184 South Loop, Wiley, CO 81092",Resident 1012,A-20012,2026-07-15,259260,gallons,,R1,
M-1013,"191 Pioneer Rd, Wiley, CO 81092",Resident 1013,A-20013,2026-01-14,193998,gallons,,R2,
M-1013,"191 Pioneer Rd, Wiley, CO 81092",Resident 1013,A-20013,2026-02-15,198446,gallons,,R2,
M-1013,"191 Pioneer Rd, Wiley, CO 81092",Resident 1013,A-20013,2026-03-16,204277,gallons,,R2,
M-1013,"191 Pioneer Rd, Wiley, CO 81092",Resident 1013,A-20013,2026-04-12,210455,gallons,,R2,
M-1013,"191 Pioneer Rd, Wiley, CO 81092",Resident 1013,A-20013,2026-05-13,219195,gallons,,R2,
M-1013,"191 Pioneer Rd, Wiley, CO 81092",Resident 1013,A-20013,2026-06-14,227194,gallons,,R2,
M-1013,"191 Pioneer Rd, Wiley, CO 81092",Resident 1013,A-20013,2026-07-15,236464,gallons,,R2,
M-1014,"198 Cottonwood Dr, Wiley, CO 81092",Resident 1014,A-20014,2026-01-14,444744,gallons,,R3,
M-1014,"198 Cottonwood Dr, Wiley, CO 81092",Resident 1014,A-20014,2026-02-15,446827,gallons,,R3,
M-1014,"198 Cottonwood Dr, Wiley, CO 81092",Resident 1014,A-20014,2026-03-16,449733,gallons,,R3,
M-1014,"198 Cottonwood Dr, Wiley, CO 81092",Resident 1014,A-20014,2026-04-12,452287,gallons,,R3,
M-1014,"198 Cottonwood Dr, Wiley, CO 81092",Resident 1014,A-20014,2026-05-13,456008,gallons,,R3,
M-1014,"198 Cottonwood Dr, Wiley, CO 81092",Resident 1014,A-20014,2026-06-14,460180,gallons,,R3,
M-1014,"198 Cottonwood Dr, Wiley, CO 81092",Resident 1014,A-20014,2026-07-15,464038,gallons,,R3,
M-1015,"205 Sand Creek Rd, Wiley, CO 81092",Resident 1015,A-20015,2026-01-14,463294,gallons,,R4,
M-1015,"205 Sand Creek Rd, Wiley, CO 81092",Resident 1015,A-20015,2026-02-15,468482,gallons,,R4,
M-1015,"205 Sand Creek Rd, Wiley, CO 81092",Resident 1015,A-20015,2026-03-16,475275,gallons,,R4,
M-1015,"205 Sand Creek Rd, Wiley, CO 81092",Resident 1015,A-20015,2026-04-12,482993,gallons,,R4,
M-1015,"205 Sand Creek Rd, Wiley, CO 81092",Resident 1015,A-20015,2026-05-13,490326,gallons,,R4,
M-1015,"205 Sand Creek Rd, Wiley, CO 81092",Resident 1015,A-20015,2026-06-14,500861,gallons,,R4,
M-1015,"205 Sand Creek Rd, Wiley, CO 81092",Resident 1015,A-20015,2026-07-15,509208,gallons,,R4,
M-1016,"212 Prairie View, Wiley, CO 81092",Resident 1016,A-20016,2026-01-14,161072,gallons,,R5,
M-1016,"212 Prairie View, Wiley, CO 81092",Resident 1016,A-20016,2026-02-15,165498,gallons,,R5,
M-1016,"212 Prairie View, Wiley, CO 81092",Resident 1016,A-20016,2026-03-16,171080,gallons,,R5,
M-1016,"212 Prairie View, Wiley, CO 81092",Resident 1016,A-20016,2026-04-12,176287,gallons,,R5,
M-1016,"212 Prairie View, Wiley, CO 81092",Resident 1016,A-20016,2026-05-13,182176,gallons,,R5,
M-1016,"212 Prairie View, Wiley, CO 81092",Resident 1016,A-20016,2026-06-14,188936,gallons,,R5,
M-1016,"212 Prairie View, Wiley, CO 81092",Resident 1016,A-20016,2026-07-15,196448,gallons,,R5,
M-1017,"219 School House Rd, Wiley, CO 81092",Resident 1017,A-20017,2026-01-14,141772,gallons,,R6,
M-1017,"219 School House Rd, Wiley, CO 81092",Resident 1017,A-20017,2026-02-15,143501,gallons,,R6,
M-1017,"219 School House Rd, Wiley, CO 81092",Resident 1017,A-20017,2026-03-16,146135,gallons,,R6,
M-1017,"219 School House Rd, Wiley, CO 81092",Resident 1017,A-20017,2026-04-12,148381,gallons,,R6,
M-1017,"219 School House Rd, Wiley, CO 81092",Resident 1017,A-20017,2026-05-13,151419,gallons,,R6,
M-1017,"219 School House Rd, Wiley, CO 81092",Resident 1017,A-20017,2026-06-14,154453,gallons,,R6,
M-1017,"219 School House Rd, Wiley, CO 81092",Resident 1017,A-20017,2026-07-15,157400,gallons,,R6,
M-1018,"226 Cemetery Rd, Wiley, CO 81092",Resident 1018,A-20018,2026-01-14,219469,gallons,,R1,
M-1018,"226 Cemetery Rd, Wiley, CO 81092",Resident 1018,A-20018,2026-02-15,221061,gallons,,R1,
M-1018,"226 Cemetery Rd, Wiley, CO 81092",Resident 1018,A-20018,2026-03-16,223642,gallons,,R1,
M-1018,"226 Cemetery Rd, Wiley, CO 81092",Resident 1018,A-20018,2026-04-12,226372,gallons,,R1,
M-1018,"226 Cemetery Rd, Wiley, CO 81092",Resident 1018,A-20018,2026-05-13,229270,gallons,,R1,
M-1018,"226 Cemetery Rd, Wiley, CO 81092",Resident 1018,A-20018,2026-06-14,232543,gallons,,R1,
M-1018,"226 Cemetery Rd, Wiley, CO 81092",Resident 1018,A-20018,2026-07-15,236312,gallons,,R1,
M-1019,"233 Grain Elevator Rd, Wiley, CO 81092",Resident 1019,A-20019,2026-01-14,189523,gallons,,R2,
M-1019,"233 Grain Elevator Rd, Wiley, CO 81092",Resident 1019,A-20019,2026-02-15,191996,gallons,,R2,
M-1019,"233 Grain Elevator Rd, Wiley, CO 81092",Resident 1019,A-20019,2026-03-16,195266,gallons,,R2,
M-1019,"233 Grain Elevator Rd, Wiley, CO 81092",Resident 1019,A-20019,2026-04-12,198603,gallons,,R2,
M-1019,"233 Grain Elevator Rd, Wiley, CO 81092",Resident 1019,A-20019,2026-05-13,202395,gallons,,R2,
M-1019,"233 Grain Elevator Rd, Wiley, CO 81092",Resident 1019,A-20019,2026-06-14,206696,gallons,,R2,
M-1019,"233 Grain Elevator Rd, Wiley, CO 81092",Resident 1019,A-20019,2026-07-15,211202,gallons,,R2,
M-1020,"240 Main St, Wiley, CO 81092",Resident 1020,A-20020,2026-01-14,331469,gallons,,R3,
M-1020,"240 Main St, Wiley, CO 81092",Resident 1020,A-20020,2026-02-15,334221,gallons,,R3,
M-1020,"240 Main St, Wiley, CO 81092",Resident 1020,A-20020,2026-03-16,337883,gallons,,R3,
M-1020,"240 Main St, Wiley, CO 81092",Resident 1020,A-20020,2026-04-12,342031,gallons,,R3,
M-1020,"240 Main St, Wiley, CO 81092",Resident 1020,A-20020,2026-05-13,346078,gallons,,R3,
M-1020,"240 Main St, Wiley, CO 81092",Resident 1020,A-20020,2026-06-14,352183,gallons,,R3,
M-1020,"240 Main St, Wiley, CO 81092",Resident 1020,A-20020,2026-07-15,357372,gallons,,R3,
M-1021,"247 County Rd 10, Wiley, CO 81092",Resident 1021,A-20021,2026-01-14,378822,gallons,,R4,
M-1021,"247 County Rd 10, Wiley, CO 81092",Resident 1021,A-20021,2026-02-15,382314,gallons,,R4,
M-1021,"247 County Rd 10, Wiley, CO 81092",Resident 1021,A-20021,2026-03-16,386304,gallons,,R4,
M-1021,"247 County Rd 10, Wiley, CO 81092",Resident 1021,A-20021,2026-04-12,390876,gallons,,R4,
M-1021,"247 County Rd 10, Wiley, CO 81092",Resident 1021,A-20021,2026-05-13,395645,gallons,,R4,
M-1021,"247 County Rd 10, Wiley, CO 81092",Resident 1021,A-20021,2026-06-14,400969,gallons,,R4,
M-1021,"247 County Rd 10, Wiley, CO 81092",Resident 1021,A-20021,2026-07-15,407159,gallons,,R4,
M-1022,"254 County Rd 14, Wiley, CO 81092",Resident 1022,A-20022,2026-01-14,413238,gallons,,R5,
M-1022,"254 County Rd 14, Wiley, CO 81092",Resident 1022,A-20022,2026-02-15,418198,gallons,TAMPER,R5,
M-1022,"254 County Rd 14, Wiley, CO 81092",Resident 1022,A-20022,2026-03-16,425459,gallons,TAMPER,R5,
M-1022,"254 County Rd 14, Wiley, CO 81092",Resident 1022,A-20022,2026-04-12,432305,gallons,TAMPER,R5,
M-1022,"254 County Rd 14, Wiley, CO 81092",Resident 1022,A-20022,2026-05-13,438514,gallons,LOW_BATTERY,R5,
M-1022,"254 County Rd 14, Wiley, CO 81092",Resident 1022,A-20022,2026-06-14,448231,gallons,REVERSE_FLOW,R5,
M-1022,"254 County Rd 14, Wiley, CO 81092",Resident 1022,A-20022,2026-07-15,457285,gallons,LOW_BATTERY,R5,
M-1023,"261 Highway 287, Wiley, CO 81092",Resident 1023,A-20023,2026-01-14,291061,gallons,,R6,
M-1023,"261 Highway 287, Wiley, CO 81092",Resident 1023,A-20023,2026-02-15,296535,gallons,,R6,
M-1023,"261 Highway 287, Wiley, CO 81092",Resident 1023,A-20023,2026-03-16,303000,gallons,,R6,
M-1023,"261 Highway 287, Wiley, CO 81092",Resident 1023,A-20023,2026-04-12,310749,gallons,,R6,
M-1023,"261 Highway 287, Wiley, CO 81092",Resident 1023,A-20023,2026-05-13,317752,gallons,,R6,
M-1023,"261 Highway 287, Wiley, CO 81092",Resident 1023,A-20023,2026-06-14,328396,gallons,,R6,
M-1023,"261 Highway 287, Wiley, CO 81092",Resident 1023,A-20023,2026-07-15,336757,gallons,,R6,
M-1024,"268 Maple Ave, Wiley, CO 81092",Resident 1024,A-20024,2026-01-14,306422,gallons,,R1,
M-1024,"268 Maple Ave, Wiley, CO 81092",Resident 1024,A-20024,2026-02-15,308319,gallons,,R1,
M-1024,"268 Maple Ave, Wiley, CO 81092",Resident 1024,A-20024,2026-03-16,310423,gallons,,R1,
M-1024,"268 Maple Ave, Wiley, CO 81092",Resident 1024,A-20024,2026-04-12,312676,gallons,,R1,
M-1024,"268 Maple Ave, Wiley, CO 81092",Resident 1024,A-20024,2026-05-13,315585,gallons,,R1,
M-1024,"268 Maple Ave, Wiley, CO 81092",Resident 1024,A-20024,2026-06-14,318466,gallons,,R1,
M-1024,"268 Maple Ave, Wiley, CO 81092",Resident 1024,A-20024,2026-07-15,322024,gallons,,R1,
M-1025,"275 Oak St, Wiley, CO 81092",Resident 1025,A-20025,2026-01-14,205174,gallons,,R2,
M-1025,"275 Oak St, Wiley, CO 81092",Resident 1025,A-20025,2026-02-15,210710,gallons,,R2,
M-1025,"275 Oak St, Wiley, CO 81092",Resident 1025,A-20025,2026-03-16,218202,gallons,,R2,
M-1025,"275 Oak St, Wiley, CO 81092",Resident 1025,A-20025,2026-04-12,224142,gallons,,R2,
M-1025,"275 Oak St, Wiley, CO 81092",Resident 1025,A-20025,2026-05-13,231865,gallons,,R2,
M-1025,"275 Oak St, Wiley, CO 81092",Resident 1025,A-20025,2026-06-14,240681,gallons,,R2,
M-1025,"275 Oak St, Wiley, CO 81092",Resident 1025,A-20025,2026-07-15,248631,gallons,,R2,
M-1026,"282 Elm St, Wiley, CO 81092",Resident 1026,A-20026,2026-01-14,206810,gallons,,R3,
M-1026,"282 Elm St, Wiley, CO 81092",Resident 1026,A-20026,2026-02-15,209669,gallons,,R3,
M-1026,"282 Elm St, Wiley, CO 81092",Resident 1026,A-20026,2026-03-16,213469,gallons,,R3,
M-1026,"282 Elm St, Wiley, CO 81092",Resident 1026,A-20026,2026-04-12,217617,gallons,,R3,
M-1026,"282 Elm St, Wiley, CO 81092",Resident 1026,A-20026,2026-05-13,221893,gallons,,R3,
M-1026,"282 Elm St, Wiley, CO 81092",Resident 1026,A-20026,2026-06-14,226734,gallons,,R3,
M-1026,"282 Elm St, Wiley, CO 81092",Resident 1026,A-20026,2026-07-15,232073,gallons,,R3,
M-1027,"289 3rd Ave, Wiley, CO 81092",Resident 1027,A-20027,2026-01-14,395171,gallons,,R4,
M-1027,"289 3rd Ave, Wiley, CO 81092",Resident 1027,A-20027,2026-02-15,401520,gallons,,R4,
M-1027,"289 3rd Ave, Wiley, CO 81092",Resident 1027,A-20027,2026-03-16,410018,gallons,,R4,
M-1027,"289 3rd Ave, Wiley, CO 81092",Resident 1027,A-20027,2026-04-12,418062,gallons,,R4,
M-1027,"289 3rd Ave, Wiley, CO 81092",Resident 1027,A-20027,2026-05-13,427775,gallons,,R4,
M-1027,"289 3rd Ave, Wiley, CO 81092",Resident 1027,A-20027,2026-06-14,438737,gallons,,R4,
M-1027,"289 3rd Ave, Wiley, CO 81092",Resident 1027,A-20027,2026-07-15,449402,gallons,,R4,
M-1028,"296 5th St, Wiley, CO 81092",Resident 1028,A-20028,2026-01-14,186493,gallons,,R5,
M-1028,"296 5th St, Wiley, CO 81092",Resident 1028,A-20028,2026-02-15,192186,gallons,,R5,
M-1028,"296 5th St, Wiley, CO 81092",Resident 1028,A-20028,2026-03-16,198985,gallons,,R5,
M-1028,"296 5th St, Wiley, CO 81092",Resident 1028,A-20028,2026-04-12,207042,gallons,,R5,
M-1028,"296 5th St, Wiley, CO 81092",Resident 1028,A-20028,2026-05-13,216327,gallons,,R5,
M-1028,"296 5th St, Wiley, CO 81092",Resident 1028,A-20028,2026-06-14,225318,gallons,,R5,
M-1028,"296 5th St, Wiley, CO 81092",Resident 1028,A-20028,2026-07-15,234260,gallons,,R5,
M-1029,"303 Ranch Rd, Wiley, CO 81092",Resident 1029,A-20029,2026-01-14,396679,gallons,,R6,
M-1029,"303 Ranch Rd, Wiley, CO 81092",Resident 1029,A-20029,2026-02-15,402724,gallons,,R6,
M-1029,"303 Ranch Rd, Wiley, CO 81092",Resident 1029,A-20029,2026-03-16,411857,gallons,,R6,
M-1029,"303 Ranch Rd, Wiley, CO 81092",Resident 1029,A-20029,2026-04-12,420818,gallons,,R6,
M-1029,"303 Ranch Rd, Wiley, CO 81092",Resident 1029,A-20029,2026-05-13,430573,gallons,,R6,
M-1029,"303 Ranch Rd, Wiley, CO 81092",Resident 1029,A-20029,2026-06-14,440671,gallons,,R6,
M-1029,"303 Ranch Rd, Wiley, CO 81092",Resident 1029,A-20029,2026-07-15,449967,gallons,,R6,
M-1030,"310 Irrigation Ln, Wiley, CO 81092",Resident 1030,A-20030,2026-01-14,312541,gallons,,R1,
M-1030,"310 Irrigation Ln, Wiley, CO 81092",Resident 1030,A-20030,2026-02-15,317476,gallons,,R1,
M-1030,"310 Irrigation Ln, Wiley, CO 81092",Resident 1030,A-20030,2026-03-16,324123,gallons,,R1,
M-1030,"310 Irrigation Ln, Wiley, CO 81092",Resident 1030,A-20030,2026-04-12,330452,gallons,,R1,
M-1030,"310 Irrigation Ln, Wiley, CO 81092",Resident 1030,A-20030,2026-05-13,337662,gallons,,R1,
M-1030,"310 Irrigation Ln, Wiley, CO 81092",Resident 1030,A-20030,2026-06-14,346319,gallons,,R1,
M-1030,"310 Irrigation Ln, Wiley, CO 81092",Resident 1030,A-20030,2026-07-15,354106,gallons,,R1,
M-1031,"317 North Frontage, Wiley, CO 81092",Resident 1031,A-20031,2026-01-14,392078,gallons,,R2,
M-1031,"317 North Frontage, Wiley, CO 81092",Resident 1031,A-20031,2026-02-15,396390,gallons,,R2,
M-1031,"317 North Frontage, Wiley, CO 81092",Resident 1031,A-20031,2026-03-16,401358,gallons,,R2,
M-1031,"317 North Frontage, Wiley, CO 81092",Resident 1031,A-20031,2026-04-12,406862,gallons,,R2,
M-1031,"317 North Frontage, Wiley, CO 81092",Resident 1031,A-20031,2026-05-13,413952,gallons,,R2,
M-1031,"317 North Frontage, Wiley, CO 81092",Resident 1031,A-20031,2026-06-14,421090,gallons,,R2,
M-1031,"317 North Frontage, Wiley, CO 81092",Resident 1031,A-20031,2026-07-15,429497,gallons,,R2,
M-1032,"324 South Loop, Wiley, CO 81092",Resident 1032,A-20032,2026-01-14,271590,gallons,,R3,
M-1032,"324 South Loop, Wiley, CO 81092",Resident 1032,A-20032,2026-02-15,274952,gallons,,R3,
M-1032,"324 South Loop, Wiley, CO 81092",Resident 1032,A-20032,2026-03-16,278882,gallons,,R3,
M-1032,"324 South Loop, Wiley, CO 81092",Resident 1032,A-20032,2026-04-12,283389,gallons,,R3,
M-1032,"324 South Loop, Wiley, CO 81092",Resident 1032,A-20032,2026-05-13,288156,gallons,,R3,
M-1032,"324 South Loop, Wiley, CO 81092",Resident 1032,A-20032,2026-06-14,292797,gallons,,R3,
M-1032,"324 South Loop, Wiley, CO 81092",Resident 1032,A-20032,2026-07-15,298044,gallons,,R3,
M-1033,"331 Pioneer Rd, Wiley, CO 81092",Resident 1033,A-20033,2026-01-14,723013,gallons,,R4,
M-1033,"331 Pioneer Rd, Wiley, CO 81092",Resident 1033,A-20033,2026-02-15,740928,gallons,,R4,
M-1033,"331 Pioneer Rd, Wiley, CO 81092",Resident 1033,A-20033,2026-03-16,767493,gallons,,R4,
M-1033,"331 Pioneer Rd, Wiley, CO 81092",Resident 1033,A-20033,2026-04-12,789811,gallons,,R4,
M-1033,"331 Pioneer Rd, Wiley, CO 81092",Resident 1033,A-20033,2026-05-13,820641,gallons,,R4,
M-1033,"331 Pioneer Rd, Wiley, CO 81092",Resident 1033,A-20033,2026-06-14,851207,gallons,,R4,
M-1033,"331 Pioneer Rd, Wiley, CO 81092",Resident 1033,A-20033,2026-07-15,886646,gallons,,R4,
M-1034,"338 Cottonwood Dr, Wiley, CO 81092",Resident 1034,A-20034,2026-01-14,472354,gallons,,R5,
M-1034,"338 Cottonwood Dr, Wiley, CO 81092",Resident 1034,A-20034,2026-02-15,478081,gallons,,R5,
M-1034,"338 Cottonwood Dr, Wiley, CO 81092",Resident 1034,A-20034,2026-03-16,484233,gallons,,R5,
M-1034,"338 Cottonwood Dr, Wiley, CO 81092",Resident 1034,A-20034,2026-04-12,490543,gallons,,R5,
M-1034,"338 Cottonwood Dr, Wiley, CO 81092",Resident 1034,A-20034,2026-05-13,499746,gallons,,R5,
M-1034,"338 Cottonwood Dr, Wiley, CO 81092",Resident 1034,A-20034,2026-06-14,510040,gallons,,R5,
M-1034,"338 Cottonwood Dr, Wiley, CO 81092",Resident 1034,A-20034,2026-07-15,519273,gallons,,R5,
M-1035,"345 Sand Creek Rd, Wiley, CO 81092",Resident 1035,A-20035,2026-01-14,478112,gallons,,R6,
M-1035,"345 Sand Creek Rd, Wiley, CO 81092",Resident 1035,A-20035,2026-02-15,481195,gallons,,R6,
M-1035,"345 Sand Creek Rd, Wiley, CO 81092",Resident 1035,A-20035,2026-03-16,485193,gallons,,R6,
M-1035,"345 Sand Creek Rd, Wiley, CO 81092",Resident 1035,A-20035,2026-04-12,489349,gallons,,R6,
M-1035,"345 Sand Creek Rd, Wiley, CO 81092",Resident 1035,A-20035,2026-05-13,494769,gallons,,R6,
M-1035,"345 Sand Creek Rd, Wiley, CO 81092",Resident 1035,A-20035,2026-06-14,500672,gallons,,R6,
M-1035,"345 Sand Creek Rd, Wiley, CO 81092",Resident 1035,A-20035,2026-07-15,507378,gallons,,R6,
M-1036,"352 Prairie View, Wiley, CO 81092",Resident 1036,A-20036,2026-01-14,345533,gallons,,R1,
M-1036,"352 Prairie View, Wiley, CO 81092",Resident 1036,A-20036,2026-02-15,347157,gallons,,R1,
M-1036,"352 Prairie View, Wiley, CO 81092",Resident 1036,A-20036,2026-03-16,349342,gallons,,R1,
M-1036,"352 Prairie View, Wiley, CO 81092",Resident 1036,A-20036,2026-04-12,351301,gallons,,R1,
M-1036,"352 Prairie View, Wiley, CO 81092",Resident 1036,A-20036,2026-05-13,354128,gallons,,R1,
M-1036,"352 Prairie View, Wiley, CO 81092",Resident 1036,A-20036,2026-06-14,357568,gallons,,R1,
M-1036,"352 Prairie View, Wiley, CO 81092",Resident 1036,A-20036,2026-07-15,360871,gallons,,R1,
M-1037,"359 School House Rd, Wiley, CO 81092",Resident 1037,A-20037,2026-01-14,284810,gallons,,R2,
M-1037,"359 School House Rd, Wiley, CO 81092",Resident 1037,A-20037,2026-02-15,290720,gallons,,R2,
M-1037,"359 School House Rd, Wiley, CO 81092",Resident 1037,A-20037,2026-03-16,299364,gallons,,R2,
M-1037,"359 School House Rd, Wiley, CO 81092",Resident 1037,A-20037,2026-04-12,307580,gallons,,R2,
M-1037,"359 School House Rd, Wiley, CO 81092",Resident 1037,A-20037,2026-05-13,316061,gallons,,R2,
M-1037,"359 School House Rd, Wiley, CO 81092",Resident 1037,A-20037,2026-06-14,326758,gallons,,R2,
M-1037,"359 School House Rd, Wiley, CO 81092",Resident 1037,A-20037,2026-07-15,338542,gallons,,R2,
M-1038,"366 Cemetery Rd, Wiley, CO 81092",Resident 1038,A-20038,2026-01-14,213695,gallons,,R3,
M-1038,"366 Cemetery Rd, Wiley, CO 81092",Resident 1038,A-20038,2026-02-15,216597,gallons,,R3,
M-1038,"366 Cemetery Rd, Wiley, CO 81092",Resident 1038,A-20038,2026-03-16,219684,gallons,,R3,
M-1038,"366 Cemetery Rd, Wiley, CO 81092",Resident 1038,A-20038,2026-04-12,223432,gallons,,R3,
M-1038,"366 Cemetery Rd, Wiley, CO 81092",Resident 1038,A-20038,2026-05-13,227023,gallons,,R3,
M-1038,"366 Cemetery Rd, Wiley, CO 81092",Resident 1038,A-20038,2026-06-14,231449,gallons,,R3,
M-1038,"366 Cemetery Rd, Wiley, CO 81092",Resident 1038,A-20038,2026-07-15,236117,gallons,,R3,
M-1039,"373 Grain Elevator Rd, Wiley, CO 81092",Resident 1039,A-20039,2026-01-14,346076,gallons,,R4,
M-1039,"373 Grain Elevator Rd, Wiley, CO 81092",Resident 1039,A-20039,2026-02-15,351388,gallons,,R4,
M-1039,"373 Grain Elevator Rd, Wiley, CO 81092",Resident 1039,A-20039,2026-03-16,360317,gallons,,R4,
M-1039,"373 Grain Elevator Rd, Wiley, CO 81092",Resident 1039,A-20039,2026-04-12,368349,gallons,,R4,
M-1039,"373 Grain Elevator Rd, Wiley, CO 81092",Resident 1039,A-20039,2026-05-13,376611,gallons,,R4,
M-1039,"373 Grain Elevator Rd, Wiley, CO 81092",Resident 1039,A-20039,2026-06-14,386285,gallons,,R4,
M-1039,"373 Grain Elevator Rd, Wiley, CO 81092",Resident 1039,A-20039,2026-07-15,396860,gallons,,R4,
M-1040,"380 Main St, Wiley, CO 81092",Resident 1040,A-20040,2026-01-14,263424,gallons,,R5,
M-1040,"380 Main St, Wiley, CO 81092",Resident 1040,A-20040,2026-02-15,267395,gallons,,R5,
M-1040,"380 Main St, Wiley, CO 81092",Resident 1040,A-20040,2026-03-16,273868,gallons,,R5,
M-1040,"380 Main St, Wiley, CO 81092",Resident 1040,A-20040,2026-04-12,279235,gallons,,R5,
M-1040,"380 Main St, Wiley, CO 81092",Resident 1040,A-20040,2026-05-13,286363,gallons,,R5,
M-1040,"380 Main St, Wiley, CO 81092",Resident 1040,A-20040,2026-06-14,294556,gallons,,R5,
M-1040,"380 Main St, Wiley, CO 81092",Resident 1040,A-20040,2026-07-15,302034,gallons,,R5,
M-1041,"387 County Rd 10, Wiley, CO 81092",Resident 1041,A-20041,2026-01-14,173547,gallons,,R6,
M-1041,"387 County Rd 10, Wiley, CO 81092",Resident 1041,A-20041,2026-02-15,177799,gallons,,R6,
M-1041,"387 County Rd 10, Wiley, CO 81092",Resident 1041,A-20041,2026-03-16,182134,gallons,,R6,
M-1041,"387 County Rd 10, Wiley, CO 81092",Resident 1041,A-20041,2026-04-12,187413,gallons,,R6,
M-1041,"387 County Rd 10, Wiley, CO 81092",Resident 1041,A-20041,2026-05-13,193485,gallons,,R6,
M-1041,"387 County Rd 10, Wiley, CO 81092",Resident 1041,A-20041,2026-06-14,199211,gallons,,R6,
M-1041,"387 County Rd 10, Wiley, CO 81092",Resident 1041,A-20041,2026-07-15,206186,gallons,,R6,
M-1042,"394 County Rd 14, Wiley, CO 81092",Resident 1042,A-20042,2026-01-14,431363,gallons,,R1,
M-1042,"394 County Rd 14, Wiley, CO 81092",Resident 1042,A-20042,2026-02-15,434839,gallons,,R1,
M-1042,"394 County Rd 14, Wiley, CO 81092",Resident 1042,A-20042,2026-03-16,439953,gallons,,R1,
M-1042,"394 County Rd 14, Wiley, CO 81092",Resident 1042,A-20042,2026-04-12,444780,gallons,,R1,
M-1042,"394 County Rd 14, Wiley, CO 81092",Resident 1042,A-20042,2026-05-13,449445,gallons,,R1,
M-1042,"394 County Rd 14, Wiley, CO 81092",Resident 1042,A-20042,2026-06-14,455573,gallons,,R1,
M-1042,"394 County Rd 14, Wiley, CO 81092",Resident 1042,A-20042,2026-07-15,460892,gallons,,R1,
M-1043,"401 Highway 287, Wiley, CO 81092",Resident 1043,A-20043,2026-01-14,396165,gallons,,R2,
M-1043,"401 Highway 287, Wiley, CO 81092",Resident 1043,A-20043,2026-02-15,398504,gallons,,R2,
M-1043,"401 Highway 287, Wiley, CO 81092",Resident 1043,A-20043,2026-03-16,401808,gallons,,R2,
M-1043,"401 Highway 287, Wiley, CO 81092",Resident 1043,A-20043,2026-04-12,405428,gallons,,R2,
M-1043,"401 Highway 287, Wiley, CO 81092",Resident 1043,A-20043,2026-05-13,408854,gallons,,R2,
M-1043,"401 Highway 287, Wiley, CO 81092",Resident 1043,A-20043,2026-06-14,412934,gallons,,R2,
M-1043,"401 Highway 287, Wiley, CO 81092",Resident 1043,A-20043,2026-07-15,417834,gallons,,R2,
M-1044,"408 Maple Ave, Wiley, CO 81092",Resident 1044,A-20044,2026-01-14,152453,gallons,,R3,
M-1044,"408 Maple Ave, Wiley, CO 81092",Resident 1044,A-20044,2026-02-15,155456,gallons,,R3,
M-1044,"408 Maple Ave, Wiley, CO 81092",Resident 1044,A-20044,2026-03-16,159531,gallons,,R3,
M-1044,"408 Maple Ave, Wiley, CO 81092",Resident 1044,A-20044,2026-04-12,163117,gallons,,R3,
M-1044,"408 Maple Ave, Wiley, CO 81092",Resident 1044,A-20044,2026-05-13,167648,gallons,,R3,
M-1044,"408 Maple Ave, Wiley, CO 81092",Resident 1044,A-20044,2026-06-14,172267,gallons,,R3,
M-1044,"408 Maple Ave, Wiley, CO 81092",Resident 1044,A-20044,2026-07-15,177899,gallons,,R3,
M-1045,"415 Oak St, Wiley, CO 81092",Resident 1045,A-20045,2026-01-14,370908,gallons,,R4,
M-1045,"415 Oak St, Wiley, CO 81092",Resident 1045,A-20045,2026-02-15,376644,gallons,,R4,
M-1045,"415 Oak St, Wiley, CO 81092",Resident 1045,A-20045,2026-03-16,386342,gallons,,R4,
M-1045,"415 Oak St, Wiley, CO 81092",Resident 1045,A-20045,2026-04-12,394652,gallons,,R4,
M-1045,"415 Oak St, Wiley, CO 81092",Resident 1045,A-20045,2026-05-13,403339,gallons,,R4,
M-1045,"415 Oak St, Wiley, CO 81092",Resident 1045,A-20045,2026-06-14,414687,gallons,,R4,
M-1045,"415 Oak St, Wiley, CO 81092",Resident 1045,A-20045,2026-07-15,424476,gallons,,R4,
M-1046,"422 Elm St, Wiley, CO 81092",Resident 1046,A-20046,2026-01-14,167543,gallons,,R5,
M-1046,"422 Elm St, Wiley, CO 81092",Resident 1046,A-20046,2026-02-15,170898,gallons,,R5,
M-1046,"422 Elm St, Wiley, CO 81092",Resident 1046,A-20046,2026-03-16,175294,gallons,,R5,
M-1046,"422 Elm St, Wiley, CO 81092",Resident 1046,A-20046,2026-04-12,180460,gallons,,R5,
M-1046,"422 Elm St, Wiley, CO 81092",Resident 1046,A-20046,2026-05-13,185718,gallons,,R5,
M-1046,"422 Elm St, Wiley, CO 81092",Resident 1046,A-20046,2026-06-14,192027,gallons,,R5,
M-1046,"422 Elm St, Wiley, CO 81092",Resident 1046,A-20046,2026-07-15,198753,gallons,,R5,
M-1047,"429 3rd Ave, Wiley, CO 81092",Resident 1047,A-20047,2026-01-14,131193,gallons,,R6,
M-1047,"429 3rd Ave, Wiley, CO 81092",Resident 1047,A-20047,2026-02-15,133612,gallons,,R6,
M-1047,"429 3rd Ave, Wiley, CO 81092",Resident 1047,A-20047,2026-03-16,133612,gallons,,R6,
M-1047,"429 3rd Ave, Wiley, CO 81092",Resident 1047,A-20047,2026-04-12,133612,gallons,,R6,
M-1047,"429 3rd Ave, Wiley, CO 81092",Resident 1047,A-20047,2026-05-13,133612,gallons,,R6,
M-1047,"429 3rd Ave, Wiley, CO 81092",Resident 1047,A-20047,2026-06-14,133612,gallons,,R6,
M-1047,"429 3rd Ave, Wiley, CO 81092",Resident 1047,A-20047,2026-07-15,133612,gallons,,R6,
M-1048,"436 5th St, Wiley, CO 81092",Resident 1048,A-20048,2026-01-14,409001,gallons,,R1,
M-1048,"436 5th St, Wiley, CO 81092",Resident 1048,A-20048,2026-02-15,411489,gallons,,R1,
M-1048,"436 5th St, Wiley, CO 81092",Resident 1048,A-20048,2026-03-16,414647,gallons,,R1,
M-1048,"436 5th St, Wiley, CO 81092",Resident 1048,A-20048,2026-04-12,417339,gallons,,R1,
M-1048,"436 5th St, Wiley, CO 81092",Resident 1048,A-20048,2026-05-13,421107,gallons,,R1,
M-1048,"436 5th St, Wiley, CO 81092",Resident 1048,A-20048,2026-06-14,424907,gallons,,R1,
M-1048,"436 5th St, Wiley, CO 81092",Resident 1048,A-20048,2026-07-15,428431,gallons,,R1,
M-1049,"443 Ranch Rd, Wiley, CO 81092",Resident 1049,A-20049,2026-01-14,395163,gallons,,R2,
M-1049,"443 Ranch Rd, Wiley, CO 81092",Resident 1049,A-20049,2026-02-15,399498,gallons,,R2,
M-1049,"443 Ranch Rd, Wiley, CO 81092",Resident 1049,A-20049,2026-03-16,404457,gallons,,R2,
M-1049,"443 Ranch Rd, Wiley, CO 81092",Resident 1049,A-20049,2026-04-12,409459,gallons,,R2,
M-1049,"443 Ranch Rd, Wiley, CO 81092",Resident 1049,A-20049,2026-05-13,415638,gallons,,R2,
M-1049,"443 Ranch Rd, Wiley, CO 81092",Resident 1049,A-20049,2026-06-14,422545,gallons,,R2,
M-1049,"443 Ranch Rd, Wiley, CO 81092",Resident 1049,A-20049,2026-07-15,428666,gallons,,R2,
M-1050,"450 Irrigation Ln, Wiley, CO 81092",Resident 1050,A-20050,2026-01-14,367265,gallons,,R3,
M-1050,"450 Irrigation Ln, Wiley, CO 81092",Resident 1050,A-20050,2026-02-15,369280,gallons,,R3,
M-1050,"450 Irrigation Ln, Wiley, CO 81092",Resident 1050,A-20050,2026-03-16,372463,gallons,,R3,
M-1050,"450 Irrigation Ln, Wiley, CO 81092",Resident 1050,A-20050,2026-04-12,375523,gallons,,R3,
M-1050,"450 Irrigation Ln, Wiley, CO 81092",Resident 1050,A-20050,2026-05-13,378536,gallons,,R3,
M-1050,"450 Irrigation Ln, Wiley, CO 81092",Resident 1050,A-20050,2026-06-14,382980,gallons,,R3,
M-1050,"450 Irrigation Ln, Wiley, CO 81092",Resident 1050,A-20050,2026-07-15,387277,gallons,,R3,
M-1051,"457 North Frontage, Wiley, CO 81092",Resident 1051,A-20051,2026-01-14,418869,gallons,,R4,
M-1051,"457 North Frontage, Wiley, CO 81092",Resident 1051,A-20051,2026-02-15,422280,gallons,,R4,
M-1051,"457 North Frontage, Wiley, CO 81092",Resident 1051,A-20051,2026-03-16,427546,gallons,,R4,
M-1051,"457 North Frontage, Wiley, CO 81092",Resident 1051,A-20051,2026-04-12,432085,gallons,,R4,
M-1051,"457 North Frontage, Wiley, CO 81092",Resident 1051,A-20051,2026-05-13,438474,gallons,,R4,
M-1051,"457 North Frontage, Wiley, CO 81092",Resident 1051,A-20051,2026-06-14,446107,gallons,,R4,
M-1051,"457 North Frontage, Wiley, CO 81092",Resident 1051,A-20051,2026-07-15,453239,gallons,,R4,
M-1052,"464 South Loop, Wiley, CO 81092",Resident 1052,A-20052,2026-01-14,223412,gallons,,R5,
M-1052,"464 South Loop, Wiley, CO 81092",Resident 1052,A-20052,2026-02-15,227732,gallons,,R5,
M-1052,"464 South Loop, Wiley, CO 81092",Resident 1052,A-20052,2026-03-16,232407,gallons,,R5,
M-1052,"464 South Loop, Wiley, CO 81092",Resident 1052,A-20052,2026-04-12,237047,gallons,,R5,
M-1052,"464 South Loop, Wiley, CO 81092",Resident 1052,A-20052,2026-05-13,242207,gallons,,R5,
M-1052,"464 South Loop, Wiley, CO 81092",Resident 1052,A-20052,2026-06-14,248233,gallons,,R5,
M-1052,"464 South Loop, Wiley, CO 81092",Resident 1052,A-20052,2026-07-15,255698,gallons,,R5,
M-1053,"471 Pioneer Rd, Wiley, CO 81092",Resident 1053,A-20053,2026-01-14,208778,gallons,,R6,
M-1053,"471 Pioneer Rd, Wiley, CO 81092",Resident 1053,A-20053,2026-02-15,214256,gallons,,R6,
M-1053,"471 Pioneer Rd, Wiley, CO 81092",Resident 1053,A-20053,2026-03-16,222021,gallons,,R6,
M-1053,"471 Pioneer Rd, Wiley, CO 81092",Resident 1053,A-20053,2026-04-12,229623,gallons,,R6,
M-1053,"471 Pioneer Rd, Wiley, CO 81092",Resident 1053,A-20053,2026-05-13,237647,gallons,,R6,
M-1053,"471 Pioneer Rd, Wiley, CO 81092",Resident 1053,A-20053,2026-06-14,246246,gallons,,R6,
M-1053,"471 Pioneer Rd, Wiley, CO 81092",Resident 1053,A-20053,2026-07-15,257061,gallons,,R6,
M-1054,"478 Cottonwood Dr, Wiley, CO 81092",Resident 1054,A-20054,2026-01-14,395561,gallons,,R1,
M-1054,"478 Cottonwood Dr, Wiley, CO 81092",Resident 1054,A-20054,2026-02-15,398777,gallons,,R1,
M-1054,"478 Cottonwood Dr, Wiley, CO 81092",Resident 1054,A-20054,2026-03-16,403331,gallons,,R1,
M-1054,"478 Cottonwood Dr, Wiley, CO 81092",Resident 1054,A-20054,2026-04-12,408047,gallons,,R1,
M-1054,"478 Cottonwood Dr, Wiley, CO 81092",Resident 1054,A-20054,2026-05-13,412490,gallons,,R1,
M-1054,"478 Cottonwood Dr, Wiley, CO 81092",Resident 1054,A-20054,2026-06-14,418625,gallons,,R1,
M-1054,"478 Cottonwood Dr, Wiley, CO 81092",Resident 1054,A-20054,2026-07-15,423857,gallons,,R1,
M-1055,"485 Sand Creek Rd, Wiley, CO 81092",Resident 1055,A-20055,2026-01-14,130181,gallons,,R2,
M-1055,"485 Sand Creek Rd, Wiley, CO 81092",Resident 1055,A-20055,2026-02-15,132022,gallons,,R2,
M-1055,"485 Sand Creek Rd, Wiley, CO 81092",Resident 1055,A-20055,2026-03-16,134500,gallons,,R2,
M-1055,"485 Sand Creek Rd, Wiley, CO 81092",Resident 1055,A-20055,2026-04-12,137169,gallons,,R2,
M-1055,"485 Sand Creek Rd, Wiley, CO 81092",Resident 1055,A-20055,2026-05-13,140461,gallons,,R2,
M-1055,"485 Sand Creek Rd, Wiley, CO 81092",Resident 1055,A-20055,2026-06-14,144181,gallons,,R2,
M-1055,"485 Sand Creek Rd, Wiley, CO 81092",Resident 1055,A-20055,2026-07-15,147639,gallons,,R2,
M-1056,"492 Prairie View, Wiley, CO 81092",Resident 1056,A-20056,2026-01-14,294113,gallons,,R3,
M-1056,"492 Prairie View, Wiley, CO 81092",Resident 1056,A-20056,2026-02-15,299703,gallons,,R3,
M-1056,"492 Prairie View, Wiley, CO 81092",Resident 1056,A-20056,2026-03-16,307820,gallons,,R3,
M-1056,"492 Prairie View, Wiley, CO 81092",Resident 1056,A-20056,2026-04-12,315089,gallons,,R3,
M-1056,"492 Prairie View, Wiley, CO 81092",Resident 1056,A-20056,2026-05-13,325166,gallons,,R3,
M-1056,"492 Prairie View, Wiley, CO 81092",Resident 1056,A-20056,2026-06-14,336758,gallons,,R3,
M-1056,"492 Prairie View, Wiley, CO 81092",Resident 1056,A-20056,2026-07-15,347318,gallons,,R3,
M-1057,"499 School House Rd, Wiley, CO 81092",Resident 1057,A-20057,2026-01-14,192342,gallons,,R4,
M-1057,"499 School House Rd, Wiley, CO 81092",Resident 1057,A-20057,2026-02-15,197092,gallons,,R4,
M-1057,"499 School House Rd, Wiley, CO 81092",Resident 1057,A-20057,2026-03-16,203239,gallons,,R4,
M-1057,"499 School House Rd, Wiley, CO 81092",Resident 1057,A-20057,2026-04-12,209370,gallons,,R4,
M-1057,"499 School House Rd, Wiley, CO 81092",Resident 1057,A-20057,2026-05-13,216114,gallons,,R4,
M-1057,"499 School House Rd, Wiley, CO 81092",Resident 1057,A-20057,2026-06-14,223316,gallons,,R4,
M-1057,"499 School House Rd, Wiley, CO 81092",Resident 1057,A-20057,2026-07-15,231321,gallons,,R4,
M-1058,"506 Cemetery Rd, Wiley, CO 81092",Resident 1058,A-20058,2026-01-14,479260,gallons,,R5,
M-1058,"506 Cemetery Rd, Wiley, CO 81092",Resident 1058,A-20058,2026-02-15,484449,gallons,,R5,
M-1058,"506 Cemetery Rd, Wiley, CO 81092",Resident 1058,A-20058,2026-03-16,490852,gallons,,R5,
M-1058,"506 Cemetery Rd, Wiley, CO 81092",Resident 1058,A-20058,2026-04-12,497266,gallons,,R5,
M-1058,"506 Cemetery Rd, Wiley, CO 81092",Resident 1058,A-20058,2026-05-13,504812,gallons,,R5,
M-1058,"506 Cemetery Rd, Wiley, CO 81092",Resident 1058,A-20058,2026-06-14,514319,gallons,,R5,
M-1058,"506 Cemetery Rd, Wiley, CO 81092",Resident 1058,A-20058,2026-07-15,523540,gallons,,R5,
M-1059,"513 Grain Elevator Rd, Wiley, CO 81092",Resident 1059,A-20059,2026-01-14,145257,gallons,,R6,
M-1059,"513 Grain Elevator Rd, Wiley, CO 81092",Resident 1059,A-20059,2026-02-15,148020,gallons,,R6,
M-1059,"513 Grain Elevator Rd, Wiley, CO 81092",Resident 1059,A-20059,2026-03-16,151227,gallons,,R6,
M-1059,"513 Grain Elevator Rd, Wiley, CO 81092",Resident 1059,A-20059,2026-04-12,154873,gallons,,R6,
M-1059,"513 Grain Elevator Rd, Wiley, CO 81092",Resident 1059,A-20059,2026-05-13,158044,gallons,,R6,
M-1059,"513 Grain Elevator Rd, Wiley, CO 81092",Resident 1059,A-20059,2026-06-14,161857,gallons,,R6,
M-1059,"513 Grain Elevator Rd, Wiley, CO 81092",Resident 1059,A-20059,2026-07-15,165796,gallons,,R6,
M-1060,"520 Main St, Wiley, CO 81092",Resident 1060,A-20060,2026-01-14,271045,gallons,,R1,
M-1060,"520 Main St, Wiley, CO 81092",Resident 1060,A-20060,2026-02-15,274600,gallons,,R1,
M-1060,"520 Main St, Wiley, CO 81092",Resident 1060,A-20060,2026-03-16,279548,gallons,,R1,
M-1060,"520 Main St, Wiley, CO 81092",Resident 1060,A-20060,2026-04-12,284770,gallons,,R1,
M-1060,"520 Main St, Wiley, CO 81092",Resident 1060,A-20060,2026-05-13,290772,gallons,,R1,
M-1060,"520 Main St, Wiley, CO 81092",Resident 1060,A-20060,2026-06-14,298194,gallons,,R1,
M-1060,"520 Main St, Wiley, CO 81092",Resident 1060,A-20060,2026-07-15,304571,gallons,,R1,
M-1061,"527 County Rd 10, Wiley, CO 81092",Resident 1061,A-20061,2026-01-14,313300,gallons,,R2,
M-1061,"527 County Rd 10, Wiley, CO 81092",Resident 1061,A-20061,2026-02-15,315400,gallons,,R2,
M-1061,"527 County Rd 10, Wiley, CO 81092",Resident 1061,A-20061,2026-03-16,318473,gallons,,R2,
M-1061,"527 County Rd 10, Wiley, CO 81092",Resident 1061,A-20061,2026-04-12,321636,gallons,,R2,
M-1061,"527 County Rd 10, Wiley, CO 81092",Resident 1061,A-20061,2026-05-13,324655,gallons,,R2,
M-1061,"527 County Rd 10, Wiley, CO 81092",Resident 1061,A-20061,2026-06-14,328638,gallons,,R2,
M-1061,"527 County Rd 10, Wiley, CO 81092",Resident 1061,A-20061,2026-07-15,331953,gallons,,R2,
M-1062,"534 County Rd 14, Wiley, CO 81092",Resident 1062,A-20062,2026-01-14,231647,gallons,,R3,
M-1062,"534 County Rd 14, Wiley, CO 81092",Resident 1062,A-20062,2026-02-15,237407,gallons,,R3,
M-1062,"534 County Rd 14, Wiley, CO 81092",Resident 1062,A-20062,2026-03-16,243338,gallons,,R3,
M-1062,"534 County Rd 14, Wiley, CO 81092",Resident 1062,A-20062,2026-04-12,249320,gallons,,R3,
M-1062,"534 County Rd 14, Wiley, CO 81092",Resident 1062,A-20062,2026-05-13,256574,gallons,,R3,
M-1062,"534 County Rd 14, Wiley, CO 81092",Resident 1062,A-20062,2026-06-14,265341,gallons,,R3,
M-1062,"534 County Rd 14, Wiley, CO 81092",Resident 1062,A-20062,2026-07-15,273402,gallons,,R3,
M-1063,"541 Highway 287, Wiley, CO 81092",Resident 1063,A-20063,2026-01-14,431703,gallons,,R4,
M-1063,"541 Highway 287, Wiley, CO 81092",Resident 1063,A-20063,2026-02-15,435188,gallons,,R4,
M-1063,"541 Highway 287, Wiley, CO 81092",Resident 1063,A-20063,2026-03-16,439444,gallons,,R4,
M-1063,"541 Highway 287, Wiley, CO 81092",Resident 1063,A-20063,2026-04-12,443594,gallons,,R4,
M-1063,"541 Highway 287, Wiley, CO 81092",Resident 1063,A-20063,2026-05-13,449408,gallons,,R4,
M-1063,"541 Highway 287, Wiley, CO 81092",Resident 1063,A-20063,2026-06-14,456365,gallons,,R4,
M-1063,"541 Highway 287, Wiley, CO 81092",Resident 1063,A-20063,2026-07-15,462733,gallons,,R4,
M-1064,"548 Maple Ave, Wiley, CO 81092",Resident 1064,A-20064,2026-01-14,314077,gallons,,R5,
M-1064,"548 Maple Ave, Wiley, CO 81092",Resident 1064,A-20064,2026-02-15,318962,gallons,,R5,
M-1064,"548 Maple Ave, Wiley, CO 81092",Resident 1064,A-20064,2026-03-16,326304,gallons,,R5,
M-1064,"548 Maple Ave, Wiley, CO 81092",Resident 1064,A-20064,2026-04-12,333858,gallons,,R5,
M-1064,"548 Maple Ave, Wiley, CO 81092",Resident 1064,A-20064,2026-05-13,342034,gallons,,R5,
M-1064,"548 Maple Ave, Wiley, CO 81092",Resident 1064,A-20064,2026-06-14,351475,gallons,,R5,
M-1064,"548 Maple Ave, Wiley, CO 81092",Resident 1064,A-20064,2026-07-15,361435,gallons,,R5,
M-1065,"555 Oak St, Wiley, CO 81092",Resident 1065,A-20065,2026-01-14,482271,gallons,,R6,
M-1065,"555 Oak St, Wiley, CO 81092",Resident 1065,A-20065,2026-02-15,486943,gallons,,R6,
M-1065,"555 Oak St, Wiley, CO 81092",Resident 1065,A-20065,2026-03-16,494488,gallons,,R6,
M-1065,"555 Oak St, Wiley, CO 81092",Resident 1065,A-20065,2026-04-12,501378,gallons,,R6,
M-1065,"555 Oak St, Wiley, CO 81092",Resident 1065,A-20065,2026-05-13,509317,gallons,,R6,
M-1065,"555 Oak St, Wiley, CO 81092",Resident 1065,A-20065,2026-06-14,517789,gallons,,R6,
M-1065,"555 Oak St, Wiley, CO 81092",Resident 1065,A-20065,2026-07-15,528044,gallons,,R6,
M-1066,"562 Elm St, Wiley, CO 81092",Resident 1066,A-20066,2026-01-14,456933,gallons,,R1,
M-1066,"562 Elm St, Wiley, CO 81092",Resident 1066,A-20066,2026-02-15,461305,gallons,,R1,
M-1066,"562 Elm St, Wiley, CO 81092",Resident 1066,A-20066,2026-03-16,465901,gallons,,R1,
M-1066,"562 Elm St, Wiley, CO 81092",Resident 1066,A-20066,2026-04-12,470725,gallons,,R1,
M-1066,"562 Elm St, Wiley, CO 81092",Resident 1066,A-20066,2026-05-13,475953,gallons,,R1,
M-1066,"562 Elm St, Wiley, CO 81092",Resident 1066,A-20066,2026-06-14,483278,gallons,,R1,
M-1066,"562 Elm St, Wiley, CO 81092",Resident 1066,A-20066,2026-07-15,489949,gallons,,R1,
M-1067,"569 3rd Ave, Wiley, CO 81092",Resident 1067,A-20067,2026-01-14,195840,gallons,,R2,
M-1067,"569 3rd Ave, Wiley, CO 81092",Resident 1067,A-20067,2026-02-15,201455,gallons,,R2,
M-1067,"569 3rd Ave, Wiley, CO 81092",Resident 1067,A-20067,2026-03-16,207551,gallons,,R2,
M-1067,"569 3rd Ave, Wiley, CO 81092",Resident 1067,A-20067,2026-04-12,213616,gallons,,R2,
M-1067,"569 3rd Ave, Wiley, CO 81092",Resident 1067,A-20067,2026-05-13,222415,gallons,,R2,
M-1067,"569 3rd Ave, Wiley, CO 81092",Resident 1067,A-20067,2026-06-14,231609,gallons,,R2,
M-1067,"569 3rd Ave, Wiley, CO 81092",Resident 1067,A-20067,2026-07-15,241197,gallons,,R2,
M-1068,"576 5th St, Wiley, CO 81092",Resident 1068,A-20068,2026-01-14,441176,gallons,,R3,
M-1068,"576 5th St, Wiley, CO 81092",Resident 1068,A-20068,2026-02-15,444387,gallons,,R3,
M-1068,"576 5th St, Wiley, CO 81092",Resident 1068,A-20068,2026-03-16,447655,gallons,,R3,
M-1068,"576 5th St, Wiley, CO 81092",Resident 1068,A-20068,2026-04-12,451280,gallons,,R3,
M-1068,"576 5th St, Wiley, CO 81092",Resident 1068,A-20068,2026-05-13,455532,gallons,,R3,
M-1068,"576 5th St, Wiley, CO 81092",Resident 1068,A-20068,2026-06-14,460287,gallons,,R3,
M-1068,"576 5th St, Wiley, CO 81092",Resident 1068,A-20068,2026-07-15,465446,gallons,,R3,
M-1069,"583 Ranch Rd, Wiley, CO 81092",Resident 1069,A-20069,2026-01-14,240395,gallons,,R4,
M-1069,"583 Ranch Rd, Wiley, CO 81092",Resident 1069,A-20069,2026-02-15,247140,gallons,,R4,
M-1069,"583 Ranch Rd, Wiley, CO 81092",Resident 1069,A-20069,2026-03-16,254078,gallons,,R4,
M-1069,"583 Ranch Rd, Wiley, CO 81092",Resident 1069,A-20069,2026-04-12,261794,gallons,,R4,
M-1069,"583 Ranch Rd, Wiley, CO 81092",Resident 1069,A-20069,2026-05-13,270728,gallons,,R4,
M-1069,"583 Ranch Rd, Wiley, CO 81092",Resident 1069,A-20069,2026-06-14,280160,gallons,,R4,
M-1069,"583 Ranch Rd, Wiley, CO 81092",Resident 1069,A-20069,2026-07-15,289776,gallons,,R4,
M-1070,"590 Irrigation Ln, Wiley, CO 81092",Resident 1070,A-20070,2026-01-14,320422,gallons,,R5,
M-1070,"590 Irrigation Ln, Wiley, CO 81092",Resident 1070,A-20070,2026-02-15,322284,gallons,,R5,
M-1070,"590 Irrigation Ln, Wiley, CO 81092",Resident 1070,A-20070,2026-03-16,325200,gallons,,R5,
M-1070,"590 Irrigation Ln, Wiley, CO 81092",Resident 1070,A-20070,2026-04-12,327867,gallons,,R5,
M-1070,"590 Irrigation Ln, Wiley, CO 81092",Resident 1070,A-20070,2026-05-13,331047,gallons,,R5,
M-1070,"590 Irrigation Ln, Wiley, CO 81092",Resident 1070,A-20070,2026-06-14,334410,gallons,,R5,
M-1070,"590 Irrigation Ln, Wiley, CO 81092",Resident 1070,A-20070,2026-07-15,338113,gallons,,R5,
M-1071,"597 North Frontage, Wiley, CO 81092",Resident 1071,A-20071,2026-01-14,440547,gallons,,R6,
M-1071,"597 North Frontage, Wiley, CO 81092",Resident 1071,A-20071,2026-02-15,442750,gallons,,R6,
M-1071,"597 North Frontage, Wiley, CO 81092",Resident 1071,A-20071,2026-03-16,445689,gallons,,R6,
M-1071,"597 North Frontage, Wiley, CO 81092",Resident 1071,A-20071,2026-04-12,448522,gallons,,R6,
M-1071,"597 North Frontage, Wiley, CO 81092",Resident 1071,A-20071,2026-05-13,451553,gallons,,R6,
M-1071,"597 North Frontage, Wiley, CO 81092",Resident 1071,A-20071,2026-06-14,454533,gallons,,R6,
M-1071,"597 North Frontage, Wiley, CO 81092",Resident 1071,A-20071,2026-07-15,458117,gallons,,R6,
M-1072,"604 South Loop, Wiley, CO 81092",Resident 1072,A-20072,2026-01-14,498111,gallons,,R1,
M-1072,"604 South Loop, Wiley, CO 81092",Resident 1072,A-20072,2026-02-15,503902,gallons,,R1,
M-1072,"604 South Loop, Wiley, CO 81092",Resident 1072,A-20072,2026-03-16,511250,gallons,,R1,
M-1072,"604 South Loop, Wiley, CO 81092",Resident 1072,A-20072,2026-04-12,519027,gallons,,R1,
M-1072,"604 South Loop, Wiley, CO 81092",Resident 1072,A-20072,2026-05-13,528393,gallons,,R1,
M-1072,"604 South Loop, Wiley, CO 81092",Resident 1072,A-20072,2026-06-14,539077,gallons,,R1,
M-1072,"604 South Loop, Wiley, CO 81092",Resident 1072,A-20072,2026-07-15,548715,gallons,,R1,
M-1073,"611 Pioneer Rd, Wiley, CO 81092",Resident 1073,A-20073,2026-01-14,420338,gallons,,R2,
M-1073,"611 Pioneer Rd, Wiley, CO 81092",Resident 1073,A-20073,2026-02-15,423394,gallons,,R2,
M-1073,"611 Pioneer Rd, Wiley, CO 81092",Resident 1073,A-20073,2026-03-16,427678,gallons,,R2,
M-1073,"611 Pioneer Rd, Wiley, CO 81092",Resident 1073,A-20073,2026-04-12,431159,gallons,,R2,
M-1073,"611 Pioneer Rd, Wiley, CO 81092",Resident 1073,A-20073,2026-05-13,436534,gallons,,R2,
M-1073,"611 Pioneer Rd, Wiley, CO 81092",Resident 1073,A-20073,2026-06-14,442470,gallons,,R2,
M-1073,"611 Pioneer Rd, Wiley, CO 81092",Resident 1073,A-20073,2026-07-15,448733,gallons,,R2,
M-1074,"618 Cottonwood Dr, Wiley, CO 81092",Resident 1074,A-20074,2026-01-14,406177,gallons,,R3,
M-1074,"618 Cottonwood Dr, Wiley, CO 81092",Resident 1074,A-20074,2026-02-15,409755,gallons,,R3,
M-1074,"618 Cottonwood Dr, Wiley, CO 81092",Resident 1074,A-20074,2026-03-16,413848,gallons,,R3,
M-1074,"618 Cottonwood Dr, Wiley, CO 81092",Resident 1074,A-20074,2026-04-12,417763,gallons,,R3,
M-1074,"618 Cottonwood Dr, Wiley, CO 81092",Resident 1074,A-20074,2026-05-13,422288,gallons,,R3,
M-1074,"618 Cottonwood Dr, Wiley, CO 81092",Resident 1074,A-20074,2026-06-14,428103,gallons,,R3,
M-1074,"618 Cottonwood Dr, Wiley, CO 81092",Resident 1074,A-20074,2026-07-15,434305,gallons,,R3,
M-1075,"625 Sand Creek Rd, Wiley, CO 81092",Resident 1075,A-20075,2026-01-14,267808,gallons,,R4,
M-1075,"625 Sand Creek Rd, Wiley, CO 81092",Resident 1075,A-20075,2026-02-15,269816,gallons,,R4,
M-1075,"625 Sand Creek Rd, Wiley, CO 81092",Resident 1075,A-20075,2026-03-16,272773,gallons,,R4,
M-1075,"625 Sand Creek Rd, Wiley, CO 81092",Resident 1075,A-20075,2026-04-12,275676,gallons,,R4,
M-1075,"625 Sand Creek Rd, Wiley, CO 81092",Resident 1075,A-20075,2026-05-13,278858,gallons,,R4,
M-1075,"625 Sand Creek Rd, Wiley, CO 81092",Resident 1075,A-20075,2026-06-14,282877,gallons,,R4,
M-1075,"625 Sand Creek Rd, Wiley, CO 81092",Resident 1075,A-20075,2026-07-15,286910,gallons,,R4,
M-1076,"632 Prairie View, Wiley, CO 81092",New Occupant 1076,A-20076,2026-01-14,259775,gallons,,R5,
M-1076,"632 Prairie View, Wiley, CO 81092",New Occupant 1076,A-20076,2026-02-15,263221,gallons,,R5,
M-1076,"632 Prairie View, Wiley, CO 81092",New Occupant 1076,A-20076,2026-03-16,266830,gallons,,R5,
M-1076,"632 Prairie View, Wiley, CO 81092",New Occupant 1076,A-20076,2026-04-12,271074,gallons,,R5,
M-1076,"632 Prairie View, Wiley, CO 81092",New Occupant 1076,A-20076,2026-05-13,275815,gallons,,R5,
M-1076,"632 Prairie View, Wiley, CO 81092",New Occupant 1076,A-20076,2026-06-14,281598,gallons,,R5,
M-1076,"632 Prairie View, Wiley, CO 81092",New Occupant 1076,A-20076,2026-07-15,286551,gallons,,R5,
M-1077,"639 School House Rd, Wiley, CO 81092",Resident 1077,A-20077,2026-01-14,211990,gallons,,R6,
M-1077,"639 School House Rd, Wiley, CO 81092",Resident 1077,A-20077,2026-02-15,214580,gallons,,R6,
M-1077,"639 School House Rd, Wiley, CO 81092",Resident 1077,A-20077,2026-03-16,217222,gallons,,R6,
M-1077,"639 School House Rd, Wiley, CO 81092",Resident 1077,A-20077,2026-04-12,220002,gallons,,R6,
M-1077,"639 School House Rd, Wiley, CO 81092",Resident 1077,A-20077,2026-05-13,223717,gallons,,R6,
M-1077,"639 School House Rd, Wiley, CO 81092",Resident 1077,A-20077,2026-06-14,227294,gallons,,R6,
M-1077,"639 School House Rd, Wiley, CO 81092",Resident 1077,A-20077,2026-07-15,231058,gallons,,R6,
M-1078,"646 Cemetery Rd, Wiley, CO 81092",Resident 1078,A-20078,2026-01-14,314993,gallons,,R1,
M-1078,"646 Cemetery Rd, Wiley, CO 81092",Resident 1078,A-20078,2026-02-15,319281,gallons,,R1,
M-1078,"646 Cemetery Rd, Wiley, CO 81092",Resident 1078,A-20078,2026-03-16,324995,gallons,,R1,
M-1078,"646 Cemetery Rd, Wiley, CO 81092",Resident 1078,A-20078,2026-04-12,329652,gallons,,R1,
M-1078,"646 Cemetery Rd, Wiley, CO 81092",Resident 1078,A-20078,2026-05-13,336559,gallons,,R1,
M-1078,"646 Cemetery Rd, Wiley, CO 81092",Resident 1078,A-20078,2026-06-14,344710,gallons,,R1,
M-1078,"646 Cemetery Rd, Wiley, CO 81092",Resident 1078,A-20078,2026-07-15,352569,gallons,,R1,
M-1079,"653 Grain Elevator Rd, Wiley, CO 81092",Resident 1079,A-20079,2026-01-14,258056,gallons,,R2,
M-1079,"653 Grain Elevator Rd, Wiley, CO 81092",Resident 1079,A-20079,2026-02-15,261911,gallons,,R2,
M-1079,"653 Grain Elevator Rd, Wiley, CO 81092",Resident 1079,A-20079,2026-03-16,266747,gallons,,R2,
M-1079,"653 Grain Elevator Rd, Wiley, CO 81092",Resident 1079,A-20079,2026-04-12,271173,gallons,,R2,
M-1079,"653 Grain Elevator Rd, Wiley, CO 81092",Resident 1079,A-20079,2026-05-13,276947,gallons,,R2,
M-1079,"653 Grain Elevator Rd, Wiley, CO 81092",Resident 1079,A-20079,2026-06-14,283066,gallons,,R2,
M-1079,"653 Grain Elevator Rd, Wiley, CO 81092",Resident 1079,A-20079,2026-07-15,289217,gallons,,R2,
M-1080,"660 Main St, Wiley, CO 81092",Resident 1080,A-20080,2026-01-14,293197,gallons,,R3,
M-1080,"660 Main St, Wiley, CO 81092",Resident 1080,A-20080,2026-02-15,297854,gallons,,R3,
M-1080,"660 Main St, Wiley, CO 81092",Resident 1080,A-20080,2026-03-16,304287,gallons,,R3,
M-1080,"660 Main St, Wiley, CO 81092",Resident 1080,A-20080,2026-04-12,309778,gallons,,R3,
M-1080,"660 Main St, Wiley, CO 81092",Resident 1080,A-20080,2026-05-13,317329,gallons,,R3,
M-1080,"660 Main St, Wiley, CO 81092",Resident 1080,A-20080,2026-06-14,325929,gallons,,R3,
M-1080,"660 Main St, Wiley, CO 81092",Resident 1080,A-20080,2026-07-15,332846,gallons,,R3,
M-1081,"667 County Rd 10, Wiley, CO 81092",Resident 1081,A-20081,2026-01-14,391976,gallons,,R4,
M-1081,"667 County Rd 10, Wiley, CO 81092",Resident 1081,A-20081,2026-02-15,398030,gallons,,R4,
M-1081,"667 County Rd 10, Wiley, CO 81092",Resident 1081,A-20081,2026-03-16,404774,gallons,,R4,
M-1081,"667 County Rd 10, Wiley, CO 81092",Resident 1081,A-20081,2026-04-12,412962,gallons,,R4,
M-1081,"667 County Rd 10, Wiley, CO 81092",Resident 1081,A-20081,2026-05-13,420794,gallons,,R4,
M-1081,"667 County Rd 10, Wiley, CO 81092",Resident 1081,A-20081,2026-06-14,432165,gallons,,R4,
M-1081,"667 County Rd 10, Wiley, CO 81092",Resident 1081,A-20081,2026-07-15,441695,gallons,,R4,
M-1082,"674 County Rd 14, Wiley, CO 81092",Resident 1082,A-20082,2026-01-14,211046,gallons,,R5,
M-1082,"674 County Rd 14, Wiley, CO 81092",Resident 1082,A-20082,2026-02-15,215203,gallons,,R5,
M-1082,"674 County Rd 14, Wiley, CO 81092",Resident 1082,A-20082,2026-03-16,220643,gallons,,R5,
M-1082,"674 County Rd 14, Wiley, CO 81092",Resident 1082,A-20082,2026-04-12,225130,gallons,,R5,
M-1082,"674 County Rd 14, Wiley, CO 81092",Resident 1082,A-20082,2026-05-13,230309,gallons,,R5,
M-1082,"674 County Rd 14, Wiley, CO 81092",Resident 1082,A-20082,2026-06-14,237358,gallons,,R5,
M-1082,"674 County Rd 14, Wiley, CO 81092",Resident 1082,A-20082,2026-07-15,245363,gallons,,R5,
M-1083,"681 Highway 287, Wiley, CO 81092",Resident 1083,A-20083,2026-01-14,451554,gallons,,R6,
M-1083,"681 Highway 287, Wiley, CO 81092",Resident 1083,A-20083,2026-02-15,454538,gallons,,R6,
M-1083,"681 Highway 287, Wiley, CO 81092",Resident 1083,A-20083,2026-03-16,458059,gallons,,R6,
M-1083,"681 Highway 287, Wiley, CO 81092",Resident 1083,A-20083,2026-04-12,461716,gallons,,R6,
M-1083,"681 Highway 287, Wiley, CO 81092",Resident 1083,A-20083,2026-05-13,465191,gallons,,R6,
M-1083,"681 Highway 287, Wiley, CO 81092",Resident 1083,A-20083,2026-06-14,470317,gallons,,R6,
M-1083,"681 Highway 287, Wiley, CO 81092",Resident 1083,A-20083,2026-07-15,475286,gallons,,R6,
M-1084,"688 Maple Ave, Wiley, CO 81092",Resident 1084,A-20084,2026-01-14,301577,gallons,,R1,
M-1084,"688 Maple Ave, Wiley, CO 81092",Resident 1084,A-20084,2026-02-15,305311,gallons,,R1,
M-1084,"688 Maple Ave, Wiley, CO 81092",Resident 1084,A-20084,2026-03-16,310168,gallons,,R1,
M-1084,"688 Maple Ave, Wiley, CO 81092",Resident 1084,A-20084,2026-04-12,315557,gallons,,R1,
M-1084,"688 Maple Ave, Wiley, CO 81092",Resident 1084,A-20084,2026-05-13,321711,gallons,,R1,
M-1084,"688 Maple Ave, Wiley, CO 81092",Resident 1084,A-20084,2026-06-14,328779,gallons,,R1,
M-1084,"688 Maple Ave, Wiley, CO 81092",Resident 1084,A-20084,2026-07-15,335209,gallons,,R1,
M-1085,"695 Oak St, Wiley, CO 81092",Resident 1085,A-20085,2026-01-14,381153,gallons,,R2,
M-1085,"695 Oak St, Wiley, CO 81092",Resident 1085,A-20085,2026-02-15,384539,gallons,,R2,
M-1085,"695 Oak St, Wiley, CO 81092",Resident 1085,A-20085,2026-03-16,389409,gallons,,R2,
M-1085,"695 Oak St, Wiley, CO 81092",Resident 1085,A-20085,2026-04-12,393981,gallons,,R2,
M-1085,"695 Oak St, Wiley, CO 81092",Resident 1085,A-20085,2026-05-13,399951,gallons,,R2,
M-1085,"695 Oak St, Wiley, CO 81092",Resident 1085,A-20085,2026-06-14,405853,gallons,,R2,
M-1085,"695 Oak St, Wiley, CO 81092",Resident 1085,A-20085,2026-07-15,411858,gallons,,R2,
M-1086,"702 Elm St, Wiley, CO 81092",Resident 1086,A-20086,2026-01-14,288500,gallons,,R3,
M-1086,"702 Elm St, Wiley, CO 81092",Resident 1086,A-20086,2026-02-15,291418,gallons,,R3,
M-1086,"702 Elm St, Wiley, CO 81092",Resident 1086,A-20086,2026-03-16,295756,gallons,,R3,
M-1086,"702 Elm St, Wiley, CO 81092",Resident 1086,A-20086,2026-04-12,300210,gallons,,R3,
M-1086,"702 Elm St, Wiley, CO 81092",Resident 1086,A-20086,2026-05-13,304399,gallons,,R3,
M-1086,"702 Elm St, Wiley, CO 81092",Resident 1086,A-20086,2026-06-14,309936,gallons,,R3,
M-1086,"702 Elm St, Wiley, CO 81092",Resident 1086,A-20086,2026-07-15,314729,gallons,,R3,
M-1087,"709 3rd Ave, Wiley, CO 81092",Resident 1087,A-20087,2026-01-14,225739,gallons,,R4,
M-1087,"709 3rd Ave, Wiley, CO 81092",Resident 1087,A-20087,2026-02-15,230710,gallons,,R4,
M-1087,"709 3rd Ave, Wiley, CO 81092",Resident 1087,A-20087,2026-03-16,238507,gallons,,R4,
M-1087,"709 3rd Ave, Wiley, CO 81092",Resident 1087,A-20087,2026-04-12,245435,gallons,,R4,
M-1087,"709 3rd Ave, Wiley, CO 81092",Resident 1087,A-20087,2026-05-13,254671,gallons,,R4,
M-1087,"709 3rd Ave, Wiley, CO 81092",Resident 1087,A-20087,2026-06-14,265151,gallons,,R4,
M-1087,"709 3rd Ave, Wiley, CO 81092",Resident 1087,A-20087,2026-07-15,275456,gallons,,R4,
M-1088,"716 5th St, Wiley, CO 81092",Resident 1088,A-20088,2026-01-14,133212,gallons,,R5,
M-1088,"716 5th St, Wiley, CO 81092",Resident 1088,A-20088,2026-02-15,136677,gallons,,R5,
M-1088,"716 5th St, Wiley, CO 81092",Resident 1088,A-20088,2026-03-16,141659,gallons,,R5,
M-1088,"716 5th St, Wiley, CO 81092",Resident 1088,A-20088,2026-04-12,146134,gallons,,R5,
M-1088,"716 5th St, Wiley, CO 81092",Resident 1088,A-20088,2026-05-13,151768,gallons,,R5,
M-1088,"716 5th St, Wiley, CO 81092",Resident 1088,A-20088,2026-06-14,158511,gallons,,R5,
M-1088,"716 5th St, Wiley, CO 81092",Resident 1088,A-20088,2026-07-15,164774,gallons,,R5,
M-1089,"723 Ranch Rd, Wiley, CO 81092",Resident 1089,A-20089,2026-01-14,635662,gallons,,R6,
M-1089,"723 Ranch Rd, Wiley, CO 81092",Resident 1089,A-20089,2026-02-15,648386,gallons,,R6,
M-1089,"723 Ranch Rd, Wiley, CO 81092",Resident 1089,A-20089,2026-03-16,664861,gallons,,R6,
M-1089,"723 Ranch Rd, Wiley, CO 81092",Resident 1089,A-20089,2026-04-12,681235,gallons,,R6,
M-1089,"723 Ranch Rd, Wiley, CO 81092",Resident 1089,A-20089,2026-05-13,700746,gallons,,R6,
M-1089,"723 Ranch Rd, Wiley, CO 81092",Resident 1089,A-20089,2026-06-14,724877,gallons,,R6,
M-1089,"723 Ranch Rd, Wiley, CO 81092",Resident 1089,A-20089,2026-07-15,750502,gallons,,R6,
M-1090,"730 Irrigation Ln, Wiley, CO 81092",Resident 1090,A-20090,2026-01-14,501830,gallons,,R1,
M-1090,"730 Irrigation Ln, Wiley, CO 81092",Resident 1090,A-20090,2026-02-15,506453,gallons,,R1,
M-1090,"730 Irrigation Ln, Wiley, CO 81092",Resident 1090,A-20090,2026-03-16,513492,gallons,,R1,
M-1090,"730 Irrigation Ln, Wiley, CO 81092",Resident 1090,A-20090,2026-04-12,520737,gallons,,R1,
M-1090,"730 Irrigation Ln, Wiley, CO 81092",Resident 1090,A-20090,2026-05-13,529309,gallons,,R1,
M-1090,"730 Irrigation Ln, Wiley, CO 81092",Resident 1090,A-20090,2026-06-14,538158,gallons,,R1,
M-1090,"730 Irrigation Ln, Wiley, CO 81092",Resident 1090,A-20090,2026-07-15,548424,gallons,,R1,
M-1091,"737 North Frontage, Wiley, CO 81092",Resident 1091,A-20091,2026-01-14,475989,gallons,,R2,
M-1091,"737 North Frontage, Wiley, CO 81092",Resident 1091,A-20091,2026-02-15,481735,gallons,,R2,
M-1091,"737 North Frontage, Wiley, CO 81092",Resident 1091,A-20091,2026-03-16,490057,gallons,,R2,
M-1091,"737 North Frontage, Wiley, CO 81092",Resident 1091,A-20091,2026-04-12,498064,gallons,,R2,
M-1091,"737 North Frontage, Wiley, CO 81092",Resident 1091,A-20091,2026-05-13,506948,gallons,,R2,
M-1091,"737 North Frontage, Wiley, CO 81092",Resident 1091,A-20091,2026-06-14,517927,gallons,,R2,
M-1091,"737 North Frontage, Wiley, CO 81092",Resident 1091,A-20091,2026-07-15,528973,gallons,,R2,
M-1092,"744 South Loop, Wiley, CO 81092",Resident 1092,A-20092,2026-01-14,169503,gallons,,R3,
M-1092,"744 South Loop, Wiley, CO 81092",Resident 1092,A-20092,2026-02-15,171977,gallons,,R3,
M-1092,"744 South Loop, Wiley, CO 81092",Resident 1092,A-20092,2026-03-16,175452,gallons,,R3,
M-1092,"744 South Loop, Wiley, CO 81092",Resident 1092,A-20092,2026-04-12,179515,gallons,,R3,
M-1092,"744 South Loop, Wiley, CO 81092",Resident 1092,A-20092,2026-05-13,183591,gallons,,R3,
M-1092,"744 South Loop, Wiley, CO 81092",Resident 1092,A-20092,2026-06-14,188946,gallons,,R3,
M-1092,"744 South Loop, Wiley, CO 81092",Resident 1092,A-20092,2026-07-15,193903,gallons,,R3,
M-1093,"751 Pioneer Rd, Wiley, CO 81092",Resident 1093,A-20093,2026-01-14,210088,gallons,,R4,
M-1093,"751 Pioneer Rd, Wiley, CO 81092",Resident 1093,A-20093,2026-02-15,214808,gallons,,R4,
M-1093,"751 Pioneer Rd, Wiley, CO 81092",Resident 1093,A-20093,2026-03-16,221017,gallons,,R4,
M-1093,"751 Pioneer Rd, Wiley, CO 81092",Resident 1093,A-20093,2026-04-12,228237,gallons,,R4,
M-1093,"751 Pioneer Rd, Wiley, CO 81092",Resident 1093,A-20093,2026-05-13,235653,gallons,,R4,
M-1093,"751 Pioneer Rd, Wiley, CO 81092",Resident 1093,A-20093,2026-06-14,244741,gallons,,R4,
M-1093,"751 Pioneer Rd, Wiley, CO 81092",Resident 1093,A-20093,2026-07-15,253179,gallons,,R4,
M-1094,"758 Cottonwood Dr, Wiley, CO 81092",Resident 1094,A-20094,2026-01-14,479064,gallons,,R5,
M-1094,"758 Cottonwood Dr, Wiley, CO 81092",Resident 1094,A-20094,2026-02-15,484874,gallons,,R5,
M-1094,"758 Cottonwood Dr, Wiley, CO 81092",Resident 1094,A-20094,2026-03-16,492743,gallons,,R5,
M-1094,"758 Cottonwood Dr, Wiley, CO 81092",Resident 1094,A-20094,2026-04-12,500901,gallons,,R5,
M-1094,"758 Cottonwood Dr, Wiley, CO 81092",Resident 1094,A-20094,2026-05-13,509345,gallons,,R5,
M-1094,"758 Cottonwood Dr, Wiley, CO 81092",Resident 1094,A-20094,2026-06-14,519003,gallons,,R5,
M-1094,"758 Cottonwood Dr, Wiley, CO 81092",Resident 1094,A-20094,2026-07-15,529373,gallons,,R5,
M-1095,"765 Sand Creek Rd, Wiley, CO 81092",Resident 1095,A-20095,2026-01-14,238578,gallons,,R6,
M-1095,"765 Sand Creek Rd, Wiley, CO 81092",Resident 1095,A-20095,2026-02-15,241834,gallons,,R6,
M-1095,"765 Sand Creek Rd, Wiley, CO 81092",Resident 1095,A-20095,2026-03-16,245988,gallons,,R6,
M-1095,"765 Sand Creek Rd, Wiley, CO 81092",Resident 1095,A-20095,2026-04-12,249845,gallons,,R6,
M-1095,"765 Sand Creek Rd, Wiley, CO 81092",Resident 1095,A-20095,2026-05-13,255008,gallons,,R6,
M-1095,"765 Sand Creek Rd, Wiley, CO 81092",Resident 1095,A-20095,2026-06-14,260741,gallons,,R6,
M-1095,"765 Sand Creek Rd, Wiley, CO 81092",Resident 1095,A-20095,2026-07-15,266125,gallons,,R6,
M-1096,"772 Prairie View, Wiley, CO 81092",Resident 1096,A-20096,2026-01-14,381396,gallons,,R1,
M-1096,"772 Prairie View, Wiley, CO 81092",Resident 1096,A-20096,2026-02-15,383806,gallons,,R1,
M-1096,"772 Prairie View, Wiley, CO 81092",Resident 1096,A-20096,2026-03-16,386848,gallons,,R1,
M-1096,"772 Prairie View, Wiley, CO 81092",Resident 1096,A-20096,2026-04-12,390070,gallons,,R1,
M-1096,"772 Prairie View, Wiley, CO 81092",Resident 1096,A-20096,2026-05-13,394101,gallons,,R1,
M-1096,"772 Prairie View, Wiley, CO 81092",Resident 1096,A-20096,2026-06-14,398619,gallons,,R1,
M-1096,"772 Prairie View, Wiley, CO 81092",Resident 1096,A-20096,2026-07-15,402829,gallons,,R1,
M-1097,"779 School House Rd, Wiley, CO 81092",Resident 1097,A-20097,2026-01-14,295913,gallons,,R2,
M-1097,"779 School House Rd, Wiley, CO 81092",Resident 1097,A-20097,2026-02-15,300438,gallons,,R2,
M-1097,"779 School House Rd, Wiley, CO 81092",Resident 1097,A-20097,2026-03-16,306525,gallons,,R2,
M-1097,"779 School House Rd, Wiley, CO 81092",Resident 1097,A-20097,2026-04-12,313312,gallons,,R2,
M-1097,"779 School House Rd, Wiley, CO 81092",Resident 1097,A-20097,2026-05-13,320068,gallons,,R2,
M-1097,"779 School House Rd, Wiley, CO 81092",Resident 1097,A-20097,2026-06-14,328364,gallons,,R2,
M-1097,"779 School House Rd, Wiley, CO 81092",Resident 1097,A-20097,2026-07-15,337356,gallons,,R2,
M-1098,"786 Cemetery Rd, Wiley, CO 81092",Resident 1098,A-20098,2026-01-14,217921,gallons,,R3,
M-1098,"786 Cemetery Rd, Wiley, CO 81092",Resident 1098,A-20098,2026-02-15,222237,gallons,,R3,
M-1098,"786 Cemetery Rd, Wiley, CO 81092",Resident 1098,A-20098,2026-03-16,228118,gallons,,R3,
M-1098,"786 Cemetery Rd, Wiley, CO 81092",Resident 1098,A-20098,2026-04-12,233925,gallons,,R3,
M-1098,"786 Cemetery Rd, Wiley, CO 81092",Resident 1098,A-20098,2026-05-13,240043,gallons,,R3,
M-1098,"786 Cemetery Rd, Wiley, CO 81092",Resident 1098,A-20098,2026-06-14,247190,gallons,,R3,
M-1098,"786 Cemetery Rd, Wiley, CO 81092",Resident 1098,A-20098,2026-07-15,255238,gallons,,R3,
M-1099,"793 Grain Elevator Rd, Wiley, CO 81092",Resident 1099,A-20099,2026-01-14,312864,gallons,,R4,
M-1099,"793 Grain Elevator Rd, Wiley, CO 81092",Resident 1099,A-20099,2026-02-15,316437,gallons,,R4,
M-1099,"793 Grain Elevator Rd, Wiley, CO 81092",Resident 1099,A-20099,2026-03-16,320587,gallons,,R4,
M-1099,"793 Grain Elevator Rd, Wiley, CO 81092",Resident 1099,A-20099,2026-04-12,324688,gallons,,R4,
M-1099,"793 Grain Elevator Rd, Wiley, CO 81092",Resident 1099,A-20099,2026-05-13,329894,gallons,,R4,
M-1099,"793 Grain Elevator Rd, Wiley, CO 81092",Resident 1099,A-20099,2026-06-14,336623,gallons,,R4,
M-1099,"793 Grain Elevator Rd, Wiley, CO 81092",Resident 1099,A-20099,2026-07-15,342570,gallons,,R4,
M-1100,"800 Main St, Wiley, CO 81092",Resident 1100,A-20100,2026-01-14,214164,gallons,,R5,
M-1100,"800 Main St, Wiley, CO 81092",Resident 1100,A-20100,2026-02-15,219235,gallons,,R5,
M-1100,"800 Main St, Wiley, CO 81092",Resident 1100,A-20100,2026-03-16,227137,gallons,,R5,
M-1100,"800 Main St, Wiley, CO 81092",Resident 1100,A-20100,2026-04-12,235129,gallons,,R5,
M-1100,"800 Main St, Wiley, CO 81092",Resident 1100,A-20100,2026-05-13,244162,gallons,,R5,
M-1100,"800 Main St, Wiley, CO 81092",Resident 1100,A-20100,2026-06-14,253726,gallons,,R5,
M-1100,"800 Main St, Wiley, CO 81092",Resident 1100,A-20100,2026-07-15,265038,gallons,,R5,
M-1101,"807 County Rd 10, Wiley, CO 81092",Resident 1101,A-20101,2026-01-14,311934,gallons,,R6,
M-1101,"807 County Rd 10, Wiley, CO 81092",Resident 1101,A-20101,2026-02-15,317077,gallons,,R6,
M-1101,"807 County Rd 10, Wiley, CO 81092",Resident 1101,A-20101,2026-03-16,324893,gallons,,R6,
M-1101,"807 County Rd 10, Wiley, CO 81092",Resident 1101,A-20101,2026-04-12,332452,gallons,,R6,
M-1101,"807 County Rd 10, Wiley, CO 81092",Resident 1101,A-20101,2026-05-13,342604,gallons,,R6,
M-1101,"807 County Rd 10, Wiley, CO 81092",Resident 1101,A-20101,2026-06-14,352169,gallons,,R6,
M-1101,"807 County Rd 10, Wiley, CO 81092",Resident 1101,A-20101,2026-07-15,363189,gallons,,R6,
M-1102,"814 County Rd 14, Wiley, CO 81092",Resident 1102,A-20102,2026-01-14,368728,gallons,,R1,
M-1102,"814 County Rd 14, Wiley, CO 81092",Resident 1102,A-20102,2026-02-15,374331,gallons,,R1,
M-1102,"814 County Rd 14, Wiley, CO 81092",Resident 1102,A-20102,2026-03-16,380351,gallons,,R1,
M-1102,"814 County Rd 14, Wiley, CO 81092",Resident 1102,A-20102,2026-04-12,386973,gallons,,R1,
M-1102,"814 County Rd 14, Wiley, CO 81092",Resident 1102,A-20102,2026-05-13,395573,gallons,,R1,
M-1102,"814 County Rd 14, Wiley, CO 81092",Resident 1102,A-20102,2026-06-14,403398,gallons,,R1,
M-1102,"814 County Rd 14, Wiley, CO 81092",Resident 1102,A-20102,2026-07-15,413055,gallons,,R1,
M-1103,"821 Highway 287, Wiley, CO 81092",Resident 1103,A-20103,2026-01-14,275524,gallons,,R2,
M-1103,"821 Highway 287, Wiley, CO 81092",Resident 1103,A-20103,2026-02-15,278682,gallons,,R2,
M-1103,"821 Highway 287, Wiley, CO 81092",Resident 1103,A-20103,2026-03-16,282939,gallons,,R2,
M-1103,"821 Highway 287, Wiley, CO 81092",Resident 1103,A-20103,2026-04-12,286586,gallons,,R2,
M-1103,"821 Highway 287, Wiley, CO 81092",Resident 1103,A-20103,2026-05-13,291481,gallons,,R2,
M-1103,"821 Highway 287, Wiley, CO 81092",Resident 1103,A-20103,2026-06-14,296924,gallons,,R2,
M-1103,"821 Highway 287, Wiley, CO 81092",Resident 1103,A-20103,2026-07-15,302268,gallons,,R2,
M-1104,"828 Maple Ave, Wiley, CO 81092",Resident 1104,A-20104,2026-01-14,270857,gallons,,R3,
M-1104,"828 Maple Ave, Wiley, CO 81092",Resident 1104,A-20104,2026-02-15,277516,gallons,,R3,
M-1104,"828 Maple Ave, Wiley, CO 81092",Resident 1104,A-20104,2026-03-16,285294,gallons,,R3,
M-1104,"828 Maple Ave, Wiley, CO 81092",Resident 1104,A-20104,2026-04-12,292435,gallons,,R3,
M-1104,"828 Maple Ave, Wiley, CO 81092",Resident 1104,A-20104,2026-05-13,301329,gallons,,R3,
M-1104,"828 Maple Ave, Wiley, CO 81092",Resident 1104,A-20104,2026-06-14,311496,gallons,,R3,
M-1104,"828 Maple Ave, Wiley, CO 81092",Resident 1104,A-20104,2026-07-15,321129,gallons,,R3,
M-1105,"835 Oak St, Wiley, CO 81092",Resident 1105,A-20105,2026-01-14,369415,gallons,,R4,
M-1105,"835 Oak St, Wiley, CO 81092",Resident 1105,A-20105,2026-02-15,373576,gallons,,R4,
M-1105,"835 Oak St, Wiley, CO 81092",Resident 1105,A-20105,2026-03-16,377862,gallons,,R4,
M-1105,"835 Oak St, Wiley, CO 81092",Resident 1105,A-20105,2026-04-12,383190,gallons,,R4,
M-1105,"835 Oak St, Wiley, CO 81092",Resident 1105,A-20105,2026-05-13,389416,gallons,,R4,
M-1105,"835 Oak St, Wiley, CO 81092",Resident 1105,A-20105,2026-06-14,395167,gallons,,R4,
M-1105,"835 Oak St, Wiley, CO 81092",Resident 1105,A-20105,2026-07-15,401684,gallons,,R4,
M-1106,"842 Elm St, Wiley, CO 81092",Resident 1106,A-20106,2026-01-14,489012,gallons,,R5,
M-1106,"842 Elm St, Wiley, CO 81092",Resident 1106,A-20106,2026-02-15,495180,gallons,,R5,
M-1106,"842 Elm St, Wiley, CO 81092",Resident 1106,A-20106,2026-03-16,504119,gallons,,R5,
M-1106,"842 Elm St, Wiley, CO 81092",Resident 1106,A-20106,2026-04-12,513190,gallons,,R5,
M-1106,"842 Elm St, Wiley, CO 81092",Resident 1106,A-20106,2026-05-13,523611,gallons,,R5,
M-1106,"842 Elm St, Wiley, CO 81092",Resident 1106,A-20106,2026-06-14,536728,gallons,,R5,
M-1106,"842 Elm St, Wiley, CO 81092",Resident 1106,A-20106,2026-07-15,549118,gallons,,R5,
M-1107,"849 3rd Ave, Wiley, CO 81092",Resident 1107,A-20107,2026-01-14,258332,gallons,,R6,
M-1107,"849 3rd Ave, Wiley, CO 81092",Resident 1107,A-20107,2026-02-15,260319,gallons,,R6,
M-1107,"849 3rd Ave, Wiley, CO 81092",Resident 1107,A-20107,2026-03-16,263104,gallons,,R6,
M-1107,"849 3rd Ave, Wiley, CO 81092",Resident 1107,A-20107,2026-04-12,265514,gallons,,R6,
M-1107,"849 3rd Ave, Wiley, CO 81092",Resident 1107,A-20107,2026-05-13,268470,gallons,,R6,
M-1107,"849 3rd Ave, Wiley, CO 81092",Resident 1107,A-20107,2026-06-14,272103,gallons,,R6,
M-1107,"849 3rd Ave, Wiley, CO 81092",Resident 1107,A-20107,2026-07-15,276030,gallons,,R6,
M-1108,"856 5th St, Wiley, CO 81092",Resident 1108,A-20108,2026-01-14,444180,gallons,,R1,
M-1108,"856 5th St, Wiley, CO 81092",Resident 1108,A-20108,2026-02-15,447331,gallons,,R1,
M-1108,"856 5th St, Wiley, CO 81092",Resident 1108,A-20108,2026-03-16,451633,gallons,,R1,
M-1108,"856 5th St, Wiley, CO 81092",Resident 1108,A-20108,2026-04-12,455318,gallons,,R1,
M-1108,"856 5th St, Wiley, CO 81092",Resident 1108,A-20108,2026-05-13,459888,gallons,,R1,
M-1108,"856 5th St, Wiley, CO 81092",Resident 1108,A-20108,2026-06-14,465036,gallons,,R1,
M-1108,"856 5th St, Wiley, CO 81092",Resident 1108,A-20108,2026-07-15,471045,gallons,,R1,
M-1109,"863 Ranch Rd, Wiley, CO 81092",Resident 1109,A-20109,2026-01-14,439361,gallons,,R2,
M-1109,"863 Ranch Rd, Wiley, CO 81092",Resident 1109,A-20109,2026-02-15,441213,gallons,,R2,
M-1109,"863 Ranch Rd, Wiley, CO 81092",Resident 1109,A-20109,2026-03-16,443728,gallons,,R2,
M-1109,"863 Ranch Rd, Wiley, CO 81092",Resident 1109,A-20109,2026-04-12,446406,gallons,,R2,
M-1109,"863 Ranch Rd, Wiley, CO 81092",Resident 1109,A-20109,2026-05-13,449612,gallons,,R2,
M-1109,"863 Ranch Rd, Wiley, CO 81092",Resident 1109,A-20109,2026-06-14,452619,gallons,,R2,
M-1109,"863 Ranch Rd, Wiley, CO 81092",Resident 1109,A-20109,2026-07-15,455818,gallons,,R2,
M-1110,"870 Irrigation Ln, Wiley, CO 81092",Resident 1110,A-20110,2026-01-14,415947,gallons,,R3,
M-1110,"870 Irrigation Ln, Wiley, CO 81092",Resident 1110,A-20110,2026-02-15,419057,gallons,,R3,
M-1110,"870 Irrigation Ln, Wiley, CO 81092",Resident 1110,A-20110,2026-03-16,423806,gallons,,R3,
M-1110,"870 Irrigation Ln, Wiley, CO 81092",Resident 1110,A-20110,2026-04-12,427913,gallons,,R3,
M-1110,"870 Irrigation Ln, Wiley, CO 81092",Resident 1110,A-20110,2026-05-13,433666,gallons,,R3,
M-1110,"870 Irrigation Ln, Wiley, CO 81092",Resident 1110,A-20110,2026-06-14,440644,gallons,,R3,
M-1110,"870 Irrigation Ln, Wiley, CO 81092",Resident 1110,A-20110,2026-07-15,446909,gallons,,R3,
M-1111,"877 North Frontage, Wiley, CO 81092",Resident 1111,A-20111,2026-01-14,152852,gallons,,R4,
M-1111,"877 North Frontage, Wiley, CO 81092",Resident 1111,A-20111,2026-02-15,157172,gallons,,R4,
M-1111,"877 North Frontage, Wiley, CO 81092",Resident 1111,A-20111,2026-03-16,163241,gallons,,R4,
M-1111,"877 North Frontage, Wiley, CO 81092",Resident 1111,A-20111,2026-04-12,169510,gallons,,R4,
M-1111,"877 North Frontage, Wiley, CO 81092",Resident 1111,A-20111,2026-05-13,175554,gallons,,R4,
M-1111,"877 North Frontage, Wiley, CO 81092",Resident 1111,A-20111,2026-06-14,182191,gallons,,R4,
M-1111,"877 North Frontage, Wiley, CO 81092",Resident 1111,A-20111,2026-07-15,190321,gallons,,R4,
M-1112,"884 South Loop, Wiley, CO 81092",Resident 1112,A-20112,2026-01-14,416285,gallons,,R5,
M-1112,"884 South Loop, Wiley, CO 81092",Resident 1112,A-20112,2026-02-15,419478,gallons,,R5,
M-1112,"884 South Loop, Wiley, CO 81092",Resident 1112,A-20112,2026-03-16,423879,gallons,,R5,
M-1112,"884 South Loop, Wiley, CO 81092",Resident 1112,A-20112,2026-04-12,427923,gallons,,R5,
M-1112,"884 South Loop, Wiley, CO 81092",Resident 1112,A-20112,2026-05-13,432933,gallons,,R5,
M-1112,"884 South Loop, Wiley, CO 81092",Resident 1112,A-20112,2026-06-14,439668,gallons,,R5,
M-1112,"884 South Loop, Wiley, CO 81092",Resident 1112,A-20112,2026-07-15,444720,gallons,,R5,
M-1113,"891 Pioneer Rd, Wiley, CO 81092",Resident 1113,A-20113,2026-01-14,256950,gallons,,R6,
M-1113,"891 Pioneer Rd, Wiley, CO 81092",Resident 1113,A-20113,2026-02-15,259139,gallons,,R6,
M-1113,"891 Pioneer Rd, Wiley, CO 81092",Resident 1113,A-20113,2026-03-16,261791,gallons,,R6,
M-1113,"891 Pioneer Rd, Wiley, CO 81092",Resident 1113,A-20113,2026-04-12,264492,gallons,,R6,
M-1113,"891 Pioneer Rd, Wiley, CO 81092",Resident 1113,A-20113,2026-05-13,268090,gallons,,R6,
M-1113,"891 Pioneer Rd, Wiley, CO 81092",Resident 1113,A-20113,2026-06-14,271990,gallons,,R6,
M-1113,"891 Pioneer Rd, Wiley, CO 81092",Resident 1113,A-20113,2026-07-15,275147,gallons,,R6,
M-1114,"898 Cottonwood Dr, Wiley, CO 81092",Resident 1114,A-20114,2026-01-14,467861,gallons,,R1,
M-1114,"898 Cottonwood Dr, Wiley, CO 81092",Resident 1114,A-20114,2026-02-15,470743,gallons,,R1,
M-1114,"898 Cottonwood Dr, Wiley, CO 81092",Resident 1114,A-20114,2026-03-16,474664,gallons,,R1,
M-1114,"898 Cottonwood Dr, Wiley, CO 81092",Resident 1114,A-20114,2026-04-12,478295,gallons,,R1,
M-1114,"898 Cottonwood Dr, Wiley, CO 81092",Resident 1114,A-20114,2026-05-13,482354,gallons,,R1,
M-1114,"898 Cottonwood Dr, Wiley, CO 81092",Resident 1114,A-20114,2026-06-14,486955,gallons,,R1,
M-1114,"898 Cottonwood Dr, Wiley, CO 81092",Resident 1114,A-20114,2026-07-15,492031,gallons,,R1,
M-1115,"905 Sand Creek Rd, Wiley, CO 81092",Resident 1115,A-20115,2026-01-14,227347,gallons,,R2,
M-1115,"905 Sand Creek Rd, Wiley, CO 81092",Resident 1115,A-20115,2026-02-15,232306,gallons,,R2,
M-1115,"905 Sand Creek Rd, Wiley, CO 81092",Resident 1115,A-20115,2026-03-16,240119,gallons,,R2,
M-1115,"905 Sand Creek Rd, Wiley, CO 81092",Resident 1115,A-20115,2026-04-12,247135,gallons,,R2,
M-1115,"905 Sand Creek Rd, Wiley, CO 81092",Resident 1115,A-20115,2026-05-13,254316,gallons,,R2,
M-1115,"905 Sand Creek Rd, Wiley, CO 81092",Resident 1115,A-20115,2026-06-14,264836,gallons,,R2,
M-1115,"905 Sand Creek Rd, Wiley, CO 81092",Resident 1115,A-20115,2026-07-15,274229,gallons,,R2,
M-1116,"912 Prairie View, Wiley, CO 81092",Resident 1116,A-20116,2026-01-14,263500,gallons,,R3,
M-1116,"912 Prairie View, Wiley, CO 81092",Resident 1116,A-20116,2026-02-15,268673,gallons,,R3,
M-1116,"912 Prairie View, Wiley, CO 81092",Resident 1116,A-20116,2026-03-16,277037,gallons,,R3,
M-1116,"912 Prairie View, Wiley, CO 81092",Resident 1116,A-20116,2026-04-12,285474,gallons,,R3,
M-1116,"912 Prairie View, Wiley, CO 81092",Resident 1116,A-20116,2026-05-13,295298,gallons,,R3,
M-1116,"912 Prairie View, Wiley, CO 81092",Resident 1116,A-20116,2026-06-14,305164,gallons,,R3,
M-1116,"912 Prairie View, Wiley, CO 81092",Resident 1116,A-20116,2026-07-15,314903,gallons,,R3,
M-1117,"919 School House Rd, Wiley, CO 81092",Resident 1117,A-20117,2026-01-14,276519,gallons,,R4,
M-1117,"919 School House Rd, Wiley, CO 81092",Resident 1117,A-20117,2026-02-15,279935,gallons,,R4,
M-1117,"919 School House Rd, Wiley, CO 81092",Resident 1117,A-20117,2026-03-16,284500,gallons,,R4,
M-1117,"919 School House Rd, Wiley, CO 81092",Resident 1117,A-20117,2026-04-12,288683,gallons,,R4,
M-1117,"919 School House Rd, Wiley, CO 81092",Resident 1117,A-20117,2026-05-13,293494,gallons,,R4,
M-1117,"919 School House Rd, Wiley, CO 81092",Resident 1117,A-20117,2026-06-14,300355,gallons,,R4,
M-1117,"919 School House Rd, Wiley, CO 81092",Resident 1117,A-20117,2026-07-15,306688,gallons,,R4,
M-1118,"926 Cemetery Rd, Wiley, CO 81092",Resident 1118,A-20118,2026-01-14,184197,gallons,,R5,
M-1118,"926 Cemetery Rd, Wiley, CO 81092",Resident 1118,A-20118,2026-02-15,186982,gallons,,R5,
M-1118,"926 Cemetery Rd, Wiley, CO 81092",Resident 1118,A-20118,2026-03-16,186982,gallons,,R5,
M-1118,"926 Cemetery Rd, Wiley, CO 81092",Resident 1118,A-20118,2026-04-12,186982,gallons,,R5,
M-1118,"926 Cemetery Rd, Wiley, CO 81092",Resident 1118,A-20118,2026-05-13,186982,gallons,,R5,
M-1118,"926 Cemetery Rd, Wiley, CO 81092",Resident 1118,A-20118,2026-06-14,186982,gallons,,R5,
M-1118,"926 Cemetery Rd, Wiley, CO 81092",Resident 1118,A-20118,2026-07-15,186982,gallons,,R5,
M-1119,"933 Grain Elevator Rd, Wiley, CO 81092",Resident 1119,A-20119,2026-01-14,242486,gallons,,R6,
M-1119,"933 Grain Elevator Rd, Wiley, CO 81092",Resident 1119,A-20119,2026-02-15,248070,gallons,,R6,
M-1119,"933 Grain Elevator Rd, Wiley, CO 81092",Resident 1119,A-20119,2026-03-16,255231,gallons,,R6,
M-1119,"933 Grain Elevator Rd, Wiley, CO 81092",Resident 1119,A-20119,2026-04-12,263643,gallons,,R6,
M-1119,"933 Grain Elevator Rd, Wiley, CO 81092",Resident 1119,A-20119,2026-05-13,271494,gallons,,R6,
M-1119,"933 Grain Elevator Rd, Wiley, CO 81092",Resident 1119,A-20119,2026-06-14,280482,gallons,,R6,
M-1119,"933 Grain Elevator Rd, Wiley, CO 81092",Resident 1119,A-20119,2026-07-15,291965,gallons,,R6,
M-1120,"940 Main St, Wiley, CO 81092",Resident 1120,A-20120,2026-01-14,451266,gallons,,R1,
M-1120,"940 Main St, Wiley, CO 81092",Resident 1120,A-20120,2026-02-15,456069,gallons,,R1,
M-1120,"940 Main St, Wiley, CO 81092",Resident 1120,A-20120,2026-03-16,461467,gallons,,R1,
M-1120,"940 Main St, Wiley, CO 81092",Resident 1120,A-20120,2026-04-12,468651,gallons,,R1,
M-1120,"940 Main St, Wiley, CO 81092",Resident 1120,A-20120,2026-05-13,475137,gallons,,R1,
M-1120,"940 Main St, Wiley, CO 81092",Resident 1120,A-20120,2026-06-14,482716,gallons,,R1,
M-1120,"940 Main St, Wiley, CO 81092",Resident 1120,A-20120,2026-07-15,490849,gallons,,R1,
M-1121,"947 County Rd 10, Wiley, CO 81092",Resident 1121,A-20121,2026-01-14,227695,gallons,,R2,
M-1121,"947 County Rd 10, Wiley, CO 81092",Resident 1121,A-20121,2026-02-15,231427,gallons,,R2,
M-1121,"947 County Rd 10, Wiley, CO 81092",Resident 1121,A-20121,2026-03-16,236125,gallons,,R2,
M-1121,"947 County Rd 10, Wiley, CO 81092",Resident 1121,A-20121,2026-04-12,241398,gallons,,R2,
M-1121,"947 County Rd 10, Wiley, CO 81092",Resident 1121,A-20121,2026-05-13,247640,gallons,,R2,
M-1121,"947 County Rd 10, Wiley, CO 81092",Resident 1121,A-20121,2026-06-14,255851,gallons,,R2,
M-1121,"947 County Rd 10, Wiley, CO 81092",Resident 1121,A-20121,2026-07-15,264243,gallons,,R2,
M-1122,"954 County Rd 14, Wiley, CO 81092",Resident 1122,A-20122,2026-01-14,331115,gallons,,R3,
M-1122,"954 County Rd 14, Wiley, CO 81092",Resident 1122,A-20122,2026-02-15,337365,gallons,,R3,
M-1122,"954 County Rd 14, Wiley, CO 81092",Resident 1122,A-20122,2026-03-16,345585,gallons,,R3,
M-1122,"954 County Rd 14, Wiley, CO 81092",Resident 1122,A-20122,2026-04-12,352406,gallons,,R3,
M-1122,"954 County Rd 14, Wiley, CO 81092",Resident 1122,A-20122,2026-05-13,361747,gallons,,R3,
M-1122,"954 County Rd 14, Wiley, CO 81092",Resident 1122,A-20122,2026-06-14,371094,gallons,,R3,
M-1122,"954 County Rd 14, Wiley, CO 81092",Resident 1122,A-20122,2026-07-15,380263,gallons,,R3,
M-1123,"961 Highway 287, Wiley, CO 81092",Resident 1123,A-20123,2026-01-14,307581,gallons,,R4,
M-1123,"961 Highway 287, Wiley, CO 81092",Resident 1123,A-20123,2026-02-15,312373,gallons,,R4,
M-1123,"961 Highway 287, Wiley, CO 81092",Resident 1123,A-20123,2026-03-16,318060,gallons,,R4,
M-1123,"961 Highway 287, Wiley, CO 81092",Resident 1123,A-20123,2026-04-12,323809,gallons,,R4,
M-1123,"961 Highway 287, Wiley, CO 81092",Resident 1123,A-20123,2026-05-13,331571,gallons,,R4,
M-1123,"961 Highway 287, Wiley, CO 81092",Resident 1123,A-20123,2026-06-14,340679,gallons,,R4,
M-1123,"961 Highway 287, Wiley, CO 81092",Resident 1123,A-20123,2026-07-15,348201,gallons,,R4,
M-1124,"968 Maple Ave, Wiley, CO 81092",Resident 1124,A-20124,2026-01-14,428759,gallons,,R5,
M-1124,"968 Maple Ave, Wiley, CO 81092",Resident 1124,A-20124,2026-02-15,431222,gallons,,R5,
M-1124,"968 Maple Ave, Wiley, CO 81092",Resident 1124,A-20124,2026-03-16,434836,gallons,,R5,
M-1124,"968 Maple Ave, Wiley, CO 81092",Resident 1124,A-20124,2026-04-12,438128,gallons,,R5,
M-1124,"968 Maple Ave, Wiley, CO 81092",Resident 1124,A-20124,2026-05-13,441996,gallons,,R5,
M-1124,"968 Maple Ave, Wiley, CO 81092",Resident 1124,A-20124,2026-06-14,447090,gallons,,R5,
M-1124,"968 Maple Ave, Wiley, CO 81092",Resident 1124,A-20124,2026-07-15,451255,gallons,,R5,
M-1125,"975 Oak St, Wiley, CO 81092",Resident 1125,A-20125,2026-01-14,239190,gallons,,R6,
M-1125,"975 Oak St, Wiley, CO 81092",Resident 1125,A-20125,2026-02-15,242410,gallons,,R6,
M-1125,"975 Oak St, Wiley, CO 81092",Resident 1125,A-20125,2026-03-16,246158,gallons,,R6,
M-1125,"975 Oak St, Wiley, CO 81092",Resident 1125,A-20125,2026-04-12,250654,gallons,,R6,
M-1125,"975 Oak St, Wiley, CO 81092",Resident 1125,A-20125,2026-05-13,255278,gallons,,R6,
M-1125,"975 Oak St, Wiley, CO 81092",Resident 1125,A-20125,2026-06-14,260383,gallons,,R6,
M-1125,"975 Oak St, Wiley, CO 81092",Resident 1125,A-20125,2026-07-15,265860,gallons,,R6,
M-1126,"982 Elm St, Wiley, CO 81092",Resident 1126,A-20126,2026-01-14,290587,gallons,,R1,
M-1126,"982 Elm St, Wiley, CO 81092",Resident 1126,A-20126,2026-02-15,292841,gallons,,R1,
M-1126,"982 Elm St, Wiley, CO 81092",Resident 1126,A-20126,2026-03-16,296576,gallons,,R1,
M-1126,"982 Elm St, Wiley, CO 81092",Resident 1126,A-20126,2026-04-12,299490,gallons,,R1,
M-1126,"982 Elm St, Wiley, CO 81092",Resident 1126,A-20126,2026-05-13,303399,gallons,,R1,
M-1126,"982 Elm St, Wiley, CO 81092",Resident 1126,A-20126,2026-06-14,307559,gallons,,R1,
M-1126,"982 Elm St, Wiley, CO 81092",Resident 1126,A-20126,2026-07-15,311631,gallons,,R1,
M-1127,"989 3rd Ave, Wiley, CO 81092",Resident 1127,A-20127,2026-01-14,234040,gallons,,R2,
M-1127,"989 3rd Ave, Wiley, CO 81092",Resident 1127,A-20127,2026-02-15,237421,gallons,,R2,
M-1127,"989 3rd Ave, Wiley, CO 81092",Resident 1127,A-20127,2026-03-16,241440,gallons,,R2,
M-1127,"989 3rd Ave, Wiley, CO 81092",Resident 1127,A-20127,2026-04-12,245732,gallons,,R2,
M-1127,"989 3rd Ave, Wiley, CO 81092",Resident 1127,A-20127,2026-05-13,251311,gallons,,R2,
M-1127,"989 3rd Ave, Wiley, CO 81092",Resident 1127,A-20127,2026-06-14,257173,gallons,,R2,
M-1127,"989 3rd Ave, Wiley, CO 81092",Resident 1127,A-20127,2026-07-15,263463,gallons,,R2,
M-1128,"996 5th St, Wiley, CO 81092",Resident 1128,A-20128,2026-01-14,537481,gallons,,R3,
M-1128,"996 5th St, Wiley, CO 81092",Resident 1128,A-20128,2026-02-15,544450,gallons,,R3,
M-1128,"996 5th St, Wiley, CO 81092",Resident 1128,A-20128,2026-03-16,551749,gallons,,R3,
M-1128,"996 5th St, Wiley, CO 81092",Resident 1128,A-20128,2026-04-12,558935,gallons,,R3,
M-1128,"996 5th St, Wiley, CO 81092",Resident 1128,A-20128,2026-05-13,568077,gallons,,R3,
M-1128,"996 5th St, Wiley, CO 81092",Resident 1128,A-20128,2026-06-14,578398,gallons,,R3,
M-1128,"996 5th St, Wiley, CO 81092",Resident 1128,A-20128,2026-07-15,588751,gallons,,R3,
M-1129,"1003 Ranch Rd, Wiley, CO 81092",Resident 1129,A-20129,2026-01-14,311824,gallons,,R4,
M-1129,"1003 Ranch Rd, Wiley, CO 81092",Resident 1129,A-20129,2026-02-15,317272,gallons,,R4,
M-1129,"1003 Ranch Rd, Wiley, CO 81092",Resident 1129,A-20129,2026-03-16,323754,gallons,,R4,
M-1129,"1003 Ranch Rd, Wiley, CO 81092",Resident 1129,A-20129,2026-04-12,331431,gallons,,R4,
M-1129,"1003 Ranch Rd, Wiley, CO 81092",Resident 1129,A-20129,2026-05-13,338687,gallons,,R4,
M-1129,"1003 Ranch Rd, Wiley, CO 81092",Resident 1129,A-20129,2026-06-14,347888,gallons,,R4,
M-1129,"1003 Ranch Rd, Wiley, CO 81092",Resident 1129,A-20129,2026-07-15,356228,gallons,,R4,
M-1130,"1010 Irrigation Ln, Wiley, CO 81092",Resident 1130,A-20130,2026-01-14,438731,gallons,,R5,
M-1130,"1010 Irrigation Ln, Wiley, CO 81092",Resident 1130,A-20130,2026-02-15,443564,gallons,,R5,
M-1130,"1010 Irrigation Ln, Wiley, CO 81092",Resident 1130,A-20130,2026-03-16,449895,gallons,,R5,
M-1130,"1010 Irrigation Ln, Wiley, CO 81092",Resident 1130,A-20130,2026-04-12,456452,gallons,,R5,
M-1130,"1010 Irrigation Ln, Wiley, CO 81092",Resident 1130,A-20130,2026-05-13,464463,gallons,,R5,
M-1130,"1010 Irrigation Ln, Wiley, CO 81092",Resident 1130,A-20130,2026-06-14,473405,gallons,,R5,
M-1130,"1010 Irrigation Ln, Wiley, CO 81092",Resident 1130,A-20130,2026-07-15,481467,gallons,,R5,
M-1131,"1017 North Frontage, Wiley, CO 81092",Resident 1131,A-20131,2026-01-14,384136,gallons,,R6,
M-1131,"1017 North Frontage, Wiley, CO 81092",Resident 1131,A-20131,2026-02-15,387728,gallons,,R6,
M-1131,"1017 North Frontage, Wiley, CO 81092",Resident 1131,A-20131,2026-03-16,391885,gallons,,R6,
M-1131,"1017 North Frontage, Wiley, CO 81092",Resident 1131,A-20131,2026-04-12,396046,gallons,,R6,
M-1131,"1017 North Frontage, Wiley, CO 81092",Resident 1131,A-20131,2026-05-13,400562,gallons,,R6,
M-1131,"1017 North Frontage, Wiley, CO 81092",Resident 1131,A-20131,2026-06-14,407229,gallons,,R6,
M-1131,"1017 North Frontage, Wiley, CO 81092",Resident 1131,A-20131,2026-07-15,412684,gallons,,R6,
M-1132,"1024 South Loop, Wiley, CO 81092",Resident 1132,A-20132,2026-01-14,329852,gallons,,R1,
M-1132,"1024 South Loop, Wiley, CO 81092",Resident 1132,A-20132,2026-02-15,336274,gallons,,R1,
M-1132,"1024 South Loop, Wiley, CO 81092",Resident 1132,A-20132,2026-03-16,344995,gallons,,R1,
M-1132,"1024 South Loop, Wiley, CO 81092",Resident 1132,A-20132,2026-04-12,353579,gallons,,R1,
M-1132,"1024 South Loop, Wiley, CO 81092",Resident 1132,A-20132,2026-05-13,364177,gallons,,R1,
M-1132,"1024 South Loop, Wiley, CO 81092",Resident 1132,A-20132,2026-06-14,374630,gallons,,R1,
M-1132,"1024 South Loop, Wiley, CO 81092",Resident 1132,A-20132,2026-07-15,384516,gallons,,R1,
M-1133,"1031 Pioneer Rd, Wiley, CO 81092",Resident 1133,A-20133,2026-01-14,198717,gallons,,R2,
M-1133,"1031 Pioneer Rd, Wiley, CO 81092",Resident 1133,A-20133,2026-02-15,203397,gallons,,R2,
M-1133,"1031 Pioneer Rd, Wiley, CO 81092",Resident 1133,A-20133,2026-03-16,209855,gallons,,R2,
M-1133,"1031 Pioneer Rd, Wiley, CO 81092",Resident 1133,A-20133,2026-04-12,217201,gallons,,R2,
M-1133,"1031 Pioneer Rd, Wiley, CO 81092",Resident 1133,A-20133,2026-05-13,225245,gallons,,R2,
M-1133,"1031 Pioneer Rd, Wiley, CO 81092",Resident 1133,A-20133,2026-06-14,234164,gallons,,R2,
M-1133,"1031 Pioneer Rd, Wiley, CO 81092",Resident 1133,A-20133,2026-07-15,244535,gallons,,R2,
M-1134,"1038 Cottonwood Dr, Wiley, CO 81092",Resident 1134,A-20134,2026-01-14,199406,gallons,,R3,
M-1134,"1038 Cottonwood Dr, Wiley, CO 81092",Resident 1134,A-20134,2026-02-15,203434,gallons,,R3,
M-1134,"1038 Cottonwood Dr, Wiley, CO 81092",Resident 1134,A-20134,2026-03-16,209396,gallons,,R3,
M-1134,"1038 Cottonwood Dr, Wiley, CO 81092",Resident 1134,A-20134,2026-04-12,215622,gallons,,R3,
M-1134,"1038 Cottonwood Dr, Wiley, CO 81092",Resident 1134,A-20134,2026-05-13,222791,gallons,,R3,
M-1134,"1038 Cottonwood Dr, Wiley, CO 81092",Resident 1134,A-20134,2026-06-14,230620,gallons,,R3,
M-1134,"1038 Cottonwood Dr, Wiley, CO 81092",Resident 1134,A-20134,2026-07-15,237488,gallons,,R3,
M-1135,"1045 Sand Creek Rd, Wiley, CO 81092",Resident 1135,A-20135,2026-01-14,505604,gallons,,R4,
M-1135,"1045 Sand Creek Rd, Wiley, CO 81092",Resident 1135,A-20135,2026-02-15,511606,gallons,,R4,
M-1135,"1045 Sand Creek Rd, Wiley, CO 81092",Resident 1135,A-20135,2026-03-16,518779,gallons,,R4,
M-1135,"1045 Sand Creek Rd, Wiley, CO 81092",Resident 1135,A-20135,2026-04-12,526197,gallons,,R4,
M-1135,"1045 Sand Creek Rd, Wiley, CO 81092",Resident 1135,A-20135,2026-05-13,533833,gallons,,R4,
M-1135,"1045 Sand Creek Rd, Wiley, CO 81092",Resident 1135,A-20135,2026-06-14,542027,gallons,,R4,
M-1135,"1045 Sand Creek Rd, Wiley, CO 81092",Resident 1135,A-20135,2026-07-15,551887,gallons,,R4,
M-1136,"1052 Prairie View, Wiley, CO 81092",Resident 1136,A-20136,2026-01-14,373501,gallons,,R5,
M-1136,"1052 Prairie View, Wiley, CO 81092",Resident 1136,A-20136,2026-02-15,377635,gallons,,R5,
M-1136,"1052 Prairie View, Wiley, CO 81092",Resident 1136,A-20136,2026-03-16,383779,gallons,,R5,
M-1136,"1052 Prairie View, Wiley, CO 81092",Resident 1136,A-20136,2026-04-12,389758,gallons,,R5,
M-1136,"1052 Prairie View, Wiley, CO 81092",Resident 1136,A-20136,2026-05-13,395321,gallons,,R5,
M-1136,"1052 Prairie View, Wiley, CO 81092",Resident 1136,A-20136,2026-06-14,401663,gallons,,R5,
M-1136,"1052 Prairie View, Wiley, CO 81092",Resident 1136,A-20136,2026-07-15,409901,gallons,,R5,
M-1137,"1059 School House Rd, Wiley, CO 81092",Resident 1137,A-20137,2026-01-14,290707,gallons,,R6,
M-1137,"1059 School House Rd, Wiley, CO 81092",Resident 1137,A-20137,2026-02-15,294389,gallons,,R6,
M-1137,"1059 School House Rd, Wiley, CO 81092",Resident 1137,A-20137,2026-03-16,298880,gallons,,R6,
M-1137,"1059 School House Rd, Wiley, CO 81092",Resident 1137,A-20137,2026-04-12,303278,gallons,,R6,
M-1137,"1059 School House Rd, Wiley, CO 81092",Resident 1137,A-20137,2026-05-13,308730,gallons,,R6,
M-1137,"1059 School House Rd, Wiley, CO 81092",Resident 1137,A-20137,2026-06-14,315982,gallons,,R6,
M-1137,"1059 School House Rd, Wiley, CO 81092",Resident 1137,A-20137,2026-07-15,322616,gallons,,R6,
M-1138,"1066 Cemetery Rd, Wiley, CO 81092",Resident 1138,A-20138,2026-01-14,148119,gallons,,R1,
M-1138,"1066 Cemetery Rd, Wiley, CO 81092",Resident 1138,A-20138,2026-02-15,151505,gallons,,R1,
M-1138,"1066 Cemetery Rd, Wiley, CO 81092",Resident 1138,A-20138,2026-03-16,155267,gallons,,R1,
M-1138,"1066 Cemetery Rd, Wiley, CO 81092",Resident 1138,A-20138,2026-04-12,159268,gallons,,R1,
M-1138,"1066 Cemetery Rd, Wiley, CO 81092",Resident 1138,A-20138,2026-05-13,163948,gallons,,R1,
M-1138,"1066 Cemetery Rd, Wiley, CO 81092",Resident 1138,A-20138,2026-06-14,170012,gallons,,R1,
M-1138,"1066 Cemetery Rd, Wiley, CO 81092",Resident 1138,A-20138,2026-07-15,174937,gallons,,R1,
M-1139,"1073 Grain Elevator Rd, Wiley, CO 81092",Resident 1139,A-20139,2026-01-14,111498,gallons,,R2,
M-1139,"1073 Grain Elevator Rd, Wiley, CO 81092",Resident 1139,A-20139,2026-02-15,114065,gallons,,R2,
M-1139,"1073 Grain Elevator Rd, Wiley, CO 81092",Resident 1139,A-20139,2026-03-16,117235,gallons,,R2,
M-1139,"1073 Grain Elevator Rd, Wiley, CO 81092",Resident 1139,A-20139,2026-04-12,120448,gallons,,R2,
M-1139,"1073 Grain Elevator Rd, Wiley, CO 81092",Resident 1139,A-20139,2026-05-13,124265,gallons,,R2,
M-1139,"1073 Grain Elevator Rd, Wiley, CO 81092",Resident 1139,A-20139,2026-06-14,128114,gallons,,R2,
M-1139,"1073 Grain Elevator Rd, Wiley, CO 81092",Resident 1139,A-20139,2026-07-15,132554,gallons,,R2,
M-1140,"1080 Main St, Wiley, CO 81092",Resident 1140,A-20140,2026-01-14,338080,gallons,,R3,
M-1140,"1080 Main St, Wiley, CO 81092",Resident 1140,A-20140,2026-02-15,342682,gallons,LOW_BATTERY,R3,
M-1140,"1080 Main St, Wiley, CO 81092",Resident 1140,A-20140,2026-03-16,348137,gallons,TAMPER,R3,
M-1140,"1080 Main St, Wiley, CO 81092",Resident 1140,A-20140,2026-04-12,355424,gallons,REVERSE_FLOW,R3,
M-1140,"1080 Main St, Wiley, CO 81092",Resident 1140,A-20140,2026-05-13,363839,gallons,TAMPER,R3,
M-1140,"1080 Main St, Wiley, CO 81092",Resident 1140,A-20140,2026-06-14,372583,gallons,REVERSE_FLOW,R3,
M-1140,"1080 Main St, Wiley, CO 81092",Resident 1140,A-20140,2026-07-15,380851,gallons,TAMPER,R3,
M-1141,"1087 County Rd 10, Wiley, CO 81092",Resident 1141,A-20141,2026-01-14,232097,gallons,,R4,
M-1141,"1087 County Rd 10, Wiley, CO 81092",Resident 1141,A-20141,2026-02-15,236651,gallons,,R4,
M-1141,"1087 County Rd 10, Wiley, CO 81092",Resident 1141,A-20141,2026-03-16,242026,gallons,,R4,
M-1141,"1087 County Rd 10, Wiley, CO 81092",Resident 1141,A-20141,2026-04-12,248026,gallons,,R4,
M-1141,"1087 County Rd 10, Wiley, CO 81092",Resident 1141,A-20141,2026-05-13,255784,gallons,,R4,
M-1141,"1087 County Rd 10, Wiley, CO 81092",Resident 1141,A-20141,2026-06-14,264653,gallons,,R4,
M-1141,"1087 County Rd 10, Wiley, CO 81092",Resident 1141,A-20141,2026-07-15,273486,gallons,,R4,
M-1142,"1094 County Rd 14, Wiley, CO 81092",Resident 1142,A-20142,2026-01-14,437213,gallons,,R5,
M-1142,"1094 County Rd 14, Wiley, CO 81092",Resident 1142,A-20142,2026-02-15,439695,gallons,,R5,
M-1142,"1094 County Rd 14, Wiley, CO 81092",Resident 1142,A-20142,2026-03-16,442778,gallons,,R5,
M-1142,"1094 County Rd 14, Wiley, CO 81092",Resident 1142,A-20142,2026-04-12,446135,gallons,,R5,
M-1142,"1094 County Rd 14, Wiley, CO 81092",Resident 1142,A-20142,2026-05-13,449794,gallons,,R5,
M-1142,"1094 County Rd 14, Wiley, CO 81092",Resident 1142,A-20142,2026-06-14,453465,gallons,,R5,
M-1142,"1094 County Rd 14, Wiley, CO 81092",Resident 1142,A-20142,2026-07-15,457965,gallons,,R5,
M-1143,"1101 Highway 287, Wiley, CO 81092",Resident 1143,A-20143,2026-01-14,337872,gallons,,R6,
M-1143,"1101 Highway 287, Wiley, CO 81092",Resident 1143,A-20143,2026-02-15,344003,gallons,,R6,
M-1143,"1101 Highway 287, Wiley, CO 81092",Resident 1143,A-20143,2026-03-16,352198,gallons,,R6,
M-1143,"1101 Highway 287, Wiley, CO 81092",Resident 1143,A-20143,2026-04-12,360738,gallons,,R6,
M-1143,"1101 Highway 287, Wiley, CO 81092",Resident 1143,A-20143,2026-05-13,370552,gallons,,R6,
M-1143,"1101 Highway 287, Wiley, CO 81092",Resident 1143,A-20143,2026-06-14,382065,gallons,,R6,
M-1143,"1101 Highway 287, Wiley, CO 81092",Resident 1143,A-20143,2026-07-15,395014,gallons,,R6,
M-1144,"1108 Maple Ave, Wiley, CO 81092",Resident 1144,A-20144,2026-01-14,180850,gallons,,R1,
M-1144,"1108 Maple Ave, Wiley, CO 81092",Resident 1144,A-20144,2026-02-15,182821,gallons,,R1,
M-1144,"1108 Maple Ave, Wiley, CO 81092",Resident 1144,A-20144,2026-03-16,185417,gallons,,R1,
M-1144,"1108 Maple Ave, Wiley, CO 81092",Resident 1144,A-20144,2026-04-12,188064,gallons,,R1,
M-1144,"1108 Maple Ave, Wiley, CO 81092",Resident 1144,A-20144,2026-05-13,191390,gallons,,R1,
M-1144,"1108 Maple Ave, Wiley, CO 81092",Resident 1144,A-20144,2026-06-14,195178,gallons,,R1,
M-1144,"1108 Maple Ave, Wiley, CO 81092",Resident 1144,A-20144,2026-07-15,199188,gallons,,R1,
M-1145,"1115 Oak St, Wiley, CO 81092",Resident 1145,A-20145,2026-01-14,339046,gallons,,R2,
M-1145,"1115 Oak St, Wiley, CO 81092",Resident 1145,A-20145,2026-02-15,341516,gallons,,R2,
M-1145,"1115 Oak St, Wiley, CO 81092",Resident 1145,A-20145,2026-03-16,344540,gallons,,R2,
M-1145,"1115 Oak St, Wiley, CO 81092",Resident 1145,A-20145,2026-04-12,347415,gallons,,R2,
M-1145,"1115 Oak St, Wiley, CO 81092",Resident 1145,A-20145,2026-05-13,351355,gallons,,R2,
M-1145,"1115 Oak St, Wiley, CO 81092",Resident 1145,A-20145,2026-06-14,355292,gallons,,R2,
M-1145,"1115 Oak St, Wiley, CO 81092",Resident 1145,A-20145,2026-07-15,359953,gallons,,R2,
M-1146,"1122 Elm St, Wiley, CO 81092",Resident 1146,A-20146,2026-01-14,401291,gallons,,R3,
M-1146,"1122 Elm St, Wiley, CO 81092",Resident 1146,A-20146,2026-02-15,404078,gallons,,R3,
M-1146,"1122 Elm St, Wiley, CO 81092",Resident 1146,A-20146,2026-03-16,407033,gallons,,R3,
M-1146,"1122 Elm St, Wiley, CO 81092",Resident 1146,A-20146,2026-04-12,410488,gallons,,R3,
M-1146,"1122 Elm St, Wiley, CO 81092",Resident 1146,A-20146,2026-05-13,414902,gallons,,R3,
M-1146,"1122 Elm St, Wiley, CO 81092",Resident 1146,A-20146,2026-06-14,419431,gallons,,R3,
M-1146,"1122 Elm St, Wiley, CO 81092",Resident 1146,A-20146,2026-07-15,424620,gallons,,R3,
M-1147,"1129 3rd Ave, Wiley, CO 81092",Resident 1147,A-20147,2026-01-14,406329,gallons,,R4,
M-1147,"1129 3rd Ave, Wiley, CO 81092",Resident 1147,A-20147,2026-02-15,411234,gallons,,R4,
M-1147,"1129 3rd Ave, Wiley, CO 81092",Resident 1147,A-20147,2026-03-16,418507,gallons,,R4,
M-1147,"1129 3rd Ave, Wiley, CO 81092",Resident 1147,A-20147,2026-04-12,426794,gallons,,R4,
M-1147,"1129 3rd Ave, Wiley, CO 81092",Resident 1147,A-20147,2026-05-13,435499,gallons,,R4,
M-1147,"1129 3rd Ave, Wiley, CO 81092",Resident 1147,A-20147,2026-06-14,444171,gallons,,R4,
M-1147,"1129 3rd Ave, Wiley, CO 81092",Resident 1147,A-20147,2026-07-15,452787,gallons,,R4,
M-1148,"1136 5th St, Wiley, CO 81092",Resident 1148,A-20148,2026-01-14,407266,gallons,,R5,
M-1148,"1136 5th St, Wiley, CO 81092",Resident 1148,A-20148,2026-02-15,409650,gallons,,R5,
M-1148,"1136 5th St, Wiley, CO 81092",Resident 1148,A-20148,2026-03-16,412656,gallons,,R5,
M-1148,"1136 5th St, Wiley, CO 81092",Resident 1148,A-20148,2026-04-12,416563,gallons,,R5,
M-1148,"1136 5th St, Wiley, CO 81092",Resident 1148,A-20148,2026-05-13,420120,gallons,,R5,
M-1148,"1136 5th St, Wiley, CO 81092",Resident 1148,A-20148,2026-06-14,425051,gallons,,R5,
M-1148,"1136 5th St, Wiley, CO 81092",Resident 1148,A-20148,2026-07-15,429284,gallons,,R5,
M-1149,"1143 Ranch Rd, Wiley, CO 81092",Resident 1149,A-20149,2026-01-14,196951,gallons,,R6,
M-1149,"1143 Ranch Rd, Wiley, CO 81092",Resident 1149,A-20149,2026-02-15,202574,gallons,,R6,
M-1149,"1143 Ranch Rd, Wiley, CO 81092",Resident 1149,A-20149,2026-03-16,209920,gallons,,R6,
M-1149,"1143 Ranch Rd, Wiley, CO 81092",Resident 1149,A-20149,2026-04-12,216835,gallons,,R6,
M-1149,"1143 Ranch Rd, Wiley, CO 81092",Resident 1149,A-20149,2026-05-13,224569,gallons,,R6,
M-1149,"1143 Ranch Rd, Wiley, CO 81092",Resident 1149,A-20149,2026-06-14,234130,gallons,,R6,
M-1149,"1143 Ranch Rd, Wiley, CO 81092",Resident 1149,A-20149,2026-07-15,245960,gallons,,R6,
M-1150,"1150 Irrigation Ln, Wiley, CO 81092",Resident 1150,A-20150,2026-01-14,213433,gallons,,R1,
M-1150,"1150 Irrigation Ln, Wiley, CO 81092",Resident 1150,A-20150,2026-02-15,217745,gallons,,R1,
M-1150,"1150 Irrigation Ln, Wiley, CO 81092",Resident 1150,A-20150,2026-03-16,223522,gallons,,R1,
M-1150,"1150 Irrigation Ln, Wiley, CO 81092",Resident 1150,A-20150,2026-04-12,228869,gallons,,R1,
M-1150,"1150 Irrigation Ln, Wiley, CO 81092",Resident 1150,A-20150,2026-05-13,236246,gallons,,R1,
M-1150,"1150 Irrigation Ln, Wiley, CO 81092",Resident 1150,A-20150,2026-06-14,244956,gallons,,R1,
M-1150,"1150 Irrigation Ln, Wiley, CO 81092",Resident 1150,A-20150,2026-07-15,253270,gallons,,R1,
M-1151,"1157 North Frontage, Wiley, CO 81092",Resident 1151,A-20151,2026-01-14,220080,gallons,,R2,
M-1151,"1157 North Frontage, Wiley, CO 81092",Resident 1151,A-20151,2026-02-15,224664,gallons,,R2,
M-1151,"1157 North Frontage, Wiley, CO 81092",Resident 1151,A-20151,2026-03-16,231371,gallons,,R2,
M-1151,"1157 North Frontage, Wiley, CO 81092",Resident 1151,A-20151,2026-04-12,238520,gallons,,R2,
M-1151,"1157 North Frontage, Wiley, CO 81092",Resident 1151,A-20151,2026-05-13,247398,gallons,,R2,
M-1151,"1157 North Frontage, Wiley, CO 81092",Resident 1151,A-20151,2026-06-14,256599,gallons,,R2,
M-1151,"1157 North Frontage, Wiley, CO 81092",Resident 1151,A-20151,2026-07-15,265279,gallons,,R2,
M-1152,"1164 South Loop, Wiley, CO 81092",Resident 1152,A-20152,2026-01-14,177898,gallons,,R3,
M-1152,"1164 South Loop, Wiley, CO 81092",Resident 1152,A-20152,2026-02-15,180137,gallons,,R3,
M-1152,"1164 South Loop, Wiley, CO 81092",Resident 1152,A-20152,2026-03-16,182528,gallons,,R3,
M-1152,"1164 South Loop, Wiley, CO 81092",Resident 1152,A-20152,2026-04-12,184955,gallons,,R3,
M-1152,"1164 South Loop, Wiley, CO 81092",Resident 1152,A-20152,2026-05-13,188517,gallons,,R3,
M-1152,"1164 South Loop, Wiley, CO 81092",Resident 1152,A-20152,2026-06-14,192723,gallons,,R3,
M-1152,"1164 South Loop, Wiley, CO 81092",Resident 1152,A-20152,2026-07-15,196260,gallons,,R3,
M-1153,"1171 Pioneer Rd, Wiley, CO 81092",Resident 1153,A-20153,2026-01-14,435624,gallons,,R4,
M-1153,"1171 Pioneer Rd, Wiley, CO 81092",Resident 1153,A-20153,2026-02-15,440040,gallons,,R4,
M-1153,"1171 Pioneer Rd, Wiley, CO 81092",Resident 1153,A-20153,2026-03-16,445373,gallons,,R4,
M-1153,"1171 Pioneer Rd, Wiley, CO 81092",Resident 1153,A-20153,2026-04-12,450109,gallons,,R4,
M-1153,"1171 Pioneer Rd, Wiley, CO 81092",Resident 1153,A-20153,2026-05-13,456736,gallons,,R4,
M-1153,"1171 Pioneer Rd, Wiley, CO 81092",Resident 1153,A-20153,2026-06-14,464572,gallons,,R4,
M-1153,"1171 Pioneer Rd, Wiley, CO 81092",Resident 1153,A-20153,2026-07-15,471524,gallons,,R4,
M-1154,"1178 Cottonwood Dr, Wiley, CO 81092",Resident 1154,A-20154,2026-01-14,168768,gallons,,R5,
M-1154,"1178 Cottonwood Dr, Wiley, CO 81092",Resident 1154,A-20154,2026-02-15,172527,gallons,,R5,
M-1154,"1178 Cottonwood Dr, Wiley, CO 81092",Resident 1154,A-20154,2026-03-16,178157,gallons,,R5,
M-1154,"1178 Cottonwood Dr, Wiley, CO 81092",Resident 1154,A-20154,2026-04-12,182754,gallons,,R5,
M-1154,"1178 Cottonwood Dr, Wiley, CO 81092",Resident 1154,A-20154,2026-05-13,189751,gallons,,R5,
M-1154,"1178 Cottonwood Dr, Wiley, CO 81092",Resident 1154,A-20154,2026-06-14,197022,gallons,,R5,
M-1154,"1178 Cottonwood Dr, Wiley, CO 81092",Resident 1154,A-20154,2026-07-15,204426,gallons,,R5,
M-1155,"1185 Sand Creek Rd, Wiley, CO 81092",Resident 1155,A-20155,2026-01-14,371625,gallons,,R6,
M-1155,"1185 Sand Creek Rd, Wiley, CO 81092",Resident 1155,A-20155,2026-02-15,377030,gallons,,R6,
M-1155,"1185 Sand Creek Rd, Wiley, CO 81092",Resident 1155,A-20155,2026-03-16,383486,gallons,,R6,
M-1155,"1185 Sand Creek Rd, Wiley, CO 81092",Resident 1155,A-20155,2026-04-12,389776,gallons,,R6,
M-1155,"1185 Sand Creek Rd, Wiley, CO 81092",Resident 1155,A-20155,2026-05-13,398607,gallons,,R6,
M-1155,"1185 Sand Creek Rd, Wiley, CO 81092",Resident 1155,A-20155,2026-06-14,407947,gallons,,R6,
M-1155,"1185 Sand Creek Rd, Wiley, CO 81092",Resident 1155,A-20155,2026-07-15,418874,gallons,,R6,
M-1156,"1192 Prairie View, Wiley, CO 81092",Resident 1156,A-20156,2026-01-14,818325,gallons,,R1,
M-1156,"1192 Prairie View, Wiley, CO 81092",Resident 1156,A-20156,2026-02-15,837364,gallons,,R1,
M-1156,"1192 Prairie View, Wiley, CO 81092",Resident 1156,A-20156,2026-03-16,863006,gallons,,R1,
M-1156,"1192 Prairie View, Wiley, CO 81092",Resident 1156,A-20156,2026-04-12,891536,gallons,,R1,
M-1156,"1192 Prairie View, Wiley, CO 81092",Resident 1156,A-20156,2026-05-13,922025,gallons,,R1,
M-1156,"1192 Prairie View, Wiley, CO 81092",Resident 1156,A-20156,2026-06-14,960954,gallons,,R1,
M-1156,"1192 Prairie View, Wiley, CO 81092",Resident 1156,A-20156,2026-07-15,992950,gallons,,R1,
M-1157,"1199 School House Rd, Wiley, CO 81092",Resident 1157,A-20157,2026-01-14,457474,gallons,,R2,
M-1157,"1199 School House Rd, Wiley, CO 81092",Resident 1157,A-20157,2026-02-15,461678,gallons,,R2,
M-1157,"1199 School House Rd, Wiley, CO 81092",Resident 1157,A-20157,2026-03-16,468822,gallons,,R2,
M-1157,"1199 School House Rd, Wiley, CO 81092",Resident 1157,A-20157,2026-04-12,476012,gallons,,R2,
M-1157,"1199 School House Rd, Wiley, CO 81092",Resident 1157,A-20157,2026-05-13,484333,gallons,,R2,
M-1157,"1199 School House Rd, Wiley, CO 81092",Resident 1157,A-20157,2026-06-14,493026,gallons,,R2,
M-1157,"1199 School House Rd, Wiley, CO 81092",Resident 1157,A-20157,2026-07-15,500646,gallons,,R2,
M-1158,"1206 Cemetery Rd, Wiley, CO 81092",Resident 1158,A-20158,2026-01-14,203482,gallons,,R3,
M-1158,"1206 Cemetery Rd, Wiley, CO 81092",Resident 1158,A-20158,2026-02-15,206199,gallons,,R3,
M-1158,"1206 Cemetery Rd, Wiley, CO 81092",Resident 1158,A-20158,2026-03-16,210671,gallons,,R3,
M-1158,"1206 Cemetery Rd, Wiley, CO 81092",Resident 1158,A-20158,2026-04-12,215246,gallons,,R3,
M-1158,"1206 Cemetery Rd, Wiley, CO 81092",Resident 1158,A-20158,2026-05-13,219558,gallons,,R3,
M-1158,"1206 Cemetery Rd, Wiley, CO 81092",Resident 1158,A-20158,2026-06-14,224446,gallons,,R3,
M-1158,"1206 Cemetery Rd, Wiley, CO 81092",Resident 1158,A-20158,2026-07-15,230395,gallons,,R3,
M-1159,"1213 Grain Elevator Rd, Wiley, CO 81092",Resident 1159,A-20159,2026-01-14,397997,gallons,,R4,
M-1159,"1213 Grain Elevator Rd, Wiley, CO 81092",Resident 1159,A-20159,2026-02-15,402686,gallons,,R4,
M-1159,"1213 Grain Elevator Rd, Wiley, CO 81092",Resident 1159,A-20159,2026-03-16,408744,gallons,,R4,
M-1159,"1213 Grain Elevator Rd, Wiley, CO 81092",Resident 1159,A-20159,2026-04-12,416336,gallons,,R4,
M-1159,"1213 Grain Elevator Rd, Wiley, CO 81092",Resident 1159,A-20159,2026-05-13,424222,gallons,,R4,
M-1159,"1213 Grain Elevator Rd, Wiley, CO 81092",Resident 1159,A-20159,2026-06-14,433213,gallons,,R4,
M-1159,"1213 Grain Elevator Rd, Wiley, CO 81092",Resident 1159,A-20159,2026-07-15,441453,gallons,,R4,
M-1160,"1220 Main St, Wiley, CO 81092",Resident 1160,A-20160,2026-01-14,158084,gallons,,R5,
M-1160,"1220 Main St, Wiley, CO 81092",Resident 1160,A-20160,2026-02-15,160039,gallons,,R5,
M-1160,"1220 Main St, Wiley, CO 81092",Resident 1160,A-20160,2026-03-16,162195,gallons,,R5,
M-1160,"1220 Main St, Wiley, CO 81092",Resident 1160,A-20160,2026-04-12,164339,gallons,,R5,
M-1160,"1220 Main St, Wiley, CO 81092",Resident 1160,A-20160,2026-05-13,166982,gallons,,R5,
M-1160,"1220 Main St, Wiley, CO 81092",Resident 1160,A-20160,2026-06-14,170384,gallons,,R5,
M-1160,"1220 Main St, Wiley, CO 81092",Resident 1160,A-20160,2026-07-15,173513,gallons,,R5,
M-1161,"1227 County Rd 10, Wiley, CO 81092",Resident 1161,A-20161,2026-01-14,212835,gallons,,R6,
M-1161,"1227 County Rd 10, Wiley, CO 81092",Resident 1161,A-20161,2026-02-15,219248,gallons,,R6,
M-1161,"1227 County Rd 10, Wiley, CO 81092",Resident 1161,A-20161,2026-03-16,228114,gallons,,R6,
M-1161,"1227 County Rd 10, Wiley, CO 81092",Resident 1161,A-20161,2026-04-12,236764,gallons,,R6,
M-1161,"1227 County Rd 10, Wiley, CO 81092",Resident 1161,A-20161,2026-05-13,244809,gallons,,R6,
M-1161,"1227 County Rd 10, Wiley, CO 81092",Resident 1161,A-20161,2026-06-14,254637,gallons,,R6,
M-1161,"1227 County Rd 10, Wiley, CO 81092",Resident 1161,A-20161,2026-07-15,266040,gallons,,R6,
M-1162,"1234 County Rd 14, Wiley, CO 81092",Resident 1162,A-20162,2026-01-14,361026,gallons,,R1,
M-1162,"1234 County Rd 14, Wiley, CO 81092",Resident 1162,A-20162,2026-02-15,367053,gallons,,R1,
M-1162,"1234 County Rd 14, Wiley, CO 81092",Resident 1162,A-20162,2026-03-16,374431,gallons,,R1,
M-1162,"1234 County Rd 14, Wiley, CO 81092",Resident 1162,A-20162,2026-04-12,382809,gallons,,R1,
M-1162,"1234 County Rd 14, Wiley, CO 81092",Resident 1162,A-20162,2026-05-13,391060,gallons,,R1,
M-1162,"1234 County Rd 14, Wiley, CO 81092",Resident 1162,A-20162,2026-06-14,403549,gallons,,R1,
M-1162,"1234 County Rd 14, Wiley, CO 81092",Resident 1162,A-20162,2026-07-15,413923,gallons,,R1,
M-1163,"1241 Highway 287, Wiley, CO 81092",Resident 1163,A-20163,2026-01-14,298831,gallons,,R2,
M-1163,"1241 Highway 287, Wiley, CO 81092",Resident 1163,A-20163,2026-02-15,301293,gallons,,R2,
M-1163,"1241 Highway 287, Wiley, CO 81092",Resident 1163,A-20163,2026-03-16,304558,gallons,,R2,
M-1163,"1241 Highway 287, Wiley, CO 81092",Resident 1163,A-20163,2026-04-12,307942,gallons,,R2,
M-1163,"1241 Highway 287, Wiley, CO 81092",Resident 1163,A-20163,2026-05-13,311231,gallons,,R2,
M-1163,"1241 Highway 287, Wiley, CO 81092",Resident 1163,A-20163,2026-06-14,314832,gallons,,R2,
M-1163,"1241 Highway 287, Wiley, CO 81092",Resident 1163,A-20163,2026-07-15,318500,gallons,,R2,
M-1164,"1248 Maple Ave, Wiley, CO 81092",Resident 1164,A-20164,2026-01-14,209085,gallons,,R3,
M-1164,"1248 Maple Ave, Wiley, CO 81092",Resident 1164,A-20164,2026-02-15,215610,gallons,,R3,
M-1164,"1248 Maple Ave, Wiley, CO 81092",Resident 1164,A-20164,2026-03-16,224501,gallons,,R3,
M-1164,"1248 Maple Ave, Wiley, CO 81092",Resident 1164,A-20164,2026-04-12,231733,gallons,,R3,
M-1164,"1248 Maple Ave, Wiley, CO 81092",Resident 1164,A-20164,2026-05-13,240313,gallons,,R3,
M-1164,"1248 Maple Ave, Wiley, CO 81092",Resident 1164,A-20164,2026-06-14,252188,gallons,,R3,
M-1164,"1248 Maple Ave, Wiley, CO 81092",Resident 1164,A-20164,2026-07-15,263628,gallons,,R3,
M-1165,"1255 Oak St, Wiley, CO 81092",Resident 1165,A-20165,2026-01-14,357528,gallons,,R4,
M-1165,"1255 Oak St, Wiley, CO 81092",Resident 1165,A-20165,2026-02-15,362353,gallons,,R4,
M-1165,"1255 Oak St, Wiley, CO 81092",Resident 1165,A-20165,2026-03-16,368110,gallons,,R4,
M-1165,"1255 Oak St, Wiley, CO 81092",Resident 1165,A-20165,2026-04-12,374337,gallons,,R4,
M-1165,"1255 Oak St, Wiley, CO 81092",Resident 1165,A-20165,2026-05-13,382444,gallons,,R4,
M-1165,"1255 Oak St, Wiley, CO 81092",Resident 1165,A-20165,2026-06-14,391303,gallons,,R4,
M-1165,"1255 Oak St, Wiley, CO 81092",Resident 1165,A-20165,2026-07-15,401206,gallons,,R4,
M-1166,"1262 Elm St, Wiley, CO 81092",Resident 1166,A-20166,2026-01-14,315376,gallons,,R5,
M-1166,"1262 Elm St, Wiley, CO 81092",Resident 1166,A-20166,2026-02-15,321624,gallons,,R5,
M-1166,"1262 Elm St, Wiley, CO 81092",Resident 1166,A-20166,2026-03-16,330852,gallons,,R5,
M-1166,"1262 Elm St, Wiley, CO 81092",Resident 1166,A-20166,2026-04-12,340186,gallons,,R5,
M-1166,"1262 Elm St, Wiley, CO 81092",Resident 1166,A-20166,2026-05-13,350389,gallons,,R5,
M-1166,"1262 Elm St, Wiley, CO 81092",Resident 1166,A-20166,2026-06-14,361993,gallons,,R5,
M-1166,"1262 Elm St, Wiley, CO 81092",Resident 1166,A-20166,2026-07-15,374455,gallons,,R5,
M-1167,"1269 3rd Ave, Wiley, CO 81092",Resident 1167,A-20167,2026-01-14,259017,gallons,,R6,
M-1167,"1269 3rd Ave, Wiley, CO 81092",Resident 1167,A-20167,2026-02-15,262491,gallons,,R6,
M-1167,"1269 3rd Ave, Wiley, CO 81092",Resident 1167,A-20167,2026-03-16,266499,gallons,,R6,
M-1167,"1269 3rd Ave, Wiley, CO 81092",Resident 1167,A-20167,2026-04-12,270641,gallons,,R6,
M-1167,"1269 3rd Ave, Wiley, CO 81092",Resident 1167,A-20167,2026-05-13,276080,gallons,,R6,
M-1167,"1269 3rd Ave, Wiley, CO 81092",Resident 1167,A-20167,2026-06-14,282602,gallons,,R6,
M-1167,"1269 3rd Ave, Wiley, CO 81092",Resident 1167,A-20167,2026-07-15,289353,gallons,,R6,
M-1168,"1276 5th St, Wiley, CO 81092",Resident 1168,A-20168,2026-01-14,552718,gallons,,R1,
M-1168,"1276 5th St, Wiley, CO 81092",Resident 1168,A-20168,2026-02-15,558602,gallons,,R1,
M-1168,"1276 5th St, Wiley, CO 81092",Resident 1168,A-20168,2026-03-16,566499,gallons,,R1,
M-1168,"1276 5th St, Wiley, CO 81092",Resident 1168,A-20168,2026-04-12,576255,gallons,,R1,
M-1168,"1276 5th St, Wiley, CO 81092",Resident 1168,A-20168,2026-05-13,586020,gallons,,R1,
M-1168,"1276 5th St, Wiley, CO 81092",Resident 1168,A-20168,2026-06-14,597077,gallons,,R1,
M-1168,"1276 5th St, Wiley, CO 81092",Resident 1168,A-20168,2026-07-15,609874,gallons,,R1,
M-1169,"1283 Ranch Rd, Wiley, CO 81092",Resident 1169,A-20169,2026-01-14,237518,gallons,,R2,
M-1169,"1283 Ranch Rd, Wiley, CO 81092",Resident 1169,A-20169,2026-02-15,242467,gallons,,R2,
M-1169,"1283 Ranch Rd, Wiley, CO 81092",Resident 1169,A-20169,2026-03-16,249464,gallons,,R2,
M-1169,"1283 Ranch Rd, Wiley, CO 81092",Resident 1169,A-20169,2026-04-12,257503,gallons,,R2,
M-1169,"1283 Ranch Rd, Wiley, CO 81092",Resident 1169,A-20169,2026-05-13,267022,gallons,,R2,
M-1169,"1283 Ranch Rd, Wiley, CO 81092",Resident 1169,A-20169,2026-06-14,276631,gallons,,R2,
M-1169,"1283 Ranch Rd, Wiley, CO 81092",Resident 1169,A-20169,2026-07-15,285811,gallons,,R2,
M-1170,"1290 Irrigation Ln, Wiley, CO 81092",Resident 1170,A-20170,2026-01-14,312751,gallons,,R3,
M-1170,"1290 Irrigation Ln, Wiley, CO 81092",Resident 1170,A-20170,2026-02-15,316240,gallons,,R3,
M-1170,"1290 Irrigation Ln, Wiley, CO 81092",Resident 1170,A-20170,2026-03-16,321335,gallons,,R3,
M-1170,"1290 Irrigation Ln, Wiley, CO 81092",Resident 1170,A-20170,2026-04-12,325799,gallons,,R3,
M-1170,"1290 Irrigation Ln, Wiley, CO 81092",Resident 1170,A-20170,2026-05-13,330938,gallons,,R3,
M-1170,"1290 Irrigation Ln, Wiley, CO 81092",Resident 1170,A-20170,2026-06-14,337936,gallons,,R3,
M-1170,"1290 Irrigation Ln, Wiley, CO 81092",Resident 1170,A-20170,2026-07-15,343821,gallons,,R3,
M-1171,"1297 North Frontage, Wiley, CO 81092",Resident 1171,A-20171,2026-01-14,400884,gallons,,R4,
M-1171,"1297 North Frontage, Wiley, CO 81092",Resident 1171,A-20171,2026-02-15,403564,gallons,,R4,
M-1171,"1297 North Frontage, Wiley, CO 81092",Resident 1171,A-20171,2026-03-16,406961,gallons,,R4,
M-1171,"1297 North Frontage, Wiley, CO 81092",Resident 1171,A-20171,2026-04-12,410403,gallons,,R4,
M-1171,"1297 North Frontage, Wiley, CO 81092",Resident 1171,A-20171,2026-05-13,413836,gallons,,R4,
M-1171,"1297 North Frontage, Wiley, CO 81092",Resident 1171,A-20171,2026-06-14,418145,gallons,,R4,
M-1171,"1297 North Frontage, Wiley, CO 81092",Resident 1171,A-20171,2026-07-15,422310,gallons,,R4,
M-1172,"1304 South Loop, Wiley, CO 81092",Resident 1172,A-20172,2026-01-14,342424,gallons,,R5,
M-1172,"1304 South Loop, Wiley, CO 81092",Resident 1172,A-20172,2026-02-15,345428,gallons,,R5,
M-1172,"1304 South Loop, Wiley, CO 81092",Resident 1172,A-20172,2026-03-16,350204,gallons,,R5,
M-1172,"1304 South Loop, Wiley, CO 81092",Resident 1172,A-20172,2026-04-12,355025,gallons,,R5,
M-1172,"1304 South Loop, Wiley, CO 81092",Resident 1172,A-20172,2026-05-13,360826,gallons,,R5,
M-1172,"1304 South Loop, Wiley, CO 81092",Resident 1172,A-20172,2026-06-14,367060,gallons,,R5,
M-1172,"1304 South Loop, Wiley, CO 81092",Resident 1172,A-20172,2026-07-15,373580,gallons,,R5,
M-1173,"1311 Pioneer Rd, Wiley, CO 81092",Resident 1173,A-20173,2026-01-14,481828,gallons,,R6,
M-1173,"1311 Pioneer Rd, Wiley, CO 81092",Resident 1173,A-20173,2026-02-15,486467,gallons,,R6,
M-1173,"1311 Pioneer Rd, Wiley, CO 81092",Resident 1173,A-20173,2026-03-16,493019,gallons,,R6,
M-1173,"1311 Pioneer Rd, Wiley, CO 81092",Resident 1173,A-20173,2026-04-12,499295,gallons,,R6,
M-1173,"1311 Pioneer Rd, Wiley, CO 81092",Resident 1173,A-20173,2026-05-13,505170,gallons,,R6,
M-1173,"1311 Pioneer Rd, Wiley, CO 81092",Resident 1173,A-20173,2026-06-14,511886,gallons,,R6,
M-1173,"1311 Pioneer Rd, Wiley, CO 81092",Resident 1173,A-20173,2026-07-15,518648,gallons,,R6,
M-1174,"1318 Cottonwood Dr, Wiley, CO 81092",Resident 1174,A-20174,2026-01-14,193529,gallons,,R1,
M-1174,"1318 Cottonwood Dr, Wiley, CO 81092",Resident 1174,A-20174,2026-02-15,196213,gallons,,R1,
M-1174,"1318 Cottonwood Dr, Wiley, CO 81092",Resident 1174,A-20174,2026-03-16,199936,gallons,,R1,
M-1174,"1318 Cottonwood Dr, Wiley, CO 81092",Resident 1174,A-20174,2026-04-12,202962,gallons,,R1,
M-1174,"1318 Cottonwood Dr, Wiley, CO 81092",Resident 1174,A-20174,2026-05-13,206621,gallons,,R1,
M-1174,"1318 Cottonwood Dr, Wiley, CO 81092",Resident 1174,A-20174,2026-06-14,211677,gallons,,R1,
M-1174,"1318 Cottonwood Dr, Wiley, CO 81092",Resident 1174,A-20174,2026-07-15,216407,gallons,,R1,
M-1175,"1325 Sand Creek Rd, Wiley, CO 81092",Resident 1175,A-20175,2026-01-14,277985,gallons,,R2,
M-1175,"1325 Sand Creek Rd, Wiley, CO 81092",Resident 1175,A-20175,2026-02-15,282509,gallons,,R2,
M-1175,"1325 Sand Creek Rd, Wiley, CO 81092",Resident 1175,A-20175,2026-03-16,288563,gallons,,R2,
M-1175,"1325 Sand Creek Rd, Wiley, CO 81092",Resident 1175,A-20175,2026-04-12,293855,gallons,,R2,
M-1175,"1325 Sand Creek Rd, Wiley, CO 81092",Resident 1175,A-20175,2026-05-13,301616,gallons,,R2,
M-1175,"1325 Sand Creek Rd, Wiley, CO 81092",Resident 1175,A-20175,2026-06-14,309753,gallons,,R2,
M-1175,"1325 Sand Creek Rd, Wiley, CO 81092",Resident 1175,A-20175,2026-07-15,318341,gallons,,R2,
M-1176,"1332 Prairie View, Wiley, CO 81092",Resident 1176,A-20176,2026-01-14,175843,gallons,,R3,
M-1176,"1332 Prairie View, Wiley, CO 81092",Resident 1176,A-20176,2026-02-15,177696,gallons,,R3,
M-1176,"1332 Prairie View, Wiley, CO 81092",Resident 1176,A-20176,2026-03-16,179983,gallons,,R3,
M-1176,"1332 Prairie View, Wiley, CO 81092",Resident 1176,A-20176,2026-04-12,182028,gallons,,R3,
M-1176,"1332 Prairie View, Wiley, CO 81092",Resident 1176,A-20176,2026-05-13,184794,gallons,,R3,
M-1176,"1332 Prairie View, Wiley, CO 81092",Resident 1176,A-20176,2026-06-14,187619,gallons,,R3,
M-1176,"1332 Prairie View, Wiley, CO 81092",Resident 1176,A-20176,2026-07-15,190754,gallons,,R3,
M-1177,"1339 School House Rd, Wiley, CO 81092",Resident 1177,A-20177,2026-01-14,292671,gallons,,R4,
M-1177,"1339 School House Rd, Wiley, CO 81092",Resident 1177,A-20177,2026-02-15,298990,gallons,,R4,
M-1177,"1339 School House Rd, Wiley, CO 81092",Resident 1177,A-20177,2026-03-16,306553,gallons,,R4,
M-1177,"1339 School House Rd, Wiley, CO 81092",Resident 1177,A-20177,2026-04-12,313538,gallons,,R4,
M-1177,"1339 School House Rd, Wiley, CO 81092",Resident 1177,A-20177,2026-05-13,321488,gallons,,R4,
M-1177,"1339 School House Rd, Wiley, CO 81092",Resident 1177,A-20177,2026-06-14,332099,gallons,,R4,
M-1177,"1339 School House Rd, Wiley, CO 81092",Resident 1177,A-20177,2026-07-15,343084,gallons,,R4,
M-1178,"1346 Cemetery Rd, Wiley, CO 81092",Resident 1178,A-20178,2026-01-14,420368,gallons,,R5,
M-1178,"1346 Cemetery Rd, Wiley, CO 81092",Resident 1178,A-20178,2026-02-15,426395,gallons,,R5,
M-1178,"1346 Cemetery Rd, Wiley, CO 81092",Resident 1178,A-20178,2026-03-16,434651,gallons,,R5,
M-1178,"1346 Cemetery Rd, Wiley, CO 81092",Resident 1178,A-20178,2026-04-12,442163,gallons,,R5,
M-1178,"1346 Cemetery Rd, Wiley, CO 81092",Resident 1178,A-20178,2026-05-13,452407,gallons,,R5,
M-1178,"1346 Cemetery Rd, Wiley, CO 81092",Resident 1178,A-20178,2026-06-14,462099,gallons,,R5,
M-1178,"1346 Cemetery Rd, Wiley, CO 81092",Resident 1178,A-20178,2026-07-15,473022,gallons,,R5,
M-1179,"1353 Grain Elevator Rd, Wiley, CO 81092",Resident 1179,A-20179,2026-01-14,144777,gallons,,R6,
M-1179,"1353 Grain Elevator Rd, Wiley, CO 81092",Resident 1179,A-20179,2026-02-15,148235,gallons,,R6,
M-1179,"1353 Grain Elevator Rd, Wiley, CO 81092",Resident 1179,A-20179,2026-03-16,152632,gallons,,R6,
M-1179,"1353 Grain Elevator Rd, Wiley, CO 81092",Resident 1179,A-20179,2026-04-12,157258,gallons,,R6,
M-1179,"1353 Grain Elevator Rd, Wiley, CO 81092",Resident 1179,A-20179,2026-05-13,162228,gallons,,R6,
M-1179,"1353 Grain Elevator Rd, Wiley, CO 81092",Resident 1179,A-20179,2026-06-14,167474,gallons,,R6,
M-1179,"1353 Grain Elevator Rd, Wiley, CO 81092",Resident 1179,A-20179,2026-07-15,173292,gallons,,R6,
M-1180,"1360 Main St, Wiley, CO 81092",Resident 1180,A-20180,2026-01-14,258864,gallons,,R1,
M-1180,"1360 Main St, Wiley, CO 81092",Resident 1180,A-20180,2026-02-15,263049,gallons,,R1,
M-1180,"1360 Main St, Wiley, CO 81092",Resident 1180,A-20180,2026-03-16,269211,gallons,,R1,
M-1180,"1360 Main St, Wiley, CO 81092",Resident 1180,A-20180,2026-04-12,275390,gallons,,R1,
M-1180,"1360 Main St, Wiley, CO 81092",Resident 1180,A-20180,2026-05-13,282171,gallons,,R1,
M-1180,"1360 Main St, Wiley, CO 81092",Resident 1180,A-20180,2026-06-14,290820,gallons,,R1,
M-1180,"1360 Main St, Wiley, CO 81092",Resident 1180,A-20180,2026-07-15,298870,gallons,,R1,
M-1181,"1367 County Rd 10, Wiley, CO 81092",Resident 1181,A-20181,2026-01-14,375176,gallons,,R2,
M-1181,"1367 County Rd 10, Wiley, CO 81092",Resident 1181,A-20181,2026-02-15,381530,gallons,,R2,
M-1181,"1367 County Rd 10, Wiley, CO 81092",Resident 1181,A-20181,2026-03-16,389584,gallons,,R2,
M-1181,"1367 County Rd 10, Wiley, CO 81092",Resident 1181,A-20181,2026-04-12,399278,gallons,,R2,
M-1181,"1367 County Rd 10, Wiley, CO 81092",Resident 1181,A-20181,2026-05-13,408027,gallons,,R2,
M-1181,"1367 County Rd 10, Wiley, CO 81092",Resident 1181,A-20181,2026-06-14,418668,gallons,,R2,
M-1181,"1367 County Rd 10, Wiley, CO 81092",Resident 1181,A-20181,2026-07-15,429632,gallons,,R2,
M-1182,"1374 County Rd 14, Wiley, CO 81092",Resident 1182,A-20182,2026-01-14,332219,gallons,,R3,
M-1182,"1374 County Rd 14, Wiley, CO 81092",Resident 1182,A-20182,2026-02-15,335028,gallons,,R3,
M-1182,"1374 County Rd 14, Wiley, CO 81092",Resident 1182,A-20182,2026-03-16,338225,gallons,,R3,
M-1182,"1374 County Rd 14, Wiley, CO 81092",Resident 1182,A-20182,2026-04-12,342357,gallons,,R3,
M-1182,"1374 County Rd 14, Wiley, CO 81092",Resident 1182,A-20182,2026-05-13,346273,gallons,,R3,
M-1182,"1374 County Rd 14, Wiley, CO 81092",Resident 1182,A-20182,2026-06-14,351117,gallons,,R3,
M-1182,"1374 County Rd 14, Wiley, CO 81092",Resident 1182,A-20182,2026-07-15,356350,gallons,,R3,
M-1183,"1381 Highway 287, Wiley, CO 81092",Resident 1183,A-20183,2026-01-14,296570,gallons,,R4,
M-1183,"1381 Highway 287, Wiley, CO 81092",Resident 1183,A-20183,2026-02-15,301832,gallons,,R4,
M-1183,"1381 Highway 287, Wiley, CO 81092",Resident 1183,A-20183,2026-03-16,308807,gallons,,R4,
M-1183,"1381 Highway 287, Wiley, CO 81092",Resident 1183,A-20183,2026-04-12,314289,gallons,,R4,
M-1183,"1381 Highway 287, Wiley, CO 81092",Resident 1183,A-20183,2026-05-13,322072,gallons,,R4,
M-1183,"1381 Highway 287, Wiley, CO 81092",Resident 1183,A-20183,2026-06-14,330939,gallons,,R4,
M-1183,"1381 Highway 287, Wiley, CO 81092",Resident 1183,A-20183,2026-07-15,340077,gallons,,R4,
M-1184,"1388 Maple Ave, Wiley, CO 81092",Resident 1184,A-20184,2026-01-14,245797,gallons,,R5,
M-1184,"1388 Maple Ave, Wiley, CO 81092",Resident 1184,A-20184,2026-02-15,247867,gallons,,R5,
M-1184,"1388 Maple Ave, Wiley, CO 81092",Resident 1184,A-20184,2026-03-16,250942,gallons,,R5,
M-1184,"1388 Maple Ave, Wiley, CO 81092",Resident 1184,A-20184,2026-04-12,253880,gallons,,R5,
M-1184,"1388 Maple Ave, Wiley, CO 81092",Resident 1184,A-20184,2026-05-13,257321,gallons,,R5,
M-1184,"1388 Maple Ave, Wiley, CO 81092",Resident 1184,A-20184,2026-06-14,262035,gallons,,R5,
M-1184,"1388 Maple Ave, Wiley, CO 81092",Resident 1184,A-20184,2026-07-15,266174,gallons,,R5,
M-1185,"1395 Oak St, Wiley, CO 81092",Resident 1185,A-20185,2026-01-14,265659,gallons,,R6,
M-1185,"1395 Oak St, Wiley, CO 81092",Resident 1185,A-20185,2026-02-15,270423,gallons,,R6,
M-1185,"1395 Oak St, Wiley, CO 81092",Resident 1185,A-20185,2026-03-16,277305,gallons,,R6,
M-1185,"1395 Oak St, Wiley, CO 81092",Resident 1185,A-20185,2026-04-12,285086,gallons,,R6,
M-1185,"1395 Oak St, Wiley, CO 81092",Resident 1185,A-20185,2026-05-13,293833,gallons,,R6,
M-1185,"1395 Oak St, Wiley, CO 81092",Resident 1185,A-20185,2026-06-14,303178,gallons,,R6,
M-1185,"1395 Oak St, Wiley, CO 81092",Resident 1185,A-20185,2026-07-15,312375,gallons,,R6,
M-1186,"1402 Elm St, Wiley, CO 81092",Resident 1186,A-20186,2026-01-14,192598,gallons,,R1,
M-1186,"1402 Elm St, Wiley, CO 81092",Resident 1186,A-20186,2026-02-15,195892,gallons,,R1,
M-1186,"1402 Elm St, Wiley, CO 81092",Resident 1186,A-20186,2026-03-16,200763,gallons,,R1,
M-1186,"1402 Elm St, Wiley, CO 81092",Resident 1186,A-20186,2026-04-12,205386,gallons,,R1,
M-1186,"1402 Elm St, Wiley, CO 81092",Resident 1186,A-20186,2026-05-13,210318,gallons,,R1,
M-1186,"1402 Elm St, Wiley, CO 81092",Resident 1186,A-20186,2026-06-14,216929,gallons,,R1,
M-1186,"1402 Elm St, Wiley, CO 81092",Resident 1186,A-20186,2026-07-15,223012,gallons,,R1,
M-1187,"1409 3rd Ave, Wiley, CO 81092",Resident 1187,A-20187,2026-01-14,389869,gallons,,R2,
M-1187,"1409 3rd Ave, Wiley, CO 81092",Resident 1187,A-20187,2026-02-15,396077,gallons,,R2,
M-1187,"1409 3rd Ave, Wiley, CO 81092",Resident 1187,A-20187,2026-03-16,403094,gallons,,R2,
M-1187,"1409 3rd Ave, Wiley, CO 81092",Resident 1187,A-20187,2026-04-12,410512,gallons,,R2,
M-1187,"1409 3rd Ave, Wiley, CO 81092",Resident 1187,A-20187,2026-05-13,419710,gallons,,R2,
M-1187,"1409 3rd Ave, Wiley, CO 81092",Resident 1187,A-20187,2026-06-14,429272,gallons,,R2,
M-1187,"1409 3rd Ave, Wiley, CO 81092",Resident 1187,A-20187,2026-07-15,440575,gallons,,R2,
M-1188,"1416 5th St, Wiley, CO 81092",Resident 1188,A-20188,2026-01-14,182934,gallons,,R3,
M-1188,"1416 5th St, Wiley, CO 81092",Resident 1188,A-20188,2026-02-15,187181,gallons,,R3,
M-1188,"1416 5th St, Wiley, CO 81092",Resident 1188,A-20188,2026-03-16,193375,gallons,,R3,
M-1188,"1416 5th St, Wiley, CO 81092",Resident 1188,A-20188,2026-04-12,200392,gallons,,R3,
M-1188,"1416 5th St, Wiley, CO 81092",Resident 1188,A-20188,2026-05-13,207768,gallons,,R3,
M-1188,"1416 5th St, Wiley, CO 81092",Resident 1188,A-20188,2026-06-14,215736,gallons,,R3,
M-1188,"1416 5th St, Wiley, CO 81092",Resident 1188,A-20188,2026-07-15,224535,gallons,,R3,
M-1189,"1423 Ranch Rd, Wiley, CO 81092",Resident 1189,A-20189,2026-01-14,426200,gallons,,R4,
M-1189,"1423 Ranch Rd, Wiley, CO 81092",Resident 1189,A-20189,2026-02-15,431046,gallons,,R4,
M-1189,"1423 Ranch Rd, Wiley, CO 81092",Resident 1189,A-20189,2026-03-16,437697,gallons,,R4,
M-1189,"1423 Ranch Rd, Wiley, CO 81092",Resident 1189,A-20189,2026-04-12,445676,gallons,,R4,
M-1189,"1423 Ranch Rd, Wiley, CO 81092",Resident 1189,A-20189,2026-05-13,454654,gallons,,R4,
M-1189,"1423 Ranch Rd, Wiley, CO 81092",Resident 1189,A-20189,2026-06-14,465093,gallons,,R4,
M-1189,"1423 Ranch Rd, Wiley, CO 81092",Resident 1189,A-20189,2026-07-15,473447,gallons,,R4,
M-1190,"1430 Irrigation Ln, Wiley, CO 81092",Resident 1190,A-20190,2026-01-14,235816,gallons,,R5,
M-1190,"1430 Irrigation Ln, Wiley, CO 81092",Resident 1190,A-20190,2026-02-15,238491,gallons,,R5,
M-1190,"1430 Irrigation Ln, Wiley, CO 81092",Resident 1190,A-20190,2026-03-16,242337,gallons,,R5,
M-1190,"1430 Irrigation Ln, Wiley, CO 81092",Resident 1190,A-20190,2026-04-12,245733,gallons,,R5,
M-1190,"1430 Irrigation Ln, Wiley, CO 81092",Resident 1190,A-20190,2026-05-13,249658,gallons,,R5,
M-1190,"1430 Irrigation Ln, Wiley, CO 81092",Resident 1190,A-20190,2026-06-14,254753,gallons,,R5,
M-1190,"1430 Irrigation Ln, Wiley, CO 81092",Resident 1190,A-20190,2026-07-15,259487,gallons,,R5,
M-1191,"1437 North Frontage, Wiley, CO 81092",New Occupant 1191,A-20191,2026-01-14,215390,gallons,,R6,
M-1191,"1437 North Frontage, Wiley, CO 81092",New Occupant 1191,A-20191,2026-02-15,217916,gallons,,R6,
M-1191,"1437 North Frontage, Wiley, CO 81092",New Occupant 1191,A-20191,2026-03-16,221545,gallons,,R6,
M-1191,"1437 North Frontage, Wiley, CO 81092",New Occupant 1191,A-20191,2026-04-12,224576,gallons,,R6,
M-1191,"1437 North Frontage, Wiley, CO 81092",New Occupant 1191,A-20191,2026-05-13,228461,gallons,,R6,
M-1191,"1437 North Frontage, Wiley, CO 81092",New Occupant 1191,A-20191,2026-06-14,232765,gallons,,R6,
M-1191,"1437 North Frontage, Wiley, CO 81092",New Occupant 1191,A-20191,2026-07-15,237009,gallons,,R6,
M-1192,"1444 South Loop, Wiley, CO 81092",Resident 1192,A-20192,2026-01-14,387181,gallons,,R1,
M-1192,"1444 South Loop, Wiley, CO 81092",Resident 1192,A-20192,2026-02-15,391616,gallons,,R1,
M-1192,"1444 South Loop, Wiley, CO 81092",Resident 1192,A-20192,2026-03-16,396954,gallons,,R1,
M-1192,"1444 South Loop, Wiley, CO 81092",Resident 1192,A-20192,2026-04-12,402798,gallons,,R1,
M-1192,"1444 South Loop, Wiley, CO 81092",Resident 1192,A-20192,2026-05-13,409609,gallons,,R1,
M-1192,"1444 South Loop, Wiley, CO 81092",Resident 1192,A-20192,2026-06-14,417743,gallons,,R1,
M-1192,"1444 South Loop, Wiley, CO 81092",Resident 1192,A-20192,2026-07-15,425622,gallons,,R1,
M-1193,"1451 Pioneer Rd, Wiley, CO 81092",Resident 1193,A-20193,2026-01-14,383422,gallons,,R2,
M-1193,"1451 Pioneer Rd, Wiley, CO 81092",Resident 1193,A-20193,2026-02-15,389482,gallons,,R2,
M-1193,"1451 Pioneer Rd, Wiley, CO 81092",Resident 1193,A-20193,2026-03-16,398893,gallons,,R2,
M-1193,"1451 Pioneer Rd, Wiley, CO 81092",Resident 1193,A-20193,2026-04-12,406529,gallons,,R2,
M-1193,"1451 Pioneer Rd, Wiley, CO 81092",Resident 1193,A-20193,2026-05-13,417401,gallons,,R2,
M-1193,"1451 Pioneer Rd, Wiley, CO 81092",Resident 1193,A-20193,2026-06-14,428261,gallons,,R2,
M-1193,"1451 Pioneer Rd, Wiley, CO 81092",Resident 1193,A-20193,2026-07-15,439307,gallons,,R2,
M-1194,"1458 Cottonwood Dr, Wiley, CO 81092",Resident 1194,A-20194,2026-01-14,276217,gallons,,R3,
M-1194,"1458 Cottonwood Dr, Wiley, CO 81092",Resident 1194,A-20194,2026-02-15,278692,gallons,,R3,
M-1194,"1458 Cottonwood Dr, Wiley, CO 81092",Resident 1194,A-20194,2026-03-16,282350,gallons,,R3,
M-1194,"1458 Cottonwood Dr, Wiley, CO 81092",Resident 1194,A-20194,2026-04-12,285522,gallons,,R3,
M-1194,"1458 Cottonwood Dr, Wiley, CO 81092",Resident 1194,A-20194,2026-05-13,290122,gallons,,R3,
M-1194,"1458 Cottonwood Dr, Wiley, CO 81092",Resident 1194,A-20194,2026-06-14,294820,gallons,,R3,
M-1194,"1458 Cottonwood Dr, Wiley, CO 81092",Resident 1194,A-20194,2026-07-15,299299,gallons,,R3,
M-1195,"1465 Sand Creek Rd, Wiley, CO 81092",Resident 1195,A-20195,2026-01-14,291211,gallons,,R4,
M-1195,"1465 Sand Creek Rd, Wiley, CO 81092",Resident 1195,A-20195,2026-02-15,296218,gallons,,R4,
M-1195,"1465 Sand Creek Rd, Wiley, CO 81092",Resident 1195,A-20195,2026-03-16,302868,gallons,,R4,
M-1195,"1465 Sand Creek Rd, Wiley, CO 81092",Resident 1195,A-20195,2026-04-12,309503,gallons,,R4,
M-1195,"1465 Sand Creek Rd, Wiley, CO 81092",Resident 1195,A-20195,2026-05-13,317150,gallons,,R4,
M-1195,"1465 Sand Creek Rd, Wiley, CO 81092",Resident 1195,A-20195,2026-06-14,326351,gallons,,R4,
M-1195,"1465 Sand Creek Rd, Wiley, CO 81092",Resident 1195,A-20195,2026-07-15,336327,gallons,,R4,
M-1196,"1472 Prairie View, Wiley, CO 81092",Resident 1196,A-20196,2026-01-14,288838,gallons,,R5,
M-1196,"1472 Prairie View, Wiley, CO 81092",Resident 1196,A-20196,2026-02-15,294388,gallons,,R5,
M-1196,"1472 Prairie View, Wiley, CO 81092",Resident 1196,A-20196,2026-03-16,300316,gallons,,R5,
M-1196,"1472 Prairie View, Wiley, CO 81092",Resident 1196,A-20196,2026-04-12,306413,gallons,,R5,
M-1196,"1472 Prairie View, Wiley, CO 81092",Resident 1196,A-20196,2026-05-13,314349,gallons,,R5,
M-1196,"1472 Prairie View, Wiley, CO 81092",Resident 1196,A-20196,2026-06-14,321900,gallons,,R5,
M-1196,"1472 Prairie View, Wiley, CO 81092",Resident 1196,A-20196,2026-07-15,330923,gallons,,R5,
M-1197,"1479 School House Rd, Wiley, CO 81092",Resident 1197,A-20197,2026-01-14,102385,gallons,,R6,
M-1197,"1479 School House Rd, Wiley, CO 81092",Resident 1197,A-20197,2026-02-15,104044,gallons,,R6,
M-1197,"1479 School House Rd, Wiley, CO 81092",Resident 1197,A-20197,2026-03-16,106247,gallons,,R6,
M-1197,"1479 School House Rd, Wiley, CO 81092",Resident 1197,A-20197,2026-04-12,108709,gallons,,R6,
M-1197,"1479 School House Rd, Wiley, CO 81092",Resident 1197,A-20197,2026-05-13,111581,gallons,,R6,
M-1197,"1479 School House Rd, Wiley, CO 81092",Resident 1197,A-20197,2026-06-14,114727,gallons,,R6,
M-1197,"1479 School House Rd, Wiley, CO 81092",Resident 1197,A-20197,2026-07-15,118091,gallons,,R6,
M-1198,"1486 Cemetery Rd, Wiley, CO 81092",Resident 1198,A-20198,2026-01-14,526894,gallons,,R1,
M-1198,"1486 Cemetery Rd, Wiley, CO 81092",Resident 1198,A-20198,2026-02-15,532649,gallons,,R1,
M-1198,"1486 Cemetery Rd, Wiley, CO 81092",Resident 1198,A-20198,2026-03-16,540097,gallons,,R1,
M-1198,"1486 Cemetery Rd, Wiley, CO 81092",Resident 1198,A-20198,2026-04-12,547385,gallons,,R1,
M-1198,"1486 Cemetery Rd, Wiley, CO 81092",Resident 1198,A-20198,2026-05-13,555416,gallons,,R1,
M-1198,"1486 Cemetery Rd, Wiley, CO 81092",Resident 1198,A-20198,2026-06-14,565430,gallons,,R1,
M-1198,"1486 Cemetery Rd, Wiley, CO 81092",Resident 1198,A-20198,2026-07-15,574660,gallons,,R1,
M-1199,"1493 Grain Elevator Rd, Wiley, CO 81092",Resident 1199,A-20199,2026-01-14,241040,gallons,,R2,
M-1199,"1493 Grain Elevator Rd, Wiley, CO 81092",Resident 1199,A-20199,2026-02-15,244335,gallons,,R2,
M-1199,"1493 Grain Elevator Rd, Wiley, CO 81092",Resident 1199,A-20199,2026-03-16,249661,gallons,,R2,
M-1199,"1493 Grain Elevator Rd, Wiley, CO 81092",Resident 1199,A-20199,2026-04-12,254637,gallons,,R2,
M-1199,"1493 Grain Elevator Rd, Wiley, CO 81092",Resident 1199,A-20199,2026-05-13,260672,gallons,,R2,
M-1199,"1493 Grain Elevator Rd, Wiley, CO 81092",Resident 1199,A-20199,2026-06-14,266247,gallons,,R2,
M-1199,"1493 Grain Elevator Rd, Wiley, CO 81092",Resident 1199,A-20199,2026-07-15,272900,gallons,,R2,
M-1200,"1500 Main St, Wiley, CO 81092",Resident 1200,A-20200,2026-01-14,369674,gallons,,R3,
M-1200,"1500 Main St, Wiley, CO 81092",Resident 1200,A-20200,2026-02-15,373759,gallons,,R3,
M-1200,"1500 Main St, Wiley, CO 81092",Resident 1200,A-20200,2026-03-16,380776,gallons,,R3,
M-1200,"1500 Main St, Wiley, CO 81092",Resident 1200,A-20200,2026-04-12,387855,gallons,,R3,
M-1200,"1500 Main St, Wiley, CO 81092",Resident 1200,A-20200,2026-05-13,395452,gallons,,R3,
M-1200,"1500 Main St, Wiley, CO 81092",Resident 1200,A-20200,2026-06-14,403765,gallons,,R3,
M-1200,"1500 Main St, Wiley, CO 81092",Resident 1200,A-20200,2026-07-15,411219,gallons,,R3,
M-1201,"1507 County Rd 10, Wiley, CO 81092",Resident 1201,A-20201,2026-01-14,264449,gallons,,R4,
M-1201,"1507 County Rd 10, Wiley, CO 81092",Resident 1201,A-20201,2026-02-15,266352,gallons,,R4,
M-1201,"1507 County Rd 10, Wiley, CO 81092",Resident 1201,A-20201,2026-03-16,268546,gallons,,R4,
M-1201,"1507 County Rd 10, Wiley, CO 81092",Resident 1201,A-20201,2026-04-12,270923,gallons,,R4,
M-1201,"1507 County Rd 10, Wiley, CO 81092",Resident 1201,A-20201,2026-05-13,273649,gallons,,R4,
M-1201,"1507 County Rd 10, Wiley, CO 81092",Resident 1201,A-20201,2026-06-14,277217,gallons,,R4,
M-1201,"1507 County Rd 10, Wiley, CO 81092",Resident 1201,A-20201,2026-07-15,280004,gallons,,R4,
M-1202,"1514 County Rd 14, Wiley, CO 81092",Resident 1202,A-20202,2026-01-14,252014,gallons,,R5,
M-1202,"1514 County Rd 14, Wiley, CO 81092",Resident 1202,A-20202,2026-02-15,254381,gallons,,R5,
M-1202,"1514 County Rd 14, Wiley, CO 81092",Resident 1202,A-20202,2026-03-16,257625,gallons,,R5,
M-1202,"1514 County Rd 14, Wiley, CO 81092",Resident 1202,A-20202,2026-04-12,260807,gallons,,R5,
M-1202,"1514 County Rd 14, Wiley, CO 81092",Resident 1202,A-20202,2026-05-13,263927,gallons,,R5,
M-1202,"1514 County Rd 14, Wiley, CO 81092",Resident 1202,A-20202,2026-06-14,268351,gallons,,R5,
M-1202,"1514 County Rd 14, Wiley, CO 81092",Resident 1202,A-20202,2026-07-15,272487,gallons,,R5,
M-1203,"1521 Highway 287, Wiley, CO 81092",Resident 1203,A-20203,2026-01-14,179553,gallons,,R6,
M-1203,"1521 Highway 287, Wiley, CO 81092",Resident 1203,A-20203,2026-02-15,183866,gallons,,R6,
M-1203,"1521 Highway 287, Wiley, CO 81092",Resident 1203,A-20203,2026-03-16,183866,gallons,,R6,
M-1203,"1521 Highway 287, Wiley, CO 81092",Resident 1203,A-20203,2026-04-12,183866,gallons,,R6,
M-1203,"1521 Highway 287, Wiley, CO 81092",Resident 1203,A-20203,2026-05-13,183866,gallons,,R6,
M-1203,"1521 Highway 287, Wiley, CO 81092",Resident 1203,A-20203,2026-06-14,183866,gallons,,R6,
M-1203,"1521 Highway 287, Wiley, CO 81092",Resident 1203,A-20203,2026-07-15,183866,gallons,,R6,
M-1204,"1528 Maple Ave, Wiley, CO 81092",Resident 1204,A-20204,2026-01-14,279005,gallons,,R1,
M-1204,"1528 Maple Ave, Wiley, CO 81092",Resident 1204,A-20204,2026-02-15,282891,gallons,,R1,
M-1204,"1528 Maple Ave, Wiley, CO 81092",Resident 1204,A-20204,2026-03-16,288109,gallons,,R1,
M-1204,"1528 Maple Ave, Wiley, CO 81092",Resident 1204,A-20204,2026-04-12,292228,gallons,,R1,
M-1204,"1528 Maple Ave, Wiley, CO 81092",Resident 1204,A-20204,2026-05-13,297494,gallons,,R1,
M-1204,"1528 Maple Ave, Wiley, CO 81092",Resident 1204,A-20204,2026-06-14,304620,gallons,,R1,
M-1204,"1528 Maple Ave, Wiley, CO 81092",Resident 1204,A-20204,2026-07-15,311151,gallons,,R1,
M-1205,"1535 Oak St, Wiley, CO 81092",Resident 1205,A-20205,2026-01-14,309947,gallons,,R2,
M-1205,"1535 Oak St, Wiley, CO 81092",Resident 1205,A-20205,2026-02-15,313240,gallons,,R2,
M-1205,"1535 Oak St, Wiley, CO 81092",Resident 1205,A-20205,2026-03-16,317908,gallons,,R2,
M-1205,"1535 Oak St, Wiley, CO 81092",Resident 1205,A-20205,2026-04-12,322403,gallons,,R2,
M-1205,"1535 Oak St, Wiley, CO 81092",Resident 1205,A-20205,2026-05-13,327579,gallons,,R2,
M-1205,"1535 Oak St, Wiley, CO 81092",Resident 1205,A-20205,2026-06-14,333538,gallons,,R2,
M-1205,"1535 Oak St, Wiley, CO 81092",Resident 1205,A-20205,2026-07-15,339096,gallons,,R2,
M-1206,"1542 Elm St, Wiley, CO 81092",Resident 1206,A-20206,2026-01-14,434211,gallons,,R3,
M-1206,"1542 Elm St, Wiley, CO 81092",Resident 1206,A-20206,2026-02-15,436096,gallons,,R3,
M-1206,"1542 Elm St, Wiley, CO 81092",Resident 1206,A-20206,2026-03-16,439118,gallons,,R3,
M-1206,"1542 Elm St, Wiley, CO 81092",Resident 1206,A-20206,2026-04-12,441933,gallons,,R3,
M-1206,"1542 Elm St, Wiley, CO 81092",Resident 1206,A-20206,2026-05-13,444947,gallons,,R3,
M-1206,"1542 Elm St, Wiley, CO 81092",Resident 1206,A-20206,2026-06-14,448841,gallons,,R3,
M-1206,"1542 Elm St, Wiley, CO 81092",Resident 1206,A-20206,2026-07-15,452582,gallons,,R3,
M-1207,"1549 3rd Ave, Wiley, CO 81092",Resident 1207,A-20207,2026-01-14,395268,gallons,,R4,
M-1207,"1549 3rd Ave, Wiley, CO 81092",Resident 1207,A-20207,2026-02-15,398571,gallons,,R4,
M-1207,"1549 3rd Ave, Wiley, CO 81092",Resident 1207,A-20207,2026-03-16,403027,gallons,,R4,
M-1207,"1549 3rd Ave, Wiley, CO 81092",Resident 1207,A-20207,2026-04-12,407684,gallons,,R4,
M-1207,"1549 3rd Ave, Wiley, CO 81092",Resident 1207,A-20207,2026-05-13,412329,gallons,,R4,
M-1207,"1549 3rd Ave, Wiley, CO 81092",Resident 1207,A-20207,2026-06-14,418026,gallons,,R4,
M-1207,"1549 3rd Ave, Wiley, CO 81092",Resident 1207,A-20207,2026-07-15,423534,gallons,,R4,
M-1208,"1556 5th St, Wiley, CO 81092",Resident 1208,A-20208,2026-01-14,381684,gallons,,R5,
M-1208,"1556 5th St, Wiley, CO 81092",Resident 1208,A-20208,2026-02-15,387109,gallons,,R5,
M-1208,"1556 5th St, Wiley, CO 81092",Resident 1208,A-20208,2026-03-16,393051,gallons,,R5,
M-1208,"1556 5th St, Wiley, CO 81092",Resident 1208,A-20208,2026-04-12,398924,gallons,,R5,
M-1208,"1556 5th St, Wiley, CO 81092",Resident 1208,A-20208,2026-05-13,405704,gallons,,R5,
M-1208,"1556 5th St, Wiley, CO 81092",Resident 1208,A-20208,2026-06-14,415744,gallons,,R5,
M-1208,"1556 5th St, Wiley, CO 81092",Resident 1208,A-20208,2026-07-15,424897,gallons,,R5,
M-1209,"1563 Ranch Rd, Wiley, CO 81092",Resident 1209,A-20209,2026-01-14,380947,gallons,,R6,
M-1209,"1563 Ranch Rd, Wiley, CO 81092",Resident 1209,A-20209,2026-02-15,382822,gallons,,R6,
M-1209,"1563 Ranch Rd, Wiley, CO 81092",Resident 1209,A-20209,2026-03-16,385411,gallons,,R6,
M-1209,"1563 Ranch Rd, Wiley, CO 81092",Resident 1209,A-20209,2026-04-12,388410,gallons,,R6,
M-1209,"1563 Ranch Rd, Wiley, CO 81092",Resident 1209,A-20209,2026-05-13,392096,gallons,,R6,
M-1209,"1563 Ranch Rd, Wiley, CO 81092",Resident 1209,A-20209,2026-06-14,396108,gallons,,R6,
M-1209,"1563 Ranch Rd, Wiley, CO 81092",Resident 1209,A-20209,2026-07-15,399843,gallons,,R6,
M-1210,"1570 Irrigation Ln, Wiley, CO 81092",Resident 1210,A-20210,2026-01-14,275842,gallons,,R1,
M-1210,"1570 Irrigation Ln, Wiley, CO 81092",Resident 1210,A-20210,2026-02-15,278069,gallons,,R1,
M-1210,"1570 Irrigation Ln, Wiley, CO 81092",Resident 1210,A-20210,2026-03-16,280937,gallons,,R1,
M-1210,"1570 Irrigation Ln, Wiley, CO 81092",Resident 1210,A-20210,2026-04-12,283995,gallons,,R1,
M-1210,"1570 Irrigation Ln, Wiley, CO 81092",Resident 1210,A-20210,2026-05-13,286981,gallons,,R1,
M-1210,"1570 Irrigation Ln, Wiley, CO 81092",Resident 1210,A-20210,2026-06-14,290400,gallons,,R1,
M-1210,"1570 Irrigation Ln, Wiley, CO 81092",Resident 1210,A-20210,2026-07-15,294674,gallons,,R1,
M-1211,"1577 North Frontage, Wiley, CO 81092",Resident 1211,A-20211,2026-01-14,215477,gallons,,R2,
M-1211,"1577 North Frontage, Wiley, CO 81092",Resident 1211,A-20211,2026-02-15,222219,gallons,,R2,
M-1211,"1577 North Frontage, Wiley, CO 81092",Resident 1211,A-20211,2026-03-16,229775,gallons,,R2,
M-1211,"1577 North Frontage, Wiley, CO 81092",Resident 1211,A-20211,2026-04-12,237709,gallons,,R2,
M-1211,"1577 North Frontage, Wiley, CO 81092",Resident 1211,A-20211,2026-05-13,247344,gallons,,R2,
M-1211,"1577 North Frontage, Wiley, CO 81092",Resident 1211,A-20211,2026-06-14,256850,gallons,,R2,
M-1211,"1577 North Frontage, Wiley, CO 81092",Resident 1211,A-20211,2026-07-15,267305,gallons,,R2,
M-1212,"1584 South Loop, Wiley, CO 81092",Resident 1212,A-20212,2026-01-14,223500,gallons,,R3,
M-1212,"1584 South Loop, Wiley, CO 81092",Resident 1212,A-20212,2026-02-15,227458,gallons,,R3,
M-1212,"1584 South Loop, Wiley, CO 81092",Resident 1212,A-20212,2026-03-16,234095,gallons,,R3,
M-1212,"1584 South Loop, Wiley, CO 81092",Resident 1212,A-20212,2026-04-12,240443,gallons,,R3,
M-1212,"1584 South Loop, Wiley, CO 81092",Resident 1212,A-20212,2026-05-13,248569,gallons,,R3,
M-1212,"1584 South Loop, Wiley, CO 81092",Resident 1212,A-20212,2026-06-14,257744,gallons,,R3,
M-1212,"1584 South Loop, Wiley, CO 81092",Resident 1212,A-20212,2026-07-15,265793,gallons,,R3,
M-1213,"1591 Pioneer Rd, Wiley, CO 81092",Resident 1213,A-20213,2026-01-14,237029,gallons,,R4,
M-1213,"1591 Pioneer Rd, Wiley, CO 81092",Resident 1213,A-20213,2026-02-15,239114,gallons,,R4,
M-1213,"1591 Pioneer Rd, Wiley, CO 81092",Resident 1213,A-20213,2026-03-16,242100,gallons,,R4,
M-1213,"1591 Pioneer Rd, Wiley, CO 81092",Resident 1213,A-20213,2026-04-12,245240,gallons,,R4,
M-1213,"1591 Pioneer Rd, Wiley, CO 81092",Resident 1213,A-20213,2026-05-13,248878,gallons,,R4,
M-1213,"1591 Pioneer Rd, Wiley, CO 81092",Resident 1213,A-20213,2026-06-14,252804,gallons,,R4,
M-1213,"1591 Pioneer Rd, Wiley, CO 81092",Resident 1213,A-20213,2026-07-15,256179,gallons,,R4,
M-1214,"1598 Cottonwood Dr, Wiley, CO 81092",Resident 1214,A-20214,2026-01-14,294887,gallons,,R5,
M-1214,"1598 Cottonwood Dr, Wiley, CO 81092",Resident 1214,A-20214,2026-02-15,300968,gallons,,R5,
M-1214,"1598 Cottonwood Dr, Wiley, CO 81092",Resident 1214,A-20214,2026-03-16,310268,gallons,,R5,
M-1214,"1598 Cottonwood Dr, Wiley, CO 81092",Resident 1214,A-20214,2026-04-12,319550,gallons,,R5,
M-1214,"1598 Cottonwood Dr, Wiley, CO 81092",Resident 1214,A-20214,2026-05-13,330114,gallons,,R5,
M-1214,"1598 Cottonwood Dr, Wiley, CO 81092",Resident 1214,A-20214,2026-06-14,342082,gallons,,R5,
M-1214,"1598 Cottonwood Dr, Wiley, CO 81092",Resident 1214,A-20214,2026-07-15,352553,gallons,,R5,
M-1215,"1605 Sand Creek Rd, Wiley, CO 81092",Resident 1215,A-20215,2026-01-14,473312,gallons,,R6,
M-1215,"1605 Sand Creek Rd, Wiley, CO 81092",Resident 1215,A-20215,2026-02-15,478211,gallons,,R6,
M-1215,"1605 Sand Creek Rd, Wiley, CO 81092",Resident 1215,A-20215,2026-03-16,484597,gallons,,R6,
M-1215,"1605 Sand Creek Rd, Wiley, CO 81092",Resident 1215,A-20215,2026-04-12,490478,gallons,,R6,
M-1215,"1605 Sand Creek Rd, Wiley, CO 81092",Resident 1215,A-20215,2026-05-13,498876,gallons,,R6,
M-1215,"1605 Sand Creek Rd, Wiley, CO 81092",Resident 1215,A-20215,2026-06-14,507345,gallons,,R6,
M-1215,"1605 Sand Creek Rd, Wiley, CO 81092",Resident 1215,A-20215,2026-07-15,516591,gallons,,R6,
M-1216,"1612 Prairie View, Wiley, CO 81092",Resident 1216,A-20216,2026-01-14,337509,gallons,,R1,
M-1216,"1612 Prairie View, Wiley, CO 81092",Resident 1216,A-20216,2026-02-15,343559,gallons,,R1,
M-1216,"1612 Prairie View, Wiley, CO 81092",Resident 1216,A-20216,2026-03-16,352947,gallons,,R1,
M-1216,"1612 Prairie View, Wiley, CO 81092",Resident 1216,A-20216,2026-04-12,360355,gallons,,R1,
M-1216,"1612 Prairie View, Wiley, CO 81092",Resident 1216,A-20216,2026-05-13,371480,gallons,,R1,
M-1216,"1612 Prairie View, Wiley, CO 81092",Resident 1216,A-20216,2026-06-14,383991,gallons,,R1,
M-1216,"1612 Prairie View, Wiley, CO 81092",Resident 1216,A-20216,2026-07-15,394946,gallons,,R1,
M-1217,"1619 School House Rd, Wiley, CO 81092",Resident 1217,A-20217,2026-01-14,128315,gallons,,R2,
M-1217,"1619 School House Rd, Wiley, CO 81092",Resident 1217,A-20217,2026-02-15,131036,gallons,,R2,
M-1217,"1619 School House Rd, Wiley, CO 81092",Resident 1217,A-20217,2026-03-16,134664,gallons,,R2,
M-1217,"1619 School House Rd, Wiley, CO 81092",Resident 1217,A-20217,2026-04-12,138214,gallons,,R2,
M-1217,"1619 School House Rd, Wiley, CO 81092",Resident 1217,A-20217,2026-05-13,141838,gallons,,R2,
M-1217,"1619 School House Rd, Wiley, CO 81092",Resident 1217,A-20217,2026-06-14,146626,gallons,,R2,
M-1217,"1619 School House Rd, Wiley, CO 81092",Resident 1217,A-20217,2026-07-15,150440,gallons,,R2,
M-1218,"1626 Cemetery Rd, Wiley, CO 81092",Resident 1218,A-20218,2026-01-14,162919,gallons,,R3,
M-1218,"1626 Cemetery Rd, Wiley, CO 81092",Resident 1218,A-20218,2026-02-15,165066,gallons,,R3,
M-1218,"1626 Cemetery Rd, Wiley, CO 81092",Resident 1218,A-20218,2026-03-16,168447,gallons,,R3,
M-1218,"1626 Cemetery Rd, Wiley, CO 81092",Resident 1218,A-20218,2026-04-12,171853,gallons,,R3,
M-1218,"1626 Cemetery Rd, Wiley, CO 81092",Resident 1218,A-20218,2026-05-13,176024,gallons,,R3,
M-1218,"1626 Cemetery Rd, Wiley, CO 81092",Resident 1218,A-20218,2026-06-14,180225,gallons,,R3,
M-1218,"1626 Cemetery Rd, Wiley, CO 81092",Resident 1218,A-20218,2026-07-15,185064,gallons,,R3,
M-1219,"1633 Grain Elevator Rd, Wiley, CO 81092",Resident 1219,A-20219,2026-01-14,496542,gallons,,R4,
M-1219,"1633 Grain Elevator Rd, Wiley, CO 81092",Resident 1219,A-20219,2026-02-15,501653,gallons,,R4,
M-1219,"1633 Grain Elevator Rd, Wiley, CO 81092",Resident 1219,A-20219,2026-03-16,510046,gallons,,R4,
M-1219,"1633 Grain Elevator Rd, Wiley, CO 81092",Resident 1219,A-20219,2026-04-12,517545,gallons,,R4,
M-1219,"1633 Grain Elevator Rd, Wiley, CO 81092",Resident 1219,A-20219,2026-05-13,526816,gallons,,R4,
M-1219,"1633 Grain Elevator Rd, Wiley, CO 81092",Resident 1219,A-20219,2026-06-14,536087,gallons,,R4,
M-1219,"1633 Grain Elevator Rd, Wiley, CO 81092",Resident 1219,A-20219,2026-07-15,546391,gallons,,R4,
M-1220,"1640 Main St, Wiley, CO 81092",Resident 1220,A-20220,2026-01-14,384906,gallons,,R5,
M-1220,"1640 Main St, Wiley, CO 81092",Resident 1220,A-20220,2026-02-15,389093,gallons,,R5,
M-1220,"1640 Main St, Wiley, CO 81092",Resident 1220,A-20220,2026-03-16,394759,gallons,,R5,
M-1220,"1640 Main St, Wiley, CO 81092",Resident 1220,A-20220,2026-04-12,401684,gallons,,R5,
M-1220,"1640 Main St, Wiley, CO 81092",Resident 1220,A-20220,2026-05-13,409476,gallons,,R5,
M-1220,"1640 Main St, Wiley, CO 81092",Resident 1220,A-20220,2026-06-14,418362,gallons,,R5,
M-1220,"1640 Main St, Wiley, CO 81092",Resident 1220,A-20220,2026-07-15,426942,gallons,,R5,
M-1221,"1647 County Rd 10, Wiley, CO 81092",Resident 1221,A-20221,2026-01-14,352105,gallons,,R6,
M-1221,"1647 County Rd 10, Wiley, CO 81092",Resident 1221,A-20221,2026-02-15,356662,gallons,,R6,
M-1221,"1647 County Rd 10, Wiley, CO 81092",Resident 1221,A-20221,2026-03-16,362936,gallons,,R6,
M-1221,"1647 County Rd 10, Wiley, CO 81092",Resident 1221,A-20221,2026-04-12,369828,gallons,,R6,
M-1221,"1647 County Rd 10, Wiley, CO 81092",Resident 1221,A-20221,2026-05-13,378048,gallons,,R6,
M-1221,"1647 County Rd 10, Wiley, CO 81092",Resident 1221,A-20221,2026-06-14,387631,gallons,,R6,
M-1221,"1647 County Rd 10, Wiley, CO 81092",Resident 1221,A-20221,2026-07-15,397456,gallons,,R6,
M-1222,"1654 County Rd 14, Wiley, CO 81092",Resident 1222,A-20222,2026-01-14,278812,gallons,,R1,
M-1222,"1654 County Rd 14, Wiley, CO 81092",Resident 1222,A-20222,2026-02-15,281793,gallons,,R1,
M-1222,"1654 County Rd 14, Wiley, CO 81092",Resident 1222,A-20222,2026-03-16,284983,gallons,,R1,
M-1222,"1654 County Rd 14, Wiley, CO 81092",Resident 1222,A-20222,2026-04-12,288008,gallons,,R1,
M-1222,"1654 County Rd 14, Wiley, CO 81092",Resident 1222,A-20222,2026-05-13,291864,gallons,,R1,
M-1222,"1654 County Rd 14, Wiley, CO 81092",Resident 1222,A-20222,2026-06-14,295952,gallons,,R1,
M-1222,"1654 County Rd 14, Wiley, CO 81092",Resident 1222,A-20222,2026-07-15,301360,gallons,,R1,
M-1223,"1661 Highway 287, Wiley, CO 81092",Resident 1223,A-20223,2026-01-14,355143,gallons,,R2,
M-1223,"1661 Highway 287, Wiley, CO 81092",Resident 1223,A-20223,2026-02-15,358532,gallons,,R2,
M-1223,"1661 Highway 287, Wiley, CO 81092",Resident 1223,A-20223,2026-03-16,363148,gallons,,R2,
M-1223,"1661 Highway 287, Wiley, CO 81092",Resident 1223,A-20223,2026-04-12,368135,gallons,,R2,
M-1223,"1661 Highway 287, Wiley, CO 81092",Resident 1223,A-20223,2026-05-13,372926,gallons,,R2,
M-1223,"1661 Highway 287, Wiley, CO 81092",Resident 1223,A-20223,2026-06-14,378760,gallons,,R2,
M-1223,"1661 Highway 287, Wiley, CO 81092",Resident 1223,A-20223,2026-07-15,383949,gallons,,R2,
M-1224,"1668 Maple Ave, Wiley, CO 81092",Resident 1224,A-20224,2026-01-14,486537,gallons,,R3,
M-1224,"1668 Maple Ave, Wiley, CO 81092",Resident 1224,A-20224,2026-02-15,491914,gallons,,R3,
M-1224,"1668 Maple Ave, Wiley, CO 81092",Resident 1224,A-20224,2026-03-16,497919,gallons,,R3,
M-1224,"1668 Maple Ave, Wiley, CO 81092",Resident 1224,A-20224,2026-04-12,504746,gallons,,R3,
M-1224,"1668 Maple Ave, Wiley, CO 81092",Resident 1224,A-20224,2026-05-13,512982,gallons,,R3,
M-1224,"1668 Maple Ave, Wiley, CO 81092",Resident 1224,A-20224,2026-06-14,522939,gallons,,R3,
M-1224,"1668 Maple Ave, Wiley, CO 81092",Resident 1224,A-20224,2026-07-15,530611,gallons,,R3,
M-1225,"1675 Oak St, Wiley, CO 81092",Resident 1225,A-20225,2026-01-14,446496,gallons,,R4,
M-1225,"1675 Oak St, Wiley, CO 81092",Resident 1225,A-20225,2026-02-15,451914,gallons,,R4,
M-1225,"1675 Oak St, Wiley, CO 81092",Resident 1225,A-20225,2026-03-16,458520,gallons,,R4,
M-1225,"1675 Oak St, Wiley, CO 81092",Resident 1225,A-20225,2026-04-12,466658,gallons,,R4,
M-1225,"1675 Oak St, Wiley, CO 81092",Resident 1225,A-20225,2026-05-13,475892,gallons,,R4,
M-1225,"1675 Oak St, Wiley, CO 81092",Resident 1225,A-20225,2026-06-14,485409,gallons,,R4,
M-1225,"1675 Oak St, Wiley, CO 81092",Resident 1225,A-20225,2026-07-15,493746,gallons,,R4,
M-1226,"1682 Elm St, Wiley, CO 81092",Resident 1226,A-20226,2026-01-14,211416,gallons,,R5,
M-1226,"1682 Elm St, Wiley, CO 81092",Resident 1226,A-20226,2026-02-15,215706,gallons,,R5,
M-1226,"1682 Elm St, Wiley, CO 81092",Resident 1226,A-20226,2026-03-16,220777,gallons,,R5,
M-1226,"1682 Elm St, Wiley, CO 81092",Resident 1226,A-20226,2026-04-12,226145,gallons,,R5,
M-1226,"1682 Elm St, Wiley, CO 81092",Resident 1226,A-20226,2026-05-13,232876,gallons,,R5,
M-1226,"1682 Elm St, Wiley, CO 81092",Resident 1226,A-20226,2026-06-14,239886,gallons,,R5,
M-1226,"1682 Elm St, Wiley, CO 81092",Resident 1226,A-20226,2026-07-15,246847,gallons,,R5,
M-1227,"1689 3rd Ave, Wiley, CO 81092",Resident 1227,A-20227,2026-01-14,321186,gallons,,R6,
M-1227,"1689 3rd Ave, Wiley, CO 81092",Resident 1227,A-20227,2026-02-15,324182,gallons,,R6,
M-1227,"1689 3rd Ave, Wiley, CO 81092",Resident 1227,A-20227,2026-03-16,327559,gallons,,R6,
M-1227,"1689 3rd Ave, Wiley, CO 81092",Resident 1227,A-20227,2026-04-12,331767,gallons,,R6,
M-1227,"1689 3rd Ave, Wiley, CO 81092",Resident 1227,A-20227,2026-05-13,335812,gallons,,R6,
M-1227,"1689 3rd Ave, Wiley, CO 81092",Resident 1227,A-20227,2026-06-14,340358,gallons,,R6,
M-1227,"1689 3rd Ave, Wiley, CO 81092",Resident 1227,A-20227,2026-07-15,345186,gallons,,R6,
M-1228,"1696 5th St, Wiley, CO 81092",Resident 1228,A-20228,2026-01-14,473626,gallons,,R1,
M-1228,"1696 5th St, Wiley, CO 81092",Resident 1228,A-20228,2026-02-15,478970,gallons,,R1,
M-1228,"1696 5th St, Wiley, CO 81092",Resident 1228,A-20228,2026-03-16,486176,gallons,,R1,
M-1228,"1696 5th St, Wiley, CO 81092",Resident 1228,A-20228,2026-04-12,493258,gallons,,R1,
M-1228,"1696 5th St, Wiley, CO 81092",Resident 1228,A-20228,2026-05-13,500648,gallons,,R1,
M-1228,"1696 5th St, Wiley, CO 81092",Resident 1228,A-20228,2026-06-14,508994,gallons,,R1,
M-1228,"1696 5th St, Wiley, CO 81092",Resident 1228,A-20228,2026-07-15,517469,gallons,,R1,
M-1229,"1703 Ranch Rd, Wiley, CO 81092",Resident 1229,A-20229,2026-01-14,304897,gallons,,R2,
M-1229,"1703 Ranch Rd, Wiley, CO 81092",Resident 1229,A-20229,2026-02-15,310458,gallons,,R2,
M-1229,"1703 Ranch Rd, Wiley, CO 81092",Resident 1229,A-20229,2026-03-16,318368,gallons,,R2,
M-1229,"1703 Ranch Rd, Wiley, CO 81092",Resident 1229,A-20229,2026-04-12,327905,gallons,,R2,
M-1229,"1703 Ranch Rd, Wiley, CO 81092",Resident 1229,A-20229,2026-05-13,337966,gallons,,R2,
M-1229,"1703 Ranch Rd, Wiley, CO 81092",Resident 1229,A-20229,2026-06-14,350719,gallons,,R2,
M-1229,"1703 Ranch Rd, Wiley, CO 81092",Resident 1229,A-20229,2026-07-15,361371,gallons,,R2,
M-1230,"1710 Irrigation Ln, Wiley, CO 81092",Resident 1230,A-20230,2026-01-14,335778,gallons,,R3,
M-1230,"1710 Irrigation Ln, Wiley, CO 81092",Resident 1230,A-20230,2026-02-15,341839,gallons,,R3,
M-1230,"1710 Irrigation Ln, Wiley, CO 81092",Resident 1230,A-20230,2026-03-16,349982,gallons,,R3,
M-1230,"1710 Irrigation Ln, Wiley, CO 81092",Resident 1230,A-20230,2026-04-12,358330,gallons,,R3,
M-1230,"1710 Irrigation Ln, Wiley, CO 81092",Resident 1230,A-20230,2026-05-13,368829,gallons,,R3,
M-1230,"1710 Irrigation Ln, Wiley, CO 81092",Resident 1230,A-20230,2026-06-14,379399,gallons,,R3,
M-1230,"1710 Irrigation Ln, Wiley, CO 81092",Resident 1230,A-20230,2026-07-15,391485,gallons,,R3,
M-1231,"1717 North Frontage, Wiley, CO 81092",Resident 1231,A-20231,2026-01-14,214901,gallons,,R4,
M-1231,"1717 North Frontage, Wiley, CO 81092",Resident 1231,A-20231,2026-02-15,220040,gallons,,R4,
M-1231,"1717 North Frontage, Wiley, CO 81092",Resident 1231,A-20231,2026-03-16,229048,gallons,,R4,
M-1231,"1717 North Frontage, Wiley, CO 81092",Resident 1231,A-20231,2026-04-12,236219,gallons,,R4,
M-1231,"1717 North Frontage, Wiley, CO 81092",Resident 1231,A-20231,2026-05-13,245584,gallons,,R4,
M-1231,"1717 North Frontage, Wiley, CO 81092",Resident 1231,A-20231,2026-06-14,254879,gallons,,R4,
M-1231,"1717 North Frontage, Wiley, CO 81092",Resident 1231,A-20231,2026-07-15,266061,gallons,,R4,
M-1232,"1724 South Loop, Wiley, CO 81092",Resident 1232,A-20232,2026-01-14,348901,gallons,,R5,
M-1232,"1724 South Loop, Wiley, CO 81092",Resident 1232,A-20232,2026-02-15,352062,gallons,,R5,
M-1232,"1724 South Loop, Wiley, CO 81092",Resident 1232,A-20232,2026-03-16,355819,gallons,,R5,
M-1232,"1724 South Loop, Wiley, CO 81092",Resident 1232,A-20232,2026-04-12,359145,gallons,,R5,
M-1232,"1724 South Loop, Wiley, CO 81092",Resident 1232,A-20232,2026-05-13,363725,gallons,,R5,
M-1232,"1724 South Loop, Wiley, CO 81092",Resident 1232,A-20232,2026-06-14,369095,gallons,,R5,
M-1232,"1724 South Loop, Wiley, CO 81092",Resident 1232,A-20232,2026-07-15,373937,gallons,,R5,
M-1233,"1731 Pioneer Rd, Wiley, CO 81092",Resident 1233,A-20233,2026-01-14,193840,gallons,,R6,
M-1233,"1731 Pioneer Rd, Wiley, CO 81092",Resident 1233,A-20233,2026-02-15,200635,gallons,,R6,
M-1233,"1731 Pioneer Rd, Wiley, CO 81092",Resident 1233,A-20233,2026-03-16,209653,gallons,,R6,
M-1233,"1731 Pioneer Rd, Wiley, CO 81092",Resident 1233,A-20233,2026-04-12,218039,gallons,,R6,
M-1233,"1731 Pioneer Rd, Wiley, CO 81092",Resident 1233,A-20233,2026-05-13,227124,gallons,,R6,
M-1233,"1731 Pioneer Rd, Wiley, CO 81092",Resident 1233,A-20233,2026-06-14,237337,gallons,,R6,
M-1233,"1731 Pioneer Rd, Wiley, CO 81092",Resident 1233,A-20233,2026-07-15,248860,gallons,,R6,
M-1234,"1738 Cottonwood Dr, Wiley, CO 81092",Resident 1234,A-20234,2026-01-14,408832,gallons,,R1,
M-1234,"1738 Cottonwood Dr, Wiley, CO 81092",Resident 1234,A-20234,2026-02-15,412374,gallons,,R1,
M-1234,"1738 Cottonwood Dr, Wiley, CO 81092",Resident 1234,A-20234,2026-03-16,416702,gallons,,R1,
M-1234,"1738 Cottonwood Dr, Wiley, CO 81092",Resident 1234,A-20234,2026-04-12,421202,gallons,,R1,
M-1234,"1738 Cottonwood Dr, Wiley, CO 81092",Resident 1234,A-20234,2026-05-13,426414,gallons,,R1,
M-1234,"1738 Cottonwood Dr, Wiley, CO 81092",Resident 1234,A-20234,2026-06-14,433249,gallons,,R1,
M-1234,"1738 Cottonwood Dr, Wiley, CO 81092",Resident 1234,A-20234,2026-07-15,440624,gallons,,R1,
M-1235,"1745 Sand Creek Rd, Wiley, CO 81092",Resident 1235,A-20235,2026-01-14,435358,gallons,,R2,
M-1235,"1745 Sand Creek Rd, Wiley, CO 81092",Resident 1235,A-20235,2026-02-15,439227,gallons,,R2,
M-1235,"1745 Sand Creek Rd, Wiley, CO 81092",Resident 1235,A-20235,2026-03-16,444322,gallons,,R2,
M-1235,"1745 Sand Creek Rd, Wiley, CO 81092",Resident 1235,A-20235,2026-04-12,449060,gallons,,R2,
M-1235,"1745 Sand Creek Rd, Wiley, CO 81092",Resident 1235,A-20235,2026-05-13,455936,gallons,,R2,
M-1235,"1745 Sand Creek Rd, Wiley, CO 81092",Resident 1235,A-20235,2026-06-14,462729,gallons,,R2,
M-1235,"1745 Sand Creek Rd, Wiley, CO 81092",Resident 1235,A-20235,2026-07-15,471214,gallons,,R2,
M-1236,"1752 Prairie View, Wiley, CO 81092",Resident 1236,A-20236,2026-01-14,294613,gallons,,R3,
M-1236,"1752 Prairie View, Wiley, CO 81092",Resident 1236,A-20236,2026-02-15,300151,gallons,,R3,
M-1236,"1752 Prairie View, Wiley, CO 81092",Resident 1236,A-20236,2026-03-16,306765,gallons,,R3,
M-1236,"1752 Prairie View, Wiley, CO 81092",Resident 1236,A-20236,2026-04-12,313475,gallons,,R3,
M-1236,"1752 Prairie View, Wiley, CO 81092",Resident 1236,A-20236,2026-05-13,322727,gallons,,R3,
M-1236,"1752 Prairie View, Wiley, CO 81092",Resident 1236,A-20236,2026-06-14,333105,gallons,,R3,
M-1236,"1752 Prairie View, Wiley, CO 81092",Resident 1236,A-20236,2026-07-15,344289,gallons,,R3,
M-1237,"1759 School House Rd, Wiley, CO 81092",Resident 1237,A-20237,2026-01-14,380565,gallons,,R4,
M-1237,"1759 School House Rd, Wiley, CO 81092",Resident 1237,A-20237,2026-02-15,386743,gallons,,R4,
M-1237,"1759 School House Rd, Wiley, CO 81092",Resident 1237,A-20237,2026-03-16,394919,gallons,,R4,
M-1237,"1759 School House Rd, Wiley, CO 81092",Resident 1237,A-20237,2026-04-12,403461,gallons,,R4,
M-1237,"1759 School House Rd, Wiley, CO 81092",Resident 1237,A-20237,2026-05-13,412827,gallons,,R4,
M-1237,"1759 School House Rd, Wiley, CO 81092",Resident 1237,A-20237,2026-06-14,422565,gallons,,R4,
M-1237,"1759 School House Rd, Wiley, CO 81092",Resident 1237,A-20237,2026-07-15,433451,gallons,,R4,
M-1238,"1766 Cemetery Rd, Wiley, CO 81092",Resident 1238,A-20238,2026-01-14,372205,gallons,,R5,
M-1238,"1766 Cemetery Rd, Wiley, CO 81092",Resident 1238,A-20238,2026-02-15,376610,gallons,,R5,
M-1238,"1766 Cemetery Rd, Wiley, CO 81092",Resident 1238,A-20238,2026-03-16,381518,gallons,,R5,
M-1238,"1766 Cemetery Rd, Wiley, CO 81092",Resident 1238,A-20238,2026-04-12,386589,gallons,,R5,
M-1238,"1766 Cemetery Rd, Wiley, CO 81092",Resident 1238,A-20238,2026-05-13,393328,gallons,,R5,
M-1238,"1766 Cemetery Rd, Wiley, CO 81092",Resident 1238,A-20238,2026-06-14,399960,gallons,,R5,
M-1238,"1766 Cemetery Rd, Wiley, CO 81092",Resident 1238,A-20238,2026-07-15,407937,gallons,,R5,
M-1239,"1773 Grain Elevator Rd, Wiley, CO 81092",Resident 1239,A-20239,2026-01-14,190007,gallons,,R6,
M-1239,"1773 Grain Elevator Rd, Wiley, CO 81092",Resident 1239,A-20239,2026-02-15,194475,gallons,,R6,
M-1239,"1773 Grain Elevator Rd, Wiley, CO 81092",Resident 1239,A-20239,2026-03-16,200351,gallons,,R6,
M-1239,"1773 Grain Elevator Rd, Wiley, CO 81092",Resident 1239,A-20239,2026-04-12,205963,gallons,,R6,
M-1239,"1773 Grain Elevator Rd, Wiley, CO 81092",Resident 1239,A-20239,2026-05-13,211789,gallons,,R6,
M-1239,"1773 Grain Elevator Rd, Wiley, CO 81092",Resident 1239,A-20239,2026-06-14,220551,gallons,,R6,
M-1239,"1773 Grain Elevator Rd, Wiley, CO 81092",Resident 1239,A-20239,2026-07-15,227212,gallons,,R6,
M-1240,"1780 Main St, Wiley, CO 81092",Resident 1240,A-20240,2026-01-14,517277,gallons,,R1,
M-1240,"1780 Main St, Wiley, CO 81092",Resident 1240,A-20240,2026-02-15,522488,gallons,,R1,
M-1240,"1780 Main St, Wiley, CO 81092",Resident 1240,A-20240,2026-03-16,529205,gallons,,R1,
M-1240,"1780 Main St, Wiley, CO 81092",Resident 1240,A-20240,2026-04-12,535022,gallons,,R1,
M-1240,"1780 Main St, Wiley, CO 81092",Resident 1240,A-20240,2026-05-13,542510,gallons,,R1,
M-1240,"1780 Main St, Wiley, CO 81092",Resident 1240,A-20240,2026-06-14,551742,gallons,,R1,
M-1240,"1780 Main St, Wiley, CO 81092",Resident 1240,A-20240,2026-07-15,559911,gallons,,R1,
M-1241,"1787 County Rd 10, Wiley, CO 81092",Resident 1241,A-20241,2026-01-14,330494,gallons,,R2,
M-1241,"1787 County Rd 10, Wiley, CO 81092",Resident 1241,A-20241,2026-02-15,334707,gallons,,R2,
M-1241,"1787 County Rd 10, Wiley, CO 81092",Resident 1241,A-20241,2026-03-16,339795,gallons,,R2,
M-1241,"1787 County Rd 10, Wiley, CO 81092",Resident 1241,A-20241,2026-04-12,346515,gallons,,R2,
M-1241,"1787 County Rd 10, Wiley, CO 81092",Resident 1241,A-20241,2026-05-13,353073,gallons,,R2,
M-1241,"1787 County Rd 10, Wiley, CO 81092",Resident 1241,A-20241,2026-06-14,360340,gallons,,R2,
M-1241,"1787 County Rd 10, Wiley, CO 81092",Resident 1241,A-20241,2026-07-15,369072,gallons,,R2,
M-1242,"1794 County Rd 14, Wiley, CO 81092",Resident 1242,A-20242,2026-01-14,434452,gallons,,R3,
M-1242,"1794 County Rd 14, Wiley, CO 81092",Resident 1242,A-20242,2026-02-15,436995,gallons,,R3,
M-1242,"1794 County Rd 14, Wiley, CO 81092",Resident 1242,A-20242,2026-03-16,440398,gallons,,R3,
M-1242,"1794 County Rd 14, Wiley, CO 81092",Resident 1242,A-20242,2026-04-12,443938,gallons,,R3,
M-1242,"1794 County Rd 14, Wiley, CO 81092",Resident 1242,A-20242,2026-05-13,447848,gallons,,R3,
M-1242,"1794 County Rd 14, Wiley, CO 81092",Resident 1242,A-20242,2026-06-14,451763,gallons,,R3,
M-1242,"1794 County Rd 14, Wiley, CO 81092",Resident 1242,A-20242,2026-07-15,456436,gallons,,R3,
M-1243,"1801 Highway 287, Wiley, CO 81092",Resident 1243,A-20243,2026-01-14,291415,gallons,,R4,
M-1243,"1801 Highway 287, Wiley, CO 81092",Resident 1243,A-20243,2026-02-15,294138,gallons,,R4,
M-1243,"1801 Highway 287, Wiley, CO 81092",Resident 1243,A-20243,2026-03-16,298726,gallons,,R4,
M-1243,"1801 Highway 287, Wiley, CO 81092",Resident 1243,A-20243,2026-04-12,302434,gallons,,R4,
M-1243,"1801 Highway 287, Wiley, CO 81092",Resident 1243,A-20243,2026-05-13,307852,gallons,,R4,
M-1243,"1801 Highway 287, Wiley, CO 81092",Resident 1243,A-20243,2026-06-14,314112,gallons,,R4,
M-1243,"1801 Highway 287, Wiley, CO 81092",Resident 1243,A-20243,2026-07-15,319657,gallons,,R4,
M-1244,"1808 Maple Ave, Wiley, CO 81092",Resident 1244,A-20244,2026-01-14,780049,gallons,,R5,
M-1244,"1808 Maple Ave, Wiley, CO 81092",Resident 1244,A-20244,2026-02-15,797844,gallons,,R5,
M-1244,"1808 Maple Ave, Wiley, CO 81092",Resident 1244,A-20244,2026-03-16,816632,gallons,,R5,
M-1244,"1808 Maple Ave, Wiley, CO 81092",Resident 1244,A-20244,2026-04-12,840604,gallons,,R5,
M-1244,"1808 Maple Ave, Wiley, CO 81092",Resident 1244,A-20244,2026-05-13,865690,gallons,,R5,
M-1244,"1808 Maple Ave, Wiley, CO 81092",Resident 1244,A-20244,2026-06-14,894046,gallons,,R5,
M-1244,"1808 Maple Ave, Wiley, CO 81092",Resident 1244,A-20244,2026-07-15,922487,gallons,,R5,
M-1245,"1815 Oak St, Wiley, CO 81092",Resident 1245,A-20245,2026-01-14,162793,gallons,,R6,
M-1245,"1815 Oak St, Wiley, CO 81092",Resident 1245,A-20245,2026-02-15,164665,gallons,,R6,
M-1245,"1815 Oak St, Wiley, CO 81092",Resident 1245,A-20245,2026-03-16,167713,gallons,,R6,
M-1245,"1815 Oak St, Wiley, CO 81092",Resident 1245,A-20245,2026-04-12,170161,gallons,,R6,
M-1245,"1815 Oak St, Wiley, CO 81092",Resident 1245,A-20245,2026-05-13,173331,gallons,,R6,
M-1245,"1815 Oak St, Wiley, CO 81092",Resident 1245,A-20245,2026-06-14,177416,gallons,,R6,
M-1245,"1815 Oak St, Wiley, CO 81092",Resident 1245,A-20245,2026-07-15,181181,gallons,,R6,
M-1246,"1822 Elm St, Wiley, CO 81092",Resident 1246,A-20246,2026-01-14,297319,gallons,,R1,
M-1246,"1822 Elm St, Wiley, CO 81092",Resident 1246,A-20246,2026-02-15,301444,gallons,,R1,
M-1246,"1822 Elm St, Wiley, CO 81092",Resident 1246,A-20246,2026-03-16,306135,gallons,,R1,
M-1246,"1822 Elm St, Wiley, CO 81092",Resident 1246,A-20246,2026-04-12,311520,gallons,,R1,
M-1246,"1822 Elm St, Wiley, CO 81092",Resident 1246,A-20246,2026-05-13,316743,gallons,,R1,
M-1246,"1822 Elm St, Wiley, CO 81092",Resident 1246,A-20246,2026-06-14,323590,gallons,,R1,
M-1246,"1822 Elm St, Wiley, CO 81092",Resident 1246,A-20246,2026-07-15,330610,gallons,,R1,
M-1247,"1829 3rd Ave, Wiley, CO 81092",Resident 1247,A-20247,2026-01-14,359422,gallons,,R2,
M-1247,"1829 3rd Ave, Wiley, CO 81092",Resident 1247,A-20247,2026-02-15,361010,gallons,,R2,
M-1247,"1829 3rd Ave, Wiley, CO 81092",Resident 1247,A-20247,2026-03-16,363238,gallons,,R2,
M-1247,"1829 3rd Ave, Wiley, CO 81092",Resident 1247,A-20247,2026-04-12,365456,gallons,,R2,
M-1247,"1829 3rd Ave, Wiley, CO 81092",Resident 1247,A-20247,2026-05-13,368193,gallons,,R2,
M-1247,"1829 3rd Ave, Wiley, CO 81092",Resident 1247,A-20247,2026-06-14,371389,gallons,,R2,
M-1247,"1829 3rd Ave, Wiley, CO 81092",Resident 1247,A-20247,2026-07-15,374564,gallons,,R2,
M-1248,"1836 5th St, Wiley, CO 81092",Resident 1248,A-20248,2026-01-14,341673,gallons,,R3,
M-1248,"1836 5th St, Wiley, CO 81092",Resident 1248,A-20248,2026-02-15,346505,gallons,,R3,
M-1248,"1836 5th St, Wiley, CO 81092",Resident 1248,A-20248,2026-03-16,352605,gallons,,R3,
M-1248,"1836 5th St, Wiley, CO 81092",Resident 1248,A-20248,2026-04-12,360155,gallons,,R3,
M-1248,"1836 5th St, Wiley, CO 81092",Resident 1248,A-20248,2026-05-13,367772,gallons,,R3,
M-1248,"1836 5th St, Wiley, CO 81092",Resident 1248,A-20248,2026-06-14,377394,gallons,,R3,
M-1248,"1836 5th St, Wiley, CO 81092",Resident 1248,A-20248,2026-07-15,386905,gallons,,R3,
M-1249,"1843 Ranch Rd, Wiley, CO 81092",Resident 1249,A-20249,2026-01-14,520760,gallons,,R4,
M-1249,"1843 Ranch Rd, Wiley, CO 81092",Resident 1249,A-20249,2026-02-15,525244,gallons,,R4,
M-1249,"1843 Ranch Rd, Wiley, CO 81092",Resident 1249,A-20249,2026-03-16,532900,gallons,,R4,
M-1249,"1843 Ranch Rd, Wiley, CO 81092",Resident 1249,A-20249,2026-04-12,539948,gallons,,R4,
M-1249,"1843 Ranch Rd, Wiley, CO 81092",Resident 1249,A-20249,2026-05-13,547325,gallons,,R4,
M-1249,"1843 Ranch Rd, Wiley, CO 81092",Resident 1249,A-20249,2026-06-14,556856,gallons,,R4,
M-1249,"1843 Ranch Rd, Wiley, CO 81092",Resident 1249,A-20249,2026-07-15,566663,gallons,,R4,
M-1250,"1850 Irrigation Ln, Wiley, CO 81092",Resident 1250,A-20250,2026-01-14,337468,gallons,,R5,
M-1250,"1850 Irrigation Ln, Wiley, CO 81092",Resident 1250,A-20250,2026-02-15,340191,gallons,,R5,
M-1250,"1850 Irrigation Ln, Wiley, CO 81092",Resident 1250,A-20250,2026-03-16,344762,gallons,,R5,
M-1250,"1850 Irrigation Ln, Wiley, CO 81092",Resident 1250,A-20250,2026-04-12,348382,gallons,,R5,
M-1250,"1850 Irrigation Ln, Wiley, CO 81092",Resident 1250,A-20250,2026-05-13,353270,gallons,,R5,
M-1250,"1850 Irrigation Ln, Wiley, CO 81092",Resident 1250,A-20250,2026-06-14,358893,gallons,,R5,
M-1250,"1850 Irrigation Ln, Wiley, CO 81092",Resident 1250,A-20250,2026-07-15,363827,gallons,,R5,
M-1251,"1857 North Frontage, Wiley, CO 81092",Resident 1251,A-20251,2026-01-14,347074,gallons,,R6,
M-1251,"1857 North Frontage, Wiley, CO 81092",Resident 1251,A-20251,2026-02-15,351673,gallons,,R6,
M-1251,"1857 North Frontage, Wiley, CO 81092",Resident 1251,A-20251,2026-03-16,359054,gallons,,R6,
M-1251,"1857 North Frontage, Wiley, CO 81092",Resident 1251,A-20251,2026-04-12,366054,gallons,,R6,
M-1251,"1857 North Frontage, Wiley, CO 81092",Resident 1251,A-20251,2026-05-13,372972,gallons,,R6,
M-1251,"1857 North Frontage, Wiley, CO 81092",Resident 1251,A-20251,2026-06-14,382967,gallons,,R6,
M-1251,"1857 North Frontage, Wiley, CO 81092",Resident 1251,A-20251,2026-07-15,392152,gallons,,R6,
M-1252,"1864 South Loop, Wiley, CO 81092",Resident 1252,A-20252,2026-01-14,335958,gallons,,R1,
M-1252,"1864 South Loop, Wiley, CO 81092",Resident 1252,A-20252,2026-02-15,339132,gallons,,R1,
M-1252,"1864 South Loop, Wiley, CO 81092",Resident 1252,A-20252,2026-03-16,343599,gallons,,R1,
M-1252,"1864 South Loop, Wiley, CO 81092",Resident 1252,A-20252,2026-04-12,347521,gallons,,R1,
M-1252,"1864 South Loop, Wiley, CO 81092",Resident 1252,A-20252,2026-05-13,352664,gallons,,R1,
M-1252,"1864 South Loop, Wiley, CO 81092",Resident 1252,A-20252,2026-06-14,358175,gallons,,R1,
M-1252,"1864 South Loop, Wiley, CO 81092",Resident 1252,A-20252,2026-07-15,363137,gallons,,R1,
M-1253,"1871 Pioneer Rd, Wiley, CO 81092",Resident 1253,A-20253,2026-01-14,246403,gallons,,R2,
M-1253,"1871 Pioneer Rd, Wiley, CO 81092",Resident 1253,A-20253,2026-02-15,248240,gallons,,R2,
M-1253,"1871 Pioneer Rd, Wiley, CO 81092",Resident 1253,A-20253,2026-03-16,250428,gallons,,R2,
M-1253,"1871 Pioneer Rd, Wiley, CO 81092",Resident 1253,A-20253,2026-04-12,252893,gallons,,R2,
M-1253,"1871 Pioneer Rd, Wiley, CO 81092",Resident 1253,A-20253,2026-05-13,255520,gallons,,R2,
M-1253,"1871 Pioneer Rd, Wiley, CO 81092",Resident 1253,A-20253,2026-06-14,258170,gallons,,R2,
M-1253,"1871 Pioneer Rd, Wiley, CO 81092",Resident 1253,A-20253,2026-07-15,261446,gallons,,R2,
M-1254,"1878 Cottonwood Dr, Wiley, CO 81092",Resident 1254,A-20254,2026-01-14,392269,gallons,,R3,
M-1254,"1878 Cottonwood Dr, Wiley, CO 81092",Resident 1254,A-20254,2026-02-15,394090,gallons,,R3,
M-1254,"1878 Cottonwood Dr, Wiley, CO 81092",Resident 1254,A-20254,2026-03-16,397154,gallons,,R3,
M-1254,"1878 Cottonwood Dr, Wiley, CO 81092",Resident 1254,A-20254,2026-04-12,399776,gallons,,R3,
M-1254,"1878 Cottonwood Dr, Wiley, CO 81092",Resident 1254,A-20254,2026-05-13,402742,gallons,,R3,
M-1254,"1878 Cottonwood Dr, Wiley, CO 81092",Resident 1254,A-20254,2026-06-14,406077,gallons,,R3,
M-1254,"1878 Cottonwood Dr, Wiley, CO 81092",Resident 1254,A-20254,2026-07-15,409802,gallons,,R3,
M-1255,"1885 Sand Creek Rd, Wiley, CO 81092",Resident 1255,A-20255,2026-01-14,259800,gallons,,R4,
M-1255,"1885 Sand Creek Rd, Wiley, CO 81092",Resident 1255,A-20255,2026-02-15,266292,gallons,,R4,
M-1255,"1885 Sand Creek Rd, Wiley, CO 81092",Resident 1255,A-20255,2026-03-16,275112,gallons,,R4,
M-1255,"1885 Sand Creek Rd, Wiley, CO 81092",Resident 1255,A-20255,2026-04-12,283553,gallons,,R4,
M-1255,"1885 Sand Creek Rd, Wiley, CO 81092",Resident 1255,A-20255,2026-05-13,293667,gallons,,R4,
M-1255,"1885 Sand Creek Rd, Wiley, CO 81092",Resident 1255,A-20255,2026-06-14,303055,gallons,,R4,
M-1255,"1885 Sand Creek Rd, Wiley, CO 81092",Resident 1255,A-20255,2026-07-15,313903,gallons,,R4,
M-1256,"1892 Prairie View, Wiley, CO 81092",Resident 1256,A-20256,2026-01-14,289278,gallons,,R5,
M-1256,"1892 Prairie View, Wiley, CO 81092",Resident 1256,A-20256,2026-02-15,295231,gallons,,R5,
M-1256,"1892 Prairie View, Wiley, CO 81092",Resident 1256,A-20256,2026-03-16,302016,gallons,,R5,
M-1256,"1892 Prairie View, Wiley, CO 81092",Resident 1256,A-20256,2026-04-12,308569,gallons,,R5,
M-1256,"1892 Prairie View, Wiley, CO 81092",Resident 1256,A-20256,2026-05-13,316544,gallons,,R5,
M-1256,"1892 Prairie View, Wiley, CO 81092",Resident 1256,A-20256,2026-06-14,325774,gallons,,R5,
M-1256,"1892 Prairie View, Wiley, CO 81092",Resident 1256,A-20256,2026-07-15,336575,gallons,,R5,
M-1257,"1899 School House Rd, Wiley, CO 81092",Resident 1257,A-20257,2026-01-14,318043,gallons,,R6,
M-1257,"1899 School House Rd, Wiley, CO 81092",Resident 1257,A-20257,2026-02-15,319778,gallons,,R6,
M-1257,"1899 School House Rd, Wiley, CO 81092",Resident 1257,A-20257,2026-03-16,322517,gallons,,R6,
M-1257,"1899 School House Rd, Wiley, CO 81092",Resident 1257,A-20257,2026-04-12,325332,gallons,,R6,
M-1257,"1899 School House Rd, Wiley, CO 81092",Resident 1257,A-20257,2026-05-13,328344,gallons,,R6,
M-1257,"1899 School House Rd, Wiley, CO 81092",Resident 1257,A-20257,2026-06-14,332040,gallons,,R6,
M-1257,"1899 School House Rd, Wiley, CO 81092",Resident 1257,A-20257,2026-07-15,335940,gallons,,R6,
M-1258,"1906 Cemetery Rd, Wiley, CO 81092",Resident 1258,A-20258,2026-01-14,472149,gallons,,R1,
M-1258,"1906 Cemetery Rd, Wiley, CO 81092",Resident 1258,A-20258,2026-02-15,474845,gallons,,R1,
M-1258,"1906 Cemetery Rd, Wiley, CO 81092",Resident 1258,A-20258,2026-03-16,478920,gallons,,R1,
M-1258,"1906 Cemetery Rd, Wiley, CO 81092",Resident 1258,A-20258,2026-04-12,483400,gallons,,R1,
M-1258,"1906 Cemetery Rd, Wiley, CO 81092",Resident 1258,A-20258,2026-05-13,488093,gallons,,R1,
M-1258,"1906 Cemetery Rd, Wiley, CO 81092",Resident 1258,A-20258,2026-06-14,493145,gallons,,R1,
M-1258,"1906 Cemetery Rd, Wiley, CO 81092",Resident 1258,A-20258,2026-07-15,499013,gallons,,R1,
M-1259,"1913 Grain Elevator Rd, Wiley, CO 81092",Resident 1259,A-20259,2026-01-14,298287,gallons,,R2,
M-1259,"1913 Grain Elevator Rd, Wiley, CO 81092",Resident 1259,A-20259,2026-02-15,300532,gallons,,R2,
M-1259,"1913 Grain Elevator Rd, Wiley, CO 81092",Resident 1259,A-20259,2026-03-16,302970,gallons,,R2,
M-1259,"1913 Grain Elevator Rd, Wiley, CO 81092",Resident 1259,A-20259,2026-04-12,305732,gallons,,R2,
M-1259,"1913 Grain Elevator Rd, Wiley, CO 81092",Resident 1259,A-20259,2026-05-13,309117,gallons,,R2,
M-1259,"1913 Grain Elevator Rd, Wiley, CO 81092",Resident 1259,A-20259,2026-06-14,312857,gallons,,R2,
M-1259,"1913 Grain Elevator Rd, Wiley, CO 81092",Resident 1259,A-20259,2026-07-15,316529,gallons,,R2,
M-1260,"1920 Main St, Wiley, CO 81092",Resident 1260,A-20260,2026-01-14,186912,gallons,,R3,
M-1260,"1920 Main St, Wiley, CO 81092",Resident 1260,A-20260,2026-02-15,188762,gallons,LOW_BATTERY,R3,
M-1260,"1920 Main St, Wiley, CO 81092",Resident 1260,A-20260,2026-03-16,191340,gallons,REVERSE_FLOW,R3,
M-1260,"1920 Main St, Wiley, CO 81092",Resident 1260,A-20260,2026-04-12,193789,gallons,TAMPER,R3,
M-1260,"1920 Main St, Wiley, CO 81092",Resident 1260,A-20260,2026-05-13,196904,gallons,TAMPER,R3,
M-1260,"1920 Main St, Wiley, CO 81092",Resident 1260,A-20260,2026-06-14,200501,gallons,LOW_BATTERY,R3,
M-1260,"1920 Main St, Wiley, CO 81092",Resident 1260,A-20260,2026-07-15,204108,gallons,TAMPER,R3,
M-1261,"1927 County Rd 10, Wiley, CO 81092",Resident 1261,A-20261,2026-01-14,459645,gallons,,R4,
M-1261,"1927 County Rd 10, Wiley, CO 81092",Resident 1261,A-20261,2026-02-15,463290,gallons,,R4,
M-1261,"1927 County Rd 10, Wiley, CO 81092",Resident 1261,A-20261,2026-03-16,468857,gallons,,R4,
M-1261,"1927 County Rd 10, Wiley, CO 81092",Resident 1261,A-20261,2026-04-12,473728,gallons,,R4,
M-1261,"1927 County Rd 10, Wiley, CO 81092",Resident 1261,A-20261,2026-05-13,479584,gallons,,R4,
M-1261,"1927 County Rd 10, Wiley, CO 81092",Resident 1261,A-20261,2026-06-14,486897,gallons,,R4,
M-1261,"1927 County Rd 10, Wiley, CO 81092",Resident 1261,A-20261,2026-07-15,494207,gallons,,R4,
M-1262,"1934 County Rd 14, Wiley, CO 81092",Resident 1262,A-20262,2026-01-14,399843,gallons,,R5,
M-1262,"1934 County Rd 14, Wiley, CO 81092",Resident 1262,A-20262,2026-02-15,402183,gallons,,R5,
M-1262,"1934 County Rd 14, Wiley, CO 81092",Resident 1262,A-20262,2026-03-16,405322,gallons,,R5,
M-1262,"1934 County Rd 14, Wiley, CO 81092",Resident 1262,A-20262,2026-04-12,408154,gallons,,R5,
M-1262,"1934 County Rd 14, Wiley, CO 81092",Resident 1262,A-20262,2026-05-13,411211,gallons,,R5,
M-1262,"1934 County Rd 14, Wiley, CO 81092",Resident 1262,A-20262,2026-06-14,414427,gallons,,R5,
M-1262,"1934 County Rd 14, Wiley, CO 81092",Resident 1262,A-20262,2026-07-15,418099,gallons,,R5,
M-1263,"1941 Highway 287, Wiley, CO 81092",Resident 1263,A-20263,2026-01-14,319645,gallons,,R6,
M-1263,"1941 Highway 287, Wiley, CO 81092",Resident 1263,A-20263,2026-02-15,323794,gallons,,R6,
M-1263,"1941 Highway 287, Wiley, CO 81092",Resident 1263,A-20263,2026-03-16,329727,gallons,,R6,
M-1263,"1941 Highway 287, Wiley, CO 81092",Resident 1263,A-20263,2026-04-12,335990,gallons,,R6,
M-1263,"1941 Highway 287, Wiley, CO 81092",Resident 1263,A-20263,2026-05-13,342362,gallons,,R6,
M-1263,"1941 Highway 287, Wiley, CO 81092",Resident 1263,A-20263,2026-06-14,352236,gallons,,R6,
M-1263,"1941 Highway 287, Wiley, CO 81092",Resident 1263,A-20263,2026-07-15,362038,gallons,,R6,
M-1264,"1948 Maple Ave, Wiley, CO 81092",Resident 1264,A-20264,2026-01-14,336055,gallons,,R1,
M-1264,"1948 Maple Ave, Wiley, CO 81092",Resident 1264,A-20264,2026-02-15,338981,gallons,,R1,
M-1264,"1948 Maple Ave, Wiley, CO 81092",Resident 1264,A-20264,2026-03-16,343608,gallons,,R1,
M-1264,"1948 Maple Ave, Wiley, CO 81092",Resident 1264,A-20264,2026-04-12,348076,gallons,,R1,
M-1264,"1948 Maple Ave, Wiley, CO 81092",Resident 1264,A-20264,2026-05-13,353063,gallons,,R1,
M-1264,"1948 Maple Ave, Wiley, CO 81092",Resident 1264,A-20264,2026-06-14,358962,gallons,,R1,
M-1264,"1948 Maple Ave, Wiley, CO 81092",Resident 1264,A-20264,2026-07-15,364424,gallons,,R1,
M-1265,"1955 Oak St, Wiley, CO 81092",Resident 1265,A-20265,2026-01-14,417351,gallons,,R2,
M-1265,"1955 Oak St, Wiley, CO 81092",Resident 1265,A-20265,2026-02-15,420217,gallons,,R2,
M-1265,"1955 Oak St, Wiley, CO 81092",Resident 1265,A-20265,2026-03-16,424345,gallons,,R2,
M-1265,"1955 Oak St, Wiley, CO 81092",Resident 1265,A-20265,2026-04-12,429244,gallons,,R2,
M-1265,"1955 Oak St, Wiley, CO 81092",Resident 1265,A-20265,2026-05-13,433817,gallons,,R2,
M-1265,"1955 Oak St, Wiley, CO 81092",Resident 1265,A-20265,2026-06-14,440074,gallons,,R2,
M-1265,"1955 Oak St, Wiley, CO 81092",Resident 1265,A-20265,2026-07-15,446012,gallons,,R2,
M-1266,"1962 Elm St, Wiley, CO 81092",Resident 1266,A-20266,2026-01-14,188537,gallons,,R3,
M-1266,"1962 Elm St, Wiley, CO 81092",Resident 1266,A-20266,2026-02-15,193599,gallons,,R3,
M-1266,"1962 Elm St, Wiley, CO 81092",Resident 1266,A-20266,2026-03-16,200408,gallons,,R3,
M-1266,"1962 Elm St, Wiley, CO 81092",Resident 1266,A-20266,2026-04-12,208350,gallons,,R3,
M-1266,"1962 Elm St, Wiley, CO 81092",Resident 1266,A-20266,2026-05-13,216646,gallons,,R3,
M-1266,"1962 Elm St, Wiley, CO 81092",Resident 1266,A-20266,2026-06-14,227575,gallons,,R3,
M-1266,"1962 Elm St, Wiley, CO 81092",Resident 1266,A-20266,2026-07-15,239040,gallons,,R3,
M-1267,"1969 3rd Ave, Wiley, CO 81092",Resident 1267,A-20267,2026-01-14,317673,gallons,,R4,
M-1267,"1969 3rd Ave, Wiley, CO 81092",Resident 1267,A-20267,2026-02-15,321782,gallons,,R4,
M-1267,"1969 3rd Ave, Wiley, CO 81092",Resident 1267,A-20267,2026-03-16,328526,gallons,,R4,
M-1267,"1969 3rd Ave, Wiley, CO 81092",Resident 1267,A-20267,2026-04-12,334579,gallons,,R4,
M-1267,"1969 3rd Ave, Wiley, CO 81092",Resident 1267,A-20267,2026-05-13,342186,gallons,,R4,
M-1267,"1969 3rd Ave, Wiley, CO 81092",Resident 1267,A-20267,2026-06-14,351481,gallons,,R4,
M-1267,"1969 3rd Ave, Wiley, CO 81092",Resident 1267,A-20267,2026-07-15,358643,gallons,,R4,
M-1268,"1976 5th St, Wiley, CO 81092",Resident 1268,A-20268,2026-01-14,273598,gallons,,R5,
M-1268,"1976 5th St, Wiley, CO 81092",Resident 1268,A-20268,2026-02-15,276654,gallons,,R5,
M-1268,"1976 5th St, Wiley, CO 81092",Resident 1268,A-20268,2026-03-16,280406,gallons,,R5,
M-1268,"1976 5th St, Wiley, CO 81092",Resident 1268,A-20268,2026-04-12,284273,gallons,,R5,
M-1268,"1976 5th St, Wiley, CO 81092",Resident 1268,A-20268,2026-05-13,288757,gallons,,R5,
M-1268,"1976 5th St, Wiley, CO 81092",Resident 1268,A-20268,2026-06-14,293298,gallons,,R5,
M-1268,"1976 5th St, Wiley, CO 81092",Resident 1268,A-20268,2026-07-15,298058,gallons,,R5,
M-1269,"1983 Ranch Rd, Wiley, CO 81092",Resident 1269,A-20269,2026-01-14,283526,gallons,,R6,
M-1269,"1983 Ranch Rd, Wiley, CO 81092",Resident 1269,A-20269,2026-02-15,288619,gallons,,R6,
M-1269,"1983 Ranch Rd, Wiley, CO 81092",Resident 1269,A-20269,2026-03-16,295403,gallons,,R6,
M-1269,"1983 Ranch Rd, Wiley, CO 81092",Resident 1269,A-20269,2026-04-12,301107,gallons,,R6,
M-1269,"1983 Ranch Rd, Wiley, CO 81092",Resident 1269,A-20269,2026-05-13,309819,gallons,,R6,
M-1269,"1983 Ranch Rd, Wiley, CO 81092",Resident 1269,A-20269,2026-06-14,318556,gallons,,R6,
M-1269,"1983 Ranch Rd, Wiley, CO 81092",Resident 1269,A-20269,2026-07-15,328490,gallons,,R6,
M-1270,"1990 Irrigation Ln, Wiley, CO 81092",Resident 1270,A-20270,2026-01-14,334177,gallons,,R1,
M-1270,"1990 Irrigation Ln, Wiley, CO 81092",Resident 1270,A-20270,2026-02-15,336417,gallons,,R1,
M-1270,"1990 Irrigation Ln, Wiley, CO 81092",Resident 1270,A-20270,2026-03-16,339591,gallons,,R1,
M-1270,"1990 Irrigation Ln, Wiley, CO 81092",Resident 1270,A-20270,2026-04-12,342718,gallons,,R1,
M-1270,"1990 Irrigation Ln, Wiley, CO 81092",Resident 1270,A-20270,2026-05-13,346839,gallons,,R1,
M-1270,"1990 Irrigation Ln, Wiley, CO 81092",Resident 1270,A-20270,2026-06-14,351501,gallons,,R1,
M-1270,"1990 Irrigation Ln, Wiley, CO 81092",Resident 1270,A-20270,2026-07-15,355674,gallons,,R1,
M-1271,"1997 North Frontage, Wiley, CO 81092",Resident 1271,A-20271,2026-01-14,500098,gallons,,R2,
M-1271,"1997 North Frontage, Wiley, CO 81092",Resident 1271,A-20271,2026-02-15,506503,gallons,,R2,
M-1271,"1997 North Frontage, Wiley, CO 81092",Resident 1271,A-20271,2026-03-16,506503,gallons,,R2,
M-1271,"1997 North Frontage, Wiley, CO 81092",Resident 1271,A-20271,2026-04-12,506503,gallons,,R2,
M-1271,"1997 North Frontage, Wiley, CO 81092",Resident 1271,A-20271,2026-05-13,506503,gallons,,R2,
M-1271,"1997 North Frontage, Wiley, CO 81092",Resident 1271,A-20271,2026-06-14,506503,gallons,,R2,
M-1271,"1997 North Frontage, Wiley, CO 81092",Resident 1271,A-20271,2026-07-15,506503,gallons,,R2,
M-1272,"2004 South Loop, Wiley, CO 81092",Resident 1272,A-20272,2026-01-14,492628,gallons,,R3,
M-1272,"2004 South Loop, Wiley, CO 81092",Resident 1272,A-20272,2026-02-15,497057,gallons,,R3,
M-1272,"2004 South Loop, Wiley, CO 81092",Resident 1272,A-20272,2026-03-16,503389,gallons,,R3,
M-1272,"2004 South Loop, Wiley, CO 81092",Resident 1272,A-20272,2026-04-12,509697,gallons,,R3,
M-1272,"2004 South Loop, Wiley, CO 81092",Resident 1272,A-20272,2026-05-13,517761,gallons,,R3,
M-1272,"2004 South Loop, Wiley, CO 81092",Resident 1272,A-20272,2026-06-14,528030,gallons,,R3,
M-1272,"2004 South Loop, Wiley, CO 81092",Resident 1272,A-20272,2026-07-15,537313,gallons,,R3,
M-1273,"2011 Pioneer Rd, Wiley, CO 81092",Resident 1273,A-20273,2026-01-14,515602,gallons,,R4,
M-1273,"2011 Pioneer Rd, Wiley, CO 81092",Resident 1273,A-20273,2026-02-15,520240,gallons,,R4,
M-1273,"2011 Pioneer Rd, Wiley, CO 81092",Resident 1273,A-20273,2026-03-16,526999,gallons,,R4,
M-1273,"2011 Pioneer Rd, Wiley, CO 81092",Resident 1273,A-20273,2026-04-12,534305,gallons,,R4,
M-1273,"2011 Pioneer Rd, Wiley, CO 81092",Resident 1273,A-20273,2026-05-13,543204,gallons,,R4,
M-1273,"2011 Pioneer Rd, Wiley, CO 81092",Resident 1273,A-20273,2026-06-14,552049,gallons,,R4,
M-1273,"2011 Pioneer Rd, Wiley, CO 81092",Resident 1273,A-20273,2026-07-15,561836,gallons,,R4,
M-1274,"2018 Cottonwood Dr, Wiley, CO 81092",Resident 1274,A-20274,2026-01-14,327147,gallons,,R5,
M-1274,"2018 Cottonwood Dr, Wiley, CO 81092",Resident 1274,A-20274,2026-02-15,332037,gallons,,R5,
M-1274,"2018 Cottonwood Dr, Wiley, CO 81092",Resident 1274,A-20274,2026-03-16,337461,gallons,,R5,
M-1274,"2018 Cottonwood Dr, Wiley, CO 81092",Resident 1274,A-20274,2026-04-12,342904,gallons,,R5,
M-1274,"2018 Cottonwood Dr, Wiley, CO 81092",Resident 1274,A-20274,2026-05-13,350154,gallons,,R5,
M-1274,"2018 Cottonwood Dr, Wiley, CO 81092",Resident 1274,A-20274,2026-06-14,359197,gallons,,R5,
M-1274,"2018 Cottonwood Dr, Wiley, CO 81092",Resident 1274,A-20274,2026-07-15,367036,gallons,,R5,
M-1275,"2025 Sand Creek Rd, Wiley, CO 81092",Resident 1275,A-20275,2026-01-14,369908,gallons,,R6,
M-1275,"2025 Sand Creek Rd, Wiley, CO 81092",Resident 1275,A-20275,2026-02-15,372840,gallons,,R6,
M-1275,"2025 Sand Creek Rd, Wiley, CO 81092",Resident 1275,A-20275,2026-03-16,376621,gallons,,R6,
M-1275,"2025 Sand Creek Rd, Wiley, CO 81092",Resident 1275,A-20275,2026-04-12,380805,gallons,,R6,
M-1275,"2025 Sand Creek Rd, Wiley, CO 81092",Resident 1275,A-20275,2026-05-13,385671,gallons,,R6,
M-1275,"2025 Sand Creek Rd, Wiley, CO 81092",Resident 1275,A-20275,2026-06-14,391169,gallons,,R6,
M-1275,"2025 Sand Creek Rd, Wiley, CO 81092",Resident 1275,A-20275,2026-07-15,396359,gallons,,R6,
M-1276,"2032 Prairie View, Wiley, CO 81092",Resident 1276,A-20276,2026-01-14,396003,gallons,,R1,
M-1276,"2032 Prairie View, Wiley, CO 81092",Resident 1276,A-20276,2026-02-15,400667,gallons,,R1,
M-1276,"2032 Prairie View, Wiley, CO 81092",Resident 1276,A-20276,2026-03-16,407597,gallons,,R1,
M-1276,"2032 Prairie View, Wiley, CO 81092",Resident 1276,A-20276,2026-04-12,413907,gallons,,R1,
M-1276,"2032 Prairie View, Wiley, CO 81092",Resident 1276,A-20276,2026-05-13,421092,gallons,,R1,
M-1276,"2032 Prairie View, Wiley, CO 81092",Resident 1276,A-20276,2026-06-14,428361,gallons,,R1,
M-1276,"2032 Prairie View, Wiley, CO 81092",Resident 1276,A-20276,2026-07-15,436378,gallons,,R1,
M-1277,"2039 School House Rd, Wiley, CO 81092",Resident 1277,A-20277,2026-01-14,380847,gallons,,R2,
M-1277,"2039 School House Rd, Wiley, CO 81092",Resident 1277,A-20277,2026-02-15,384813,gallons,,R2,
M-1277,"2039 School House Rd, Wiley, CO 81092",Resident 1277,A-20277,2026-03-16,390246,gallons,,R2,
M-1277,"2039 School House Rd, Wiley, CO 81092",Resident 1277,A-20277,2026-04-12,395820,gallons,,R2,
M-1277,"2039 School House Rd, Wiley, CO 81092",Resident 1277,A-20277,2026-05-13,401898,gallons,,R2,
M-1277,"2039 School House Rd, Wiley, CO 81092",Resident 1277,A-20277,2026-06-14,409409,gallons,,R2,
M-1277,"2039 School House Rd, Wiley, CO 81092",Resident 1277,A-20277,2026-07-15,417446,gallons,,R2,
M-1278,"2046 Cemetery Rd, Wiley, CO 81092",Resident 1278,A-20278,2026-01-14,229727,gallons,,R3,
M-1278,"2046 Cemetery Rd, Wiley, CO 81092",Resident 1278,A-20278,2026-02-15,232846,gallons,,R3,
M-1278,"2046 Cemetery Rd, Wiley, CO 81092",Resident 1278,A-20278,2026-03-16,236327,gallons,,R3,
M-1278,"2046 Cemetery Rd, Wiley, CO 81092",Resident 1278,A-20278,2026-04-12,239849,gallons,,R3,
M-1278,"2046 Cemetery Rd, Wiley, CO 81092",Resident 1278,A-20278,2026-05-13,243892,gallons,,R3,
M-1278,"2046 Cemetery Rd, Wiley, CO 81092",Resident 1278,A-20278,2026-06-14,248959,gallons,,R3,
M-1278,"2046 Cemetery Rd, Wiley, CO 81092",Resident 1278,A-20278,2026-07-15,254433,gallons,,R3,
M-1279,"2053 Grain Elevator Rd, Wiley, CO 81092",Resident 1279,A-20279,2026-01-14,372668,gallons,,R4,
M-1279,"2053 Grain Elevator Rd, Wiley, CO 81092",Resident 1279,A-20279,2026-02-15,375084,gallons,,R4,
M-1279,"2053 Grain Elevator Rd, Wiley, CO 81092",Resident 1279,A-20279,2026-03-16,378135,gallons,,R4,
M-1279,"2053 Grain Elevator Rd, Wiley, CO 81092",Resident 1279,A-20279,2026-04-12,381051,gallons,,R4,
M-1279,"2053 Grain Elevator Rd, Wiley, CO 81092",Resident 1279,A-20279,2026-05-13,384760,gallons,,R4,
M-1279,"2053 Grain Elevator Rd, Wiley, CO 81092",Resident 1279,A-20279,2026-06-14,388792,gallons,,R4,
M-1279,"2053 Grain Elevator Rd, Wiley, CO 81092",Resident 1279,A-20279,2026-07-15,393033,gallons,,R4,
M-1280,"2060 Main St, Wiley, CO 81092",Resident 1280,A-20280,2026-01-14,352743,gallons,,R5,
M-1280,"2060 Main St, Wiley, CO 81092",Resident 1280,A-20280,2026-02-15,355064,gallons,,R5,
M-1280,"2060 Main St, Wiley, CO 81092",Resident 1280,A-20280,2026-03-16,358049,gallons,,R5,
M-1280,"2060 Main St, Wiley, CO 81092",Resident 1280,A-20280,2026-04-12,361408,gallons,,R5,
M-1280,"2060 Main St, Wiley, CO 81092",Resident 1280,A-20280,2026-05-13,365073,gallons,,R5,
M-1280,"2060 Main St, Wiley, CO 81092",Resident 1280,A-20280,2026-06-14,368561,gallons,,R5,
M-1280,"2060 Main St, Wiley, CO 81092",Resident 1280,A-20280,2026-07-15,372359,gallons,,R5,
M-1281,"2067 County Rd 10, Wiley, CO 81092",Resident 1281,A-20281,2026-01-14,277379,gallons,,R6,
M-1281,"2067 County Rd 10, Wiley, CO 81092",Resident 1281,A-20281,2026-02-15,283085,gallons,,R6,
M-1281,"2067 County Rd 10, Wiley, CO 81092",Resident 1281,A-20281,2026-03-16,290397,gallons,,R6,
M-1281,"2067 County Rd 10, Wiley, CO 81092",Resident 1281,A-20281,2026-04-12,297943,gallons,,R6,
M-1281,"2067 County Rd 10, Wiley, CO 81092",Resident 1281,A-20281,2026-05-13,307132,gallons,,R6,
M-1281,"2067 County Rd 10, Wiley, CO 81092",Resident 1281,A-20281,2026-06-14,318070,gallons,,R6,
M-1281,"2067 County Rd 10, Wiley, CO 81092",Resident 1281,A-20281,2026-07-15,328594,gallons,,R6,
M-1282,"2074 County Rd 14, Wiley, CO 81092",Resident 1282,A-20282,2026-01-14,501038,gallons,,R1,
M-1282,"2074 County Rd 14, Wiley, CO 81092",Resident 1282,A-20282,2026-02-15,504779,gallons,,R1,
M-1282,"2074 County Rd 14, Wiley, CO 81092",Resident 1282,A-20282,2026-03-16,511281,gallons,,R1,
M-1282,"2074 County Rd 14, Wiley, CO 81092",Resident 1282,A-20282,2026-04-12,516407,gallons,,R1,
M-1282,"2074 County Rd 14, Wiley, CO 81092",Resident 1282,A-20282,2026-05-13,523421,gallons,,R1,
M-1282,"2074 County Rd 14, Wiley, CO 81092",Resident 1282,A-20282,2026-06-14,530106,gallons,,R1,
M-1282,"2074 County Rd 14, Wiley, CO 81092",Resident 1282,A-20282,2026-07-15,537999,gallons,,R1,
M-1283,"2081 Highway 287, Wiley, CO 81092",Resident 1283,A-20283,2026-01-14,185485,gallons,,R2,
M-1283,"2081 Highway 287, Wiley, CO 81092",Resident 1283,A-20283,2026-02-15,189678,gallons,,R2,
M-1283,"2081 Highway 287, Wiley, CO 81092",Resident 1283,A-20283,2026-03-16,194499,gallons,,R2,
M-1283,"2081 Highway 287, Wiley, CO 81092",Resident 1283,A-20283,2026-04-12,199031,gallons,,R2,
M-1283,"2081 Highway 287, Wiley, CO 81092",Resident 1283,A-20283,2026-05-13,204932,gallons,,R2,
M-1283,"2081 Highway 287, Wiley, CO 81092",Resident 1283,A-20283,2026-06-14,212684,gallons,,R2,
M-1283,"2081 Highway 287, Wiley, CO 81092",Resident 1283,A-20283,2026-07-15,218605,gallons,,R2,
M-1284,"2088 Maple Ave, Wiley, CO 81092",Resident 1284,A-20284,2026-01-14,301333,gallons,,R3,
M-1284,"2088 Maple Ave, Wiley, CO 81092",Resident 1284,A-20284,2026-02-15,305920,gallons,,R3,
M-1284,"2088 Maple Ave, Wiley, CO 81092",Resident 1284,A-20284,2026-03-16,311459,gallons,,R3,
M-1284,"2088 Maple Ave, Wiley, CO 81092",Resident 1284,A-20284,2026-04-12,317813,gallons,,R3,
M-1284,"2088 Maple Ave, Wiley, CO 81092",Resident 1284,A-20284,2026-05-13,323838,gallons,,R3,
M-1284,"2088 Maple Ave, Wiley, CO 81092",Resident 1284,A-20284,2026-06-14,331565,gallons,,R3,
M-1284,"2088 Maple Ave, Wiley, CO 81092",Resident 1284,A-20284,2026-07-15,338389,gallons,,R3,
M-1285,"2095 Oak St, Wiley, CO 81092",Resident 1285,A-20285,2026-01-14,424084,gallons,,R4,
M-1285,"2095 Oak St, Wiley, CO 81092",Resident 1285,A-20285,2026-02-15,428295,gallons,,R4,
M-1285,"2095 Oak St, Wiley, CO 81092",Resident 1285,A-20285,2026-03-16,434167,gallons,,R4,
M-1285,"2095 Oak St, Wiley, CO 81092",Resident 1285,A-20285,2026-04-12,440304,gallons,,R4,
M-1285,"2095 Oak St, Wiley, CO 81092",Resident 1285,A-20285,2026-05-13,446375,gallons,,R4,
M-1285,"2095 Oak St, Wiley, CO 81092",Resident 1285,A-20285,2026-06-14,453476,gallons,,R4,
M-1285,"2095 Oak St, Wiley, CO 81092",Resident 1285,A-20285,2026-07-15,462067,gallons,,R4,
M-1286,"2102 Elm St, Wiley, CO 81092",Resident 1286,A-20286,2026-01-14,505183,gallons,,R5,
M-1286,"2102 Elm St, Wiley, CO 81092",Resident 1286,A-20286,2026-02-15,509994,gallons,,R5,
M-1286,"2102 Elm St, Wiley, CO 81092",Resident 1286,A-20286,2026-03-16,516856,gallons,,R5,
M-1286,"2102 Elm St, Wiley, CO 81092",Resident 1286,A-20286,2026-04-12,522922,gallons,,R5,
M-1286,"2102 Elm St, Wiley, CO 81092",Resident 1286,A-20286,2026-05-13,530021,gallons,,R5,
M-1286,"2102 Elm St, Wiley, CO 81092",Resident 1286,A-20286,2026-06-14,537890,gallons,,R5,
M-1286,"2102 Elm St, Wiley, CO 81092",Resident 1286,A-20286,2026-07-15,547229,gallons,,R5,
M-1287,"2109 3rd Ave, Wiley, CO 81092",Resident 1287,A-20287,2026-01-14,529067,gallons,,R6,
M-1287,"2109 3rd Ave, Wiley, CO 81092",Resident 1287,A-20287,2026-02-15,536049,gallons,,R6,
M-1287,"2109 3rd Ave, Wiley, CO 81092",Resident 1287,A-20287,2026-03-16,545151,gallons,,R6,
M-1287,"2109 3rd Ave, Wiley, CO 81092",Resident 1287,A-20287,2026-04-12,552821,gallons,,R6,
M-1287,"2109 3rd Ave, Wiley, CO 81092",Resident 1287,A-20287,2026-05-13,563129,gallons,,R6,
M-1287,"2109 3rd Ave, Wiley, CO 81092",Resident 1287,A-20287,2026-06-14,573614,gallons,,R6,
M-1287,"2109 3rd Ave, Wiley, CO 81092",Resident 1287,A-20287,2026-07-15,584871,gallons,,R6,
M-1288,"2116 5th St, Wiley, CO 81092",Resident 1288,A-20288,2026-01-14,414430,gallons,,R1,
M-1288,"2116 5th St, Wiley, CO 81092",Resident 1288,A-20288,2026-02-15,416217,gallons,,R1,
M-1288,"2116 5th St, Wiley, CO 81092",Resident 1288,A-20288,2026-03-16,419206,gallons,,R1,
M-1288,"2116 5th St, Wiley, CO 81092",Resident 1288,A-20288,2026-04-12,421490,gallons,,R1,
M-1288,"2116 5th St, Wiley, CO 81092",Resident 1288,A-20288,2026-05-13,424402,gallons,,R1,
M-1288,"2116 5th St, Wiley, CO 81092",Resident 1288,A-20288,2026-06-14,428376,gallons,,R1,
M-1288,"2116 5th St, Wiley, CO 81092",Resident 1288,A-20288,2026-07-15,432264,gallons,,R1,
M-1289,"2123 Ranch Rd, Wiley, CO 81092",Resident 1289,A-20289,2026-01-14,364914,gallons,,R2,
M-1289,"2123 Ranch Rd, Wiley, CO 81092",Resident 1289,A-20289,2026-02-15,371142,gallons,,R2,
M-1289,"2123 Ranch Rd, Wiley, CO 81092",Resident 1289,A-20289,2026-03-16,378540,gallons,,R2,
M-1289,"2123 Ranch Rd, Wiley, CO 81092",Resident 1289,A-20289,2026-04-12,385275,gallons,,R2,
M-1289,"2123 Ranch Rd, Wiley, CO 81092",Resident 1289,A-20289,2026-05-13,393078,gallons,,R2,
M-1289,"2123 Ranch Rd, Wiley, CO 81092",Resident 1289,A-20289,2026-06-14,404456,gallons,,R2,
M-1289,"2123 Ranch Rd, Wiley, CO 81092",Resident 1289,A-20289,2026-07-15,416165,gallons,,R2,
M-1290,"2130 Irrigation Ln, Wiley, CO 81092",Resident 1290,A-20290,2026-01-14,232039,gallons,,R3,
M-1290,"2130 Irrigation Ln, Wiley, CO 81092",Resident 1290,A-20290,2026-02-15,236861,gallons,,R3,
M-1290,"2130 Irrigation Ln, Wiley, CO 81092",Resident 1290,A-20290,2026-03-16,244902,gallons,,R3,
M-1290,"2130 Irrigation Ln, Wiley, CO 81092",Resident 1290,A-20290,2026-04-12,251424,gallons,,R3,
M-1290,"2130 Irrigation Ln, Wiley, CO 81092",Resident 1290,A-20290,2026-05-13,260661,gallons,,R3,
M-1290,"2130 Irrigation Ln, Wiley, CO 81092",Resident 1290,A-20290,2026-06-14,272357,gallons,,R3,
M-1290,"2130 Irrigation Ln, Wiley, CO 81092",Resident 1290,A-20290,2026-07-15,282779,gallons,,R3,
M-1291,"2137 North Frontage, Wiley, CO 81092",Resident 1291,A-20291,2026-01-14,310167,gallons,,R4,
M-1291,"2137 North Frontage, Wiley, CO 81092",Resident 1291,A-20291,2026-02-15,316166,gallons,,R4,
M-1291,"2137 North Frontage, Wiley, CO 81092",Resident 1291,A-20291,2026-03-16,324381,gallons,,R4,
M-1291,"2137 North Frontage, Wiley, CO 81092",Resident 1291,A-20291,2026-04-12,330991,gallons,,R4,
M-1291,"2137 North Frontage, Wiley, CO 81092",Resident 1291,A-20291,2026-05-13,340456,gallons,,R4,
M-1291,"2137 North Frontage, Wiley, CO 81092",Resident 1291,A-20291,2026-06-14,349738,gallons,,R4,
M-1291,"2137 North Frontage, Wiley, CO 81092",Resident 1291,A-20291,2026-07-15,359522,gallons,,R4,
M-1292,"2144 South Loop, Wiley, CO 81092",Resident 1292,A-20292,2026-01-14,266009,gallons,,R5,
M-1292,"2144 South Loop, Wiley, CO 81092",Resident 1292,A-20292,2026-02-15,268550,gallons,,R5,
M-1292,"2144 South Loop, Wiley, CO 81092",Resident 1292,A-20292,2026-03-16,271124,gallons,,R5,
M-1292,"2144 South Loop, Wiley, CO 81092",Resident 1292,A-20292,2026-04-12,274062,gallons,,R5,
M-1292,"2144 South Loop, Wiley, CO 81092",Resident 1292,A-20292,2026-05-13,277085,gallons,,R5,
M-1292,"2144 South Loop, Wiley, CO 81092",Resident 1292,A-20292,2026-06-14,281373,gallons,,R5,
M-1292,"2144 South Loop, Wiley, CO 81092",Resident 1292,A-20292,2026-07-15,285286,gallons,,R5,
M-1293,"2151 Pioneer Rd, Wiley, CO 81092",Resident 1293,A-20293,2026-01-14,216593,gallons,,R6,
M-1293,"2151 Pioneer Rd, Wiley, CO 81092",Resident 1293,A-20293,2026-02-15,218870,gallons,,R6,
M-1293,"2151 Pioneer Rd, Wiley, CO 81092",Resident 1293,A-20293,2026-03-16,221943,gallons,,R6,
M-1293,"2151 Pioneer Rd, Wiley, CO 81092",Resident 1293,A-20293,2026-04-12,224311,gallons,,R6,
M-1293,"2151 Pioneer Rd, Wiley, CO 81092",Resident 1293,A-20293,2026-05-13,227004,gallons,,R6,
M-1293,"2151 Pioneer Rd, Wiley, CO 81092",Resident 1293,A-20293,2026-06-14,231143,gallons,,R6,
M-1293,"2151 Pioneer Rd, Wiley, CO 81092",Resident 1293,A-20293,2026-07-15,235272,gallons,,R6,
M-1294,"2158 Cottonwood Dr, Wiley, CO 81092",Resident 1294,A-20294,2026-01-14,253844,gallons,,R1,
M-1294,"2158 Cottonwood Dr, Wiley, CO 81092",Resident 1294,A-20294,2026-02-15,258402,gallons,,R1,
M-1294,"2158 Cottonwood Dr, Wiley, CO 81092",Resident 1294,A-20294,2026-03-16,264074,gallons,,R1,
M-1294,"2158 Cottonwood Dr, Wiley, CO 81092",Resident 1294,A-20294,2026-04-12,269837,gallons,,R1,
M-1294,"2158 Cottonwood Dr, Wiley, CO 81092",Resident 1294,A-20294,2026-05-13,276896,gallons,,R1,
M-1294,"2158 Cottonwood Dr, Wiley, CO 81092",Resident 1294,A-20294,2026-06-14,285246,gallons,,R1,
M-1294,"2158 Cottonwood Dr, Wiley, CO 81092",Resident 1294,A-20294,2026-07-15,291696,gallons,,R1,
M-1295,"2165 Sand Creek Rd, Wiley, CO 81092",Resident 1295,A-20295,2026-01-14,276747,gallons,,R2,
M-1295,"2165 Sand Creek Rd, Wiley, CO 81092",Resident 1295,A-20295,2026-02-15,282824,gallons,,R2,
M-1295,"2165 Sand Creek Rd, Wiley, CO 81092",Resident 1295,A-20295,2026-03-16,291825,gallons,,R2,
M-1295,"2165 Sand Creek Rd, Wiley, CO 81092",Resident 1295,A-20295,2026-04-12,300157,gallons,,R2,
M-1295,"2165 Sand Creek Rd, Wiley, CO 81092",Resident 1295,A-20295,2026-05-13,309479,gallons,,R2,
M-1295,"2165 Sand Creek Rd, Wiley, CO 81092",Resident 1295,A-20295,2026-06-14,319499,gallons,,R2,
M-1295,"2165 Sand Creek Rd, Wiley, CO 81092",Resident 1295,A-20295,2026-07-15,330146,gallons,,R2,
M-1296,"2172 Prairie View, Wiley, CO 81092",Resident 1296,A-20296,2026-01-14,152896,gallons,,R3,
M-1296,"2172 Prairie View, Wiley, CO 81092",Resident 1296,A-20296,2026-02-15,156852,gallons,,R3,
M-1296,"2172 Prairie View, Wiley, CO 81092",Resident 1296,A-20296,2026-03-16,162073,gallons,,R3,
M-1296,"2172 Prairie View, Wiley, CO 81092",Resident 1296,A-20296,2026-04-12,166683,gallons,,R3,
M-1296,"2172 Prairie View, Wiley, CO 81092",Resident 1296,A-20296,2026-05-13,172316,gallons,,R3,
M-1296,"2172 Prairie View, Wiley, CO 81092",Resident 1296,A-20296,2026-06-14,178693,gallons,,R3,
M-1296,"2172 Prairie View, Wiley, CO 81092",Resident 1296,A-20296,2026-07-15,185363,gallons,,R3,
M-1297,"2179 School House Rd, Wiley, CO 81092",Resident 1297,A-20297,2026-01-14,131710,gallons,,R4,
M-1297,"2179 School House Rd, Wiley, CO 81092",Resident 1297,A-20297,2026-02-15,133811,gallons,,R4,
M-1297,"2179 School House Rd, Wiley, CO 81092",Resident 1297,A-20297,2026-03-16,137315,gallons,,R4,
M-1297,"2179 School House Rd, Wiley, CO 81092",Resident 1297,A-20297,2026-04-12,140182,gallons,,R4,
M-1297,"2179 School House Rd, Wiley, CO 81092",Resident 1297,A-20297,2026-05-13,143601,gallons,,R4,
M-1297,"2179 School House Rd, Wiley, CO 81092",Resident 1297,A-20297,2026-06-14,147231,gallons,,R4,
M-1297,"2179 School House Rd, Wiley, CO 81092",Resident 1297,A-20297,2026-07-15,151194,gallons,,R4,
M-1298,"2186 Cemetery Rd, Wiley, CO 81092",Resident 1298,A-20298,2026-01-14,252452,gallons,,R5,
M-1298,"2186 Cemetery Rd, Wiley, CO 81092",Resident 1298,A-20298,2026-02-15,255794,gallons,,R5,
M-1298,"2186 Cemetery Rd, Wiley, CO 81092",Resident 1298,A-20298,2026-03-16,260272,gallons,,R5,
M-1298,"2186 Cemetery Rd, Wiley, CO 81092",Resident 1298,A-20298,2026-04-12,263976,gallons,,R5,
M-1298,"2186 Cemetery Rd, Wiley, CO 81092",Resident 1298,A-20298,2026-05-13,268885,gallons,,R5,
M-1298,"2186 Cemetery Rd, Wiley, CO 81092",Resident 1298,A-20298,2026-06-14,274818,gallons,,R5,
M-1298,"2186 Cemetery Rd, Wiley, CO 81092",Resident 1298,A-20298,2026-07-15,281329,gallons,,R5,
M-1299,"2193 Grain Elevator Rd, Wiley, CO 81092",Resident 1299,A-20299,2026-01-14,364759,gallons,,R6,
M-1299,"2193 Grain Elevator Rd, Wiley, CO 81092",Resident 1299,A-20299,2026-02-15,367252,gallons,,R6,
M-1299,"2193 Grain Elevator Rd, Wiley, CO 81092",Resident 1299,A-20299,2026-03-16,371347,gallons,,R6,
M-1299,"2193 Grain Elevator Rd, Wiley, CO 81092",Resident 1299,A-20299,2026-04-12,375119,gallons,,R6,
M-1299,"2193 Grain Elevator Rd, Wiley, CO 81092",Resident 1299,A-20299,2026-05-13,379568,gallons,,R6,
M-1299,"2193 Grain Elevator Rd, Wiley, CO 81092",Resident 1299,A-20299,2026-06-14,383935,gallons,,R6,
M-1299,"2193 Grain Elevator Rd, Wiley, CO 81092",Resident 1299,A-20299,2026-07-15,389235,gallons,,R6,
M-1300,"2200 Main St, Wiley, CO 81092",Resident 1300,A-20300,2026-01-14,439100,gallons,,R1,
M-1300,"2200 Main St, Wiley, CO 81092",Resident 1300,A-20300,2026-02-15,442201,gallons,,R1,
M-1300,"2200 Main St, Wiley, CO 81092",Resident 1300,A-20300,2026-03-16,445665,gallons,,R1,
M-1300,"2200 Main St, Wiley, CO 81092",Resident 1300,A-20300,2026-04-12,448987,gallons,,R1,
M-1300,"2200 Main St, Wiley, CO 81092",Resident 1300,A-20300,2026-05-13,453333,gallons,,R1,
M-1300,"2200 Main St, Wiley, CO 81092",Resident 1300,A-20300,2026-06-14,458302,gallons,,R1,
M-1300,"2200 Main St, Wiley, CO 81092",Resident 1300,A-20300,2026-07-15,463077,gallons,,R1,
