Meter ID,Service Address,Occupant Name,Account Number,Reading Date,Cumulative Reading,Unit,Diagnostic Flag,Route,Notes
M-1001,"107 County Rd 10, Wiley, CO 81092",Resident 1001,A-20001,2024-08-12,342262,gallons,,R2,
M-1001,"107 County Rd 10, Wiley, CO 81092",Resident 1001,A-20001,2024-09-13,350359,gallons,,R2,
M-1001,"107 County Rd 10, Wiley, CO 81092",Resident 1001,A-20001,2024-10-14,356834,gallons,,R2,
M-1001,"107 County Rd 10, Wiley, CO 81092",Resident 1001,A-20001,2024-11-15,361744,gallons,,R2,
M-1001,"107 County Rd 10, Wiley, CO 81092",Resident 1001,A-20001,2024-12-16,366970,gallons,,R2,
M-1002,"114 County Rd 14, Wiley, CO 81092",Resident 1002,A-20002,2024-08-12,288864,gallons,,R3,
M-1002,"114 County Rd 14, Wiley, CO 81092",Resident 1002,A-20002,2024-09-13,292174,gallons,,R3,
M-1002,"114 County Rd 14, Wiley, CO 81092",Resident 1002,A-20002,2024-10-14,295533,gallons,,R3,
M-1002,"114 County Rd 14, Wiley, CO 81092",Resident 1002,A-20002,2024-11-15,298056,gallons,,R3,
M-1002,"114 County Rd 14, Wiley, CO 81092",Resident 1002,A-20002,2024-12-16,300709,gallons,,R3,
M-1003,"121 Highway 287, Wiley, CO 81092",Resident 1003,A-20003,2024-08-12,126657,gallons,,R4,
M-1003,"121 Highway 287, Wiley, CO 81092",Resident 1003,A-20003,2024-09-13,129082,gallons,,R4,
M-1003,"121 Highway 287, Wiley, CO 81092",Resident 1003,A-20003,2024-10-14,131274,gallons,,R4,
M-1003,"121 Highway 287, Wiley, CO 81092",Resident 1003,A-20003,2024-11-15,133258,gallons,,R4,
M-1003,"121 Highway 287, Wiley, CO 81092",Resident 1003,A-20003,2024-12-16,135051,gallons,,R4,
M-1004,"128 Maple Ave, Wiley, CO 81092",Resident 1004,A-20004,2024-08-12,282791,gallons,,R5,
M-1004,"128 Maple Ave, Wiley, CO 81092",Resident 1004,A-20004,2024-09-13,293624,gallons,,R5,
M-1004,"128 Maple Ave, Wiley, CO 81092",Resident 1004,A-20004,2024-10-14,301192,gallons,,R5,
M-1004,"128 Maple Ave, Wiley, CO 81092",Resident 1004,A-20004,2024-11-15,308111,gallons,,R5,
M-1004,"128 Maple Ave, Wiley, CO 81092",Resident 1004,A-20004,2024-12-16,314883,gallons,,R5,
M-1005,"135 Oak St, Wiley, CO 81092",Resident 1005,A-20005,2024-08-12,151660,gallons,,R6,
M-1005,"135 Oak St, Wiley, CO 81092",Resident 1005,A-20005,2024-09-13,157297,gallons,,R6,
M-1005,"135 Oak St, Wiley, CO 81092",Resident 1005,A-20005,2024-10-14,162243,gallons,,R6,
M-1005,"135 Oak St, Wiley, CO 81092",Resident 1005,A-20005,2024-11-15,165119,gallons,,R6,
M-1005,"135 Oak St, Wiley, CO 81092",Resident 1005,A-20005,2024-12-16,168644,gallons,,R6,
M-1006,"142 Elm St, Wiley, CO 81092",Resident 1006,A-20006,2024-08-12,202049,gallons,,R1,
M-1006,"142 Elm St, Wiley, CO 81092",Resident 1006,A-20006,2024-09-13,206995,gallons,,R1,
M-1006,"142 Elm St, Wiley, CO 81092",Resident 1006,A-20006,2024-10-14,210984,gallons,,R1,
M-1006,"142 Elm St, Wiley, CO 81092",Resident 1006,A-20006,2024-11-15,213984,gallons,,R1,
M-1006,"142 Elm St, Wiley, CO 81092",Resident 1006,A-20006,2024-12-16,216946,gallons,,R1,
M-1007,"149 3rd Ave, Wiley, CO 81092",Resident 1007,A-20007,2024-08-12,297978,gallons,,R2,
M-1007,"149 3rd Ave, Wiley, CO 81092",Resident 1007,A-20007,2024-09-13,303236,gallons,,R2,
M-1007,"149 3rd Ave, Wiley, CO 81092",Resident 1007,A-20007,2024-10-14,306838,gallons,,R2,
M-1007,"149 3rd Ave, Wiley, CO 81092",Resident 1007,A-20007,2024-11-15,310100,gallons,,R2,
M-1007,"149 3rd Ave, Wiley, CO 81092",Resident 1007,A-20007,2024-12-16,312733,gallons,,R2,
M-1008,"156 5th St, Wiley, CO 81092",Resident 1008,A-20008,2024-08-12,185136,gallons,,R3,
M-1008,"156 5th St, Wiley, CO 81092",Resident 1008,A-20008,2024-09-13,189556,gallons,,R3,
M-1008,"156 5th St, Wiley, CO 81092",Resident 1008,A-20008,2024-10-14,193300,gallons,,R3,
M-1008,"156 5th St, Wiley, CO 81092",Resident 1008,A-20008,2024-11-15,195529,gallons,,R3,
M-1008,"156 5th St, Wiley, CO 81092",Resident 1008,A-20008,2024-12-16,197705,gallons,,R3,
M-1009,"163 Ranch Rd, Wiley, CO 81092",Resident 1009,A-20009,2024-08-12,101157,gallons,,R4,
M-1009,"163 Ranch Rd, Wiley, CO 81092",Resident 1009,A-20009,2024-09-13,111114,gallons,,R4,
M-1009,"163 Ranch Rd, Wiley, CO 81092",Resident 1009,A-20009,2024-10-14,118119,gallons,,R4,
M-1009,"163 Ranch Rd, Wiley, CO 81092",Resident 1009,A-20009,2024-11-15,124065,gallons,,R4,
M-1009,"163 Ranch Rd, Wiley, CO 81092",Resident 1009,A-20009,2024-12-16,130127,gallons,,R4,
M-1010,"170 Irrigation Ln, Wiley, CO 81092",Resident 1010,A-20010,2024-08-12,285822,gallons,,R5,
M-1010,"170 Irrigation Ln, Wiley, CO 81092",Resident 1010,A-20010,2024-09-13,289075,gallons,,R5,
M-1010,"170 Irrigation Ln, Wiley, CO 81092",Resident 1010,A-20010,2024-10-14,292440,gallons,,R5,
M-1010,"170 Irrigation Ln, Wiley, CO 81092",Resident 1010,A-20010,2024-11-15,294488,gallons,,R5,
M-1010,"170 Irrigation Ln, Wiley, CO 81092",Resident 1010,A-20010,2024-12-16,296756,gallons,,R5,
M-1011,"177 North Frontage, Wiley, CO 81092",Resident 1011,A-20011,2024-08-12,349768,gallons,,R6,
M-1011,"177 North Frontage, Wiley, CO 81092",Resident 1011,A-20011,2024-09-13,357444,gallons,,R6,
M-1011,"177 North Frontage, Wiley, CO 81092",Resident 1011,A-20011,2024-10-14,364361,gallons,,R6,
M-1011,"177 North Frontage, Wiley, CO 81092",Resident 1011,A-20011,2024-11-15,370745,gallons,,R6,
M-1011,"177 North Frontage, Wiley, CO 81092",Resident 1011,A-20011,2024-12-16,376036,gallons,,R6,
M-1012,"184 South Loop, Wiley, CO 81092",Resident 1012,A-20012,2024-08-12,113396,gallons,,R1,
M-1012,"184 South Loop, Wiley, CO 81092",Resident 1012,A-20012,2024-09-13,123633,gallons,,R1,
M-1012,"184 South Loop, Wiley, CO 81092",Resident 1012,A-20012,2024-10-14,130982,gallons,,R1,
M-1012,"184 South Loop, Wiley, CO 81092",Resident 1012,A-20012,2024-11-15,137686,gallons,,R1,
M-1012,"184 South Loop, Wiley, CO 81092",Resident 1012,A-20012,2024-12-16,144084,gallons,,R1,
M-1013,"191 Pioneer Rd, Wiley, CO 81092",Resident 1013,A-20013,2024-08-12,84460,gallons,,R2,
M-1013,"191 Pioneer Rd, Wiley, CO 81092",Resident 1013,A-20013,2024-09-13,92059,gallons,,R2,
M-1013,"191 Pioneer Rd, Wiley, CO 81092",Resident 1013,A-20013,2024-10-14,98227,gallons,,R2,
M-1013,"191 Pioneer Rd, Wiley, CO 81092",Resident 1013,A-20013,2024-11-15,103690,gallons,,R2,
M-1013,"191 Pioneer Rd, Wiley, CO 81092",Resident 1013,A-20013,2024-12-16,108409,gallons,,R2,
M-1014,"198 Cottonwood Dr, Wiley, CO 81092",Resident 1014,A-20014,2024-08-12,395753,gallons,,R3,
M-1014,"198 Cottonwood Dr, Wiley, CO 81092",Resident 1014,A-20014,2024-09-13,399254,gallons,,R3,
M-1014,"198 Cottonwood Dr, Wiley, CO 81092",Resident 1014,A-20014,2024-10-14,401881,gallons,,R3,
M-1014,"198 Cottonwood Dr, Wiley, CO 81092",Resident 1014,A-20014,2024-11-15,403845,gallons,,R3,
M-1014,"198 Cottonwood Dr, Wiley, CO 81092",Resident 1014,A-20014,2024-12-16,406172,gallons,,R3,
M-1015,"205 Sand Creek Rd, Wiley, CO 81092",Resident 1015,A-20015,2024-08-12,341999,gallons,,R4,
M-1015,"205 Sand Creek Rd, Wiley, CO 81092",Resident 1015,A-20015,2024-09-13,351101,gallons,,R4,
M-1015,"205 Sand Creek Rd, Wiley, CO 81092",Resident 1015,A-20015,2024-10-14,358478,gallons,,R4,
M-1015,"205 Sand Creek Rd, Wiley, CO 81092",Resident 1015,A-20015,2024-11-15,363657,gallons,,R4,
M-1015,"205 Sand Creek Rd, Wiley, CO 81092",Resident 1015,A-20015,2024-12-16,369305,gallons,,R4,
M-1016,"212 Prairie View, Wiley, CO 81092",Resident 1016,A-20016,2024-08-12,66421,gallons,,R5,
M-1016,"212 Prairie View, Wiley, CO 81092",Resident 1016,A-20016,2024-09-13,72303,gallons,,R5,
M-1016,"212 Prairie View, Wiley, CO 81092",Resident 1016,A-20016,2024-10-14,77154,gallons,,R5,
M-1016,"212 Prairie View, Wiley, CO 81092",Resident 1016,A-20016,2024-11-15,81282,gallons,,R5,
M-1016,"212 Prairie View, Wiley, CO 81092",Resident 1016,A-20016,2024-12-16,85983,gallons,,R5,
M-1017,"219 School House Rd, Wiley, CO 81092",Resident 1017,A-20017,2024-08-12,102234,gallons,,R6,
M-1017,"219 School House Rd, Wiley, CO 81092",Resident 1017,A-20017,2024-09-13,105135,gallons,,R6,
M-1017,"219 School House Rd, Wiley, CO 81092",Resident 1017,A-20017,2024-10-14,107236,gallons,,R6,
M-1017,"219 School House Rd, Wiley, CO 81092",Resident 1017,A-20017,2024-11-15,109178,gallons,,R6,
M-1017,"219 School House Rd, Wiley, CO 81092",Resident 1017,A-20017,2024-12-16,111286,gallons,,R6,
M-1018,"226 Cemetery Rd, Wiley, CO 81092",Resident 1018,A-20018,2024-08-12,176784,gallons,,R1,
M-1018,"226 Cemetery Rd, Wiley, CO 81092",Resident 1018,A-20018,2024-09-13,179708,gallons,,R1,
M-1018,"226 Cemetery Rd, Wiley, CO 81092",Resident 1018,A-20018,2024-10-14,182364,gallons,,R1,
M-1018,"226 Cemetery Rd, Wiley, CO 81092",Resident 1018,A-20018,2024-11-15,184052,gallons,,R1,
M-1018,"226 Cemetery Rd, Wiley, CO 81092",Resident 1018,A-20018,2024-12-16,185681,gallons,,R1,
M-1019,"233 Grain Elevator Rd, Wiley, CO 81092",Resident 1019,A-20019,2024-08-12,140898,gallons,,R2,
M-1019,"233 Grain Elevator Rd, Wiley, CO 81092",Resident 1019,A-20019,2024-09-13,144301,gallons,,R2,
M-1019,"233 Grain Elevator Rd, Wiley, CO 81092",Resident 1019,A-20019,2024-10-14,147034,gallons,,R2,
M-1019,"233 Grain Elevator Rd, Wiley, CO 81092",Resident 1019,A-20019,2024-11-15,149221,gallons,,R2,
M-1019,"233 Grain Elevator Rd, Wiley, CO 81092",Resident 1019,A-20019,2024-12-16,151359,gallons,,R2,
M-1020,"240 Main St, Wiley, CO 81092",Resident 1020,A-20020,2024-08-12,269028,gallons,,R3,
M-1020,"240 Main St, Wiley, CO 81092",Resident 1020,A-20020,2024-09-13,273054,gallons,,R3,
M-1020,"240 Main St, Wiley, CO 81092",Resident 1020,A-20020,2024-10-14,276834,gallons,,R3,
M-1020,"240 Main St, Wiley, CO 81092",Resident 1020,A-20020,2024-11-15,279634,gallons,,R3,
M-1020,"240 Main St, Wiley, CO 81092",Resident 1020,A-20020,2024-12-16,282682,gallons,,R3,
M-1021,"247 County Rd 10, Wiley, CO 81092",Resident 1021,A-20021,2024-08-12,310084,gallons,,R4,
M-1021,"247 County Rd 10, Wiley, CO 81092",Resident 1021,A-20021,2024-09-13,314589,gallons,,R4,
M-1021,"247 County Rd 10, Wiley, CO 81092",Resident 1021,A-20021,2024-10-14,318292,gallons,,R4,
M-1021,"247 County Rd 10, Wiley, CO 81092",Resident 1021,A-20021,2024-11-15,321600,gallons,,R4,
M-1021,"247 County Rd 10, Wiley, CO 81092",Resident 1021,A-20021,2024-12-16,324511,gallons,,R4,
M-1022,"254 County Rd 14, Wiley, CO 81092",Resident 1022,A-20022,2024-08-12,311701,gallons,,R5,
M-1022,"254 County Rd 14, Wiley, CO 81092",Resident 1022,A-20022,2024-09-13,318626,gallons,,R5,
M-1022,"254 County Rd 14, Wiley, CO 81092",Resident 1022,A-20022,2024-10-14,324113,gallons,,R5,
M-1022,"254 County Rd 14, Wiley, CO 81092",Resident 1022,A-20022,2024-11-15,328794,gallons,,R5,
M-1022,"254 County Rd 14, Wiley, CO 81092",Resident 1022,A-20022,2024-12-16,333500,gallons,,R5,
M-1023,"261 Highway 287, Wiley, CO 81092",Resident 1023,A-20023,2024-08-12,172175,gallons,,R6,
M-1023,"261 Highway 287, Wiley, CO 81092",Resident 1023,A-20023,2024-09-13,180794,gallons,,R6,
M-1023,"261 Highway 287, Wiley, CO 81092",Resident 1023,A-20023,2024-10-14,188442,gallons,,R6,
M-1023,"261 Highway 287, Wiley, CO 81092",Resident 1023,A-20023,2024-11-15,193844,gallons,,R6,
M-1023,"261 Highway 287, Wiley, CO 81092",Resident 1023,A-20023,2024-12-16,198819,gallons,,R6,
M-1024,"268 Maple Ave, Wiley, CO 81092",Resident 1024,A-20024,2024-08-12,264000,gallons,,R1,
M-1024,"268 Maple Ave, Wiley, CO 81092",Resident 1024,A-20024,2024-09-13,267077,gallons,,R1,
M-1024,"268 Maple Ave, Wiley, CO 81092",Resident 1024,A-20024,2024-10-14,269512,gallons,,R1,
M-1024,"268 Maple Ave, Wiley, CO 81092",Resident 1024,A-20024,2024-11-15,271221,gallons,,R1,
M-1024,"268 Maple Ave, Wiley, CO 81092",Resident 1024,A-20024,2024-12-16,272896,gallons,,R1,
M-1025,"275 Oak St, Wiley, CO 81092",Resident 1025,A-20025,2024-08-12,90179,gallons,,R2,
M-1025,"275 Oak St, Wiley, CO 81092",Resident 1025,A-20025,2024-09-13,97596,gallons,,R2,
M-1025,"275 Oak St, Wiley, CO 81092",Resident 1025,A-20025,2024-10-14,104893,gallons,,R2,
M-1025,"275 Oak St, Wiley, CO 81092",Resident 1025,A-20025,2024-11-15,110462,gallons,,R2,
M-1025,"275 Oak St, Wiley, CO 81092",Resident 1025,A-20025,2024-12-16,114943,gallons,,R2,
M-1026,"282 Elm St, Wiley, CO 81092",Resident 1026,A-20026,2024-08-12,142182,gallons,,R3,
M-1026,"282 Elm St, Wiley, CO 81092",Resident 1026,A-20026,2024-09-13,146839,gallons,,R3,
M-1026,"282 Elm St, Wiley, CO 81092",Resident 1026,A-20026,2024-10-14,150639,gallons,,R3,
M-1026,"282 Elm St, Wiley, CO 81092",Resident 1026,A-20026,2024-11-15,153483,gallons,,R3,
M-1026,"282 Elm St, Wiley, CO 81092",Resident 1026,A-20026,2024-12-16,156173,gallons,,R3,
M-1027,"289 3rd Ave, Wiley, CO 81092",Resident 1027,A-20027,2024-08-12,260857,gallons,,R4,
M-1027,"289 3rd Ave, Wiley, CO 81092",Resident 1027,A-20027,2024-09-13,269542,gallons,,R4,
M-1027,"289 3rd Ave, Wiley, CO 81092",Resident 1027,A-20027,2024-10-14,278279,gallons,,R4,
M-1027,"289 3rd Ave, Wiley, CO 81092",Resident 1027,A-20027,2024-11-15,284935,gallons,,R4,
M-1027,"289 3rd Ave, Wiley, CO 81092",Resident 1027,A-20027,2024-12-16,290773,gallons,,R4,
M-1028,"296 5th St, Wiley, CO 81092",Resident 1028,A-20028,2024-08-12,61629,gallons,,R5,
M-1028,"296 5th St, Wiley, CO 81092",Resident 1028,A-20028,2024-09-13,71435,gallons,,R5,
M-1028,"296 5th St, Wiley, CO 81092",Resident 1028,A-20028,2024-10-14,78987,gallons,,R5,
M-1028,"296 5th St, Wiley, CO 81092",Resident 1028,A-20028,2024-11-15,84405,gallons,,R5,
M-1028,"296 5th St, Wiley, CO 81092",Resident 1028,A-20028,2024-12-16,90242,gallons,,R5,
M-1029,"303 Ranch Rd, Wiley, CO 81092",Resident 1029,A-20029,2024-08-12,266124,gallons,,R6,
M-1029,"303 Ranch Rd, Wiley, CO 81092",Resident 1029,A-20029,2024-09-13,276120,gallons,,R6,
M-1029,"303 Ranch Rd, Wiley, CO 81092",Resident 1029,A-20029,2024-10-14,283133,gallons,,R6,
M-1029,"303 Ranch Rd, Wiley, CO 81092",Resident 1029,A-20029,2024-11-15,289891,gallons,,R6,
M-1029,"303 Ranch Rd, Wiley, CO 81092",Resident 1029,A-20029,2024-12-16,295399,gallons,,R6,
M-1030,"310 Irrigation Ln, Wiley, CO 81092",Resident 1030,A-20030,2024-08-12,198051,gallons,,R1,
M-1030,"310 Irrigation Ln, Wiley, CO 81092",Resident 1030,A-20030,2024-09-13,205829,gallons,,R1,
M-1030,"310 Irrigation Ln, Wiley, CO 81092",Resident 1030,A-20030,2024-10-14,212500,gallons,,R1,
M-1030,"310 Irrigation Ln, Wiley, CO 81092",Resident 1030,A-20030,2024-11-15,218224,gallons,,R1,
M-1030,"310 Irrigation Ln, Wiley, CO 81092",Resident 1030,A-20030,2024-12-16,223769,gallons,,R1,
M-1031,"317 North Frontage, Wiley, CO 81092",Resident 1031,A-20031,2024-08-12,296918,gallons,,R2,
M-1031,"317 North Frontage, Wiley, CO 81092",Resident 1031,A-20031,2024-09-13,303311,gallons,,R2,
M-1031,"317 North Frontage, Wiley, CO 81092",Resident 1031,A-20031,2024-10-14,309700,gallons,,R2,
M-1031,"317 North Frontage, Wiley, CO 81092",Resident 1031,A-20031,2024-11-15,313878,gallons,,R2,
M-1031,"317 North Frontage, Wiley, CO 81092",Resident 1031,A-20031,2024-12-16,317673,gallons,,R2,
M-1032,"324 South Loop, Wiley, CO 81092",Resident 1032,A-20032,2024-08-12,205036,gallons,,R3,
M-1032,"324 South Loop, Wiley, CO 81092",Resident 1032,A-20032,2024-09-13,209385,gallons,,R3,
M-1032,"324 South Loop, Wiley, CO 81092",Resident 1032,A-20032,2024-10-14,212841,gallons,,R3,
M-1032,"324 South Loop, Wiley, CO 81092",Resident 1032,A-20032,2024-11-15,215648,gallons,,R3,
M-1032,"324 South Loop, Wiley, CO 81092",Resident 1032,A-20032,2024-12-16,218496,gallons,,R3,
M-1033,"331 Pioneer Rd, Wiley, CO 81092",Resident 1033,A-20033,2024-08-12,310091,gallons,,R4,Known large lot / livestock
M-1033,"331 Pioneer Rd, Wiley, CO 81092",Resident 1033,A-20033,2024-09-13,337707,gallons,,R4,
M-1033,"331 Pioneer Rd, Wiley, CO 81092",Resident 1033,A-20033,2024-10-14,365220,gallons,,R4,
M-1033,"331 Pioneer Rd, Wiley, CO 81092",Resident 1033,A-20033,2024-11-15,383565,gallons,,R4,
M-1033,"331 Pioneer Rd, Wiley, CO 81092",Resident 1033,A-20033,2024-12-16,403027,gallons,,R4,
M-1034,"338 Cottonwood Dr, Wiley, CO 81092",Resident 1034,A-20034,2024-08-12,351561,gallons,,R5,
M-1034,"338 Cottonwood Dr, Wiley, CO 81092",Resident 1034,A-20034,2024-09-13,360781,gallons,,R5,
M-1034,"338 Cottonwood Dr, Wiley, CO 81092",Resident 1034,A-20034,2024-10-14,368581,gallons,,R5,
M-1034,"338 Cottonwood Dr, Wiley, CO 81092",Resident 1034,A-20034,2024-11-15,373894,gallons,,R5,
M-1034,"338 Cottonwood Dr, Wiley, CO 81092",Resident 1034,A-20034,2024-12-16,378868,gallons,,R5,
M-1035,"345 Sand Creek Rd, Wiley, CO 81092",Resident 1035,A-20035,2024-08-12,403010,gallons,,R6,
M-1035,"345 Sand Creek Rd, Wiley, CO 81092",Resident 1035,A-20035,2024-09-13,408011,gallons,,R6,
M-1035,"345 Sand Creek Rd, Wiley, CO 81092",Resident 1035,A-20035,2024-10-14,412517,gallons,,R6,
M-1035,"345 Sand Creek Rd, Wiley, CO 81092",Resident 1035,A-20035,2024-11-15,416345,gallons,,R6,
M-1035,"345 Sand Creek Rd, Wiley, CO 81092",Resident 1035,A-20035,2024-12-16,419968,gallons,,R6,
M-1036,"352 Prairie View, Wiley, CO 81092",Resident 1036,A-20036,2024-08-12,307976,gallons,,R1,
M-1036,"352 Prairie View, Wiley, CO 81092",Resident 1036,A-20036,2024-09-13,310578,gallons,,R1,
M-1036,"352 Prairie View, Wiley, CO 81092",Resident 1036,A-20036,2024-10-14,312802,gallons,,R1,
M-1036,"352 Prairie View, Wiley, CO 81092",Resident 1036,A-20036,2024-11-15,314652,gallons,,R1,
M-1036,"352 Prairie View, Wiley, CO 81092",Resident 1036,A-20036,2024-12-16,316340,gallons,,R1,
M-1037,"359 School House Rd, Wiley, CO 81092",Resident 1037,A-20037,2024-08-12,141658,gallons,,R2,
M-1037,"359 School House Rd, Wiley, CO 81092",Resident 1037,A-20037,2024-09-13,152753,gallons,,R2,
M-1037,"359 School House Rd, Wiley, CO 81092",Resident 1037,A-20037,2024-10-14,162340,gallons,,R2,
M-1037,"359 School House Rd, Wiley, CO 81092",Resident 1037,A-20037,2024-11-15,169222,gallons,,R2,
M-1037,"359 School House Rd, Wiley, CO 81092",Resident 1037,A-20037,2024-12-16,175561,gallons,,R2,
M-1038,"366 Cemetery Rd, Wiley, CO 81092",Resident 1038,A-20038,2024-08-12,154490,gallons,,R3,
M-1038,"366 Cemetery Rd, Wiley, CO 81092",Resident 1038,A-20038,2024-09-13,158713,gallons,,R3,
M-1038,"366 Cemetery Rd, Wiley, CO 81092",Resident 1038,A-20038,2024-10-14,161757,gallons,,R3,
M-1038,"366 Cemetery Rd, Wiley, CO 81092",Resident 1038,A-20038,2024-11-15,164101,gallons,,R3,
M-1038,"366 Cemetery Rd, Wiley, CO 81092",Resident 1038,A-20038,2024-12-16,166730,gallons,,R3,
M-1039,"373 Grain Elevator Rd, Wiley, CO 81092",Resident 1039,A-20039,2024-08-12,217103,gallons,,R4,
M-1039,"373 Grain Elevator Rd, Wiley, CO 81092",Resident 1039,A-20039,2024-09-13,226326,gallons,,R4,
M-1039,"373 Grain Elevator Rd, Wiley, CO 81092",Resident 1039,A-20039,2024-10-14,234195,gallons,,R4,
M-1039,"373 Grain Elevator Rd, Wiley, CO 81092",Resident 1039,A-20039,2024-11-15,239688,gallons,,R4,
M-1039,"373 Grain Elevator Rd, Wiley, CO 81092",Resident 1039,A-20039,2024-12-16,245286,gallons,,R4,
M-1040,"380 Main St, Wiley, CO 81092",Resident 1040,A-20040,2024-08-12,171829,gallons,,R5,
M-1040,"380 Main St, Wiley, CO 81092",Resident 1040,A-20040,2024-09-13,178170,gallons,,R5,
M-1040,"380 Main St, Wiley, CO 81092",Resident 1040,A-20040,2024-10-14,183664,gallons,,R5,
M-1040,"380 Main St, Wiley, CO 81092",Resident 1040,A-20040,2024-11-15,188090,gallons,,R5,
M-1040,"380 Main St, Wiley, CO 81092",Resident 1040,A-20040,2024-12-16,191729,gallons,,R5,
M-1041,"387 County Rd 10, Wiley, CO 81092",Resident 1041,A-20041,2024-08-12,87650,gallons,,R6,
M-1041,"387 County Rd 10, Wiley, CO 81092",Resident 1041,A-20041,2024-09-13,92847,gallons,,R6,
M-1041,"387 County Rd 10, Wiley, CO 81092",Resident 1041,A-20041,2024-10-14,98112,gallons,,R6,
M-1041,"387 County Rd 10, Wiley, CO 81092",Resident 1041,A-20041,2024-11-15,102272,gallons,,R6,
M-1041,"387 County Rd 10, Wiley, CO 81092",Resident 1041,A-20041,2024-12-16,106511,gallons,,R6,
M-1042,"394 County Rd 14, Wiley, CO 81092",Resident 1042,A-20042,2024-08-12,359290,gallons,,R1,
M-1042,"394 County Rd 14, Wiley, CO 81092",Resident 1042,A-20042,2024-09-13,364223,gallons,,R1,
M-1042,"394 County Rd 14, Wiley, CO 81092",Resident 1042,A-20042,2024-10-14,368685,gallons,,R1,
M-1042,"394 County Rd 14, Wiley, CO 81092",Resident 1042,A-20042,2024-11-15,372096,gallons,,R1,
M-1042,"394 County Rd 14, Wiley, CO 81092",Resident 1042,A-20042,2024-12-16,375458,gallons,,R1,
M-1043,"401 Highway 287, Wiley, CO 81092",Resident 1043,A-20043,2024-08-12,338360,gallons,,R2,
M-1043,"401 Highway 287, Wiley, CO 81092",Resident 1043,A-20043,2024-09-13,342661,gallons,,R2,
M-1043,"401 Highway 287, Wiley, CO 81092",Resident 1043,A-20043,2024-10-14,346560,gallons,,R2,
M-1043,"401 Highway 287, Wiley, CO 81092",Resident 1043,A-20043,2024-11-15,348854,gallons,,R2,
M-1043,"401 Highway 287, Wiley, CO 81092",Resident 1043,A-20043,2024-12-16,351823,gallons,,R2,
M-1044,"408 Maple Ave, Wiley, CO 81092",Resident 1044,A-20044,2024-08-12,86965,gallons,,R3,
M-1044,"408 Maple Ave, Wiley, CO 81092",Resident 1044,A-20044,2024-09-13,91693,gallons,,R3,
M-1044,"408 Maple Ave, Wiley, CO 81092",Resident 1044,A-20044,2024-10-14,95148,gallons,,R3,
M-1044,"408 Maple Ave, Wiley, CO 81092",Resident 1044,A-20044,2024-11-15,98428,gallons,,R3,
M-1044,"408 Maple Ave, Wiley, CO 81092",Resident 1044,A-20044,2024-12-16,101146,gallons,,R3,
M-1045,"415 Oak St, Wiley, CO 81092",Resident 1045,A-20045,2024-08-12,225050,gallons,,R4,
M-1045,"415 Oak St, Wiley, CO 81092",Resident 1045,A-20045,2024-09-13,235530,gallons,,R4,
M-1045,"415 Oak St, Wiley, CO 81092",Resident 1045,A-20045,2024-10-14,242920,gallons,,R4,
M-1045,"415 Oak St, Wiley, CO 81092",Resident 1045,A-20045,2024-11-15,249928,gallons,,R4,
M-1045,"415 Oak St, Wiley, CO 81092",Resident 1045,A-20045,2024-12-16,255988,gallons,,R4,
M-1046,"422 Elm St, Wiley, CO 81092",Resident 1046,A-20046,2024-08-12,86301,gallons,,R5,
M-1046,"422 Elm St, Wiley, CO 81092",Resident 1046,A-20046,2024-09-13,91494,gallons,,R5,
M-1046,"422 Elm St, Wiley, CO 81092",Resident 1046,A-20046,2024-10-14,96612,gallons,,R5,
M-1046,"422 Elm St, Wiley, CO 81092",Resident 1046,A-20046,2024-11-15,100090,gallons,,R5,
M-1046,"422 Elm St, Wiley, CO 81092",Resident 1046,A-20046,2024-12-16,103306,gallons,,R5,
M-1047,"429 3rd Ave, Wiley, CO 81092",Resident 1047,A-20047,2024-08-12,80438,gallons,,R6,
M-1047,"429 3rd Ave, Wiley, CO 81092",Resident 1047,A-20047,2024-09-13,83982,gallons,,R6,
M-1047,"429 3rd Ave, Wiley, CO 81092",Resident 1047,A-20047,2024-10-14,86623,gallons,,R6,
M-1047,"429 3rd Ave, Wiley, CO 81092",Resident 1047,A-20047,2024-11-15,89080,gallons,,R6,
M-1047,"429 3rd Ave, Wiley, CO 81092",Resident 1047,A-20047,2024-12-16,91354,gallons,,R6,
M-1048,"436 5th St, Wiley, CO 81092",Resident 1048,A-20048,2024-08-12,359838,gallons,,R1,
M-1048,"436 5th St, Wiley, CO 81092",Resident 1048,A-20048,2024-09-13,363677,gallons,,R1,
M-1048,"436 5th St, Wiley, CO 81092",Resident 1048,A-20048,2024-10-14,366436,gallons,,R1,
M-1048,"436 5th St, Wiley, CO 81092",Resident 1048,A-20048,2024-11-15,368503,gallons,,R1,
M-1048,"436 5th St, Wiley, CO 81092",Resident 1048,A-20048,2024-12-16,370976,gallons,,R1,
M-1049,"443 Ranch Rd, Wiley, CO 81092",Resident 1049,A-20049,2024-08-12,306567,gallons,,R2,
M-1049,"443 Ranch Rd, Wiley, CO 81092",Resident 1049,A-20049,2024-09-13,312562,gallons,,R2,
M-1049,"443 Ranch Rd, Wiley, CO 81092",Resident 1049,A-20049,2024-10-14,318086,gallons,,R2,
M-1049,"443 Ranch Rd, Wiley, CO 81092",Resident 1049,A-20049,2024-11-15,322554,gallons,,R2,
M-1049,"443 Ranch Rd, Wiley, CO 81092",Resident 1049,A-20049,2024-12-16,326722,gallons,,R2,
M-1050,"450 Irrigation Ln, Wiley, CO 81092",Resident 1050,A-20050,2024-08-12,317912,gallons,,R3,
M-1050,"450 Irrigation Ln, Wiley, CO 81092",Resident 1050,A-20050,2024-09-13,321557,gallons,,R3,
M-1050,"450 Irrigation Ln, Wiley, CO 81092",Resident 1050,A-20050,2024-10-14,324592,gallons,,R3,
M-1050,"450 Irrigation Ln, Wiley, CO 81092",Resident 1050,A-20050,2024-11-15,326598,gallons,,R3,
M-1050,"450 Irrigation Ln, Wiley, CO 81092",Resident 1050,A-20050,2024-12-16,328822,gallons,,R3,
M-1051,"457 North Frontage, Wiley, CO 81092",Resident 1051,A-20051,2024-08-12,335831,gallons,,R4,
M-1051,"457 North Frontage, Wiley, CO 81092",Resident 1051,A-20051,2024-09-13,341070,gallons,,R4,
M-1051,"457 North Frontage, Wiley, CO 81092",Resident 1051,A-20051,2024-10-14,345940,gallons,,R4,
M-1051,"457 North Frontage, Wiley, CO 81092",Resident 1051,A-20051,2024-11-15,349722,gallons,,R4,
M-1051,"457 North Frontage, Wiley, CO 81092",Resident 1051,A-20051,2024-12-16,353619,gallons,,R4,
M-1052,"464 South Loop, Wiley, CO 81092",Resident 1052,A-20052,2024-08-12,138427,gallons,,R5,
M-1052,"464 South Loop, Wiley, CO 81092",Resident 1052,A-20052,2024-09-13,145015,gallons,,R5,
M-1052,"464 South Loop, Wiley, CO 81092",Resident 1052,A-20052,2024-10-14,150776,gallons,,R5,
M-1052,"464 South Loop, Wiley, CO 81092",Resident 1052,A-20052,2024-11-15,155042,gallons,,R5,
M-1052,"464 South Loop, Wiley, CO 81092",Resident 1052,A-20052,2024-12-16,159196,gallons,,R5,
M-1053,"471 Pioneer Rd, Wiley, CO 81092",Resident 1053,A-20053,2024-08-12,89199,gallons,,R6,
M-1053,"471 Pioneer Rd, Wiley, CO 81092",Resident 1053,A-20053,2024-09-13,97684,gallons,,R6,
M-1053,"471 Pioneer Rd, Wiley, CO 81092",Resident 1053,A-20053,2024-10-14,104894,gallons,,R6,
M-1053,"471 Pioneer Rd, Wiley, CO 81092",Resident 1053,A-20053,2024-11-15,109805,gallons,,R6,
M-1053,"471 Pioneer Rd, Wiley, CO 81092",Resident 1053,A-20053,2024-12-16,115052,gallons,,R6,
M-1054,"478 Cottonwood Dr, Wiley, CO 81092",Resident 1054,A-20054,2024-08-12,322217,gallons,,R1,
M-1054,"478 Cottonwood Dr, Wiley, CO 81092",Resident 1054,A-20054,2024-09-13,326845,gallons,,R1,
M-1054,"478 Cottonwood Dr, Wiley, CO 81092",Resident 1054,A-20054,2024-10-14,331150,gallons,,R1,
M-1054,"478 Cottonwood Dr, Wiley, CO 81092",Resident 1054,A-20054,2024-11-15,334376,gallons,,R1,
M-1054,"478 Cottonwood Dr, Wiley, CO 81092",Resident 1054,A-20054,2024-12-16,338026,gallons,,R1,
M-1055,"485 Sand Creek Rd, Wiley, CO 81092",Resident 1055,A-20055,2024-08-12,95363,gallons,,R2,
M-1055,"485 Sand Creek Rd, Wiley, CO 81092",Resident 1055,A-20055,2024-09-13,98000,gallons,,R2,
M-1055,"485 Sand Creek Rd, Wiley, CO 81092",Resident 1055,A-20055,2024-10-14,100635,gallons,,R2,
M-1055,"485 Sand Creek Rd, Wiley, CO 81092",Resident 1055,A-20055,2024-11-15,102464,gallons,,R2,
M-1055,"485 Sand Creek Rd, Wiley, CO 81092",Resident 1055,A-20055,2024-12-16,104511,gallons,,R2,
M-1056,"492 Prairie View, Wiley, CO 81092",Resident 1056,A-20056,2024-08-12,157493,gallons,,R3,
M-1056,"492 Prairie View, Wiley, CO 81092",Resident 1056,A-20056,2024-09-13,167039,gallons,,R3,
M-1056,"492 Prairie View, Wiley, CO 81092",Resident 1056,A-20056,2024-10-14,174232,gallons,,R3,
M-1056,"492 Prairie View, Wiley, CO 81092",Resident 1056,A-20056,2024-11-15,179493,gallons,,R3,
M-1056,"492 Prairie View, Wiley, CO 81092",Resident 1056,A-20056,2024-12-16,186111,gallons,,R3,
M-1057,"499 School House Rd, Wiley, CO 81092",Resident 1057,A-20057,2024-08-12,93781,gallons,,R4,
M-1057,"499 School House Rd, Wiley, CO 81092",Resident 1057,A-20057,2024-09-13,100745,gallons,,R4,
M-1057,"499 School House Rd, Wiley, CO 81092",Resident 1057,A-20057,2024-10-14,107068,gallons,,R4,
M-1057,"499 School House Rd, Wiley, CO 81092",Resident 1057,A-20057,2024-11-15,110940,gallons,,R4,
M-1057,"499 School House Rd, Wiley, CO 81092",Resident 1057,A-20057,2024-12-16,115232,gallons,,R4,
M-1058,"506 Cemetery Rd, Wiley, CO 81092",Resident 1058,A-20058,2024-08-12,371949,gallons,,R5,
M-1058,"506 Cemetery Rd, Wiley, CO 81092",Resident 1058,A-20058,2024-09-13,378604,gallons,,R5,
M-1058,"506 Cemetery Rd, Wiley, CO 81092",Resident 1058,A-20058,2024-10-14,385893,gallons,,R5,
M-1058,"506 Cemetery Rd, Wiley, CO 81092",Resident 1058,A-20058,2024-11-15,390839,gallons,,R5,
M-1058,"506 Cemetery Rd, Wiley, CO 81092",Resident 1058,A-20058,2024-12-16,395635,gallons,,R5,
M-1059,"513 Grain Elevator Rd, Wiley, CO 81092",Resident 1059,A-20059,2024-08-12,90090,gallons,,R6,
M-1059,"513 Grain Elevator Rd, Wiley, CO 81092",Resident 1059,A-20059,2024-09-13,94342,gallons,,R6,
M-1059,"513 Grain Elevator Rd, Wiley, CO 81092",Resident 1059,A-20059,2024-10-14,97709,gallons,,R6,
M-1059,"513 Grain Elevator Rd, Wiley, CO 81092",Resident 1059,A-20059,2024-11-15,99933,gallons,,R6,
M-1059,"513 Grain Elevator Rd, Wiley, CO 81092",Resident 1059,A-20059,2024-12-16,102400,gallons,,R6,
M-1060,"520 Main St, Wiley, CO 81092",Resident 1060,A-20060,2024-08-12,180888,gallons,,R1,
M-1060,"520 Main St, Wiley, CO 81092",Resident 1060,A-20060,2024-09-13,187738,gallons,,R1,
M-1060,"520 Main St, Wiley, CO 81092",Resident 1060,A-20060,2024-10-14,193465,gallons,,R1,
M-1060,"520 Main St, Wiley, CO 81092",Resident 1060,A-20060,2024-11-15,198029,gallons,,R1,
M-1060,"520 Main St, Wiley, CO 81092",Resident 1060,A-20060,2024-12-16,201639,gallons,,R1,
M-1061,"527 County Rd 10, Wiley, CO 81092",Resident 1061,A-20061,2024-08-12,265945,gallons,,R2,
M-1061,"527 County Rd 10, Wiley, CO 81092",Resident 1061,A-20061,2024-09-13,269178,gallons,,R2,
M-1061,"527 County Rd 10, Wiley, CO 81092",Resident 1061,A-20061,2024-10-14,272211,gallons,,R2,
M-1061,"527 County Rd 10, Wiley, CO 81092",Resident 1061,A-20061,2024-11-15,274264,gallons,,R2,
M-1061,"527 County Rd 10, Wiley, CO 81092",Resident 1061,A-20061,2024-12-16,276431,gallons,,R2,
M-1062,"534 County Rd 14, Wiley, CO 81092",Resident 1062,A-20062,2024-08-12,122652,gallons,,R3,
M-1062,"534 County Rd 14, Wiley, CO 81092",Resident 1062,A-20062,2024-09-13,129495,gallons,,R3,
M-1062,"534 County Rd 14, Wiley, CO 81092",Resident 1062,A-20062,2024-10-14,135642,gallons,,R3,
M-1062,"534 County Rd 14, Wiley, CO 81092",Resident 1062,A-20062,2024-11-15,139969,gallons,,R3,
M-1062,"534 County Rd 14, Wiley, CO 81092",Resident 1062,A-20062,2024-12-16,144365,gallons,,R3,
M-1063,"541 Highway 287, Wiley, CO 81092",Resident 1063,A-20063,2024-08-12,354661,gallons,,R4,
M-1063,"541 Highway 287, Wiley, CO 81092",Resident 1063,A-20063,2024-09-13,360479,gallons,,R4,
M-1063,"541 Highway 287, Wiley, CO 81092",Resident 1063,A-20063,2024-10-14,365013,gallons,,R4,
M-1063,"541 Highway 287, Wiley, CO 81092",Resident 1063,A-20063,2024-11-15,368909,gallons,,R4,
M-1063,"541 Highway 287, Wiley, CO 81092",Resident 1063,A-20063,2024-12-16,372364,gallons,,R4,
M-1064,"548 Maple Ave, Wiley, CO 81092",Resident 1064,A-20064,2024-08-12,187537,gallons,,R5,
M-1064,"548 Maple Ave, Wiley, CO 81092",Resident 1064,A-20064,2024-09-13,195984,gallons,,R5,
M-1064,"548 Maple Ave, Wiley, CO 81092",Resident 1064,A-20064,2024-10-14,202734,gallons,,R5,
M-1064,"548 Maple Ave, Wiley, CO 81092",Resident 1064,A-20064,2024-11-15,208806,gallons,,R5,
M-1064,"548 Maple Ave, Wiley, CO 81092",Resident 1064,A-20064,2024-12-16,214754,gallons,,R5,
M-1065,"555 Oak St, Wiley, CO 81092",Resident 1065,A-20065,2024-08-12,362892,gallons,,R6,
M-1065,"555 Oak St, Wiley, CO 81092",Resident 1065,A-20065,2024-09-13,371790,gallons,,R6,
M-1065,"555 Oak St, Wiley, CO 81092",Resident 1065,A-20065,2024-10-14,378704,gallons,,R6,
M-1065,"555 Oak St, Wiley, CO 81092",Resident 1065,A-20065,2024-11-15,384398,gallons,,R6,
M-1065,"555 Oak St, Wiley, CO 81092",Resident 1065,A-20065,2024-12-16,389487,gallons,,R6,
M-1066,"562 Elm St, Wiley, CO 81092",Resident 1066,A-20066,2024-08-12,369197,gallons,,R1,
M-1066,"562 Elm St, Wiley, CO 81092",Resident 1066,A-20066,2024-09-13,375149,gallons,,R1,
M-1066,"562 Elm St, Wiley, CO 81092",Resident 1066,A-20066,2024-10-14,380238,gallons,,R1,
M-1066,"562 Elm St, Wiley, CO 81092",Resident 1066,A-20066,2024-11-15,384447,gallons,,R1,
M-1066,"562 Elm St, Wiley, CO 81092",Resident 1066,A-20066,2024-12-16,388886,gallons,,R1,
M-1067,"569 3rd Ave, Wiley, CO 81092",Resident 1067,A-20067,2024-08-12,81182,gallons,,R2,
M-1067,"569 3rd Ave, Wiley, CO 81092",Resident 1067,A-20067,2024-09-13,88608,gallons,,R2,
M-1067,"569 3rd Ave, Wiley, CO 81092",Resident 1067,A-20067,2024-10-14,95362,gallons,,R2,
M-1067,"569 3rd Ave, Wiley, CO 81092",Resident 1067,A-20067,2024-11-15,99993,gallons,,R2,
M-1067,"569 3rd Ave, Wiley, CO 81092",Resident 1067,A-20067,2024-12-16,105470,gallons,,R2,
M-1068,"576 5th St, Wiley, CO 81092",Resident 1068,A-20068,2024-08-12,380523,gallons,,R3,
M-1068,"576 5th St, Wiley, CO 81092",Resident 1068,A-20068,2024-09-13,385300,gallons,,R3,
M-1068,"576 5th St, Wiley, CO 81092",Resident 1068,A-20068,2024-10-14,388616,gallons,,R3,
M-1068,"576 5th St, Wiley, CO 81092",Resident 1068,A-20068,2024-11-15,391266,gallons,,R3,
M-1068,"576 5th St, Wiley, CO 81092",Resident 1068,A-20068,2024-12-16,393773,gallons,,R3,
M-1069,"583 Ranch Rd, Wiley, CO 81092",Resident 1069,A-20069,2024-08-12,103481,gallons,,R4,
M-1069,"583 Ranch Rd, Wiley, CO 81092",Resident 1069,A-20069,2024-09-13,113968,gallons,,R4,
M-1069,"583 Ranch Rd, Wiley, CO 81092",Resident 1069,A-20069,2024-10-14,121763,gallons,,R4,
M-1069,"583 Ranch Rd, Wiley, CO 81092",Resident 1069,A-20069,2024-11-15,128332,gallons,,R4,
M-1069,"583 Ranch Rd, Wiley, CO 81092",Resident 1069,A-20069,2024-12-16,135162,gallons,,R4,
M-1070,"590 Irrigation Ln, Wiley, CO 81092",Resident 1070,A-20070,2024-08-12,273809,gallons,,R5,
M-1070,"590 Irrigation Ln, Wiley, CO 81092",Resident 1070,A-20070,2024-09-13,276748,gallons,,R5,
M-1070,"590 Irrigation Ln, Wiley, CO 81092",Resident 1070,A-20070,2024-10-14,279654,gallons,,R5,
M-1070,"590 Irrigation Ln, Wiley, CO 81092",Resident 1070,A-20070,2024-11-15,281852,gallons,,R5,
M-1070,"590 Irrigation Ln, Wiley, CO 81092",Resident 1070,A-20070,2024-12-16,283862,gallons,,R5,
M-1071,"597 North Frontage, Wiley, CO 81092",Resident 1071,A-20071,2024-08-12,398176,gallons,,R6,
M-1071,"597 North Frontage, Wiley, CO 81092",Resident 1071,A-20071,2024-09-13,401182,gallons,,R6,
M-1071,"597 North Frontage, Wiley, CO 81092",Resident 1071,A-20071,2024-10-14,403659,gallons,,R6,
M-1071,"597 North Frontage, Wiley, CO 81092",Resident 1071,A-20071,2024-11-15,405380,gallons,,R6,
M-1071,"597 North Frontage, Wiley, CO 81092",Resident 1071,A-20071,2024-12-16,407482,gallons,,R6,
M-1072,"604 South Loop, Wiley, CO 81092",Resident 1072,A-20072,2024-08-12,366613,gallons,,R1,
M-1072,"604 South Loop, Wiley, CO 81092",Resident 1072,A-20072,2024-09-13,375066,gallons,,R1,
M-1072,"604 South Loop, Wiley, CO 81092",Resident 1072,A-20072,2024-10-14,381889,gallons,,R1,
M-1072,"604 South Loop, Wiley, CO 81092",Resident 1072,A-20072,2024-11-15,387954,gallons,,R1,
M-1072,"604 South Loop, Wiley, CO 81092",Resident 1072,A-20072,2024-12-16,393390,gallons,,R1,
M-1073,"611 Pioneer Rd, Wiley, CO 81092",Resident 1073,A-20073,2024-08-12,351369,gallons,,R2,
M-1073,"611 Pioneer Rd, Wiley, CO 81092",Resident 1073,A-20073,2024-09-13,356636,gallons,,R2,
M-1073,"611 Pioneer Rd, Wiley, CO 81092",Resident 1073,A-20073,2024-10-14,361217,gallons,,R2,
M-1073,"611 Pioneer Rd, Wiley, CO 81092",Resident 1073,A-20073,2024-11-15,364219,gallons,,R2,
M-1073,"611 Pioneer Rd, Wiley, CO 81092",Resident 1073,A-20073,2024-12-16,367670,gallons,,R2,
M-1074,"618 Cottonwood Dr, Wiley, CO 81092",Resident 1074,A-20074,2024-08-12,329738,gallons,,R3,
M-1074,"618 Cottonwood Dr, Wiley, CO 81092",Resident 1074,A-20074,2024-09-13,335006,gallons,,R3,
M-1074,"618 Cottonwood Dr, Wiley, CO 81092",Resident 1074,A-20074,2024-10-14,338982,gallons,,R3,
M-1074,"618 Cottonwood Dr, Wiley, CO 81092",Resident 1074,A-20074,2024-11-15,341900,gallons,,R3,
M-1074,"618 Cottonwood Dr, Wiley, CO 81092",Resident 1074,A-20074,2024-12-16,345589,gallons,,R3,
M-1075,"625 Sand Creek Rd, Wiley, CO 81092",Resident 1075,A-20075,2024-08-12,219645,gallons,,R4,
M-1075,"625 Sand Creek Rd, Wiley, CO 81092",Resident 1075,A-20075,2024-09-13,223299,gallons,,R4,
M-1075,"625 Sand Creek Rd, Wiley, CO 81092",Resident 1075,A-20075,2024-10-14,226435,gallons,,R4,
M-1075,"625 Sand Creek Rd, Wiley, CO 81092",Resident 1075,A-20075,2024-11-15,228304,gallons,,R4,
M-1075,"625 Sand Creek Rd, Wiley, CO 81092",Resident 1075,A-20075,2024-12-16,230250,gallons,,R4,
M-1076,"632 Prairie View, Wiley, CO 81092",Resident 1076,A-20076,2024-08-12,191477,gallons,,R5,
M-1076,"632 Prairie View, Wiley, CO 81092",Resident 1076,A-20076,2024-09-13,196715,gallons,,R5,
M-1076,"632 Prairie View, Wiley, CO 81092",Resident 1076,A-20076,2024-10-14,200320,gallons,,R5,
M-1076,"632 Prairie View, Wiley, CO 81092",Resident 1076,A-20076,2024-11-15,203174,gallons,,R5,
M-1076,"632 Prairie View, Wiley, CO 81092",Resident 1076,A-20076,2024-12-16,206262,gallons,,R5,
M-1077,"639 School House Rd, Wiley, CO 81092",Resident 1077,A-20077,2024-08-12,160975,gallons,,R6,
M-1077,"639 School House Rd, Wiley, CO 81092",Resident 1077,A-20077,2024-09-13,164222,gallons,,R6,
M-1077,"639 School House Rd, Wiley, CO 81092",Resident 1077,A-20077,2024-10-14,166882,gallons,,R6,
M-1077,"639 School House Rd, Wiley, CO 81092",Resident 1077,A-20077,2024-11-15,169380,gallons,,R6,
M-1077,"639 School House Rd, Wiley, CO 81092",Resident 1077,A-20077,2024-12-16,171650,gallons,,R6,
M-1078,"646 Cemetery Rd, Wiley, CO 81092",Resident 1078,A-20078,2024-08-12,222280,gallons,,R1,
M-1078,"646 Cemetery Rd, Wiley, CO 81092",Resident 1078,A-20078,2024-09-13,228921,gallons,,R1,
M-1078,"646 Cemetery Rd, Wiley, CO 81092",Resident 1078,A-20078,2024-10-14,234614,gallons,,R1,
M-1078,"646 Cemetery Rd, Wiley, CO 81092",Resident 1078,A-20078,2024-11-15,238657,gallons,,R1,
M-1078,"646 Cemetery Rd, Wiley, CO 81092",Resident 1078,A-20078,2024-12-16,242098,gallons,,R1,
M-1079,"653 Grain Elevator Rd, Wiley, CO 81092",Resident 1079,A-20079,2024-08-12,181010,gallons,,R2,
M-1079,"653 Grain Elevator Rd, Wiley, CO 81092",Resident 1079,A-20079,2024-09-13,186027,gallons,,R2,
M-1079,"653 Grain Elevator Rd, Wiley, CO 81092",Resident 1079,A-20079,2024-10-14,190922,gallons,,R2,
M-1079,"653 Grain Elevator Rd, Wiley, CO 81092",Resident 1079,A-20079,2024-11-15,194508,gallons,,R2,
M-1079,"653 Grain Elevator Rd, Wiley, CO 81092",Resident 1079,A-20079,2024-12-16,197500,gallons,,R2,
M-1080,"660 Main St, Wiley, CO 81092",Resident 1080,A-20080,2024-08-12,196439,gallons,,R3,
M-1080,"660 Main St, Wiley, CO 81092",Resident 1080,A-20080,2024-09-13,204126,gallons,,R3,
M-1080,"660 Main St, Wiley, CO 81092",Resident 1080,A-20080,2024-10-14,210140,gallons,,R3,
M-1080,"660 Main St, Wiley, CO 81092",Resident 1080,A-20080,2024-11-15,214612,gallons,,R3,
M-1080,"660 Main St, Wiley, CO 81092",Resident 1080,A-20080,2024-12-16,218825,gallons,,R3,
M-1081,"667 County Rd 10, Wiley, CO 81092",Resident 1081,A-20081,2024-08-12,267406,gallons,,R4,
M-1081,"667 County Rd 10, Wiley, CO 81092",Resident 1081,A-20081,2024-09-13,275943,gallons,,R4,
M-1081,"667 County Rd 10, Wiley, CO 81092",Resident 1081,A-20081,2024-10-14,283542,gallons,,R4,
M-1081,"667 County Rd 10, Wiley, CO 81092",Resident 1081,A-20081,2024-11-15,288449,gallons,,R4,
M-1081,"667 County Rd 10, Wiley, CO 81092",Resident 1081,A-20081,2024-12-16,293960,gallons,,R4,
M-1082,"674 County Rd 14, Wiley, CO 81092",Resident 1082,A-20082,2024-08-12,124838,gallons,,R5,
M-1082,"674 County Rd 14, Wiley, CO 81092",Resident 1082,A-20082,2024-09-13,131377,gallons,,R5,
M-1082,"674 County Rd 14, Wiley, CO 81092",Resident 1082,A-20082,2024-10-14,136660,gallons,,R5,
M-1082,"674 County Rd 14, Wiley, CO 81092",Resident 1082,A-20082,2024-11-15,140303,gallons,,R5,
M-1082,"674 County Rd 14, Wiley, CO 81092",Resident 1082,A-20082,2024-12-16,144143,gallons,,R5,
M-1083,"681 Highway 287, Wiley, CO 81092",Resident 1083,A-20083,2024-08-12,393371,gallons,,R6,
M-1083,"681 Highway 287, Wiley, CO 81092",Resident 1083,A-20083,2024-09-13,397168,gallons,,R6,
M-1083,"681 Highway 287, Wiley, CO 81092",Resident 1083,A-20083,2024-10-14,400519,gallons,,R6,
M-1083,"681 Highway 287, Wiley, CO 81092",Resident 1083,A-20083,2024-11-15,403009,gallons,,R6,
M-1083,"681 Highway 287, Wiley, CO 81092",Resident 1083,A-20083,2024-12-16,405742,gallons,,R6,
M-1084,"688 Maple Ave, Wiley, CO 81092",Resident 1084,A-20084,2024-08-12,213344,gallons,,R1,
M-1084,"688 Maple Ave, Wiley, CO 81092",Resident 1084,A-20084,2024-09-13,218997,gallons,,R1,
M-1084,"688 Maple Ave, Wiley, CO 81092",Resident 1084,A-20084,2024-10-14,223636,gallons,,R1,
M-1084,"688 Maple Ave, Wiley, CO 81092",Resident 1084,A-20084,2024-11-15,227027,gallons,,R1,
M-1084,"688 Maple Ave, Wiley, CO 81092",Resident 1084,A-20084,2024-12-16,230969,gallons,,R1,
M-1085,"695 Oak St, Wiley, CO 81092",Resident 1085,A-20085,2024-08-12,296396,gallons,,R2,
M-1085,"695 Oak St, Wiley, CO 81092",Resident 1085,A-20085,2024-09-13,302425,gallons,,R2,
M-1085,"695 Oak St, Wiley, CO 81092",Resident 1085,A-20085,2024-10-14,307310,gallons,,R2,
M-1085,"695 Oak St, Wiley, CO 81092",Resident 1085,A-20085,2024-11-15,311050,gallons,,R2,
M-1085,"695 Oak St, Wiley, CO 81092",Resident 1085,A-20085,2024-12-16,314684,gallons,,R2,
M-1086,"702 Elm St, Wiley, CO 81092",Resident 1086,A-20086,2024-08-12,221155,gallons,,R3,
M-1086,"702 Elm St, Wiley, CO 81092",Resident 1086,A-20086,2024-09-13,226332,gallons,,R3,
M-1086,"702 Elm St, Wiley, CO 81092",Resident 1086,A-20086,2024-10-14,230442,gallons,,R3,
M-1086,"702 Elm St, Wiley, CO 81092",Resident 1086,A-20086,2024-11-15,233637,gallons,,R3,
M-1086,"702 Elm St, Wiley, CO 81092",Resident 1086,A-20086,2024-12-16,236673,gallons,,R3,
M-1087,"709 3rd Ave, Wiley, CO 81092",Resident 1087,A-20087,2024-08-12,96941,gallons,,R4,
M-1087,"709 3rd Ave, Wiley, CO 81092",Resident 1087,A-20087,2024-09-13,105757,gallons,,R4,
M-1087,"709 3rd Ave, Wiley, CO 81092",Resident 1087,A-20087,2024-10-14,114024,gallons,,R4,
M-1087,"709 3rd Ave, Wiley, CO 81092",Resident 1087,A-20087,2024-11-15,119717,gallons,,R4,
M-1087,"709 3rd Ave, Wiley, CO 81092",Resident 1087,A-20087,2024-12-16,124900,gallons,,R4,
M-1088,"716 5th St, Wiley, CO 81092",Resident 1088,A-20088,2024-08-12,61059,gallons,,R5,
M-1088,"716 5th St, Wiley, CO 81092",Resident 1088,A-20088,2024-09-13,65572,gallons,,R5,
M-1088,"716 5th St, Wiley, CO 81092",Resident 1088,A-20088,2024-10-14,70443,gallons,,R5,
M-1088,"716 5th St, Wiley, CO 81092",Resident 1088,A-20088,2024-11-15,73349,gallons,,R5,
M-1088,"716 5th St, Wiley, CO 81092",Resident 1088,A-20088,2024-12-16,77123,gallons,,R5,
M-1089,"723 Ranch Rd, Wiley, CO 81092",Resident 1089,A-20089,2024-08-12,313322,gallons,,R6,Known large lot / livestock
M-1089,"723 Ranch Rd, Wiley, CO 81092",Resident 1089,A-20089,2024-09-13,335621,gallons,,R6,
M-1089,"723 Ranch Rd, Wiley, CO 81092",Resident 1089,A-20089,2024-10-14,356061,gallons,,R6,
M-1089,"723 Ranch Rd, Wiley, CO 81092",Resident 1089,A-20089,2024-11-15,372185,gallons,,R6,
M-1089,"723 Ranch Rd, Wiley, CO 81092",Resident 1089,A-20089,2024-12-16,387593,gallons,,R6,
M-1090,"730 Irrigation Ln, Wiley, CO 81092",Resident 1090,A-20090,2024-08-12,385260,gallons,,R1,
M-1090,"730 Irrigation Ln, Wiley, CO 81092",Resident 1090,A-20090,2024-09-13,393144,gallons,,R1,
M-1090,"730 Irrigation Ln, Wiley, CO 81092",Resident 1090,A-20090,2024-10-14,401344,gallons,,R1,
M-1090,"730 Irrigation Ln, Wiley, CO 81092",Resident 1090,A-20090,2024-11-15,406892,gallons,,R1,
M-1090,"730 Irrigation Ln, Wiley, CO 81092",Resident 1090,A-20090,2024-12-16,411959,gallons,,R1,
M-1091,"737 North Frontage, Wiley, CO 81092",Resident 1091,A-20091,2024-08-12,353813,gallons,,R2,
M-1091,"737 North Frontage, Wiley, CO 81092",Resident 1091,A-20091,2024-09-13,362456,gallons,,R2,
M-1091,"737 North Frontage, Wiley, CO 81092",Resident 1091,A-20091,2024-10-14,370079,gallons,,R2,
M-1091,"737 North Frontage, Wiley, CO 81092",Resident 1091,A-20091,2024-11-15,374824,gallons,,R2,
M-1091,"737 North Frontage, Wiley, CO 81092",Resident 1091,A-20091,2024-12-16,380102,gallons,,R2,
M-1092,"744 South Loop, Wiley, CO 81092",Resident 1092,A-20092,2024-08-12,107103,gallons,,R3,
M-1092,"744 South Loop, Wiley, CO 81092",Resident 1092,A-20092,2024-09-13,111298,gallons,,R3,
M-1092,"744 South Loop, Wiley, CO 81092",Resident 1092,A-20092,2024-10-14,114738,gallons,,R3,
M-1092,"744 South Loop, Wiley, CO 81092",Resident 1092,A-20092,2024-11-15,117451,gallons,,R3,
M-1092,"744 South Loop, Wiley, CO 81092",Resident 1092,A-20092,2024-12-16,120417,gallons,,R3,
M-1093,"751 Pioneer Rd, Wiley, CO 81092",Resident 1093,A-20093,2024-08-12,96517,gallons,,R4,
M-1093,"751 Pioneer Rd, Wiley, CO 81092",Resident 1093,A-20093,2024-09-13,103976,gallons,,R4,
M-1093,"751 Pioneer Rd, Wiley, CO 81092",Resident 1093,A-20093,2024-10-14,110704,gallons,,R4,
M-1093,"751 Pioneer Rd, Wiley, CO 81092",Resident 1093,A-20093,2024-11-15,115253,gallons,,R4,
M-1093,"751 Pioneer Rd, Wiley, CO 81092",Resident 1093,A-20093,2024-12-16,120232,gallons,,R4,
M-1094,"758 Cottonwood Dr, Wiley, CO 81092",Resident 1094,A-20094,2024-08-12,342335,gallons,,R5,
M-1094,"758 Cottonwood Dr, Wiley, CO 81092",Resident 1094,A-20094,2024-09-13,351231,gallons,,R5,
M-1094,"758 Cottonwood Dr, Wiley, CO 81092",Resident 1094,A-20094,2024-10-14,358699,gallons,,R5,
M-1094,"758 Cottonwood Dr, Wiley, CO 81092",Resident 1094,A-20094,2024-11-15,364173,gallons,,R5,
M-1094,"758 Cottonwood Dr, Wiley, CO 81092",Resident 1094,A-20094,2024-12-16,370686,gallons,,R5,
M-1095,"765 Sand Creek Rd, Wiley, CO 81092",Resident 1095,A-20095,2024-08-12,167875,gallons,,R6,
M-1095,"765 Sand Creek Rd, Wiley, CO 81092",Resident 1095,A-20095,2024-09-13,172259,gallons,,R6,
M-1095,"765 Sand Creek Rd, Wiley, CO 81092",Resident 1095,A-20095,2024-10-14,176661,gallons,,R6,
M-1095,"765 Sand Creek Rd, Wiley, CO 81092",Resident 1095,A-20095,2024-11-15,179747,gallons,,R6,
M-1095,"765 Sand Creek Rd, Wiley, CO 81092",Resident 1095,A-20095,2024-12-16,182711,gallons,,R6,
M-1096,"772 Prairie View, Wiley, CO 81092",Resident 1096,A-20096,2024-08-12,319832,gallons,,R1,
M-1096,"772 Prairie View, Wiley, CO 81092",Resident 1096,A-20096,2024-09-13,324141,gallons,,R1,
M-1096,"772 Prairie View, Wiley, CO 81092",Resident 1096,A-20096,2024-10-14,327386,gallons,,R1,
M-1096,"772 Prairie View, Wiley, CO 81092",Resident 1096,A-20096,2024-11-15,330130,gallons,,R1,
M-1096,"772 Prairie View, Wiley, CO 81092",Resident 1096,A-20096,2024-12-16,333034,gallons,,R1,
M-1097,"779 School House Rd, Wiley, CO 81092",Resident 1097,A-20097,2024-08-12,197733,gallons,,R2,
M-1097,"779 School House Rd, Wiley, CO 81092",Resident 1097,A-20097,2024-09-13,204765,gallons,,R2,
M-1097,"779 School House Rd, Wiley, CO 81092",Resident 1097,A-20097,2024-10-14,210047,gallons,,R2,
M-1097,"779 School House Rd, Wiley, CO 81092",Resident 1097,A-20097,2024-11-15,214187,gallons,,R2,
M-1097,"779 School House Rd, Wiley, CO 81092",Resident 1097,A-20097,2024-12-16,218499,gallons,,R2,
M-1098,"786 Cemetery Rd, Wiley, CO 81092",Resident 1098,A-20098,2024-08-12,127324,gallons,,R3,
M-1098,"786 Cemetery Rd, Wiley, CO 81092",Resident 1098,A-20098,2024-09-13,132940,gallons,,R3,
M-1098,"786 Cemetery Rd, Wiley, CO 81092",Resident 1098,A-20098,2024-10-14,138797,gallons,,R3,
M-1098,"786 Cemetery Rd, Wiley, CO 81092",Resident 1098,A-20098,2024-11-15,142678,gallons,,R3,
M-1098,"786 Cemetery Rd, Wiley, CO 81092",Resident 1098,A-20098,2024-12-16,146866,gallons,,R3,
M-1099,"793 Grain Elevator Rd, Wiley, CO 81092",Resident 1099,A-20099,2024-08-12,238493,gallons,,R4,
M-1099,"793 Grain Elevator Rd, Wiley, CO 81092",Resident 1099,A-20099,2024-09-13,243984,gallons,,R4,
M-1099,"793 Grain Elevator Rd, Wiley, CO 81092",Resident 1099,A-20099,2024-10-14,248219,gallons,,R4,
M-1099,"793 Grain Elevator Rd, Wiley, CO 81092",Resident 1099,A-20099,2024-11-15,251690,gallons,,R4,
M-1099,"793 Grain Elevator Rd, Wiley, CO 81092",Resident 1099,A-20099,2024-12-16,255474,gallons,,R4,
M-1100,"800 Main St, Wiley, CO 81092",Resident 1100,A-20100,2024-08-12,94852,gallons,,R5,
M-1100,"800 Main St, Wiley, CO 81092",Resident 1100,A-20100,2024-09-13,102238,gallons,,R5,
M-1100,"800 Main St, Wiley, CO 81092",Resident 1100,A-20100,2024-10-14,110266,gallons,,R5,
M-1100,"800 Main St, Wiley, CO 81092",Resident 1100,A-20100,2024-11-15,115153,gallons,,R5,
M-1100,"800 Main St, Wiley, CO 81092",Resident 1100,A-20100,2024-12-16,120874,gallons,,R5,
M-1101,"807 County Rd 10, Wiley, CO 81092",Resident 1101,A-20101,2024-08-12,187129,gallons,,R6,
M-1101,"807 County Rd 10, Wiley, CO 81092",Resident 1101,A-20101,2024-09-13,196803,gallons,,R6,
M-1101,"807 County Rd 10, Wiley, CO 81092",Resident 1101,A-20101,2024-10-14,204814,gallons,,R6,
M-1101,"807 County Rd 10, Wiley, CO 81092",Resident 1101,A-20101,2024-11-15,211528,gallons,,R6,
M-1101,"807 County Rd 10, Wiley, CO 81092",Resident 1101,A-20101,2024-12-16,217929,gallons,,R6,
M-1102,"814 County Rd 14, Wiley, CO 81092",Resident 1102,A-20102,2024-08-12,252974,gallons,,R1,
M-1102,"814 County Rd 14, Wiley, CO 81092",Resident 1102,A-20102,2024-09-13,261229,gallons,,R1,
M-1102,"814 County Rd 14, Wiley, CO 81092",Resident 1102,A-20102,2024-10-14,268614,gallons,,R1,
M-1102,"814 County Rd 14, Wiley, CO 81092",Resident 1102,A-20102,2024-11-15,273027,gallons,,R1,
M-1102,"814 County Rd 14, Wiley, CO 81092",Resident 1102,A-20102,2024-12-16,278441,gallons,,R1,
M-1103,"821 Highway 287, Wiley, CO 81092",Resident 1103,A-20103,2024-08-12,205623,gallons,,R2,
M-1103,"821 Highway 287, Wiley, CO 81092",Resident 1103,A-20103,2024-09-13,210651,gallons,,R2,
M-1103,"821 Highway 287, Wiley, CO 81092",Resident 1103,A-20103,2024-10-14,215064,gallons,,R2,
M-1103,"821 Highway 287, Wiley, CO 81092",Resident 1103,A-20103,2024-11-15,218086,gallons,,R2,
M-1103,"821 Highway 287, Wiley, CO 81092",Resident 1103,A-20103,2024-12-16,221254,gallons,,R2,
M-1104,"828 Maple Ave, Wiley, CO 81092",Resident 1104,A-20104,2024-08-12,142770,gallons,,R3,
M-1104,"828 Maple Ave, Wiley, CO 81092",Resident 1104,A-20104,2024-09-13,151442,gallons,,R3,
M-1104,"828 Maple Ave, Wiley, CO 81092",Resident 1104,A-20104,2024-10-14,160361,gallons,,R3,
M-1104,"828 Maple Ave, Wiley, CO 81092",Resident 1104,A-20104,2024-11-15,166229,gallons,,R3,
M-1104,"828 Maple Ave, Wiley, CO 81092",Resident 1104,A-20104,2024-12-16,171253,gallons,,R3,
M-1105,"835 Oak St, Wiley, CO 81092",Resident 1105,A-20105,2024-08-12,286584,gallons,,R4,
M-1105,"835 Oak St, Wiley, CO 81092",Resident 1105,A-20105,2024-09-13,292442,gallons,,R4,
M-1105,"835 Oak St, Wiley, CO 81092",Resident 1105,A-20105,2024-10-14,297761,gallons,,R4,
M-1105,"835 Oak St, Wiley, CO 81092",Resident 1105,A-20105,2024-11-15,301936,gallons,,R4,
M-1105,"835 Oak St, Wiley, CO 81092",Resident 1105,A-20105,2024-12-16,305550,gallons,,R4,
M-1106,"842 Elm St, Wiley, CO 81092",Resident 1106,A-20106,2024-08-12,347236,gallons,,R5,
M-1106,"842 Elm St, Wiley, CO 81092",Resident 1106,A-20106,2024-09-13,357944,gallons,,R5,
M-1106,"842 Elm St, Wiley, CO 81092",Resident 1106,A-20106,2024-10-14,366727,gallons,,R5,
M-1106,"842 Elm St, Wiley, CO 81092",Resident 1106,A-20106,2024-11-15,373200,gallons,,R5,
M-1106,"842 Elm St, Wiley, CO 81092",Resident 1106,A-20106,2024-12-16,380463,gallons,,R5,
M-1107,"849 3rd Ave, Wiley, CO 81092",Resident 1107,A-20107,2024-08-12,212357,gallons,,R6,
M-1107,"849 3rd Ave, Wiley, CO 81092",Resident 1107,A-20107,2024-09-13,215854,gallons,,R6,
M-1107,"849 3rd Ave, Wiley, CO 81092",Resident 1107,A-20107,2024-10-14,218625,gallons,,R6,
M-1107,"849 3rd Ave, Wiley, CO 81092",Resident 1107,A-20107,2024-11-15,220552,gallons,,R6,
M-1107,"849 3rd Ave, Wiley, CO 81092",Resident 1107,A-20107,2024-12-16,222714,gallons,,R6,
M-1108,"856 5th St, Wiley, CO 81092",Resident 1108,A-20108,2024-08-12,376617,gallons,,R1,
M-1108,"856 5th St, Wiley, CO 81092",Resident 1108,A-20108,2024-09-13,381297,gallons,,R1,
M-1108,"856 5th St, Wiley, CO 81092",Resident 1108,A-20108,2024-10-14,384793,gallons,,R1,
M-1108,"856 5th St, Wiley, CO 81092",Resident 1108,A-20108,2024-11-15,387822,gallons,,R1,
M-1108,"856 5th St, Wiley, CO 81092",Resident 1108,A-20108,2024-12-16,391132,gallons,,R1,
M-1109,"863 Ranch Rd, Wiley, CO 81092",Resident 1109,A-20109,2024-08-12,396643,gallons,,R2,
M-1109,"863 Ranch Rd, Wiley, CO 81092",Resident 1109,A-20109,2024-09-13,399081,gallons,,R2,
M-1109,"863 Ranch Rd, Wiley, CO 81092",Resident 1109,A-20109,2024-10-14,401859,gallons,,R2,
M-1109,"863 Ranch Rd, Wiley, CO 81092",Resident 1109,A-20109,2024-11-15,403780,gallons,,R2,
M-1109,"863 Ranch Rd, Wiley, CO 81092",Resident 1109,A-20109,2024-12-16,405669,gallons,,R2,
M-1110,"870 Irrigation Ln, Wiley, CO 81092",Resident 1110,A-20110,2024-08-12,333192,gallons,,R3,
M-1110,"870 Irrigation Ln, Wiley, CO 81092",Resident 1110,A-20110,2024-09-13,338697,gallons,,R3,
M-1110,"870 Irrigation Ln, Wiley, CO 81092",Resident 1110,A-20110,2024-10-14,343953,gallons,,R3,
M-1110,"870 Irrigation Ln, Wiley, CO 81092",Resident 1110,A-20110,2024-11-15,348058,gallons,,R3,
M-1110,"870 Irrigation Ln, Wiley, CO 81092",Resident 1110,A-20110,2024-12-16,351884,gallons,,R3,
M-1111,"877 North Frontage, Wiley, CO 81092",Resident 1111,A-20111,2024-08-12,60441,gallons,,R4,
M-1111,"877 North Frontage, Wiley, CO 81092",Resident 1111,A-20111,2024-09-13,66920,gallons,,R4,
M-1111,"877 North Frontage, Wiley, CO 81092",Resident 1111,A-20111,2024-10-14,72023,gallons,,R4,
M-1111,"877 North Frontage, Wiley, CO 81092",Resident 1111,A-20111,2024-11-15,75833,gallons,,R4,
M-1111,"877 North Frontage, Wiley, CO 81092",Resident 1111,A-20111,2024-12-16,80050,gallons,,R4,
M-1112,"884 South Loop, Wiley, CO 81092",Resident 1112,A-20112,2024-08-12,346083,gallons,,R5,
M-1112,"884 South Loop, Wiley, CO 81092",Resident 1112,A-20112,2024-09-13,351695,gallons,,R5,
M-1112,"884 South Loop, Wiley, CO 81092",Resident 1112,A-20112,2024-10-14,355666,gallons,,R5,
M-1112,"884 South Loop, Wiley, CO 81092",Resident 1112,A-20112,2024-11-15,358482,gallons,,R5,
M-1112,"884 South Loop, Wiley, CO 81092",Resident 1112,A-20112,2024-12-16,361451,gallons,,R5,
M-1113,"891 Pioneer Rd, Wiley, CO 81092",Resident 1113,A-20113,2024-08-12,210246,gallons,,R6,
M-1113,"891 Pioneer Rd, Wiley, CO 81092",Resident 1113,A-20113,2024-09-13,213753,gallons,,R6,
M-1113,"891 Pioneer Rd, Wiley, CO 81092",Resident 1113,A-20113,2024-10-14,216661,gallons,,R6,
M-1113,"891 Pioneer Rd, Wiley, CO 81092",Resident 1113,A-20113,2024-11-15,218895,gallons,,R6,
M-1113,"891 Pioneer Rd, Wiley, CO 81092",Resident 1113,A-20113,2024-12-16,221031,gallons,,R6,
M-1114,"898 Cottonwood Dr, Wiley, CO 81092",Resident 1114,A-20114,2024-08-12,403378,gallons,,R1,
M-1114,"898 Cottonwood Dr, Wiley, CO 81092",Resident 1114,A-20114,2024-09-13,407814,gallons,,R1,
M-1114,"898 Cottonwood Dr, Wiley, CO 81092",Resident 1114,A-20114,2024-10-14,411516,gallons,,R1,
M-1114,"898 Cottonwood Dr, Wiley, CO 81092",Resident 1114,A-20114,2024-11-15,414324,gallons,,R1,
M-1114,"898 Cottonwood Dr, Wiley, CO 81092",Resident 1114,A-20114,2024-12-16,417375,gallons,,R1,
M-1115,"905 Sand Creek Rd, Wiley, CO 81092",Resident 1115,A-20115,2024-08-12,113728,gallons,,R2,
M-1115,"905 Sand Creek Rd, Wiley, CO 81092",Resident 1115,A-20115,2024-09-13,121662,gallons,,R2,
M-1115,"905 Sand Creek Rd, Wiley, CO 81092",Resident 1115,A-20115,2024-10-14,128179,gallons,,R2,
M-1115,"905 Sand Creek Rd, Wiley, CO 81092",Resident 1115,A-20115,2024-11-15,133672,gallons,,R2,
M-1115,"905 Sand Creek Rd, Wiley, CO 81092",Resident 1115,A-20115,2024-12-16,139332,gallons,,R2,
M-1116,"912 Prairie View, Wiley, CO 81092",Resident 1116,A-20116,2024-08-12,130393,gallons,,R3,
M-1116,"912 Prairie View, Wiley, CO 81092",Resident 1116,A-20116,2024-09-13,139566,gallons,,R3,
M-1116,"912 Prairie View, Wiley, CO 81092",Resident 1116,A-20116,2024-10-14,146449,gallons,,R3,
M-1116,"912 Prairie View, Wiley, CO 81092",Resident 1116,A-20116,2024-11-15,152742,gallons,,R3,
M-1116,"912 Prairie View, Wiley, CO 81092",Resident 1116,A-20116,2024-12-16,158162,gallons,,R3,
M-1117,"919 School House Rd, Wiley, CO 81092",Resident 1117,A-20117,2024-08-12,195490,gallons,,R4,
M-1117,"919 School House Rd, Wiley, CO 81092",Resident 1117,A-20117,2024-09-13,201350,gallons,,R4,
M-1117,"919 School House Rd, Wiley, CO 81092",Resident 1117,A-20117,2024-10-14,206657,gallons,,R4,
M-1117,"919 School House Rd, Wiley, CO 81092",Resident 1117,A-20117,2024-11-15,210531,gallons,,R4,
M-1117,"919 School House Rd, Wiley, CO 81092",Resident 1117,A-20117,2024-12-16,214307,gallons,,R4,
M-1118,"926 Cemetery Rd, Wiley, CO 81092",Resident 1118,A-20118,2024-08-12,116263,gallons,,R5,
M-1118,"926 Cemetery Rd, Wiley, CO 81092",Resident 1118,A-20118,2024-09-13,120672,gallons,,R5,
M-1118,"926 Cemetery Rd, Wiley, CO 81092",Resident 1118,A-20118,2024-10-14,124691,gallons,,R5,
M-1118,"926 Cemetery Rd, Wiley, CO 81092",Resident 1118,A-20118,2024-11-15,127855,gallons,,R5,
M-1118,"926 Cemetery Rd, Wiley, CO 81092",Resident 1118,A-20118,2024-12-16,130395,gallons,,R5,
M-1119,"933 Grain Elevator Rd, Wiley, CO 81092",Resident 1119,A-20119,2024-08-12,115316,gallons,,R6,
M-1119,"933 Grain Elevator Rd, Wiley, CO 81092",Resident 1119,A-20119,2024-09-13,124424,gallons,,R6,
M-1119,"933 Grain Elevator Rd, Wiley, CO 81092",Resident 1119,A-20119,2024-10-14,131767,gallons,,R6,
M-1119,"933 Grain Elevator Rd, Wiley, CO 81092",Resident 1119,A-20119,2024-11-15,137158,gallons,,R6,
M-1119,"933 Grain Elevator Rd, Wiley, CO 81092",Resident 1119,A-20119,2024-12-16,143598,gallons,,R6,
M-1120,"940 Main St, Wiley, CO 81092",Resident 1120,A-20120,2024-08-12,348811,gallons,,R1,
M-1120,"940 Main St, Wiley, CO 81092",Resident 1120,A-20120,2024-09-13,355293,gallons,,R1,
M-1120,"940 Main St, Wiley, CO 81092",Resident 1120,A-20120,2024-10-14,360906,gallons,,R1,
M-1120,"940 Main St, Wiley, CO 81092",Resident 1120,A-20120,2024-11-15,364977,gallons,,R1,
M-1120,"940 Main St, Wiley, CO 81092",Resident 1120,A-20120,2024-12-16,369141,gallons,,R1,
M-1121,"947 County Rd 10, Wiley, CO 81092",Resident 1121,A-20121,2024-08-12,139390,gallons,,R2,
M-1121,"947 County Rd 10, Wiley, CO 81092",Resident 1121,A-20121,2024-09-13,145589,gallons,,R2,
M-1121,"947 County Rd 10, Wiley, CO 81092",Resident 1121,A-20121,2024-10-14,151247,gallons,,R2,
M-1121,"947 County Rd 10, Wiley, CO 81092",Resident 1121,A-20121,2024-11-15,155384,gallons,,R2,
M-1121,"947 County Rd 10, Wiley, CO 81092",Resident 1121,A-20121,2024-12-16,158875,gallons,,R2,
M-1122,"954 County Rd 14, Wiley, CO 81092",Resident 1122,A-20122,2024-08-12,201701,gallons,,R3,
M-1122,"954 County Rd 14, Wiley, CO 81092",Resident 1122,A-20122,2024-09-13,211495,gallons,,R3,
M-1122,"954 County Rd 14, Wiley, CO 81092",Resident 1122,A-20122,2024-10-14,217909,gallons,,R3,
M-1122,"954 County Rd 14, Wiley, CO 81092",Resident 1122,A-20122,2024-11-15,224035,gallons,,R3,
M-1122,"954 County Rd 14, Wiley, CO 81092",Resident 1122,A-20122,2024-12-16,229321,gallons,,R3,
M-1123,"961 Highway 287, Wiley, CO 81092",Resident 1123,A-20123,2024-08-12,206534,gallons,,R4,
M-1123,"961 Highway 287, Wiley, CO 81092",Resident 1123,A-20123,2024-09-13,213053,gallons,,R4,
M-1123,"961 Highway 287, Wiley, CO 81092",Resident 1123,A-20123,2024-10-14,219450,gallons,,R4,
M-1123,"961 Highway 287, Wiley, CO 81092",Resident 1123,A-20123,2024-11-15,223482,gallons,,R4,
M-1123,"961 Highway 287, Wiley, CO 81092",Resident 1123,A-20123,2024-12-16,227483,gallons,,R4,
M-1124,"968 Maple Ave, Wiley, CO 81092",Resident 1124,A-20124,2024-08-12,372288,gallons,,R5,
M-1124,"968 Maple Ave, Wiley, CO 81092",Resident 1124,A-20124,2024-09-13,376387,gallons,,R5,
M-1124,"968 Maple Ave, Wiley, CO 81092",Resident 1124,A-20124,2024-10-14,379468,gallons,,R5,
M-1124,"968 Maple Ave, Wiley, CO 81092",Resident 1124,A-20124,2024-11-15,382207,gallons,,R5,
M-1124,"968 Maple Ave, Wiley, CO 81092",Resident 1124,A-20124,2024-12-16,384878,gallons,,R5,
M-1125,"975 Oak St, Wiley, CO 81092",Resident 1125,A-20125,2024-08-12,165634,gallons,,R6,
M-1125,"975 Oak St, Wiley, CO 81092",Resident 1125,A-20125,2024-09-13,170884,gallons,,R6,
M-1125,"975 Oak St, Wiley, CO 81092",Resident 1125,A-20125,2024-10-14,175147,gallons,,R6,
M-1125,"975 Oak St, Wiley, CO 81092",Resident 1125,A-20125,2024-11-15,178388,gallons,,R6,
M-1125,"975 Oak St, Wiley, CO 81092",Resident 1125,A-20125,2024-12-16,181576,gallons,,R6,
M-1126,"982 Elm St, Wiley, CO 81092",Resident 1126,A-20126,2024-08-12,233638,gallons,,R1,
M-1126,"982 Elm St, Wiley, CO 81092",Resident 1126,A-20126,2024-09-13,237888,gallons,,R1,
M-1126,"982 Elm St, Wiley, CO 81092",Resident 1126,A-20126,2024-10-14,241071,gallons,,R1,
M-1126,"982 Elm St, Wiley, CO 81092",Resident 1126,A-20126,2024-11-15,243725,gallons,,R1,
M-1126,"982 Elm St, Wiley, CO 81092",Resident 1126,A-20126,2024-12-16,246439,gallons,,R1,
M-1127,"989 3rd Ave, Wiley, CO 81092",Resident 1127,A-20127,2024-08-12,162118,gallons,,R2,
M-1127,"989 3rd Ave, Wiley, CO 81092",Resident 1127,A-20127,2024-09-13,167483,gallons,,R2,
M-1127,"989 3rd Ave, Wiley, CO 81092",Resident 1127,A-20127,2024-10-14,171538,gallons,,R2,
M-1127,"989 3rd Ave, Wiley, CO 81092",Resident 1127,A-20127,2024-11-15,174828,gallons,,R2,
M-1127,"989 3rd Ave, Wiley, CO 81092",Resident 1127,A-20127,2024-12-16,178392,gallons,,R2,
M-1128,"996 5th St, Wiley, CO 81092",Resident 1128,A-20128,2024-08-12,394326,gallons,,R3,
M-1128,"996 5th St, Wiley, CO 81092",Resident 1128,A-20128,2024-09-13,404902,gallons,,R3,
M-1128,"996 5th St, Wiley, CO 81092",Resident 1128,A-20128,2024-10-14,413755,gallons,,R3,
M-1128,"996 5th St, Wiley, CO 81092",Resident 1128,A-20128,2024-11-15,420563,gallons,,R3,
M-1128,"996 5th St, Wiley, CO 81092",Resident 1128,A-20128,2024-12-16,427485,gallons,,R3,
M-1129,"1003 Ranch Rd, Wiley, CO 81092",Resident 1129,A-20129,2024-08-12,198841,gallons,,R4,
M-1129,"1003 Ranch Rd, Wiley, CO 81092",Resident 1129,A-20129,2024-09-13,206377,gallons,,R4,
M-1129,"1003 Ranch Rd, Wiley, CO 81092",Resident 1129,A-20129,2024-10-14,213739,gallons,,R4,
M-1129,"1003 Ranch Rd, Wiley, CO 81092",Resident 1129,A-20129,2024-11-15,218169,gallons,,R4,
M-1129,"1003 Ranch Rd, Wiley, CO 81092",Resident 1129,A-20129,2024-12-16,223628,gallons,,R4,
M-1130,"1010 Irrigation Ln, Wiley, CO 81092",Resident 1130,A-20130,2024-08-12,323632,gallons,,R5,
M-1130,"1010 Irrigation Ln, Wiley, CO 81092",Resident 1130,A-20130,2024-09-13,330820,gallons,,R5,
M-1130,"1010 Irrigation Ln, Wiley, CO 81092",Resident 1130,A-20130,2024-10-14,337569,gallons,,R5,
M-1130,"1010 Irrigation Ln, Wiley, CO 81092",Resident 1130,A-20130,2024-11-15,342941,gallons,,R5,
M-1130,"1010 Irrigation Ln, Wiley, CO 81092",Resident 1130,A-20130,2024-12-16,347250,gallons,,R5,
M-1131,"1017 North Frontage, Wiley, CO 81092",Resident 1131,A-20131,2024-08-12,312385,gallons,,R6,
M-1131,"1017 North Frontage, Wiley, CO 81092",Resident 1131,A-20131,2024-09-13,317718,gallons,,R6,
M-1131,"1017 North Frontage, Wiley, CO 81092",Resident 1131,A-20131,2024-10-14,321528,gallons,,R6,
M-1131,"1017 North Frontage, Wiley, CO 81092",Resident 1131,A-20131,2024-11-15,324750,gallons,,R6,
M-1131,"1017 North Frontage, Wiley, CO 81092",Resident 1131,A-20131,2024-12-16,327659,gallons,,R6,
M-1132,"1024 South Loop, Wiley, CO 81092",Resident 1132,A-20132,2024-08-12,191461,gallons,,R1,
M-1132,"1024 South Loop, Wiley, CO 81092",Resident 1132,A-20132,2024-09-13,201772,gallons,,R1,
M-1132,"1024 South Loop, Wiley, CO 81092",Resident 1132,A-20132,2024-10-14,208974,gallons,,R1,
M-1132,"1024 South Loop, Wiley, CO 81092",Resident 1132,A-20132,2024-11-15,214826,gallons,,R1,
M-1132,"1024 South Loop, Wiley, CO 81092",Resident 1132,A-20132,2024-12-16,220517,gallons,,R1,
M-1133,"1031 Pioneer Rd, Wiley, CO 81092",Resident 1133,A-20133,2024-08-12,86606,gallons,,R2,
M-1133,"1031 Pioneer Rd, Wiley, CO 81092",Resident 1133,A-20133,2024-09-13,95539,gallons,,R2,
M-1133,"1031 Pioneer Rd, Wiley, CO 81092",Resident 1133,A-20133,2024-10-14,101808,gallons,,R2,
M-1133,"1031 Pioneer Rd, Wiley, CO 81092",Resident 1133,A-20133,2024-11-15,106331,gallons,,R2,
M-1133,"1031 Pioneer Rd, Wiley, CO 81092",Resident 1133,A-20133,2024-12-16,111296,gallons,,R2,
M-1134,"1038 Cottonwood Dr, Wiley, CO 81092",Resident 1134,A-20134,2024-08-12,106391,gallons,,R3,
M-1134,"1038 Cottonwood Dr, Wiley, CO 81092",Resident 1134,A-20134,2024-09-13,112042,gallons,,R3,
M-1134,"1038 Cottonwood Dr, Wiley, CO 81092",Resident 1134,A-20134,2024-10-14,117952,gallons,,R3,
M-1134,"1038 Cottonwood Dr, Wiley, CO 81092",Resident 1134,A-20134,2024-11-15,121847,gallons,,R3,
M-1134,"1038 Cottonwood Dr, Wiley, CO 81092",Resident 1134,A-20134,2024-12-16,126337,gallons,,R3,
M-1135,"1045 Sand Creek Rd, Wiley, CO 81092",Resident 1135,A-20135,2024-08-12,390844,gallons,,R4,
M-1135,"1045 Sand Creek Rd, Wiley, CO 81092",Resident 1135,A-20135,2024-09-13,397831,gallons,,R4,
M-1135,"1045 Sand Creek Rd, Wiley, CO 81092",Resident 1135,A-20135,2024-10-14,405175,gallons,,R4,
M-1135,"1045 Sand Creek Rd, Wiley, CO 81092",Resident 1135,A-20135,2024-11-15,409690,gallons,,R4,
M-1135,"1045 Sand Creek Rd, Wiley, CO 81092",Resident 1135,A-20135,2024-12-16,414965,gallons,,R4,
M-1136,"1052 Prairie View, Wiley, CO 81092",Resident 1136,A-20136,2024-08-12,280064,gallons,,R5,
M-1136,"1052 Prairie View, Wiley, CO 81092",Resident 1136,A-20136,2024-09-13,286603,gallons,,R5,
M-1136,"1052 Prairie View, Wiley, CO 81092",Resident 1136,A-20136,2024-10-14,291699,gallons,,R5,
M-1136,"1052 Prairie View, Wiley, CO 81092",Resident 1136,A-20136,2024-11-15,296335,gallons,,R5,
M-1136,"1052 Prairie View, Wiley, CO 81092",Resident 1136,A-20136,2024-12-16,300208,gallons,,R5,
M-1137,"1059 School House Rd, Wiley, CO 81092",Resident 1137,A-20137,2024-08-12,202765,gallons,,R6,
M-1137,"1059 School House Rd, Wiley, CO 81092",Resident 1137,A-20137,2024-09-13,209454,gallons,,R6,
M-1137,"1059 School House Rd, Wiley, CO 81092",Resident 1137,A-20137,2024-10-14,214869,gallons,,R6,
M-1137,"1059 School House Rd, Wiley, CO 81092",Resident 1137,A-20137,2024-11-15,218760,gallons,,R6,
M-1137,"1059 School House Rd, Wiley, CO 81092",Resident 1137,A-20137,2024-12-16,222253,gallons,,R6,
M-1138,"1066 Cemetery Rd, Wiley, CO 81092",Resident 1138,A-20138,2024-08-12,78671,gallons,,R1,
M-1138,"1066 Cemetery Rd, Wiley, CO 81092",Resident 1138,A-20138,2024-09-13,83952,gallons,,R1,
M-1138,"1066 Cemetery Rd, Wiley, CO 81092",Resident 1138,A-20138,2024-10-14,87930,gallons,,R1,
M-1138,"1066 Cemetery Rd, Wiley, CO 81092",Resident 1138,A-20138,2024-11-15,91366,gallons,,R1,
M-1138,"1066 Cemetery Rd, Wiley, CO 81092",Resident 1138,A-20138,2024-12-16,94733,gallons,,R1,
M-1139,"1073 Grain Elevator Rd, Wiley, CO 81092",Resident 1139,A-20139,2024-08-12,55846,gallons,,R2,
M-1139,"1073 Grain Elevator Rd, Wiley, CO 81092",Resident 1139,A-20139,2024-09-13,59962,gallons,,R2,
M-1139,"1073 Grain Elevator Rd, Wiley, CO 81092",Resident 1139,A-20139,2024-10-14,63237,gallons,,R2,
M-1139,"1073 Grain Elevator Rd, Wiley, CO 81092",Resident 1139,A-20139,2024-11-15,65769,gallons,,R2,
M-1139,"1073 Grain Elevator Rd, Wiley, CO 81092",Resident 1139,A-20139,2024-12-16,68150,gallons,,R2,
M-1140,"1080 Main St, Wiley, CO 81092",Resident 1140,A-20140,2024-08-12,234732,gallons,,R3,
M-1140,"1080 Main St, Wiley, CO 81092",Resident 1140,A-20140,2024-09-13,241916,gallons,,R3,
M-1140,"1080 Main St, Wiley, CO 81092",Resident 1140,A-20140,2024-10-14,247856,gallons,,R3,
M-1140,"1080 Main St, Wiley, CO 81092",Resident 1140,A-20140,2024-11-15,252282,gallons,,R3,
M-1140,"1080 Main St, Wiley, CO 81092",Resident 1140,A-20140,2024-12-16,256853,gallons,,R3,
M-1141,"1087 County Rd 10, Wiley, CO 81092",Resident 1141,A-20141,2024-08-12,127728,gallons,,R4,
M-1141,"1087 County Rd 10, Wiley, CO 81092",Resident 1141,A-20141,2024-09-13,134041,gallons,,R4,
M-1141,"1087 County Rd 10, Wiley, CO 81092",Resident 1141,A-20141,2024-10-14,140760,gallons,,R4,
M-1141,"1087 County Rd 10, Wiley, CO 81092",Resident 1141,A-20141,2024-11-15,145797,gallons,,R4,
M-1141,"1087 County Rd 10, Wiley, CO 81092",Resident 1141,A-20141,2024-12-16,150860,gallons,,R4,
M-1142,"1094 County Rd 14, Wiley, CO 81092",Resident 1142,A-20142,2024-08-12,387822,gallons,,R5,
M-1142,"1094 County Rd 14, Wiley, CO 81092",Resident 1142,A-20142,2024-09-13,391343,gallons,,R5,
M-1142,"1094 County Rd 14, Wiley, CO 81092",Resident 1142,A-20142,2024-10-14,393945,gallons,,R5,
M-1142,"1094 County Rd 14, Wiley, CO 81092",Resident 1142,A-20142,2024-11-15,395948,gallons,,R5,
M-1142,"1094 County Rd 14, Wiley, CO 81092",Resident 1142,A-20142,2024-12-16,398302,gallons,,R5,
M-1143,"1101 Highway 287, Wiley, CO 81092",Resident 1143,A-20143,2024-08-12,198424,gallons,,R6,
M-1143,"1101 Highway 287, Wiley, CO 81092",Resident 1143,A-20143,2024-09-13,209152,gallons,,R6,
M-1143,"1101 Highway 287, Wiley, CO 81092",Resident 1143,A-20143,2024-10-14,217366,gallons,,R6,
M-1143,"1101 Highway 287, Wiley, CO 81092",Resident 1143,A-20143,2024-11-15,223389,gallons,,R6,
M-1143,"1101 Highway 287, Wiley, CO 81092",Resident 1143,A-20143,2024-12-16,229952,gallons,,R6,
M-1144,"1108 Maple Ave, Wiley, CO 81092",Resident 1144,A-20144,2024-08-12,138069,gallons,,R1,
M-1144,"1108 Maple Ave, Wiley, CO 81092",Resident 1144,A-20144,2024-09-13,140991,gallons,,R1,
M-1144,"1108 Maple Ave, Wiley, CO 81092",Resident 1144,A-20144,2024-10-14,143407,gallons,,R1,
M-1144,"1108 Maple Ave, Wiley, CO 81092",Resident 1144,A-20144,2024-11-15,145509,gallons,,R1,
M-1144,"1108 Maple Ave, Wiley, CO 81092",Resident 1144,A-20144,2024-12-16,147560,gallons,,R1,
M-1145,"1115 Oak St, Wiley, CO 81092",Resident 1145,A-20145,2024-08-12,285838,gallons,,R2,
M-1145,"1115 Oak St, Wiley, CO 81092",Resident 1145,A-20145,2024-09-13,289608,gallons,,R2,
M-1145,"1115 Oak St, Wiley, CO 81092",Resident 1145,A-20145,2024-10-14,292871,gallons,,R2,
M-1145,"1115 Oak St, Wiley, CO 81092",Resident 1145,A-20145,2024-11-15,295449,gallons,,R2,
M-1145,"1115 Oak St, Wiley, CO 81092",Resident 1145,A-20145,2024-12-16,297849,gallons,,R2,
M-1146,"1122 Elm St, Wiley, CO 81092",Resident 1146,A-20146,2024-08-12,343677,gallons,,R3,
M-1146,"1122 Elm St, Wiley, CO 81092",Resident 1146,A-20146,2024-09-13,348127,gallons,,R3,
M-1146,"1122 Elm St, Wiley, CO 81092",Resident 1146,A-20146,2024-10-14,351565,gallons,,R3,
M-1146,"1122 Elm St, Wiley, CO 81092",Resident 1146,A-20146,2024-11-15,354023,gallons,,R3,
M-1146,"1122 Elm St, Wiley, CO 81092",Resident 1146,A-20146,2024-12-16,356372,gallons,,R3,
M-1147,"1129 3rd Ave, Wiley, CO 81092",Resident 1147,A-20147,2024-08-12,285179,gallons,,R4,
M-1147,"1129 3rd Ave, Wiley, CO 81092",Resident 1147,A-20147,2024-09-13,292470,gallons,,R4,
M-1147,"1129 3rd Ave, Wiley, CO 81092",Resident 1147,A-20147,2024-10-14,300178,gallons,,R4,
M-1147,"1129 3rd Ave, Wiley, CO 81092",Resident 1147,A-20147,2024-11-15,305062,gallons,,R4,
M-1147,"1129 3rd Ave, Wiley, CO 81092",Resident 1147,A-20147,2024-12-16,310148,gallons,,R4,
M-1148,"1136 5th St, Wiley, CO 81092",Resident 1148,A-20148,2024-08-12,349272,gallons,,R5,
M-1148,"1136 5th St, Wiley, CO 81092",Resident 1148,A-20148,2024-09-13,353667,gallons,,R5,
M-1148,"1136 5th St, Wiley, CO 81092",Resident 1148,A-20148,2024-10-14,356698,gallons,,R5,
M-1148,"1136 5th St, Wiley, CO 81092",Resident 1148,A-20148,2024-11-15,359226,gallons,,R5,
M-1148,"1136 5th St, Wiley, CO 81092",Resident 1148,A-20148,2024-12-16,361904,gallons,,R5,
M-1149,"1143 Ranch Rd, Wiley, CO 81092",Resident 1149,A-20149,2024-08-12,64321,gallons,,R6,
M-1149,"1143 Ranch Rd, Wiley, CO 81092",Resident 1149,A-20149,2024-09-13,72706,gallons,,R6,
M-1149,"1143 Ranch Rd, Wiley, CO 81092",Resident 1149,A-20149,2024-10-14,80235,gallons,,R6,
M-1149,"1143 Ranch Rd, Wiley, CO 81092",Resident 1149,A-20149,2024-11-15,86746,gallons,,R6,
M-1149,"1143 Ranch Rd, Wiley, CO 81092",Resident 1149,A-20149,2024-12-16,92095,gallons,,R6,
M-1150,"1150 Irrigation Ln, Wiley, CO 81092",Resident 1150,A-20150,2024-08-12,117348,gallons,,R1,
M-1150,"1150 Irrigation Ln, Wiley, CO 81092",Resident 1150,A-20150,2024-09-13,123610,gallons,,R1,
M-1150,"1150 Irrigation Ln, Wiley, CO 81092",Resident 1150,A-20150,2024-10-14,129436,gallons,,R1,
M-1150,"1150 Irrigation Ln, Wiley, CO 81092",Resident 1150,A-20150,2024-11-15,133989,gallons,,R1,
M-1150,"1150 Irrigation Ln, Wiley, CO 81092",Resident 1150,A-20150,2024-12-16,138834,gallons,,R1,
M-1151,"1157 North Frontage, Wiley, CO 81092",Resident 1151,A-20151,2024-08-12,99402,gallons,,R2,
M-1151,"1157 North Frontage, Wiley, CO 81092",Resident 1151,A-20151,2024-09-13,106683,gallons,,R2,
M-1151,"1157 North Frontage, Wiley, CO 81092",Resident 1151,A-20151,2024-10-14,112721,gallons,,R2,
M-1151,"1157 North Frontage, Wiley, CO 81092",Resident 1151,A-20151,2024-11-15,118663,gallons,,R2,
M-1151,"1157 North Frontage, Wiley, CO 81092",Resident 1151,A-20151,2024-12-16,123654,gallons,,R2,
M-1152,"1164 South Loop, Wiley, CO 81092",Resident 1152,A-20152,2024-08-12,132181,gallons,,R3,
M-1152,"1164 South Loop, Wiley, CO 81092",Resident 1152,A-20152,2024-09-13,135338,gallons,,R3,
M-1152,"1164 South Loop, Wiley, CO 81092",Resident 1152,A-20152,2024-10-14,137895,gallons,,R3,
M-1152,"1164 South Loop, Wiley, CO 81092",Resident 1152,A-20152,2024-11-15,139865,gallons,,R3,
M-1152,"1164 South Loop, Wiley, CO 81092",Resident 1152,A-20152,2024-12-16,141775,gallons,,R3,
M-1153,"1171 Pioneer Rd, Wiley, CO 81092",Resident 1153,A-20153,2024-08-12,343720,gallons,,R4,
M-1153,"1171 Pioneer Rd, Wiley, CO 81092",Resident 1153,A-20153,2024-09-13,349996,gallons,,R4,
M-1153,"1171 Pioneer Rd, Wiley, CO 81092",Resident 1153,A-20153,2024-10-14,354884,gallons,,R4,
M-1153,"1171 Pioneer Rd, Wiley, CO 81092",Resident 1153,A-20153,2024-11-15,359468,gallons,,R4,
M-1153,"1171 Pioneer Rd, Wiley, CO 81092",Resident 1153,A-20153,2024-12-16,363129,gallons,,R4,
M-1154,"1178 Cottonwood Dr, Wiley, CO 81092",Resident 1154,A-20154,2024-08-12,75939,gallons,,R5,
M-1154,"1178 Cottonwood Dr, Wiley, CO 81092",Resident 1154,A-20154,2024-09-13,82601,gallons,,R5,
M-1154,"1178 Cottonwood Dr, Wiley, CO 81092",Resident 1154,A-20154,2024-10-14,87347,gallons,,R5,
M-1154,"1178 Cottonwood Dr, Wiley, CO 81092",Resident 1154,A-20154,2024-11-15,91336,gallons,,R5,
M-1154,"1178 Cottonwood Dr, Wiley, CO 81092",Resident 1154,A-20154,2024-12-16,95576,gallons,,R5,
M-1155,"1185 Sand Creek Rd, Wiley, CO 81092",Resident 1155,A-20155,2024-08-12,253804,gallons,,R6,
M-1155,"1185 Sand Creek Rd, Wiley, CO 81092",Resident 1155,A-20155,2024-09-13,261140,gallons,,R6,
M-1155,"1185 Sand Creek Rd, Wiley, CO 81092",Resident 1155,A-20155,2024-10-14,267701,gallons,,R6,
M-1155,"1185 Sand Creek Rd, Wiley, CO 81092",Resident 1155,A-20155,2024-11-15,273007,gallons,,R6,
M-1155,"1185 Sand Creek Rd, Wiley, CO 81092",Resident 1155,A-20155,2024-12-16,278026,gallons,,R6,
M-1156,"1192 Prairie View, Wiley, CO 81092",Resident 1156,A-20156,2024-08-12,394892,gallons,,R1,Known large lot / livestock
M-1156,"1192 Prairie View, Wiley, CO 81092",Resident 1156,A-20156,2024-09-13,420681,gallons,,R1,
M-1156,"1192 Prairie View, Wiley, CO 81092",Resident 1156,A-20156,2024-10-14,445025,gallons,,R1,
M-1156,"1192 Prairie View, Wiley, CO 81092",Resident 1156,A-20156,2024-11-15,466726,gallons,,R1,
M-1156,"1192 Prairie View, Wiley, CO 81092",Resident 1156,A-20156,2024-12-16,485103,gallons,,R1,
M-1157,"1199 School House Rd, Wiley, CO 81092",Resident 1157,A-20157,2024-08-12,347894,gallons,,R2,
M-1157,"1199 School House Rd, Wiley, CO 81092",Resident 1157,A-20157,2024-09-13,356244,gallons,,R2,
M-1157,"1199 School House Rd, Wiley, CO 81092",Resident 1157,A-20157,2024-10-14,361813,gallons,,R2,
M-1157,"1199 School House Rd, Wiley, CO 81092",Resident 1157,A-20157,2024-11-15,366741,gallons,,R2,
M-1157,"1199 School House Rd, Wiley, CO 81092",Resident 1157,A-20157,2024-12-16,372279,gallons,,R2,
M-1158,"1206 Cemetery Rd, Wiley, CO 81092",Resident 1158,A-20158,2024-08-12,133924,gallons,,R3,
M-1158,"1206 Cemetery Rd, Wiley, CO 81092",Resident 1158,A-20158,2024-09-13,138997,gallons,,R3,
M-1158,"1206 Cemetery Rd, Wiley, CO 81092",Resident 1158,A-20158,2024-10-14,143571,gallons,,R3,
M-1158,"1206 Cemetery Rd, Wiley, CO 81092",Resident 1158,A-20158,2024-11-15,147053,gallons,,R3,
M-1158,"1206 Cemetery Rd, Wiley, CO 81092",Resident 1158,A-20158,2024-12-16,150530,gallons,,R3,
M-1159,"1213 Grain Elevator Rd, Wiley, CO 81092",Resident 1159,A-20159,2024-08-12,284524,gallons,,R4,
M-1159,"1213 Grain Elevator Rd, Wiley, CO 81092",Resident 1159,A-20159,2024-09-13,291663,gallons,,R4,
M-1159,"1213 Grain Elevator Rd, Wiley, CO 81092",Resident 1159,A-20159,2024-10-14,297740,gallons,,R4,
M-1159,"1213 Grain Elevator Rd, Wiley, CO 81092",Resident 1159,A-20159,2024-11-15,303132,gallons,,R4,
M-1159,"1213 Grain Elevator Rd, Wiley, CO 81092",Resident 1159,A-20159,2024-12-16,307837,gallons,,R4,
M-1160,"1220 Main St, Wiley, CO 81092",Resident 1160,A-20160,2024-08-12,119899,gallons,,R5,
M-1160,"1220 Main St, Wiley, CO 81092",Resident 1160,A-20160,2024-09-13,122863,gallons,,R5,
M-1160,"1220 Main St, Wiley, CO 81092",Resident 1160,A-20160,2024-10-14,125074,gallons,,R5,
M-1160,"1220 Main St, Wiley, CO 81092",Resident 1160,A-20160,2024-11-15,126577,gallons,,R5,
M-1160,"1220 Main St, Wiley, CO 81092",Resident 1160,A-20160,2024-12-16,128102,gallons,,R5,
M-1161,"1227 County Rd 10, Wiley, CO 81092",Resident 1161,A-20161,2024-08-12,82219,gallons,,R6,
M-1161,"1227 County Rd 10, Wiley, CO 81092",Resident 1161,A-20161,2024-09-13,90199,gallons,,R6,
M-1161,"1227 County Rd 10, Wiley, CO 81092",Resident 1161,A-20161,2024-10-14,98445,gallons,,R6,
M-1161,"1227 County Rd 10, Wiley, CO 81092",Resident 1161,A-20161,2024-11-15,104453,gallons,,R6,
M-1161,"1227 County Rd 10, Wiley, CO 81092",Resident 1161,A-20161,2024-12-16,110590,gallons,,R6,
M-1162,"1234 County Rd 14, Wiley, CO 81092",Resident 1162,A-20162,2024-08-12,223314,gallons,,R1,
M-1162,"1234 County Rd 14, Wiley, CO 81092",Resident 1162,A-20162,2024-09-13,232524,gallons,,R1,
M-1162,"1234 County Rd 14, Wiley, CO 81092",Resident 1162,A-20162,2024-10-14,240628,gallons,,R1,
M-1162,"1234 County Rd 14, Wiley, CO 81092",Resident 1162,A-20162,2024-11-15,247293,gallons,,R1,
M-1162,"1234 County Rd 14, Wiley, CO 81092",Resident 1162,A-20162,2024-12-16,253151,gallons,,R1,
M-1163,"1241 Highway 287, Wiley, CO 81092",Resident 1163,A-20163,2024-08-12,245123,gallons,,R2,
M-1163,"1241 Highway 287, Wiley, CO 81092",Resident 1163,A-20163,2024-09-13,248465,gallons,,R2,
M-1163,"1241 Highway 287, Wiley, CO 81092",Resident 1163,A-20163,2024-10-14,251916,gallons,,R2,
M-1163,"1241 Highway 287, Wiley, CO 81092",Resident 1163,A-20163,2024-11-15,254301,gallons,,R2,
M-1163,"1241 Highway 287, Wiley, CO 81092",Resident 1163,A-20163,2024-12-16,256993,gallons,,R2,
M-1164,"1248 Maple Ave, Wiley, CO 81092",Resident 1164,A-20164,2024-08-12,82533,gallons,,R3,
M-1164,"1248 Maple Ave, Wiley, CO 81092",Resident 1164,A-20164,2024-09-13,90827,gallons,,R3,
M-1164,"1248 Maple Ave, Wiley, CO 81092",Resident 1164,A-20164,2024-10-14,99326,gallons,,R3,
M-1164,"1248 Maple Ave, Wiley, CO 81092",Resident 1164,A-20164,2024-11-15,104850,gallons,,R3,
M-1164,"1248 Maple Ave, Wiley, CO 81092",Resident 1164,A-20164,2024-12-16,111245,gallons,,R3,
M-1165,"1255 Oak St, Wiley, CO 81092",Resident 1165,A-20165,2024-08-12,247386,gallons,,R4,
M-1165,"1255 Oak St, Wiley, CO 81092",Resident 1165,A-20165,2024-09-13,253856,gallons,,R4,
M-1165,"1255 Oak St, Wiley, CO 81092",Resident 1165,A-20165,2024-10-14,259606,gallons,,R4,
M-1165,"1255 Oak St, Wiley, CO 81092",Resident 1165,A-20165,2024-11-15,263931,gallons,,R4,
M-1165,"1255 Oak St, Wiley, CO 81092",Resident 1165,A-20165,2024-12-16,269554,gallons,,R4,
M-1166,"1262 Elm St, Wiley, CO 81092",Resident 1166,A-20166,2024-08-12,170015,gallons,,R5,
M-1166,"1262 Elm St, Wiley, CO 81092",Resident 1166,A-20166,2024-09-13,180496,gallons,,R5,
M-1166,"1262 Elm St, Wiley, CO 81092",Resident 1166,A-20166,2024-10-14,189753,gallons,,R5,
M-1166,"1262 Elm St, Wiley, CO 81092",Resident 1166,A-20166,2024-11-15,196318,gallons,,R5,
M-1166,"1262 Elm St, Wiley, CO 81092",Resident 1166,A-20166,2024-12-16,203153,gallons,,R5,
M-1167,"1269 3rd Ave, Wiley, CO 81092",Resident 1167,A-20167,2024-08-12,187422,gallons,,R6,
M-1167,"1269 3rd Ave, Wiley, CO 81092",Resident 1167,A-20167,2024-09-13,193071,gallons,,R6,
M-1167,"1269 3rd Ave, Wiley, CO 81092",Resident 1167,A-20167,2024-10-14,196853,gallons,,R6,
M-1167,"1269 3rd Ave, Wiley, CO 81092",Resident 1167,A-20167,2024-11-15,199950,gallons,,R6,
M-1167,"1269 3rd Ave, Wiley, CO 81092",Resident 1167,A-20167,2024-12-16,203032,gallons,,R6,
M-1168,"1276 5th St, Wiley, CO 81092",Resident 1168,A-20168,2024-08-12,410253,gallons,,R1,
M-1168,"1276 5th St, Wiley, CO 81092",Resident 1168,A-20168,2024-09-13,420543,gallons,,R1,
M-1168,"1276 5th St, Wiley, CO 81092",Resident 1168,A-20168,2024-10-14,427812,gallons,,R1,
M-1168,"1276 5th St, Wiley, CO 81092",Resident 1168,A-20168,2024-11-15,434380,gallons,,R1,
M-1168,"1276 5th St, Wiley, CO 81092",Resident 1168,A-20168,2024-12-16,440346,gallons,,R1,
M-1169,"1283 Ranch Rd, Wiley, CO 81092",Resident 1169,A-20169,2024-08-12,113844,gallons,,R2,
M-1169,"1283 Ranch Rd, Wiley, CO 81092",Resident 1169,A-20169,2024-09-13,121532,gallons,,R2,
M-1169,"1283 Ranch Rd, Wiley, CO 81092",Resident 1169,A-20169,2024-10-14,129923,gallons,,R2,
M-1169,"1283 Ranch Rd, Wiley, CO 81092",Resident 1169,A-20169,2024-11-15,135386,gallons,,R2,
M-1169,"1283 Ranch Rd, Wiley, CO 81092",Resident 1169,A-20169,2024-12-16,141332,gallons,,R2,
M-1170,"1290 Irrigation Ln, Wiley, CO 81092",Resident 1170,A-20170,2024-08-12,242382,gallons,,R3,
M-1170,"1290 Irrigation Ln, Wiley, CO 81092",Resident 1170,A-20170,2024-09-13,248015,gallons,,R3,
M-1170,"1290 Irrigation Ln, Wiley, CO 81092",Resident 1170,A-20170,2024-10-14,253542,gallons,,R3,
M-1170,"1290 Irrigation Ln, Wiley, CO 81092",Resident 1170,A-20170,2024-11-15,257494,gallons,,R3,
M-1170,"1290 Irrigation Ln, Wiley, CO 81092",Resident 1170,A-20170,2024-12-16,261061,gallons,,R3,
M-1171,"1297 North Frontage, Wiley, CO 81092",Resident 1171,A-20171,2024-08-12,347589,gallons,,R4,
M-1171,"1297 North Frontage, Wiley, CO 81092",Resident 1171,A-20171,2024-09-13,351003,gallons,,R4,
M-1171,"1297 North Frontage, Wiley, CO 81092",Resident 1171,A-20171,2024-10-14,354186,gallons,,R4,
M-1171,"1297 North Frontage, Wiley, CO 81092",Resident 1171,A-20171,2024-11-15,356416,gallons,,R4,
M-1171,"1297 North Frontage, Wiley, CO 81092",Resident 1171,A-20171,2024-12-16,358710,gallons,,R4,
M-1172,"1304 South Loop, Wiley, CO 81092",Resident 1172,A-20172,2024-08-12,268394,gallons,,R5,
M-1172,"1304 South Loop, Wiley, CO 81092",Resident 1172,A-20172,2024-09-13,273827,gallons,,R5,
M-1172,"1304 South Loop, Wiley, CO 81092",Resident 1172,A-20172,2024-10-14,278532,gallons,,R5,
M-1172,"1304 South Loop, Wiley, CO 81092",Resident 1172,A-20172,2024-11-15,281510,gallons,,R5,
M-1172,"1304 South Loop, Wiley, CO 81092",Resident 1172,A-20172,2024-12-16,284710,gallons,,R5,
M-1173,"1311 Pioneer Rd, Wiley, CO 81092",Resident 1173,A-20173,2024-08-12,384001,gallons,,R6,
M-1173,"1311 Pioneer Rd, Wiley, CO 81092",Resident 1173,A-20173,2024-09-13,390902,gallons,,R6,
M-1173,"1311 Pioneer Rd, Wiley, CO 81092",Resident 1173,A-20173,2024-10-14,397025,gallons,,R6,
M-1173,"1311 Pioneer Rd, Wiley, CO 81092",Resident 1173,A-20173,2024-11-15,401825,gallons,,R6,
M-1173,"1311 Pioneer Rd, Wiley, CO 81092",Resident 1173,A-20173,2024-12-16,406118,gallons,,R6,
M-1174,"1318 Cottonwood Dr, Wiley, CO 81092",Resident 1174,A-20174,2024-08-12,135297,gallons,,R1,
M-1174,"1318 Cottonwood Dr, Wiley, CO 81092",Resident 1174,A-20174,2024-09-13,139224,gallons,,R1,
M-1174,"1318 Cottonwood Dr, Wiley, CO 81092",Resident 1174,A-20174,2024-10-14,142632,gallons,,R1,
M-1174,"1318 Cottonwood Dr, Wiley, CO 81092",Resident 1174,A-20174,2024-11-15,145137,gallons,,R1,
M-1174,"1318 Cottonwood Dr, Wiley, CO 81092",Resident 1174,A-20174,2024-12-16,147523,gallons,,R1,
M-1175,"1325 Sand Creek Rd, Wiley, CO 81092",Resident 1175,A-20175,2024-08-12,181414,gallons,,R2,
M-1175,"1325 Sand Creek Rd, Wiley, CO 81092",Resident 1175,A-20175,2024-09-13,187707,gallons,,R2,
M-1175,"1325 Sand Creek Rd, Wiley, CO 81092",Resident 1175,A-20175,2024-10-14,192940,gallons,,R2,
M-1175,"1325 Sand Creek Rd, Wiley, CO 81092",Resident 1175,A-20175,2024-11-15,198040,gallons,,R2,
M-1175,"1325 Sand Creek Rd, Wiley, CO 81092",Resident 1175,A-20175,2024-12-16,202528,gallons,,R2,
M-1176,"1332 Prairie View, Wiley, CO 81092",Resident 1176,A-20176,2024-08-12,138470,gallons,,R3,
M-1176,"1332 Prairie View, Wiley, CO 81092",Resident 1176,A-20176,2024-09-13,141295,gallons,,R3,
M-1176,"1332 Prairie View, Wiley, CO 81092",Resident 1176,A-20176,2024-10-14,143201,gallons,,R3,
M-1176,"1332 Prairie View, Wiley, CO 81092",Resident 1176,A-20176,2024-11-15,144757,gallons,,R3,
M-1176,"1332 Prairie View, Wiley, CO 81092",Resident 1176,A-20176,2024-12-16,146643,gallons,,R3,
M-1177,"1339 School House Rd, Wiley, CO 81092",Resident 1177,A-20177,2024-08-12,153256,gallons,,R4,
M-1177,"1339 School House Rd, Wiley, CO 81092",Resident 1177,A-20177,2024-09-13,161746,gallons,,R4,
M-1177,"1339 School House Rd, Wiley, CO 81092",Resident 1177,A-20177,2024-10-14,169434,gallons,,R4,
M-1177,"1339 School House Rd, Wiley, CO 81092",Resident 1177,A-20177,2024-11-15,176396,gallons,,R4,
M-1177,"1339 School House Rd, Wiley, CO 81092",Resident 1177,A-20177,2024-12-16,182840,gallons,,R4,
M-1178,"1346 Cemetery Rd, Wiley, CO 81092",Resident 1178,A-20178,2024-08-12,278336,gallons,,R5,
M-1178,"1346 Cemetery Rd, Wiley, CO 81092",Resident 1178,A-20178,2024-09-13,287323,gallons,,R5,
M-1178,"1346 Cemetery Rd, Wiley, CO 81092",Resident 1178,A-20178,2024-10-14,296149,gallons,,R5,
M-1178,"1346 Cemetery Rd, Wiley, CO 81092",Resident 1178,A-20178,2024-11-15,303036,gallons,,R5,
M-1178,"1346 Cemetery Rd, Wiley, CO 81092",Resident 1178,A-20178,2024-12-16,308446,gallons,,R5,
M-1179,"1353 Grain Elevator Rd, Wiley, CO 81092",Resident 1179,A-20179,2024-08-12,69231,gallons,,R6,
M-1179,"1353 Grain Elevator Rd, Wiley, CO 81092",Resident 1179,A-20179,2024-09-13,74216,gallons,,R6,
M-1179,"1353 Grain Elevator Rd, Wiley, CO 81092",Resident 1179,A-20179,2024-10-14,78727,gallons,,R6,
M-1179,"1353 Grain Elevator Rd, Wiley, CO 81092",Resident 1179,A-20179,2024-11-15,81578,gallons,,R6,
M-1179,"1353 Grain Elevator Rd, Wiley, CO 81092",Resident 1179,A-20179,2024-12-16,84959,gallons,,R6,
M-1180,"1360 Main St, Wiley, CO 81092",Resident 1180,A-20180,2024-08-12,151970,gallons,,R1,
M-1180,"1360 Main St, Wiley, CO 81092",Resident 1180,A-20180,2024-09-13,158643,gallons,,R1,
M-1180,"1360 Main St, Wiley, CO 81092",Resident 1180,A-20180,2024-10-14,165570,gallons,,R1,
M-1180,"1360 Main St, Wiley, CO 81092",Resident 1180,A-20180,2024-11-15,170489,gallons,,R1,
M-1180,"1360 Main St, Wiley, CO 81092",Resident 1180,A-20180,2024-12-16,175337,gallons,,R1,
M-1181,"1367 County Rd 10, Wiley, CO 81092",Resident 1181,A-20181,2024-08-12,233880,gallons,,R2,
M-1181,"1367 County Rd 10, Wiley, CO 81092",Resident 1181,A-20181,2024-09-13,243796,gallons,,R2,
M-1181,"1367 County Rd 10, Wiley, CO 81092",Resident 1181,A-20181,2024-10-14,253299,gallons,,R2,
M-1181,"1367 County Rd 10, Wiley, CO 81092",Resident 1181,A-20181,2024-11-15,259370,gallons,,R2,
M-1181,"1367 County Rd 10, Wiley, CO 81092",Resident 1181,A-20181,2024-12-16,265211,gallons,,R2,
M-1182,"1374 County Rd 14, Wiley, CO 81092",Resident 1182,A-20182,2024-08-12,271465,gallons,,R3,
M-1182,"1374 County Rd 14, Wiley, CO 81092",Resident 1182,A-20182,2024-09-13,275771,gallons,,R3,
M-1182,"1374 County Rd 14, Wiley, CO 81092",Resident 1182,A-20182,2024-10-14,278981,gallons,,R3,
M-1182,"1374 County Rd 14, Wiley, CO 81092",Resident 1182,A-20182,2024-11-15,281976,gallons,,R3,
M-1182,"1374 County Rd 14, Wiley, CO 81092",Resident 1182,A-20182,2024-12-16,284863,gallons,,R3,
M-1183,"1381 Highway 287, Wiley, CO 81092",Resident 1183,A-20183,2024-08-12,187627,gallons,,R4,
M-1183,"1381 Highway 287, Wiley, CO 81092",Resident 1183,A-20183,2024-09-13,196019,gallons,,R4,
M-1183,"1381 Highway 287, Wiley, CO 81092",Resident 1183,A-20183,2024-10-14,203034,gallons,,R4,
M-1183,"1381 Highway 287, Wiley, CO 81092",Resident 1183,A-20183,2024-11-15,208059,gallons,,R4,
M-1183,"1381 Highway 287, Wiley, CO 81092",Resident 1183,A-20183,2024-12-16,212871,gallons,,R4,
M-1184,"1388 Maple Ave, Wiley, CO 81092",Resident 1184,A-20184,2024-08-12,194302,gallons,,R5,
M-1184,"1388 Maple Ave, Wiley, CO 81092",Resident 1184,A-20184,2024-09-13,197616,gallons,,R5,
M-1184,"1388 Maple Ave, Wiley, CO 81092",Resident 1184,A-20184,2024-10-14,200450,gallons,,R5,
M-1184,"1388 Maple Ave, Wiley, CO 81092",Resident 1184,A-20184,2024-11-15,203066,gallons,,R5,
M-1184,"1388 Maple Ave, Wiley, CO 81092",Resident 1184,A-20184,2024-12-16,205464,gallons,,R5,
M-1185,"1395 Oak St, Wiley, CO 81092",Resident 1185,A-20185,2024-08-12,143315,gallons,,R6,
M-1185,"1395 Oak St, Wiley, CO 81092",Resident 1185,A-20185,2024-09-13,152942,gallons,,R6,
M-1185,"1395 Oak St, Wiley, CO 81092",Resident 1185,A-20185,2024-10-14,160459,gallons,,R6,
M-1185,"1395 Oak St, Wiley, CO 81092",Resident 1185,A-20185,2024-11-15,165361,gallons,,R6,
M-1185,"1395 Oak St, Wiley, CO 81092",Resident 1185,A-20185,2024-12-16,170115,gallons,,R6,
M-1186,"1402 Elm St, Wiley, CO 81092",Resident 1186,A-20186,2024-08-12,113427,gallons,,R1,
M-1186,"1402 Elm St, Wiley, CO 81092",Resident 1186,A-20186,2024-09-13,119021,gallons,,R1,
M-1186,"1402 Elm St, Wiley, CO 81092",Resident 1186,A-20186,2024-10-14,123698,gallons,,R1,
M-1186,"1402 Elm St, Wiley, CO 81092",Resident 1186,A-20186,2024-11-15,127293,gallons,,R1,
M-1186,"1402 Elm St, Wiley, CO 81092",Resident 1186,A-20186,2024-12-16,130685,gallons,,R1,
M-1187,"1409 3rd Ave, Wiley, CO 81092",Resident 1187,A-20187,2024-08-12,261171,gallons,,R2,
M-1187,"1409 3rd Ave, Wiley, CO 81092",Resident 1187,A-20187,2024-09-13,269141,gallons,,R2,
M-1187,"1409 3rd Ave, Wiley, CO 81092",Resident 1187,A-20187,2024-10-14,276342,gallons,,R2,
M-1187,"1409 3rd Ave, Wiley, CO 81092",Resident 1187,A-20187,2024-11-15,282388,gallons,,R2,
M-1187,"1409 3rd Ave, Wiley, CO 81092",Resident 1187,A-20187,2024-12-16,288327,gallons,,R2,
M-1188,"1416 5th St, Wiley, CO 81092",Resident 1188,A-20188,2024-08-12,79260,gallons,,R3,
M-1188,"1416 5th St, Wiley, CO 81092",Resident 1188,A-20188,2024-09-13,86716,gallons,,R3,
M-1188,"1416 5th St, Wiley, CO 81092",Resident 1188,A-20188,2024-10-14,92712,gallons,,R3,
M-1188,"1416 5th St, Wiley, CO 81092",Resident 1188,A-20188,2024-11-15,96815,gallons,,R3,
M-1188,"1416 5th St, Wiley, CO 81092",Resident 1188,A-20188,2024-12-16,101012,gallons,,R3,
M-1189,"1423 Ranch Rd, Wiley, CO 81092",Resident 1189,A-20189,2024-08-12,306454,gallons,,R4,
M-1189,"1423 Ranch Rd, Wiley, CO 81092",Resident 1189,A-20189,2024-09-13,315180,gallons,,R4,
M-1189,"1423 Ranch Rd, Wiley, CO 81092",Resident 1189,A-20189,2024-10-14,322021,gallons,,R4,
M-1189,"1423 Ranch Rd, Wiley, CO 81092",Resident 1189,A-20189,2024-11-15,326712,gallons,,R4,
M-1189,"1423 Ranch Rd, Wiley, CO 81092",Resident 1189,A-20189,2024-12-16,332540,gallons,,R4,
M-1190,"1430 Irrigation Ln, Wiley, CO 81092",Resident 1190,A-20190,2024-08-12,172242,gallons,,R5,
M-1190,"1430 Irrigation Ln, Wiley, CO 81092",Resident 1190,A-20190,2024-09-13,176968,gallons,,R5,
M-1190,"1430 Irrigation Ln, Wiley, CO 81092",Resident 1190,A-20190,2024-10-14,180605,gallons,,R5,
M-1190,"1430 Irrigation Ln, Wiley, CO 81092",Resident 1190,A-20190,2024-11-15,183716,gallons,,R5,
M-1190,"1430 Irrigation Ln, Wiley, CO 81092",Resident 1190,A-20190,2024-12-16,186161,gallons,,R5,
M-1191,"1437 North Frontage, Wiley, CO 81092",Resident 1191,A-20191,2024-08-12,158724,gallons,,R6,
M-1191,"1437 North Frontage, Wiley, CO 81092",Resident 1191,A-20191,2024-09-13,162156,gallons,,R6,
M-1191,"1437 North Frontage, Wiley, CO 81092",Resident 1191,A-20191,2024-10-14,165264,gallons,,R6,
M-1191,"1437 North Frontage, Wiley, CO 81092",Resident 1191,A-20191,2024-11-15,167749,gallons,,R6,
M-1191,"1437 North Frontage, Wiley, CO 81092",Resident 1191,A-20191,2024-12-16,170377,gallons,,R6,
M-1192,"1444 South Loop, Wiley, CO 81092",Resident 1192,A-20192,2024-08-12,297842,gallons,,R1,
M-1192,"1444 South Loop, Wiley, CO 81092",Resident 1192,A-20192,2024-09-13,304087,gallons,,R1,
M-1192,"1444 South Loop, Wiley, CO 81092",Resident 1192,A-20192,2024-10-14,309366,gallons,,R1,
M-1192,"1444 South Loop, Wiley, CO 81092",Resident 1192,A-20192,2024-11-15,313174,gallons,,R1,
M-1192,"1444 South Loop, Wiley, CO 81092",Resident 1192,A-20192,2024-12-16,317629,gallons,,R1,
M-1193,"1451 Pioneer Rd, Wiley, CO 81092",Resident 1193,A-20193,2024-08-12,245379,gallons,,R2,
M-1193,"1451 Pioneer Rd, Wiley, CO 81092",Resident 1193,A-20193,2024-09-13,255082,gallons,,R2,
M-1193,"1451 Pioneer Rd, Wiley, CO 81092",Resident 1193,A-20193,2024-10-14,262550,gallons,,R2,
M-1193,"1451 Pioneer Rd, Wiley, CO 81092",Resident 1193,A-20193,2024-11-15,269012,gallons,,R2,
M-1193,"1451 Pioneer Rd, Wiley, CO 81092",Resident 1193,A-20193,2024-12-16,275169,gallons,,R2,
M-1194,"1458 Cottonwood Dr, Wiley, CO 81092",Resident 1194,A-20194,2024-08-12,214486,gallons,,R3,
M-1194,"1458 Cottonwood Dr, Wiley, CO 81092",Resident 1194,A-20194,2024-09-13,219028,gallons,,R3,
M-1194,"1458 Cottonwood Dr, Wiley, CO 81092",Resident 1194,A-20194,2024-10-14,222561,gallons,,R3,
M-1194,"1458 Cottonwood Dr, Wiley, CO 81092",Resident 1194,A-20194,2024-11-15,225286,gallons,,R3,
M-1194,"1458 Cottonwood Dr, Wiley, CO 81092",Resident 1194,A-20194,2024-12-16,228273,gallons,,R3,
M-1195,"1465 Sand Creek Rd, Wiley, CO 81092",Resident 1195,A-20195,2024-08-12,178477,gallons,,R4,
M-1195,"1465 Sand Creek Rd, Wiley, CO 81092",Resident 1195,A-20195,2024-09-13,185599,gallons,,R4,
M-1195,"1465 Sand Creek Rd, Wiley, CO 81092",Resident 1195,A-20195,2024-10-14,193022,gallons,,R4,
M-1195,"1465 Sand Creek Rd, Wiley, CO 81092",Resident 1195,A-20195,2024-11-15,198252,gallons,,R4,
M-1195,"1465 Sand Creek Rd, Wiley, CO 81092",Resident 1195,A-20195,2024-12-16,203778,gallons,,R4,
M-1196,"1472 Prairie View, Wiley, CO 81092",Resident 1196,A-20196,2024-08-12,175639,gallons,,R5,
M-1196,"1472 Prairie View, Wiley, CO 81092",Resident 1196,A-20196,2024-09-13,183839,gallons,,R5,
M-1196,"1472 Prairie View, Wiley, CO 81092",Resident 1196,A-20196,2024-10-14,190087,gallons,,R5,
M-1196,"1472 Prairie View, Wiley, CO 81092",Resident 1196,A-20196,2024-11-15,195655,gallons,,R5,
M-1196,"1472 Prairie View, Wiley, CO 81092",Resident 1196,A-20196,2024-12-16,200529,gallons,,R5,
M-1197,"1479 School House Rd, Wiley, CO 81092",Resident 1197,A-20197,2024-08-12,65409,gallons,,R6,
M-1197,"1479 School House Rd, Wiley, CO 81092",Resident 1197,A-20197,2024-09-13,68025,gallons,,R6,
M-1197,"1479 School House Rd, Wiley, CO 81092",Resident 1197,A-20197,2024-10-14,70379,gallons,,R6,
M-1197,"1479 School House Rd, Wiley, CO 81092",Resident 1197,A-20197,2024-11-15,71968,gallons,,R6,
M-1197,"1479 School House Rd, Wiley, CO 81092",Resident 1197,A-20197,2024-12-16,73471,gallons,,R6,
M-1198,"1486 Cemetery Rd, Wiley, CO 81092",Resident 1198,A-20198,2024-08-12,405425,gallons,,R1,
M-1198,"1486 Cemetery Rd, Wiley, CO 81092",Resident 1198,A-20198,2024-09-13,413234,gallons,,R1,
M-1198,"1486 Cemetery Rd, Wiley, CO 81092",Resident 1198,A-20198,2024-10-14,421019,gallons,,R1,
M-1198,"1486 Cemetery Rd, Wiley, CO 81092",Resident 1198,A-20198,2024-11-15,426769,gallons,,R1,
M-1198,"1486 Cemetery Rd, Wiley, CO 81092",Resident 1198,A-20198,2024-12-16,432840,gallons,,R1,
M-1199,"1493 Grain Elevator Rd, Wiley, CO 81092",Resident 1199,A-20199,2024-08-12,158292,gallons,,R2,
M-1199,"1493 Grain Elevator Rd, Wiley, CO 81092",Resident 1199,A-20199,2024-09-13,164104,gallons,,R2,
M-1199,"1493 Grain Elevator Rd, Wiley, CO 81092",Resident 1199,A-20199,2024-10-14,169417,gallons,,R2,
M-1199,"1493 Grain Elevator Rd, Wiley, CO 81092",Resident 1199,A-20199,2024-11-15,173139,gallons,,R2,
M-1199,"1493 Grain Elevator Rd, Wiley, CO 81092",Resident 1199,A-20199,2024-12-16,176584,gallons,,R2,
M-1200,"1500 Main St, Wiley, CO 81092",Resident 1200,A-20200,2024-08-12,266857,gallons,,R3,
M-1200,"1500 Main St, Wiley, CO 81092",Resident 1200,A-20200,2024-09-13,274247,gallons,,R3,
M-1200,"1500 Main St, Wiley, CO 81092",Resident 1200,A-20200,2024-10-14,279958,gallons,,R3,
M-1200,"1500 Main St, Wiley, CO 81092",Resident 1200,A-20200,2024-11-15,284650,gallons,,R3,
M-1200,"1500 Main St, Wiley, CO 81092",Resident 1200,A-20200,2024-12-16,289505,gallons,,R3,
M-1201,"1507 County Rd 10, Wiley, CO 81092",Resident 1201,A-20201,2024-08-12,225481,gallons,,R4,
M-1201,"1507 County Rd 10, Wiley, CO 81092",Resident 1201,A-20201,2024-09-13,228338,gallons,,R4,
M-1201,"1507 County Rd 10, Wiley, CO 81092",Resident 1201,A-20201,2024-10-14,230446,gallons,,R4,
M-1201,"1507 County Rd 10, Wiley, CO 81092",Resident 1201,A-20201,2024-11-15,232161,gallons,,R4,
M-1201,"1507 County Rd 10, Wiley, CO 81092",Resident 1201,A-20201,2024-12-16,234146,gallons,,R4,
M-1202,"1514 County Rd 14, Wiley, CO 81092",Resident 1202,A-20202,2024-08-12,199985,gallons,,R5,
M-1202,"1514 County Rd 14, Wiley, CO 81092",Resident 1202,A-20202,2024-09-13,203805,gallons,,R5,
M-1202,"1514 County Rd 14, Wiley, CO 81092",Resident 1202,A-20202,2024-10-14,206638,gallons,,R5,
M-1202,"1514 County Rd 14, Wiley, CO 81092",Resident 1202,A-20202,2024-11-15,209079,gallons,,R5,
M-1202,"1514 County Rd 14, Wiley, CO 81092",Resident 1202,A-20202,2024-12-16,211128,gallons,,R5,
M-1203,"1521 Highway 287, Wiley, CO 81092",Resident 1203,A-20203,2024-08-12,92858,gallons,,R6,
M-1203,"1521 Highway 287, Wiley, CO 81092",Resident 1203,A-20203,2024-09-13,99091,gallons,,R6,
M-1203,"1521 Highway 287, Wiley, CO 81092",Resident 1203,A-20203,2024-10-14,104422,gallons,,R6,
M-1203,"1521 Highway 287, Wiley, CO 81092",Resident 1203,A-20203,2024-11-15,108010,gallons,,R6,
M-1203,"1521 Highway 287, Wiley, CO 81092",Resident 1203,A-20203,2024-12-16,111976,gallons,,R6,
M-1204,"1528 Maple Ave, Wiley, CO 81092",Resident 1204,A-20204,2024-08-12,201986,gallons,,R1,
M-1204,"1528 Maple Ave, Wiley, CO 81092",Resident 1204,A-20204,2024-09-13,207963,gallons,,R1,
M-1204,"1528 Maple Ave, Wiley, CO 81092",Resident 1204,A-20204,2024-10-14,213050,gallons,,R1,
M-1204,"1528 Maple Ave, Wiley, CO 81092",Resident 1204,A-20204,2024-11-15,216178,gallons,,R1,
M-1204,"1528 Maple Ave, Wiley, CO 81092",Resident 1204,A-20204,2024-12-16,219754,gallons,,R1,
M-1205,"1535 Oak St, Wiley, CO 81092",Resident 1205,A-20205,2024-08-12,239200,gallons,,R2,
M-1205,"1535 Oak St, Wiley, CO 81092",Resident 1205,A-20205,2024-09-13,244169,gallons,,R2,
M-1205,"1535 Oak St, Wiley, CO 81092",Resident 1205,A-20205,2024-10-14,248524,gallons,,R2,
M-1205,"1535 Oak St, Wiley, CO 81092",Resident 1205,A-20205,2024-11-15,251865,gallons,,R2,
M-1205,"1535 Oak St, Wiley, CO 81092",Resident 1205,A-20205,2024-12-16,255194,gallons,,R2,
M-1206,"1542 Elm St, Wiley, CO 81092",Resident 1206,A-20206,2024-08-12,389518,gallons,,R3,
M-1206,"1542 Elm St, Wiley, CO 81092",Resident 1206,A-20206,2024-09-13,392965,gallons,,R3,
M-1206,"1542 Elm St, Wiley, CO 81092",Resident 1206,A-20206,2024-10-14,395380,gallons,,R3,
M-1206,"1542 Elm St, Wiley, CO 81092",Resident 1206,A-20206,2024-11-15,397384,gallons,,R3,
M-1206,"1542 Elm St, Wiley, CO 81092",Resident 1206,A-20206,2024-12-16,399652,gallons,,R3,
M-1207,"1549 3rd Ave, Wiley, CO 81092",Resident 1207,A-20207,2024-08-12,322769,gallons,,R4,
M-1207,"1549 3rd Ave, Wiley, CO 81092",Resident 1207,A-20207,2024-09-13,327778,gallons,,R4,
M-1207,"1549 3rd Ave, Wiley, CO 81092",Resident 1207,A-20207,2024-10-14,332292,gallons,,R4,
M-1207,"1549 3rd Ave, Wiley, CO 81092",Resident 1207,A-20207,2024-11-15,335315,gallons,,R4,
M-1207,"1549 3rd Ave, Wiley, CO 81092",Resident 1207,A-20207,2024-12-16,338832,gallons,,R4,
M-1208,"1556 5th St, Wiley, CO 81092",Resident 1208,A-20208,2024-08-12,269516,gallons,,R5,
M-1208,"1556 5th St, Wiley, CO 81092",Resident 1208,A-20208,2024-09-13,276938,gallons,,R5,
M-1208,"1556 5th St, Wiley, CO 81092",Resident 1208,A-20208,2024-10-14,283772,gallons,,R5,
M-1208,"1556 5th St, Wiley, CO 81092",Resident 1208,A-20208,2024-11-15,289002,gallons,,R5,
M-1208,"1556 5th St, Wiley, CO 81092",Resident 1208,A-20208,2024-12-16,293636,gallons,,R5,
M-1209,"1563 Ranch Rd, Wiley, CO 81092",Resident 1209,A-20209,2024-08-12,334608,gallons,,R6,
M-1209,"1563 Ranch Rd, Wiley, CO 81092",Resident 1209,A-20209,2024-09-13,337821,gallons,,R6,
M-1209,"1563 Ranch Rd, Wiley, CO 81092",Resident 1209,A-20209,2024-10-14,340883,gallons,,R6,
M-1209,"1563 Ranch Rd, Wiley, CO 81092",Resident 1209,A-20209,2024-11-15,342864,gallons,,R6,
M-1209,"1563 Ranch Rd, Wiley, CO 81092",Resident 1209,A-20209,2024-12-16,345242,gallons,,R6,
M-1210,"1570 Irrigation Ln, Wiley, CO 81092",Resident 1210,A-20210,2024-08-12,227200,gallons,,R1,
M-1210,"1570 Irrigation Ln, Wiley, CO 81092",Resident 1210,A-20210,2024-09-13,230615,gallons,,R1,
M-1210,"1570 Irrigation Ln, Wiley, CO 81092",Resident 1210,A-20210,2024-10-14,233742,gallons,,R1,
M-1210,"1570 Irrigation Ln, Wiley, CO 81092",Resident 1210,A-20210,2024-11-15,235761,gallons,,R1,
M-1210,"1570 Irrigation Ln, Wiley, CO 81092",Resident 1210,A-20210,2024-12-16,237725,gallons,,R1,
M-1211,"1577 North Frontage, Wiley, CO 81092",Resident 1211,A-20211,2024-08-12,75480,gallons,,R2,
M-1211,"1577 North Frontage, Wiley, CO 81092",Resident 1211,A-20211,2024-09-13,85561,gallons,,R2,
M-1211,"1577 North Frontage, Wiley, CO 81092",Resident 1211,A-20211,2024-10-14,93630,gallons,,R2,
M-1211,"1577 North Frontage, Wiley, CO 81092",Resident 1211,A-20211,2024-11-15,99677,gallons,,R2,
M-1211,"1577 North Frontage, Wiley, CO 81092",Resident 1211,A-20211,2024-12-16,106597,gallons,,R2,
M-1212,"1584 South Loop, Wiley, CO 81092",Resident 1212,A-20212,2024-08-12,119378,gallons,,R3,
M-1212,"1584 South Loop, Wiley, CO 81092",Resident 1212,A-20212,2024-09-13,125612,gallons,,R3,
M-1212,"1584 South Loop, Wiley, CO 81092",Resident 1212,A-20212,2024-10-14,132579,gallons,,R3,
M-1212,"1584 South Loop, Wiley, CO 81092",Resident 1212,A-20212,2024-11-15,137905,gallons,,R3,
M-1212,"1584 South Loop, Wiley, CO 81092",Resident 1212,A-20212,2024-12-16,143232,gallons,,R3,
M-1213,"1591 Pioneer Rd, Wiley, CO 81092",Resident 1213,A-20213,2024-08-12,191219,gallons,,R4,
M-1213,"1591 Pioneer Rd, Wiley, CO 81092",Resident 1213,A-20213,2024-09-13,194204,gallons,,R4,
M-1213,"1591 Pioneer Rd, Wiley, CO 81092",Resident 1213,A-20213,2024-10-14,197023,gallons,,R4,
M-1213,"1591 Pioneer Rd, Wiley, CO 81092",Resident 1213,A-20213,2024-11-15,198964,gallons,,R4,
M-1213,"1591 Pioneer Rd, Wiley, CO 81092",Resident 1213,A-20213,2024-12-16,200974,gallons,,R4,
M-1214,"1598 Cottonwood Dr, Wiley, CO 81092",Resident 1214,A-20214,2024-08-12,155084,gallons,,R5,
M-1214,"1598 Cottonwood Dr, Wiley, CO 81092",Resident 1214,A-20214,2024-09-13,165498,gallons,,R5,
M-1214,"1598 Cottonwood Dr, Wiley, CO 81092",Resident 1214,A-20214,2024-10-14,174270,gallons,,R5,
M-1214,"1598 Cottonwood Dr, Wiley, CO 81092",Resident 1214,A-20214,2024-11-15,181382,gallons,,R5,
M-1214,"1598 Cottonwood Dr, Wiley, CO 81092",Resident 1214,A-20214,2024-12-16,187695,gallons,,R5,
M-1215,"1605 Sand Creek Rd, Wiley, CO 81092",Resident 1215,A-20215,2024-08-12,362679,gallons,,R6,
M-1215,"1605 Sand Creek Rd, Wiley, CO 81092",Resident 1215,A-20215,2024-09-13,369492,gallons,,R6,
M-1215,"1605 Sand Creek Rd, Wiley, CO 81092",Resident 1215,A-20215,2024-10-14,376300,gallons,,R6,
M-1215,"1605 Sand Creek Rd, Wiley, CO 81092",Resident 1215,A-20215,2024-11-15,381209,gallons,,R6,
M-1215,"1605 Sand Creek Rd, Wiley, CO 81092",Resident 1215,A-20215,2024-12-16,386775,gallons,,R6,
M-1216,"1612 Prairie View, Wiley, CO 81092",Resident 1216,A-20216,2024-08-12,199247,gallons,,R1,
M-1216,"1612 Prairie View, Wiley, CO 81092",Resident 1216,A-20216,2024-09-13,207915,gallons,,R1,
M-1216,"1612 Prairie View, Wiley, CO 81092",Resident 1216,A-20216,2024-10-14,217313,gallons,,R1,
M-1216,"1612 Prairie View, Wiley, CO 81092",Resident 1216,A-20216,2024-11-15,222948,gallons,,R1,
M-1216,"1612 Prairie View, Wiley, CO 81092",Resident 1216,A-20216,2024-12-16,230183,gallons,,R1,
M-1217,"1619 School House Rd, Wiley, CO 81092",Resident 1217,A-20217,2024-08-12,74017,gallons,,R2,
M-1217,"1619 School House Rd, Wiley, CO 81092",Resident 1217,A-20217,2024-09-13,77775,gallons,,R2,
M-1217,"1619 School House Rd, Wiley, CO 81092",Resident 1217,A-20217,2024-10-14,81128,gallons,,R2,
M-1217,"1619 School House Rd, Wiley, CO 81092",Resident 1217,A-20217,2024-11-15,83806,gallons,,R2,
M-1217,"1619 School House Rd, Wiley, CO 81092",Resident 1217,A-20217,2024-12-16,86538,gallons,,R2,
M-1218,"1626 Cemetery Rd, Wiley, CO 81092",Resident 1218,A-20218,2024-08-12,110864,gallons,,R3,
M-1218,"1626 Cemetery Rd, Wiley, CO 81092",Resident 1218,A-20218,2024-09-13,115131,gallons,,R3,
M-1218,"1626 Cemetery Rd, Wiley, CO 81092",Resident 1218,A-20218,2024-10-14,118041,gallons,,R3,
M-1218,"1626 Cemetery Rd, Wiley, CO 81092",Resident 1218,A-20218,2024-11-15,120444,gallons,,R3,
M-1218,"1626 Cemetery Rd, Wiley, CO 81092",Resident 1218,A-20218,2024-12-16,123157,gallons,,R3,
M-1219,"1633 Grain Elevator Rd, Wiley, CO 81092",Resident 1219,A-20219,2024-08-12,372053,gallons,,R4,
M-1219,"1633 Grain Elevator Rd, Wiley, CO 81092",Resident 1219,A-20219,2024-09-13,380878,gallons,,R4,
M-1219,"1633 Grain Elevator Rd, Wiley, CO 81092",Resident 1219,A-20219,2024-10-14,387497,gallons,,R4,
M-1219,"1633 Grain Elevator Rd, Wiley, CO 81092",Resident 1219,A-20219,2024-11-15,393882,gallons,,R4,
M-1219,"1633 Grain Elevator Rd, Wiley, CO 81092",Resident 1219,A-20219,2024-12-16,398745,gallons,,R4,
M-1220,"1640 Main St, Wiley, CO 81092",Resident 1220,A-20220,2024-08-12,284862,gallons,,R5,
M-1220,"1640 Main St, Wiley, CO 81092",Resident 1220,A-20220,2024-09-13,292738,gallons,,R5,
M-1220,"1640 Main St, Wiley, CO 81092",Resident 1220,A-20220,2024-10-14,298725,gallons,,R5,
M-1220,"1640 Main St, Wiley, CO 81092",Resident 1220,A-20220,2024-11-15,303219,gallons,,R5,
M-1220,"1640 Main St, Wiley, CO 81092",Resident 1220,A-20220,2024-12-16,307881,gallons,,R5,
M-1221,"1647 County Rd 10, Wiley, CO 81092",Resident 1221,A-20221,2024-08-12,240380,gallons,,R6,
M-1221,"1647 County Rd 10, Wiley, CO 81092",Resident 1221,A-20221,2024-09-13,248852,gallons,,R6,
M-1221,"1647 County Rd 10, Wiley, CO 81092",Resident 1221,A-20221,2024-10-14,255158,gallons,,R6,
M-1221,"1647 County Rd 10, Wiley, CO 81092",Resident 1221,A-20221,2024-11-15,259563,gallons,,R6,
M-1221,"1647 County Rd 10, Wiley, CO 81092",Resident 1221,A-20221,2024-12-16,263997,gallons,,R6,
M-1222,"1654 County Rd 14, Wiley, CO 81092",Resident 1222,A-20222,2024-08-12,218927,gallons,,R1,
M-1222,"1654 County Rd 14, Wiley, CO 81092",Resident 1222,A-20222,2024-09-13,222713,gallons,,R1,
M-1222,"1654 County Rd 14, Wiley, CO 81092",Resident 1222,A-20222,2024-10-14,226024,gallons,,R1,
M-1222,"1654 County Rd 14, Wiley, CO 81092",Resident 1222,A-20222,2024-11-15,228833,gallons,,R1,
M-1222,"1654 County Rd 14, Wiley, CO 81092",Resident 1222,A-20222,2024-12-16,231883,gallons,,R1,
M-1223,"1661 Highway 287, Wiley, CO 81092",Resident 1223,A-20223,2024-08-12,285536,gallons,,R2,
M-1223,"1661 Highway 287, Wiley, CO 81092",Resident 1223,A-20223,2024-09-13,291052,gallons,,R2,
M-1223,"1661 Highway 287, Wiley, CO 81092",Resident 1223,A-20223,2024-10-14,294841,gallons,,R2,
M-1223,"1661 Highway 287, Wiley, CO 81092",Resident 1223,A-20223,2024-11-15,298459,gallons,,R2,
M-1223,"1661 Highway 287, Wiley, CO 81092",Resident 1223,A-20223,2024-12-16,301525,gallons,,R2,
M-1224,"1668 Maple Ave, Wiley, CO 81092",Resident 1224,A-20224,2024-08-12,376773,gallons,,R3,
M-1224,"1668 Maple Ave, Wiley, CO 81092",Resident 1224,A-20224,2024-09-13,384232,gallons,,R3,
M-1224,"1668 Maple Ave, Wiley, CO 81092",Resident 1224,A-20224,2024-10-14,390768,gallons,,R3,
M-1224,"1668 Maple Ave, Wiley, CO 81092",Resident 1224,A-20224,2024-11-15,395394,gallons,,R3,
M-1224,"1668 Maple Ave, Wiley, CO 81092",Resident 1224,A-20224,2024-12-16,401003,gallons,,R3,
M-1225,"1675 Oak St, Wiley, CO 81092",Resident 1225,A-20225,2024-08-12,328383,gallons,,R4,
M-1225,"1675 Oak St, Wiley, CO 81092",Resident 1225,A-20225,2024-09-13,337385,gallons,,R4,
M-1225,"1675 Oak St, Wiley, CO 81092",Resident 1225,A-20225,2024-10-14,344146,gallons,,R4,
M-1225,"1675 Oak St, Wiley, CO 81092",Resident 1225,A-20225,2024-11-15,349276,gallons,,R4,
M-1225,"1675 Oak St, Wiley, CO 81092",Resident 1225,A-20225,2024-12-16,354722,gallons,,R4,
M-1226,"1682 Elm St, Wiley, CO 81092",Resident 1226,A-20226,2024-08-12,117422,gallons,,R5,
M-1226,"1682 Elm St, Wiley, CO 81092",Resident 1226,A-20226,2024-09-13,124419,gallons,,R5,
M-1226,"1682 Elm St, Wiley, CO 81092",Resident 1226,A-20226,2024-10-14,130003,gallons,,R5,
M-1226,"1682 Elm St, Wiley, CO 81092",Resident 1226,A-20226,2024-11-15,133697,gallons,,R5,
M-1226,"1682 Elm St, Wiley, CO 81092",Resident 1226,A-20226,2024-12-16,137938,gallons,,R5,
M-1227,"1689 3rd Ave, Wiley, CO 81092",Resident 1227,A-20227,2024-08-12,257852,gallons,,R6,
M-1227,"1689 3rd Ave, Wiley, CO 81092",Resident 1227,A-20227,2024-09-13,262158,gallons,,R6,
M-1227,"1689 3rd Ave, Wiley, CO 81092",Resident 1227,A-20227,2024-10-14,265569,gallons,,R6,
M-1227,"1689 3rd Ave, Wiley, CO 81092",Resident 1227,A-20227,2024-11-15,268557,gallons,,R6,
M-1227,"1689 3rd Ave, Wiley, CO 81092",Resident 1227,A-20227,2024-12-16,271896,gallons,,R6,
M-1228,"1696 5th St, Wiley, CO 81092",Resident 1228,A-20228,2024-08-12,361206,gallons,,R1,
M-1228,"1696 5th St, Wiley, CO 81092",Resident 1228,A-20228,2024-09-13,367937,gallons,,R1,
M-1228,"1696 5th St, Wiley, CO 81092",Resident 1228,A-20228,2024-10-14,375212,gallons,,R1,
M-1228,"1696 5th St, Wiley, CO 81092",Resident 1228,A-20228,2024-11-15,380757,gallons,,R1,
M-1228,"1696 5th St, Wiley, CO 81092",Resident 1228,A-20228,2024-12-16,386242,gallons,,R1,
M-1229,"1703 Ranch Rd, Wiley, CO 81092",Resident 1229,A-20229,2024-08-12,162244,gallons,,R2,
M-1229,"1703 Ranch Rd, Wiley, CO 81092",Resident 1229,A-20229,2024-09-13,173228,gallons,,R2,
M-1229,"1703 Ranch Rd, Wiley, CO 81092",Resident 1229,A-20229,2024-10-14,180550,gallons,,R2,
M-1229,"1703 Ranch Rd, Wiley, CO 81092",Resident 1229,A-20229,2024-11-15,187503,gallons,,R2,
M-1229,"1703 Ranch Rd, Wiley, CO 81092",Resident 1229,A-20229,2024-12-16,193732,gallons,,R2,
M-1230,"1710 Irrigation Ln, Wiley, CO 81092",Resident 1230,A-20230,2024-08-12,194833,gallons,,R3,
M-1230,"1710 Irrigation Ln, Wiley, CO 81092",Resident 1230,A-20230,2024-09-13,203225,gallons,,R3,
M-1230,"1710 Irrigation Ln, Wiley, CO 81092",Resident 1230,A-20230,2024-10-14,212297,gallons,,R3,
M-1230,"1710 Irrigation Ln, Wiley, CO 81092",Resident 1230,A-20230,2024-11-15,218821,gallons,,R3,
M-1230,"1710 Irrigation Ln, Wiley, CO 81092",Resident 1230,A-20230,2024-12-16,224389,gallons,,R3,
M-1231,"1717 North Frontage, Wiley, CO 81092",Resident 1231,A-20231,2024-08-12,83772,gallons,,R4,
M-1231,"1717 North Frontage, Wiley, CO 81092",Resident 1231,A-20231,2024-09-13,94064,gallons,,R4,
M-1231,"1717 North Frontage, Wiley, CO 81092",Resident 1231,A-20231,2024-10-14,102751,gallons,,R4,
M-1231,"1717 North Frontage, Wiley, CO 81092",Resident 1231,A-20231,2024-11-15,109394,gallons,,R4,
M-1231,"1717 North Frontage, Wiley, CO 81092",Resident 1231,A-20231,2024-12-16,114598,gallons,,R4,
M-1232,"1724 South Loop, Wiley, CO 81092",Resident 1232,A-20232,2024-08-12,283719,gallons,,R5,
M-1232,"1724 South Loop, Wiley, CO 81092",Resident 1232,A-20232,2024-09-13,288621,gallons,,R5,
M-1232,"1724 South Loop, Wiley, CO 81092",Resident 1232,A-20232,2024-10-14,292600,gallons,,R5,
M-1232,"1724 South Loop, Wiley, CO 81092",Resident 1232,A-20232,2024-11-15,295604,gallons,,R5,
M-1232,"1724 South Loop, Wiley, CO 81092",Resident 1232,A-20232,2024-12-16,298197,gallons,,R5,
M-1233,"1731 Pioneer Rd, Wiley, CO 81092",Resident 1233,A-20233,2024-08-12,60712,gallons,,R6,
M-1233,"1731 Pioneer Rd, Wiley, CO 81092",Resident 1233,A-20233,2024-09-13,70579,gallons,,R6,
M-1233,"1731 Pioneer Rd, Wiley, CO 81092",Resident 1233,A-20233,2024-10-14,78636,gallons,,R6,
M-1233,"1731 Pioneer Rd, Wiley, CO 81092",Resident 1233,A-20233,2024-11-15,85197,gallons,,R6,
M-1233,"1731 Pioneer Rd, Wiley, CO 81092",Resident 1233,A-20233,2024-12-16,91152,gallons,,R6,
M-1234,"1738 Cottonwood Dr, Wiley, CO 81092",Resident 1234,A-20234,2024-08-12,328139,gallons,,R1,
M-1234,"1738 Cottonwood Dr, Wiley, CO 81092",Resident 1234,A-20234,2024-09-13,334391,gallons,,R1,
M-1234,"1738 Cottonwood Dr, Wiley, CO 81092",Resident 1234,A-20234,2024-10-14,339090,gallons,,R1,
M-1234,"1738 Cottonwood Dr, Wiley, CO 81092",Resident 1234,A-20234,2024-11-15,342664,gallons,,R1,
M-1234,"1738 Cottonwood Dr, Wiley, CO 81092",Resident 1234,A-20234,2024-12-16,345969,gallons,,R1,
M-1235,"1745 Sand Creek Rd, Wiley, CO 81092",Resident 1235,A-20235,2024-08-12,340661,gallons,,R2,
M-1235,"1745 Sand Creek Rd, Wiley, CO 81092",Resident 1235,A-20235,2024-09-13,347830,gallons,,R2,
M-1235,"1745 Sand Creek Rd, Wiley, CO 81092",Resident 1235,A-20235,2024-10-14,353387,gallons,,R2,
M-1235,"1745 Sand Creek Rd, Wiley, CO 81092",Resident 1235,A-20235,2024-11-15,357022,gallons,,R2,
M-1235,"1745 Sand Creek Rd, Wiley, CO 81092",Resident 1235,A-20235,2024-12-16,360736,gallons,,R2,
M-1236,"1752 Prairie View, Wiley, CO 81092",Resident 1236,A-20236,2024-08-12,163631,gallons,,R3,
M-1236,"1752 Prairie View, Wiley, CO 81092",Resident 1236,A-20236,2024-09-13,173297,gallons,,R3,
M-1236,"1752 Prairie View, Wiley, CO 81092",Resident 1236,A-20236,2024-10-14,181673,gallons,,R3,
M-1236,"1752 Prairie View, Wiley, CO 81092",Resident 1236,A-20236,2024-11-15,186931,gallons,,R3,
M-1236,"1752 Prairie View, Wiley, CO 81092",Resident 1236,A-20236,2024-12-16,193117,gallons,,R3,
M-1237,"1759 School House Rd, Wiley, CO 81092",Resident 1237,A-20237,2024-08-12,252093,gallons,,R4,
M-1237,"1759 School House Rd, Wiley, CO 81092",Resident 1237,A-20237,2024-09-13,260396,gallons,,R4,
M-1237,"1759 School House Rd, Wiley, CO 81092",Resident 1237,A-20237,2024-10-14,268812,gallons,,R4,
M-1237,"1759 School House Rd, Wiley, CO 81092",Resident 1237,A-20237,2024-11-15,273842,gallons,,R4,
M-1237,"1759 School House Rd, Wiley, CO 81092",Resident 1237,A-20237,2024-12-16,279976,gallons,,R4,
M-1238,"1766 Cemetery Rd, Wiley, CO 81092",Resident 1238,A-20238,2024-08-12,283012,gallons,,R5,
M-1238,"1766 Cemetery Rd, Wiley, CO 81092",Resident 1238,A-20238,2024-09-13,289587,gallons,,R5,
M-1238,"1766 Cemetery Rd, Wiley, CO 81092",Resident 1238,A-20238,2024-10-14,294766,gallons,,R5,
M-1238,"1766 Cemetery Rd, Wiley, CO 81092",Resident 1238,A-20238,2024-11-15,299053,gallons,,R5,
M-1238,"1766 Cemetery Rd, Wiley, CO 81092",Resident 1238,A-20238,2024-12-16,303077,gallons,,R5,
M-1239,"1773 Grain Elevator Rd, Wiley, CO 81092",Resident 1239,A-20239,2024-08-12,93501,gallons,,R6,
M-1239,"1773 Grain Elevator Rd, Wiley, CO 81092",Resident 1239,A-20239,2024-09-13,99186,gallons,,R6,
M-1239,"1773 Grain Elevator Rd, Wiley, CO 81092",Resident 1239,A-20239,2024-10-14,105511,gallons,,R6,
M-1239,"1773 Grain Elevator Rd, Wiley, CO 81092",Resident 1239,A-20239,2024-11-15,109235,gallons,,R6,
M-1239,"1773 Grain Elevator Rd, Wiley, CO 81092",Resident 1239,A-20239,2024-12-16,113911,gallons,,R6,
M-1240,"1780 Main St, Wiley, CO 81092",Resident 1240,A-20240,2024-08-12,407281,gallons,,R1,
M-1240,"1780 Main St, Wiley, CO 81092",Resident 1240,A-20240,2024-09-13,414767,gallons,,R1,
M-1240,"1780 Main St, Wiley, CO 81092",Resident 1240,A-20240,2024-10-14,421499,gallons,,R1,
M-1240,"1780 Main St, Wiley, CO 81092",Resident 1240,A-20240,2024-11-15,426406,gallons,,R1,
M-1240,"1780 Main St, Wiley, CO 81092",Resident 1240,A-20240,2024-12-16,430765,gallons,,R1,
M-1241,"1787 County Rd 10, Wiley, CO 81092",Resident 1241,A-20241,2024-08-12,230015,gallons,,R2,
M-1241,"1787 County Rd 10, Wiley, CO 81092",Resident 1241,A-20241,2024-09-13,236705,gallons,,R2,
M-1241,"1787 County Rd 10, Wiley, CO 81092",Resident 1241,A-20241,2024-10-14,242287,gallons,,R2,
M-1241,"1787 County Rd 10, Wiley, CO 81092",Resident 1241,A-20241,2024-11-15,246536,gallons,,R2,
M-1241,"1787 County Rd 10, Wiley, CO 81092",Resident 1241,A-20241,2024-12-16,251432,gallons,,R2,
M-1242,"1794 County Rd 14, Wiley, CO 81092",Resident 1242,A-20242,2024-08-12,380566,gallons,,R3,
M-1242,"1794 County Rd 14, Wiley, CO 81092",Resident 1242,A-20242,2024-09-13,384425,gallons,,R3,
M-1242,"1794 County Rd 14, Wiley, CO 81092",Resident 1242,A-20242,2024-10-14,387592,gallons,,R3,
M-1242,"1794 County Rd 14, Wiley, CO 81092",Resident 1242,A-20242,2024-11-15,390203,gallons,,R3,
M-1242,"1794 County Rd 14, Wiley, CO 81092",Resident 1242,A-20242,2024-12-16,392881,gallons,,R3,
M-1243,"1801 Highway 287, Wiley, CO 81092",Resident 1243,A-20243,2024-08-12,220400,gallons,,R4,
M-1243,"1801 Highway 287, Wiley, CO 81092",Resident 1243,A-20243,2024-09-13,225516,gallons,,R4,
M-1243,"1801 Highway 287, Wiley, CO 81092",Resident 1243,A-20243,2024-10-14,229302,gallons,,R4,
M-1243,"1801 Highway 287, Wiley, CO 81092",Resident 1243,A-20243,2024-11-15,232523,gallons,,R4,
M-1243,"1801 Highway 287, Wiley, CO 81092",Resident 1243,A-20243,2024-12-16,236006,gallons,,R4,
M-1244,"1808 Maple Ave, Wiley, CO 81092",Resident 1244,A-20244,2024-08-12,425352,gallons,,R5,Known large lot / livestock
M-1244,"1808 Maple Ave, Wiley, CO 81092",Resident 1244,A-20244,2024-09-13,450917,gallons,,R5,
M-1244,"1808 Maple Ave, Wiley, CO 81092",Resident 1244,A-20244,2024-10-14,469748,gallons,,R5,
M-1244,"1808 Maple Ave, Wiley, CO 81092",Resident 1244,A-20244,2024-11-15,486554,gallons,,R5,
M-1244,"1808 Maple Ave, Wiley, CO 81092",Resident 1244,A-20244,2024-12-16,502889,gallons,,R5,
M-1245,"1815 Oak St, Wiley, CO 81092",Resident 1245,A-20245,2024-08-12,119561,gallons,,R6,
M-1245,"1815 Oak St, Wiley, CO 81092",Resident 1245,A-20245,2024-09-13,122996,gallons,,R6,
M-1245,"1815 Oak St, Wiley, CO 81092",Resident 1245,A-20245,2024-10-14,125395,gallons,,R6,
M-1245,"1815 Oak St, Wiley, CO 81092",Resident 1245,A-20245,2024-11-15,127184,gallons,,R6,
M-1245,"1815 Oak St, Wiley, CO 81092",Resident 1245,A-20245,2024-12-16,128973,gallons,,R6,
M-1246,"1822 Elm St, Wiley, CO 81092",Resident 1246,A-20246,2024-08-12,213395,gallons,,R1,
M-1246,"1822 Elm St, Wiley, CO 81092",Resident 1246,A-20246,2024-09-13,219864,gallons,,R1,
M-1246,"1822 Elm St, Wiley, CO 81092",Resident 1246,A-20246,2024-10-14,225427,gallons,,R1,
M-1246,"1822 Elm St, Wiley, CO 81092",Resident 1246,A-20246,2024-11-15,228940,gallons,,R1,
M-1246,"1822 Elm St, Wiley, CO 81092",Resident 1246,A-20246,2024-12-16,232855,gallons,,R1,
M-1247,"1829 3rd Ave, Wiley, CO 81092",Resident 1247,A-20247,2024-08-12,319334,gallons,,R2,
M-1247,"1829 3rd Ave, Wiley, CO 81092",Resident 1247,A-20247,2024-09-13,321741,gallons,,R2,
M-1247,"1829 3rd Ave, Wiley, CO 81092",Resident 1247,A-20247,2024-10-14,324001,gallons,,R2,
M-1247,"1829 3rd Ave, Wiley, CO 81092",Resident 1247,A-20247,2024-11-15,326046,gallons,,R2,
M-1247,"1829 3rd Ave, Wiley, CO 81092",Resident 1247,A-20247,2024-12-16,327656,gallons,,R2,
M-1248,"1836 5th St, Wiley, CO 81092",Resident 1248,A-20248,2024-08-12,221931,gallons,,R3,
M-1248,"1836 5th St, Wiley, CO 81092",Resident 1248,A-20248,2024-09-13,229358,gallons,,R3,
M-1248,"1836 5th St, Wiley, CO 81092",Resident 1248,A-20248,2024-10-14,236828,gallons,,R3,
M-1248,"1836 5th St, Wiley, CO 81092",Resident 1248,A-20248,2024-11-15,242437,gallons,,R3,
M-1248,"1836 5th St, Wiley, CO 81092",Resident 1248,A-20248,2024-12-16,247133,gallons,,R3,
M-1249,"1843 Ranch Rd, Wiley, CO 81092",Resident 1249,A-20249,2024-08-12,409531,gallons,,R4,
M-1249,"1843 Ranch Rd, Wiley, CO 81092",Resident 1249,A-20249,2024-09-13,416174,gallons,,R4,
M-1249,"1843 Ranch Rd, Wiley, CO 81092",Resident 1249,A-20249,2024-10-14,422920,gallons,,R4,
M-1249,"1843 Ranch Rd, Wiley, CO 81092",Resident 1249,A-20249,2024-11-15,428011,gallons,,R4,
M-1249,"1843 Ranch Rd, Wiley, CO 81092",Resident 1249,A-20249,2024-12-16,432796,gallons,,R4,
M-1250,"1850 Irrigation Ln, Wiley, CO 81092",Resident 1250,A-20250,2024-08-12,269175,gallons,,R5,
M-1250,"1850 Irrigation Ln, Wiley, CO 81092",Resident 1250,A-20250,2024-09-13,274414,gallons,,R5,
M-1250,"1850 Irrigation Ln, Wiley, CO 81092",Resident 1250,A-20250,2024-10-14,278097,gallons,,R5,
M-1250,"1850 Irrigation Ln, Wiley, CO 81092",Resident 1250,A-20250,2024-11-15,281408,gallons,,R5,
M-1250,"1850 Irrigation Ln, Wiley, CO 81092",Resident 1250,A-20250,2024-12-16,284240,gallons,,R5,
M-1251,"1857 North Frontage, Wiley, CO 81092",Resident 1251,A-20251,2024-08-12,230554,gallons,,R6,
M-1251,"1857 North Frontage, Wiley, CO 81092",Resident 1251,A-20251,2024-09-13,238775,gallons,,R6,
M-1251,"1857 North Frontage, Wiley, CO 81092",Resident 1251,A-20251,2024-10-14,245263,gallons,,R6,
M-1251,"1857 North Frontage, Wiley, CO 81092",Resident 1251,A-20251,2024-11-15,251038,gallons,,R6,
M-1251,"1857 North Frontage, Wiley, CO 81092",Resident 1251,A-20251,2024-12-16,255925,gallons,,R6,
M-1252,"1864 South Loop, Wiley, CO 81092",Resident 1252,A-20252,2024-08-12,266298,gallons,,R1,
M-1252,"1864 South Loop, Wiley, CO 81092",Resident 1252,A-20252,2024-09-13,271476,gallons,,R1,
M-1252,"1864 South Loop, Wiley, CO 81092",Resident 1252,A-20252,2024-10-14,275405,gallons,,R1,
M-1252,"1864 South Loop, Wiley, CO 81092",Resident 1252,A-20252,2024-11-15,278023,gallons,,R1,
M-1252,"1864 South Loop, Wiley, CO 81092",Resident 1252,A-20252,2024-12-16,280787,gallons,,R1,
M-1253,"1871 Pioneer Rd, Wiley, CO 81092",Resident 1253,A-20253,2024-08-12,208003,gallons,,R2,
M-1253,"1871 Pioneer Rd, Wiley, CO 81092",Resident 1253,A-20253,2024-09-13,210382,gallons,,R2,
M-1253,"1871 Pioneer Rd, Wiley, CO 81092",Resident 1253,A-20253,2024-10-14,212598,gallons,,R2,
M-1253,"1871 Pioneer Rd, Wiley, CO 81092",Resident 1253,A-20253,2024-11-15,214531,gallons,,R2,
M-1253,"1871 Pioneer Rd, Wiley, CO 81092",Resident 1253,A-20253,2024-12-16,216353,gallons,,R2,
M-1254,"1878 Cottonwood Dr, Wiley, CO 81092",Resident 1254,A-20254,2024-08-12,344831,gallons,,R3,
M-1254,"1878 Cottonwood Dr, Wiley, CO 81092",Resident 1254,A-20254,2024-09-13,347610,gallons,,R3,
M-1254,"1878 Cottonwood Dr, Wiley, CO 81092",Resident 1254,A-20254,2024-10-14,350409,gallons,,R3,
M-1254,"1878 Cottonwood Dr, Wiley, CO 81092",Resident 1254,A-20254,2024-11-15,352583,gallons,,R3,
M-1254,"1878 Cottonwood Dr, Wiley, CO 81092",Resident 1254,A-20254,2024-12-16,354952,gallons,,R3,
M-1255,"1885 Sand Creek Rd, Wiley, CO 81092",Resident 1255,A-20255,2024-08-12,129119,gallons,,R4,
M-1255,"1885 Sand Creek Rd, Wiley, CO 81092",Resident 1255,A-20255,2024-09-13,139210,gallons,,R4,
M-1255,"1885 Sand Creek Rd, Wiley, CO 81092",Resident 1255,A-20255,2024-10-14,146389,gallons,,R4,
M-1255,"1885 Sand Creek Rd, Wiley, CO 81092",Resident 1255,A-20255,2024-11-15,152297,gallons,,R4,
M-1255,"1885 Sand Creek Rd, Wiley, CO 81092",Resident 1255,A-20255,2024-12-16,157939,gallons,,R4,
M-1256,"1892 Prairie View, Wiley, CO 81092",Resident 1256,A-20256,2024-08-12,159946,gallons,,R5,
M-1256,"1892 Prairie View, Wiley, CO 81092",Resident 1256,A-20256,2024-09-13,169461,gallons,,R5,
M-1256,"1892 Prairie View, Wiley, CO 81092",Resident 1256,A-20256,2024-10-14,176548,gallons,,R5,
M-1256,"1892 Prairie View, Wiley, CO 81092",Resident 1256,A-20256,2024-11-15,182373,gallons,,R5,
M-1256,"1892 Prairie View, Wiley, CO 81092",Resident 1256,A-20256,2024-12-16,188269,gallons,,R5,
M-1257,"1899 School House Rd, Wiley, CO 81092",Resident 1257,A-20257,2024-08-12,274186,gallons,,R6,
M-1257,"1899 School House Rd, Wiley, CO 81092",Resident 1257,A-20257,2024-09-13,277087,gallons,,R6,
M-1257,"1899 School House Rd, Wiley, CO 81092",Resident 1257,A-20257,2024-10-14,279594,gallons,,R6,
M-1257,"1899 School House Rd, Wiley, CO 81092",Resident 1257,A-20257,2024-11-15,281511,gallons,,R6,
M-1257,"1899 School House Rd, Wiley, CO 81092",Resident 1257,A-20257,2024-12-16,283227,gallons,,R6,
M-1258,"1906 Cemetery Rd, Wiley, CO 81092",Resident 1258,A-20258,2024-08-12,404296,gallons,,R1,
M-1258,"1906 Cemetery Rd, Wiley, CO 81092",Resident 1258,A-20258,2024-09-13,408853,gallons,,R1,
M-1258,"1906 Cemetery Rd, Wiley, CO 81092",Resident 1258,A-20258,2024-10-14,412816,gallons,,R1,
M-1258,"1906 Cemetery Rd, Wiley, CO 81092",Resident 1258,A-20258,2024-11-15,416218,gallons,,R1,
M-1258,"1906 Cemetery Rd, Wiley, CO 81092",Resident 1258,A-20258,2024-12-16,419415,gallons,,R1,
M-1259,"1913 Grain Elevator Rd, Wiley, CO 81092",Resident 1259,A-20259,2024-08-12,252763,gallons,,R2,
M-1259,"1913 Grain Elevator Rd, Wiley, CO 81092",Resident 1259,A-20259,2024-09-13,255585,gallons,,R2,
M-1259,"1913 Grain Elevator Rd, Wiley, CO 81092",Resident 1259,A-20259,2024-10-14,258203,gallons,,R2,
M-1259,"1913 Grain Elevator Rd, Wiley, CO 81092",Resident 1259,A-20259,2024-11-15,260440,gallons,,R2,
M-1259,"1913 Grain Elevator Rd, Wiley, CO 81092",Resident 1259,A-20259,2024-12-16,262623,gallons,,R2,
M-1260,"1920 Main St, Wiley, CO 81092",Resident 1260,A-20260,2024-08-12,145002,gallons,,R3,
M-1260,"1920 Main St, Wiley, CO 81092",Resident 1260,A-20260,2024-09-13,148205,gallons,,R3,
M-1260,"1920 Main St, Wiley, CO 81092",Resident 1260,A-20260,2024-10-14,150734,gallons,,R3,
M-1260,"1920 Main St, Wiley, CO 81092",Resident 1260,A-20260,2024-11-15,152654,gallons,,R3,
M-1260,"1920 Main St, Wiley, CO 81092",Resident 1260,A-20260,2024-12-16,154254,gallons,,R3,
M-1261,"1927 County Rd 10, Wiley, CO 81092",Resident 1261,A-20261,2024-08-12,378749,gallons,,R4,
M-1261,"1927 County Rd 10, Wiley, CO 81092",Resident 1261,A-20261,2024-09-13,384059,gallons,,R4,
M-1261,"1927 County Rd 10, Wiley, CO 81092",Resident 1261,A-20261,2024-10-14,389390,gallons,,R4,
M-1261,"1927 County Rd 10, Wiley, CO 81092",Resident 1261,A-20261,2024-11-15,392718,gallons,,R4,
M-1261,"1927 County Rd 10, Wiley, CO 81092",Resident 1261,A-20261,2024-12-16,395976,gallons,,R4,
M-1262,"1934 County Rd 14, Wiley, CO 81092",Resident 1262,A-20262,2024-08-12,351802,gallons,,R5,
M-1262,"1934 County Rd 14, Wiley, CO 81092",Resident 1262,A-20262,2024-09-13,354991,gallons,,R5,
M-1262,"1934 County Rd 14, Wiley, CO 81092",Resident 1262,A-20262,2024-10-14,357893,gallons,,R5,
M-1262,"1934 County Rd 14, Wiley, CO 81092",Resident 1262,A-20262,2024-11-15,360269,gallons,,R5,
M-1262,"1934 County Rd 14, Wiley, CO 81092",Resident 1262,A-20262,2024-12-16,362233,gallons,,R5,
M-1263,"1941 Highway 287, Wiley, CO 81092",Resident 1263,A-20263,2024-08-12,216855,gallons,,R6,
M-1263,"1941 Highway 287, Wiley, CO 81092",Resident 1263,A-20263,2024-09-13,223336,gallons,,R6,
M-1263,"1941 Highway 287, Wiley, CO 81092",Resident 1263,A-20263,2024-10-14,228912,gallons,,R6,
M-1263,"1941 Highway 287, Wiley, CO 81092",Resident 1263,A-20263,2024-11-15,233623,gallons,,R6,
M-1263,"1941 Highway 287, Wiley, CO 81092",Resident 1263,A-20263,2024-12-16,238294,gallons,,R6,
M-1264,"1948 Maple Ave, Wiley, CO 81092",Resident 1264,A-20264,2024-08-12,267924,gallons,,R1,
M-1264,"1948 Maple Ave, Wiley, CO 81092",Resident 1264,A-20264,2024-09-13,273249,gallons,,R1,
M-1264,"1948 Maple Ave, Wiley, CO 81092",Resident 1264,A-20264,2024-10-14,276893,gallons,,R1,
M-1264,"1948 Maple Ave, Wiley, CO 81092",Resident 1264,A-20264,2024-11-15,280388,gallons,,R1,
M-1264,"1948 Maple Ave, Wiley, CO 81092",Resident 1264,A-20264,2024-12-16,283502,gallons,,R1,
M-1265,"1955 Oak St, Wiley, CO 81092",Resident 1265,A-20265,2024-08-12,342733,gallons,,R2,
M-1265,"1955 Oak St, Wiley, CO 81092",Resident 1265,A-20265,2024-09-13,347322,gallons,,R2,
M-1265,"1955 Oak St, Wiley, CO 81092",Resident 1265,A-20265,2024-10-14,352042,gallons,,R2,
M-1265,"1955 Oak St, Wiley, CO 81092",Resident 1265,A-20265,2024-11-15,354954,gallons,,R2,
M-1265,"1955 Oak St, Wiley, CO 81092",Resident 1265,A-20265,2024-12-16,358713,gallons,,R2,
M-1266,"1962 Elm St, Wiley, CO 81092",Resident 1266,A-20266,2024-08-12,59258,gallons,,R3,
M-1266,"1962 Elm St, Wiley, CO 81092",Resident 1266,A-20266,2024-09-13,67967,gallons,,R3,
M-1266,"1962 Elm St, Wiley, CO 81092",Resident 1266,A-20266,2024-10-14,75149,gallons,,R3,
M-1266,"1962 Elm St, Wiley, CO 81092",Resident 1266,A-20266,2024-11-15,80259,gallons,,R3,
M-1266,"1962 Elm St, Wiley, CO 81092",Resident 1266,A-20266,2024-12-16,86370,gallons,,R3,
M-1267,"1969 3rd Ave, Wiley, CO 81092",Resident 1267,A-20267,2024-08-12,216410,gallons,,R4,
M-1267,"1969 3rd Ave, Wiley, CO 81092",Resident 1267,A-20267,2024-09-13,223875,gallons,,R4,
M-1267,"1969 3rd Ave, Wiley, CO 81092",Resident 1267,A-20267,2024-10-14,230465,gallons,,R4,
M-1267,"1969 3rd Ave, Wiley, CO 81092",Resident 1267,A-20267,2024-11-15,234614,gallons,,R4,
M-1267,"1969 3rd Ave, Wiley, CO 81092",Resident 1267,A-20267,2024-12-16,238983,gallons,,R4,
M-1268,"1976 5th St, Wiley, CO 81092",Resident 1268,A-20268,2024-08-12,205684,gallons,,R5,
M-1268,"1976 5th St, Wiley, CO 81092",Resident 1268,A-20268,2024-09-13,210564,gallons,,R5,
M-1268,"1976 5th St, Wiley, CO 81092",Resident 1268,A-20268,2024-10-14,214704,gallons,,R5,
M-1268,"1976 5th St, Wiley, CO 81092",Resident 1268,A-20268,2024-11-15,217371,gallons,,R5,
M-1268,"1976 5th St, Wiley, CO 81092",Resident 1268,A-20268,2024-12-16,219996,gallons,,R5,
M-1269,"1983 Ranch Rd, Wiley, CO 81092",Resident 1269,A-20269,2024-08-12,169380,gallons,,R6,
M-1269,"1983 Ranch Rd, Wiley, CO 81092",Resident 1269,A-20269,2024-09-13,178007,gallons,,R6,
M-1269,"1983 Ranch Rd, Wiley, CO 81092",Resident 1269,A-20269,2024-10-14,185430,gallons,,R6,
M-1269,"1983 Ranch Rd, Wiley, CO 81092",Resident 1269,A-20269,2024-11-15,190128,gallons,,R6,
M-1269,"1983 Ranch Rd, Wiley, CO 81092",Resident 1269,A-20269,2024-12-16,195710,gallons,,R6,
M-1270,"1990 Irrigation Ln, Wiley, CO 81092",Resident 1270,A-20270,2024-08-12,279539,gallons,,R1,
M-1270,"1990 Irrigation Ln, Wiley, CO 81092",Resident 1270,A-20270,2024-09-13,283222,gallons,,R1,
M-1270,"1990 Irrigation Ln, Wiley, CO 81092",Resident 1270,A-20270,2024-10-14,286872,gallons,,R1,
M-1270,"1990 Irrigation Ln, Wiley, CO 81092",Resident 1270,A-20270,2024-11-15,289488,gallons,,R1,
M-1270,"1990 Irrigation Ln, Wiley, CO 81092",Resident 1270,A-20270,2024-12-16,291798,gallons,,R1,
M-1271,"1997 North Frontage, Wiley, CO 81092",Resident 1271,A-20271,2024-08-12,364164,gallons,,R2,
M-1271,"1997 North Frontage, Wiley, CO 81092",Resident 1271,A-20271,2024-09-13,374186,gallons,,R2,
M-1271,"1997 North Frontage, Wiley, CO 81092",Resident 1271,A-20271,2024-10-14,381904,gallons,,R2,
M-1271,"1997 North Frontage, Wiley, CO 81092",Resident 1271,A-20271,2024-11-15,387716,gallons,,R2,
M-1271,"1997 North Frontage, Wiley, CO 81092",Resident 1271,A-20271,2024-12-16,394019,gallons,,R2,
M-1272,"2004 South Loop, Wiley, CO 81092",Resident 1272,A-20272,2024-08-12,377925,gallons,,R3,
M-1272,"2004 South Loop, Wiley, CO 81092",Resident 1272,A-20272,2024-09-13,385013,gallons,,R3,
M-1272,"2004 South Loop, Wiley, CO 81092",Resident 1272,A-20272,2024-10-14,392060,gallons,,R3,
M-1272,"2004 South Loop, Wiley, CO 81092",Resident 1272,A-20272,2024-11-15,397899,gallons,,R3,
M-1272,"2004 South Loop, Wiley, CO 81092",Resident 1272,A-20272,2024-12-16,402622,gallons,,R3,
M-1273,"2011 Pioneer Rd, Wiley, CO 81092",Resident 1273,A-20273,2024-08-12,403164,gallons,,R4,
M-1273,"2011 Pioneer Rd, Wiley, CO 81092",Resident 1273,A-20273,2024-09-13,410918,gallons,,R4,
M-1273,"2011 Pioneer Rd, Wiley, CO 81092",Resident 1273,A-20273,2024-10-14,417093,gallons,,R4,
M-1273,"2011 Pioneer Rd, Wiley, CO 81092",Resident 1273,A-20273,2024-11-15,422897,gallons,,R4,
M-1273,"2011 Pioneer Rd, Wiley, CO 81092",Resident 1273,A-20273,2024-12-16,427516,gallons,,R4,
M-1274,"2018 Cottonwood Dr, Wiley, CO 81092",Resident 1274,A-20274,2024-08-12,227035,gallons,,R5,
M-1274,"2018 Cottonwood Dr, Wiley, CO 81092",Resident 1274,A-20274,2024-09-13,233177,gallons,,R5,
M-1274,"2018 Cottonwood Dr, Wiley, CO 81092",Resident 1274,A-20274,2024-10-14,238975,gallons,,R5,
M-1274,"2018 Cottonwood Dr, Wiley, CO 81092",Resident 1274,A-20274,2024-11-15,244001,gallons,,R5,
M-1274,"2018 Cottonwood Dr, Wiley, CO 81092",Resident 1274,A-20274,2024-12-16,248081,gallons,,R5,
M-1275,"2025 Sand Creek Rd, Wiley, CO 81092",Resident 1275,A-20275,2024-08-12,299761,gallons,,R6,
M-1275,"2025 Sand Creek Rd, Wiley, CO 81092",Resident 1275,A-20275,2024-09-13,304564,gallons,,R6,
M-1275,"2025 Sand Creek Rd, Wiley, CO 81092",Resident 1275,A-20275,2024-10-14,309341,gallons,,R6,
M-1275,"2025 Sand Creek Rd, Wiley, CO 81092",Resident 1275,A-20275,2024-11-15,312248,gallons,,R6,
M-1275,"2025 Sand Creek Rd, Wiley, CO 81092",Resident 1275,A-20275,2024-12-16,315624,gallons,,R6,
M-1276,"2032 Prairie View, Wiley, CO 81092",Resident 1276,A-20276,2024-08-12,290865,gallons,,R1,
M-1276,"2032 Prairie View, Wiley, CO 81092",Resident 1276,A-20276,2024-09-13,297657,gallons,,R1,
M-1276,"2032 Prairie View, Wiley, CO 81092",Resident 1276,A-20276,2024-10-14,304092,gallons,,R1,
M-1276,"2032 Prairie View, Wiley, CO 81092",Resident 1276,A-20276,2024-11-15,308832,gallons,,R1,
M-1276,"2032 Prairie View, Wiley, CO 81092",Resident 1276,A-20276,2024-12-16,313532,gallons,,R1,
M-1277,"2039 School House Rd, Wiley, CO 81092",Resident 1277,A-20277,2024-08-12,289935,gallons,,R2,
M-1277,"2039 School House Rd, Wiley, CO 81092",Resident 1277,A-20277,2024-09-13,297161,gallons,,R2,
M-1277,"2039 School House Rd, Wiley, CO 81092",Resident 1277,A-20277,2024-10-14,302515,gallons,,R2,
M-1277,"2039 School House Rd, Wiley, CO 81092",Resident 1277,A-20277,2024-11-15,306728,gallons,,R2,
M-1277,"2039 School House Rd, Wiley, CO 81092",Resident 1277,A-20277,2024-12-16,310773,gallons,,R2,
M-1278,"2046 Cemetery Rd, Wiley, CO 81092",Resident 1278,A-20278,2024-08-12,167306,gallons,,R3,
M-1278,"2046 Cemetery Rd, Wiley, CO 81092",Resident 1278,A-20278,2024-09-13,171022,gallons,,R3,
M-1278,"2046 Cemetery Rd, Wiley, CO 81092",Resident 1278,A-20278,2024-10-14,174888,gallons,,R3,
M-1278,"2046 Cemetery Rd, Wiley, CO 81092",Resident 1278,A-20278,2024-11-15,177390,gallons,,R3,
M-1278,"2046 Cemetery Rd, Wiley, CO 81092",Resident 1278,A-20278,2024-12-16,180250,gallons,,R3,
M-1279,"2053 Grain Elevator Rd, Wiley, CO 81092",Resident 1279,A-20279,2024-08-12,322208,gallons,,R4,
M-1279,"2053 Grain Elevator Rd, Wiley, CO 81092",Resident 1279,A-20279,2024-09-13,325493,gallons,,R4,
M-1279,"2053 Grain Elevator Rd, Wiley, CO 81092",Resident 1279,A-20279,2024-10-14,328855,gallons,,R4,
M-1279,"2053 Grain Elevator Rd, Wiley, CO 81092",Resident 1279,A-20279,2024-11-15,330952,gallons,,R4,
M-1279,"2053 Grain Elevator Rd, Wiley, CO 81092",Resident 1279,A-20279,2024-12-16,333161,gallons,,R4,
M-1280,"2060 Main St, Wiley, CO 81092",Resident 1280,A-20280,2024-08-12,302652,gallons,,R5,
M-1280,"2060 Main St, Wiley, CO 81092",Resident 1280,A-20280,2024-09-13,306036,gallons,,R5,
M-1280,"2060 Main St, Wiley, CO 81092",Resident 1280,A-20280,2024-10-14,308858,gallons,,R5,
M-1280,"2060 Main St, Wiley, CO 81092",Resident 1280,A-20280,2024-11-15,311126,gallons,,R5,
M-1280,"2060 Main St, Wiley, CO 81092",Resident 1280,A-20280,2024-12-16,313396,gallons,,R5,
M-1281,"2067 County Rd 10, Wiley, CO 81092",Resident 1281,A-20281,2024-08-12,148993,gallons,,R6,
M-1281,"2067 County Rd 10, Wiley, CO 81092",Resident 1281,A-20281,2024-09-13,158911,gallons,,R6,
M-1281,"2067 County Rd 10, Wiley, CO 81092",Resident 1281,A-20281,2024-10-14,166227,gallons,,R6,
M-1281,"2067 County Rd 10, Wiley, CO 81092",Resident 1281,A-20281,2024-11-15,171929,gallons,,R6,
M-1281,"2067 County Rd 10, Wiley, CO 81092",Resident 1281,A-20281,2024-12-16,177908,gallons,,R6,
M-1282,"2074 County Rd 14, Wiley, CO 81092",Resident 1282,A-20282,2024-08-12,403267,gallons,,R1,
M-1282,"2074 County Rd 14, Wiley, CO 81092",Resident 1282,A-20282,2024-09-13,410560,gallons,,R1,
M-1282,"2074 County Rd 14, Wiley, CO 81092",Resident 1282,A-20282,2024-10-14,416792,gallons,,R1,
M-1282,"2074 County Rd 14, Wiley, CO 81092",Resident 1282,A-20282,2024-11-15,420662,gallons,,R1,
M-1282,"2074 County Rd 14, Wiley, CO 81092",Resident 1282,A-20282,2024-12-16,424597,gallons,,R1,
M-1283,"2081 Highway 287, Wiley, CO 81092",Resident 1283,A-20283,2024-08-12,101649,gallons,,R2,
M-1283,"2081 Highway 287, Wiley, CO 81092",Resident 1283,A-20283,2024-09-13,106811,gallons,,R2,
M-1283,"2081 Highway 287, Wiley, CO 81092",Resident 1283,A-20283,2024-10-14,112392,gallons,,R2,
M-1283,"2081 Highway 287, Wiley, CO 81092",Resident 1283,A-20283,2024-11-15,116725,gallons,,R2,
M-1283,"2081 Highway 287, Wiley, CO 81092",Resident 1283,A-20283,2024-12-16,120261,gallons,,R2,
M-1284,"2088 Maple Ave, Wiley, CO 81092",Resident 1284,A-20284,2024-08-12,207375,gallons,,R3,
M-1284,"2088 Maple Ave, Wiley, CO 81092",Resident 1284,A-20284,2024-09-13,214257,gallons,,R3,
M-1284,"2088 Maple Ave, Wiley, CO 81092",Resident 1284,A-20284,2024-10-14,220215,gallons,,R3,
M-1284,"2088 Maple Ave, Wiley, CO 81092",Resident 1284,A-20284,2024-11-15,224025,gallons,,R3,
M-1284,"2088 Maple Ave, Wiley, CO 81092",Resident 1284,A-20284,2024-12-16,228601,gallons,,R3,
M-1285,"2095 Oak St, Wiley, CO 81092",Resident 1285,A-20285,2024-08-12,328496,gallons,,R4,
M-1285,"2095 Oak St, Wiley, CO 81092",Resident 1285,A-20285,2024-09-13,334983,gallons,,R4,
M-1285,"2095 Oak St, Wiley, CO 81092",Resident 1285,A-20285,2024-10-14,341099,gallons,,R4,
M-1285,"2095 Oak St, Wiley, CO 81092",Resident 1285,A-20285,2024-11-15,345473,gallons,,R4,
M-1285,"2095 Oak St, Wiley, CO 81092",Resident 1285,A-20285,2024-12-16,350115,gallons,,R4,
M-1286,"2102 Elm St, Wiley, CO 81092",Resident 1286,A-20286,2024-08-12,405137,gallons,,R5,
M-1286,"2102 Elm St, Wiley, CO 81092",Resident 1286,A-20286,2024-09-13,413059,gallons,,R5,
M-1286,"2102 Elm St, Wiley, CO 81092",Resident 1286,A-20286,2024-10-14,419515,gallons,,R5,
M-1286,"2102 Elm St, Wiley, CO 81092",Resident 1286,A-20286,2024-11-15,424332,gallons,,R5,
M-1286,"2102 Elm St, Wiley, CO 81092",Resident 1286,A-20286,2024-12-16,428283,gallons,,R5,
M-1287,"2109 3rd Ave, Wiley, CO 81092",Resident 1287,A-20287,2024-08-12,391769,gallons,,R6,
M-1287,"2109 3rd Ave, Wiley, CO 81092",Resident 1287,A-20287,2024-09-13,400768,gallons,,R6,
M-1287,"2109 3rd Ave, Wiley, CO 81092",Resident 1287,A-20287,2024-10-14,409394,gallons,,R6,
M-1287,"2109 3rd Ave, Wiley, CO 81092",Resident 1287,A-20287,2024-11-15,415716,gallons,,R6,
M-1287,"2109 3rd Ave, Wiley, CO 81092",Resident 1287,A-20287,2024-12-16,421747,gallons,,R6,
M-1288,"2116 5th St, Wiley, CO 81092",Resident 1288,A-20288,2024-08-12,378033,gallons,,R1,
M-1288,"2116 5th St, Wiley, CO 81092",Resident 1288,A-20288,2024-09-13,380979,gallons,,R1,
M-1288,"2116 5th St, Wiley, CO 81092",Resident 1288,A-20288,2024-10-14,383642,gallons,,R1,
M-1288,"2116 5th St, Wiley, CO 81092",Resident 1288,A-20288,2024-11-15,385827,gallons,,R1,
M-1288,"2116 5th St, Wiley, CO 81092",Resident 1288,A-20288,2024-12-16,387930,gallons,,R1,
M-1289,"2123 Ranch Rd, Wiley, CO 81092",Resident 1289,A-20289,2024-08-12,236929,gallons,,R2,
M-1289,"2123 Ranch Rd, Wiley, CO 81092",Resident 1289,A-20289,2024-09-13,244976,gallons,,R2,
M-1289,"2123 Ranch Rd, Wiley, CO 81092",Resident 1289,A-20289,2024-10-14,253030,gallons,,R2,
M-1289,"2123 Ranch Rd, Wiley, CO 81092",Resident 1289,A-20289,2024-11-15,258927,gallons,,R2,
M-1289,"2123 Ranch Rd, Wiley, CO 81092",Resident 1289,A-20289,2024-12-16,263981,gallons,,R2,
M-1290,"2130 Irrigation Ln, Wiley, CO 81092",Resident 1290,A-20290,2024-08-12,109369,gallons,,R3,
M-1290,"2130 Irrigation Ln, Wiley, CO 81092",Resident 1290,A-20290,2024-09-13,117070,gallons,,R3,
M-1290,"2130 Irrigation Ln, Wiley, CO 81092",Resident 1290,A-20290,2024-10-14,124449,gallons,,R3,
M-1290,"2130 Irrigation Ln, Wiley, CO 81092",Resident 1290,A-20290,2024-11-15,130666,gallons,,R3,
M-1290,"2130 Irrigation Ln, Wiley, CO 81092",Resident 1290,A-20290,2024-12-16,136439,gallons,,R3,
M-1291,"2137 North Frontage, Wiley, CO 81092",Resident 1291,A-20291,2024-08-12,182612,gallons,,R4,
M-1291,"2137 North Frontage, Wiley, CO 81092",Resident 1291,A-20291,2024-09-13,192128,gallons,,R4,
M-1291,"2137 North Frontage, Wiley, CO 81092",Resident 1291,A-20291,2024-10-14,199310,gallons,,R4,
M-1291,"2137 North Frontage, Wiley, CO 81092",Resident 1291,A-20291,2024-11-15,204134,gallons,,R4,
M-1291,"2137 North Frontage, Wiley, CO 81092",Resident 1291,A-20291,2024-12-16,209014,gallons,,R4,
M-1292,"2144 South Loop, Wiley, CO 81092",Resident 1292,A-20292,2024-08-12,216349,gallons,,R5,
M-1292,"2144 South Loop, Wiley, CO 81092",Resident 1292,A-20292,2024-09-13,219758,gallons,,R5,
M-1292,"2144 South Loop, Wiley, CO 81092",Resident 1292,A-20292,2024-10-14,222640,gallons,,R5,
M-1292,"2144 South Loop, Wiley, CO 81092",Resident 1292,A-20292,2024-11-15,224587,gallons,,R5,
M-1292,"2144 South Loop, Wiley, CO 81092",Resident 1292,A-20292,2024-12-16,226873,gallons,,R5,
M-1293,"2151 Pioneer Rd, Wiley, CO 81092",Resident 1293,A-20293,2024-08-12,171621,gallons,,R6,
M-1293,"2151 Pioneer Rd, Wiley, CO 81092",Resident 1293,A-20293,2024-09-13,174872,gallons,,R6,
M-1293,"2151 Pioneer Rd, Wiley, CO 81092",Resident 1293,A-20293,2024-10-14,177309,gallons,,R6,
M-1293,"2151 Pioneer Rd, Wiley, CO 81092",Resident 1293,A-20293,2024-11-15,179416,gallons,,R6,
M-1293,"2151 Pioneer Rd, Wiley, CO 81092",Resident 1293,A-20293,2024-12-16,181441,gallons,,R6,
M-1294,"2158 Cottonwood Dr, Wiley, CO 81092",Resident 1294,A-20294,2024-08-12,162268,gallons,,R1,
M-1294,"2158 Cottonwood Dr, Wiley, CO 81092",Resident 1294,A-20294,2024-09-13,168859,gallons,,R1,
M-1294,"2158 Cottonwood Dr, Wiley, CO 81092",Resident 1294,A-20294,2024-10-14,173885,gallons,,R1,
M-1294,"2158 Cottonwood Dr, Wiley, CO 81092",Resident 1294,A-20294,2024-11-15,178103,gallons,,R1,
M-1294,"2158 Cottonwood Dr, Wiley, CO 81092",Resident 1294,A-20294,2024-12-16,182316,gallons,,R1,
M-1295,"2165 Sand Creek Rd, Wiley, CO 81092",Resident 1295,A-20295,2024-08-12,139741,gallons,,R2,
M-1295,"2165 Sand Creek Rd, Wiley, CO 81092",Resident 1295,A-20295,2024-09-13,149404,gallons,,R2,
M-1295,"2165 Sand Creek Rd, Wiley, CO 81092",Resident 1295,A-20295,2024-10-14,158665,gallons,,R2,
M-1295,"2165 Sand Creek Rd, Wiley, CO 81092",Resident 1295,A-20295,2024-11-15,165066,gallons,,R2,
M-1295,"2165 Sand Creek Rd, Wiley, CO 81092",Resident 1295,A-20295,2024-12-16,170546,gallons,,R2,
M-1296,"2172 Prairie View, Wiley, CO 81092",Resident 1296,A-20296,2024-08-12,69527,gallons,,R3,
M-1296,"2172 Prairie View, Wiley, CO 81092",Resident 1296,A-20296,2024-09-13,74430,gallons,,R3,
M-1296,"2172 Prairie View, Wiley, CO 81092",Resident 1296,A-20296,2024-10-14,79388,gallons,,R3,
M-1296,"2172 Prairie View, Wiley, CO 81092",Resident 1296,A-20296,2024-11-15,83421,gallons,,R3,
M-1296,"2172 Prairie View, Wiley, CO 81092",Resident 1296,A-20296,2024-12-16,86962,gallons,,R3,
M-1297,"2179 School House Rd, Wiley, CO 81092",Resident 1297,A-20297,2024-08-12,78399,gallons,,R4,
M-1297,"2179 School House Rd, Wiley, CO 81092",Resident 1297,A-20297,2024-09-13,82264,gallons,,R4,
M-1297,"2179 School House Rd, Wiley, CO 81092",Resident 1297,A-20297,2024-10-14,85105,gallons,,R4,
M-1297,"2179 School House Rd, Wiley, CO 81092",Resident 1297,A-20297,2024-11-15,87368,gallons,,R4,
M-1297,"2179 School House Rd, Wiley, CO 81092",Resident 1297,A-20297,2024-12-16,89703,gallons,,R4,
M-1298,"2186 Cemetery Rd, Wiley, CO 81092",Resident 1298,A-20298,2024-08-12,183366,gallons,,R5,
M-1298,"2186 Cemetery Rd, Wiley, CO 81092",Resident 1298,A-20298,2024-09-13,187862,gallons,,R5,
M-1298,"2186 Cemetery Rd, Wiley, CO 81092",Resident 1298,A-20298,2024-10-14,191637,gallons,,R5,
M-1298,"2186 Cemetery Rd, Wiley, CO 81092",Resident 1298,A-20298,2024-11-15,194946,gallons,,R5,
M-1298,"2186 Cemetery Rd, Wiley, CO 81092",Resident 1298,A-20298,2024-12-16,197757,gallons,,R5,
M-1299,"2193 Grain Elevator Rd, Wiley, CO 81092",Resident 1299,A-20299,2024-08-12,303493,gallons,,R6,
M-1299,"2193 Grain Elevator Rd, Wiley, CO 81092",Resident 1299,A-20299,2024-09-13,307340,gallons,,R6,
M-1299,"2193 Grain Elevator Rd, Wiley, CO 81092",Resident 1299,A-20299,2024-10-14,310630,gallons,,R6,
M-1299,"2193 Grain Elevator Rd, Wiley, CO 81092",Resident 1299,A-20299,2024-11-15,313455,gallons,,R6,
M-1299,"2193 Grain Elevator Rd, Wiley, CO 81092",Resident 1299,A-20299,2024-12-16,316031,gallons,,R6,
M-1300,"2200 Main St, Wiley, CO 81092",Resident 1300,A-20300,2024-08-12,375452,gallons,,R1,
M-1300,"2200 Main St, Wiley, CO 81092",Resident 1300,A-20300,2024-09-13,379857,gallons,,R1,
M-1300,"2200 Main St, Wiley, CO 81092",Resident 1300,A-20300,2024-10-14,384003,gallons,,R1,
M-1300,"2200 Main St, Wiley, CO 81092",Resident 1300,A-20300,2024-11-15,386929,gallons,,R1,
M-1300,"2200 Main St, Wiley, CO 81092",Resident 1300,A-20300,2024-12-16,389817,gallons,,R1,
