meter_id,service_addr,customer,acct,read_dt,reading,units,diag,route,comment
M-1001,"107 County Rd 10, Wiley, CO 81092",Resident 1001,A-20001,2024/08/12,342262,gal,,R2,
M-1002,"114 County Rd 14, Wiley, CO 81092",Resident 1002,A-20002,2024/08/12,288864,gal,,R3,
M-1003,"121 Highway 287, Wiley, CO 81092",Resident 1003,A-20003,2024/08/12,126657,gal,,R4,
M-1004,"128 Maple Ave, Wiley, CO 81092",Resident 1004,A-20004,2024/08/12,282791,gal,,R5,
M-1005,"135 Oak St, Wiley, CO 81092",Resident 1005,A-20005,2024/08/12,151660,gal,,R6,
M-1006,"142 Elm St, Wiley, CO 81092",Resident 1006,A-20006,2024/08/12,202049,gal,,R1,
M-1007,"149 3rd Ave, Wiley, CO 81092",Resident 1007,A-20007,2024/08/12,297978,gal,,R2,
M-1008,"156 5th St, Wiley, CO 81092",Resident 1008,A-20008,2024/08/12,185136,gal,,R3,
M-1009,"163 Ranch Rd, Wiley, CO 81092",Resident 1009,A-20009,2024/08/12,101157,gal,,R4,
M-1010,"170 Irrigation Ln, Wiley, CO 81092",Resident 1010,A-20010,2024/08/12,285822,gal,,R5,
M-1011,"177 North Frontage, Wiley, CO 81092",Resident 1011,A-20011,2024/08/12,349768,gal,,R6,
M-1012,"184 South Loop, Wiley, CO 81092",Resident 1012,A-20012,2024/08/12,113396,gal,,R1,
M-1013,"191 Pioneer Rd, Wiley, CO 81092",Resident 1013,A-20013,2024/08/12,84460,gal,,R2,
M-1014,"198 Cottonwood Dr, Wiley, CO 81092",Resident 1014,A-20014,2024/08/12,395753,gal,,R3,
M-1015,"205 Sand Creek Rd, Wiley, CO 81092",Resident 1015,A-20015,2024/08/12,341999,gal,,R4,
M-1016,"212 Prairie View, Wiley, CO 81092",Resident 1016,A-20016,2024/08/12,66421,gal,,R5,
M-1017,"219 School House Rd, Wiley, CO 81092",Resident 1017,A-20017,2024/08/12,102234,gal,,R6,
M-1018,"226 Cemetery Rd, Wiley, CO 81092",Resident 1018,A-20018,2024/08/12,176784,gal,,R1,
M-1019,"233 Grain Elevator Rd, Wiley, CO 81092",Resident 1019,A-20019,2024/08/12,140898,gal,,R2,
M-1020,"240 Main St, Wiley, CO 81092",Resident 1020,A-20020,2024/08/12,269028,gal,,R3,
M-1021,"247 County Rd 10, Wiley, CO 81092",Resident 1021,A-20021,2024/08/12,310084,gal,,R4,
M-1022,"254 County Rd 14, Wiley, CO 81092",Resident 1022,A-20022,2024/08/12,311701,gal,,R5,
M-1023,"261 Highway 287, Wiley, CO 81092",Resident 1023,A-20023,2024/08/12,172175,gal,,R6,
M-1024,"268 Maple Ave, Wiley, CO 81092",Resident 1024,A-20024,2024/08/12,264000,gal,,R1,
M-1025,"275 Oak St, Wiley, CO 81092",Resident 1025,A-20025,2024/08/12,90179,gal,,R2,
M-1026,"282 Elm St, Wiley, CO 81092",Resident 1026,A-20026,2024/08/12,142182,gal,,R3,
M-1027,"289 3rd Ave, Wiley, CO 81092",Resident 1027,A-20027,2024/08/12,260857,gal,,R4,
M-1028,"296 5th St, Wiley, CO 81092",Resident 1028,A-20028,2024/08/12,61629,gal,,R5,
M-1029,"303 Ranch Rd, Wiley, CO 81092",Resident 1029,A-20029,2024/08/12,266124,gal,,R6,
M-1030,"310 Irrigation Ln, Wiley, CO 81092",Resident 1030,A-20030,2024/08/12,198051,gal,,R1,
M-1031,"317 North Frontage, Wiley, CO 81092",Resident 1031,A-20031,2024/08/12,296918,gal,,R2,
M-1032,"324 South Loop, Wiley, CO 81092",Resident 1032,A-20032,2024/08/12,205036,gal,,R3,
M-1033,"331 Pioneer Rd, Wiley, CO 81092",Resident 1033,A-20033,2024/08/12,310091,gal,,R4,Known large lot / livestock
M-1034,"338 Cottonwood Dr, Wiley, CO 81092",Resident 1034,A-20034,2024/08/12,351561,gal,,R5,
M-1035,"345 Sand Creek Rd, Wiley, CO 81092",Resident 1035,A-20035,2024/08/12,403010,gal,,R6,
M-1036,"352 Prairie View, Wiley, CO 81092",Resident 1036,A-20036,2024/08/12,307976,gal,,R1,
M-1037,"359 School House Rd, Wiley, CO 81092",Resident 1037,A-20037,2024/08/12,141658,gal,,R2,
M-1038,"366 Cemetery Rd, Wiley, CO 81092",Resident 1038,A-20038,2024/08/12,154490,gal,,R3,
M-1039,"373 Grain Elevator Rd, Wiley, CO 81092",Resident 1039,A-20039,2024/08/12,217103,gal,,R4,
M-1040,"380 Main St, Wiley, CO 81092",Resident 1040,A-20040,2024/08/12,171829,gal,,R5,
M-1041,"387 County Rd 10, Wiley, CO 81092",Resident 1041,A-20041,2024/08/12,87650,gal,,R6,
M-1042,"394 County Rd 14, Wiley, CO 81092",Resident 1042,A-20042,2024/08/12,359290,gal,,R1,
M-1043,"401 Highway 287, Wiley, CO 81092",Resident 1043,A-20043,2024/08/12,338360,gal,,R2,
M-1044,"408 Maple Ave, Wiley, CO 81092",Resident 1044,A-20044,2024/08/12,86965,gal,,R3,
M-1045,"415 Oak St, Wiley, CO 81092",Resident 1045,A-20045,2024/08/12,225050,gal,,R4,
M-1046,"422 Elm St, Wiley, CO 81092",Resident 1046,A-20046,2024/08/12,86301,gal,,R5,
M-1047,"429 3rd Ave, Wiley, CO 81092",Resident 1047,A-20047,2024/08/12,80438,gal,,R6,
M-1048,"436 5th St, Wiley, CO 81092",Resident 1048,A-20048,2024/08/12,359838,gal,,R1,
M-1049,"443 Ranch Rd, Wiley, CO 81092",Resident 1049,A-20049,2024/08/12,306567,gal,,R2,
M-1050,"450 Irrigation Ln, Wiley, CO 81092",Resident 1050,A-20050,2024/08/12,317912,gal,,R3,
,UNKNOWN,,,not-a-date,abc,gal,,,BAD ROW
M-1051,"457 North Frontage, Wiley, CO 81092",Resident 1051,A-20051,2024/08/12,335831,gal,,R4,
M-1052,"464 South Loop, Wiley, CO 81092",Resident 1052,A-20052,2024/08/12,138427,gal,,R5,
M-1053,"471 Pioneer Rd, Wiley, CO 81092",Resident 1053,A-20053,2024/08/12,89199,gal,,R6,
M-1054,"478 Cottonwood Dr, Wiley, CO 81092",Resident 1054,A-20054,2024/08/12,322217,gal,,R1,
M-1055,"485 Sand Creek Rd, Wiley, CO 81092",Resident 1055,A-20055,2024/08/12,95363,gal,,R2,
M-1056,"492 Prairie View, Wiley, CO 81092",Resident 1056,A-20056,2024/08/12,157493,gal,,R3,
M-1057,"499 School House Rd, Wiley, CO 81092",Resident 1057,A-20057,2024/08/12,93781,gal,,R4,
M-1058,"506 Cemetery Rd, Wiley, CO 81092",Resident 1058,A-20058,2024/08/12,371949,gal,,R5,
M-1059,"513 Grain Elevator Rd, Wiley, CO 81092",Resident 1059,A-20059,2024/08/12,90090,gal,,R6,
M-1060,"520 Main St, Wiley, CO 81092",Resident 1060,A-20060,2024/08/12,180888,gal,,R1,
M-1061,"527 County Rd 10, Wiley, CO 81092",Resident 1061,A-20061,2024/08/12,265945,gal,,R2,
M-1062,"534 County Rd 14, Wiley, CO 81092",Resident 1062,A-20062,2024/08/12,122652,gal,,R3,
M-1063,"541 Highway 287, Wiley, CO 81092",Resident 1063,A-20063,2024/08/12,354661,gal,,R4,
M-1064,"548 Maple Ave, Wiley, CO 81092",Resident 1064,A-20064,2024/08/12,187537,gal,,R5,
M-1065,"555 Oak St, Wiley, CO 81092",Resident 1065,A-20065,2024/08/12,362892,gal,,R6,
M-1066,"562 Elm St, Wiley, CO 81092",Resident 1066,A-20066,2024/08/12,369197,gal,,R1,
M-1067,"569 3rd Ave, Wiley, CO 81092",Resident 1067,A-20067,2024/08/12,81182,gal,,R2,
M-1068,"576 5th St, Wiley, CO 81092",Resident 1068,A-20068,2024/08/12,380523,gal,,R3,
M-1069,"583 Ranch Rd, Wiley, CO 81092",Resident 1069,A-20069,2024/08/12,103481,gal,,R4,
M-1070,"590 Irrigation Ln, Wiley, CO 81092",Resident 1070,A-20070,2024/08/12,273809,gal,,R5,
M-1071,"597 North Frontage, Wiley, CO 81092",Resident 1071,A-20071,2024/08/12,398176,gal,,R6,
M-1072,"604 South Loop, Wiley, CO 81092",Resident 1072,A-20072,2024/08/12,366613,gal,,R1,
M-1073,"611 Pioneer Rd, Wiley, CO 81092",Resident 1073,A-20073,2024/08/12,351369,gal,,R2,
M-1074,"618 Cottonwood Dr, Wiley, CO 81092",Resident 1074,A-20074,2024/08/12,329738,gal,,R3,
M-1075,"625 Sand Creek Rd, Wiley, CO 81092",Resident 1075,A-20075,2024/08/12,219645,gal,,R4,
M-1076,"632 Prairie View, Wiley, CO 81092",Resident 1076,A-20076,2024/08/12,191477,gal,,R5,
M-1077,"639 School House Rd, Wiley, CO 81092",Resident 1077,A-20077,2024/08/12,160975,gal,,R6,
M-1078,"646 Cemetery Rd, Wiley, CO 81092",Resident 1078,A-20078,2024/08/12,222280,gal,,R1,
M-1079,"653 Grain Elevator Rd, Wiley, CO 81092",Resident 1079,A-20079,2024/08/12,181010,gal,,R2,
M-1080,"660 Main St, Wiley, CO 81092",Resident 1080,A-20080,2024/08/12,196439,gal,,R3,
M-1081,"667 County Rd 10, Wiley, CO 81092",Resident 1081,A-20081,2024/08/12,267406,gal,,R4,
M-1082,"674 County Rd 14, Wiley, CO 81092",Resident 1082,A-20082,2024/08/12,124838,gal,,R5,
M-1083,"681 Highway 287, Wiley, CO 81092",Resident 1083,A-20083,2024/08/12,393371,gal,,R6,
M-1084,"688 Maple Ave, Wiley, CO 81092",Resident 1084,A-20084,2024/08/12,213344,gal,,R1,
M-1085,"695 Oak St, Wiley, CO 81092",Resident 1085,A-20085,2024/08/12,296396,gal,,R2,
M-1086,"702 Elm St, Wiley, CO 81092",Resident 1086,A-20086,2024/08/12,221155,gal,,R3,
M-1087,"709 3rd Ave, Wiley, CO 81092",Resident 1087,A-20087,2024/08/12,96941,gal,,R4,
M-1088,"716 5th St, Wiley, CO 81092",Resident 1088,A-20088,2024/08/12,61059,gal,,R5,
M-1089,"723 Ranch Rd, Wiley, CO 81092",Resident 1089,A-20089,2024/08/12,313322,gal,,R6,Known large lot / livestock
M-1090,"730 Irrigation Ln, Wiley, CO 81092",Resident 1090,A-20090,2024/08/12,385260,gal,,R1,
M-1091,"737 North Frontage, Wiley, CO 81092",Resident 1091,A-20091,2024/08/12,353813,gal,,R2,
M-1092,"744 South Loop, Wiley, CO 81092",Resident 1092,A-20092,2024/08/12,107103,gal,,R3,
M-1093,"751 Pioneer Rd, Wiley, CO 81092",Resident 1093,A-20093,2024/08/12,96517,gal,,R4,
M-1094,"758 Cottonwood Dr, Wiley, CO 81092",Resident 1094,A-20094,2024/08/12,342335,gal,,R5,
M-1095,"765 Sand Creek Rd, Wiley, CO 81092",Resident 1095,A-20095,2024/08/12,167875,gal,,R6,
M-1096,"772 Prairie View, Wiley, CO 81092",Resident 1096,A-20096,2024/08/12,319832,gal,,R1,
M-1097,"779 School House Rd, Wiley, CO 81092",Resident 1097,A-20097,2024/08/12,197733,gal,,R2,
M-1098,"786 Cemetery Rd, Wiley, CO 81092",Resident 1098,A-20098,2024/08/12,127324,gal,,R3,
M-1099,"793 Grain Elevator Rd, Wiley, CO 81092",Resident 1099,A-20099,2024/08/12,238493,gal,,R4,
M-1100,"800 Main St, Wiley, CO 81092",Resident 1100,A-20100,2024/08/12,94852,gal,,R5,
M-1101,"807 County Rd 10, Wiley, CO 81092",Resident 1101,A-20101,2024/08/12,187129,gal,,R6,
M-1102,"814 County Rd 14, Wiley, CO 81092",Resident 1102,A-20102,2024/08/12,252974,gal,,R1,
M-1103,"821 Highway 287, Wiley, CO 81092",Resident 1103,A-20103,2024/08/12,205623,gal,,R2,
M-1104,"828 Maple Ave, Wiley, CO 81092",Resident 1104,A-20104,2024/08/12,142770,gal,,R3,
M-1105,"835 Oak St, Wiley, CO 81092",Resident 1105,A-20105,2024/08/12,286584,gal,,R4,
M-1106,"842 Elm St, Wiley, CO 81092",Resident 1106,A-20106,2024/08/12,347236,gal,,R5,
M-1107,"849 3rd Ave, Wiley, CO 81092",Resident 1107,A-20107,2024/08/12,212357,gal,,R6,
M-1108,"856 5th St, Wiley, CO 81092",Resident 1108,A-20108,2024/08/12,376617,gal,,R1,
M-1109,"863 Ranch Rd, Wiley, CO 81092",Resident 1109,A-20109,2024/08/12,396643,gal,,R2,
M-1110,"870 Irrigation Ln, Wiley, CO 81092",Resident 1110,A-20110,2024/08/12,333192,gal,,R3,
M-1111,"877 North Frontage, Wiley, CO 81092",Resident 1111,A-20111,2024/08/12,60441,gal,,R4,
M-1112,"884 South Loop, Wiley, CO 81092",Resident 1112,A-20112,2024/08/12,346083,gal,,R5,
M-1113,"891 Pioneer Rd, Wiley, CO 81092",Resident 1113,A-20113,2024/08/12,210246,gal,,R6,
M-1114,"898 Cottonwood Dr, Wiley, CO 81092",Resident 1114,A-20114,2024/08/12,403378,gal,,R1,
M-1115,"905 Sand Creek Rd, Wiley, CO 81092",Resident 1115,A-20115,2024/08/12,113728,gal,,R2,
M-1116,"912 Prairie View, Wiley, CO 81092",Resident 1116,A-20116,2024/08/12,130393,gal,,R3,
M-1117,"919 School House Rd, Wiley, CO 81092",Resident 1117,A-20117,2024/08/12,195490,gal,,R4,
M-1118,"926 Cemetery Rd, Wiley, CO 81092",Resident 1118,A-20118,2024/08/12,116263,gal,,R5,
M-1119,"933 Grain Elevator Rd, Wiley, CO 81092",Resident 1119,A-20119,2024/08/12,115316,gal,,R6,
M-9999,,Orphan,X,2025/13/40,-5,gal,,,invalid
M-1120,"940 Main St, Wiley, CO 81092",Resident 1120,A-20120,2024/08/12,348811,gal,,R1,
M-1121,"947 County Rd 10, Wiley, CO 81092",Resident 1121,A-20121,2024/08/12,139390,gal,,R2,
M-1122,"954 County Rd 14, Wiley, CO 81092",Resident 1122,A-20122,2024/08/12,201701,gal,,R3,
M-1123,"961 Highway 287, Wiley, CO 81092",Resident 1123,A-20123,2024/08/12,206534,gal,,R4,
M-1124,"968 Maple Ave, Wiley, CO 81092",Resident 1124,A-20124,2024/08/12,372288,gal,,R5,
M-1125,"975 Oak St, Wiley, CO 81092",Resident 1125,A-20125,2024/08/12,165634,gal,,R6,
M-1126,"982 Elm St, Wiley, CO 81092",Resident 1126,A-20126,2024/08/12,233638,gal,,R1,
M-1127,"989 3rd Ave, Wiley, CO 81092",Resident 1127,A-20127,2024/08/12,162118,gal,,R2,
M-1128,"996 5th St, Wiley, CO 81092",Resident 1128,A-20128,2024/08/12,394326,gal,,R3,
M-1129,"1003 Ranch Rd, Wiley, CO 81092",Resident 1129,A-20129,2024/08/12,198841,gal,,R4,
M-1130,"1010 Irrigation Ln, Wiley, CO 81092",Resident 1130,A-20130,2024/08/12,323632,gal,,R5,
M-1131,"1017 North Frontage, Wiley, CO 81092",Resident 1131,A-20131,2024/08/12,312385,gal,,R6,
M-1132,"1024 South Loop, Wiley, CO 81092",Resident 1132,A-20132,2024/08/12,191461,gal,,R1,
M-1133,"1031 Pioneer Rd, Wiley, CO 81092",Resident 1133,A-20133,2024/08/12,86606,gal,,R2,
M-1134,"1038 Cottonwood Dr, Wiley, CO 81092",Resident 1134,A-20134,2024/08/12,106391,gal,,R3,
M-1135,"1045 Sand Creek Rd, Wiley, CO 81092",Resident 1135,A-20135,2024/08/12,390844,gal,,R4,
M-1136,"1052 Prairie View, Wiley, CO 81092",Resident 1136,A-20136,2024/08/12,280064,gal,,R5,
M-1137,"1059 School House Rd, Wiley, CO 81092",Resident 1137,A-20137,2024/08/12,202765,gal,,R6,
M-1138,"1066 Cemetery Rd, Wiley, CO 81092",Resident 1138,A-20138,2024/08/12,78671,gal,,R1,
M-1139,"1073 Grain Elevator Rd, Wiley, CO 81092",Resident 1139,A-20139,2024/08/12,55846,gal,,R2,
M-1140,"1080 Main St, Wiley, CO 81092",Resident 1140,A-20140,2024/08/12,234732,gal,,R3,
M-1141,"1087 County Rd 10, Wiley, CO 81092",Resident 1141,A-20141,2024/08/12,127728,gal,,R4,
M-1142,"1094 County Rd 14, Wiley, CO 81092",Resident 1142,A-20142,2024/08/12,387822,gal,,R5,
M-1143,"1101 Highway 287, Wiley, CO 81092",Resident 1143,A-20143,2024/08/12,198424,gal,,R6,
M-1144,"1108 Maple Ave, Wiley, CO 81092",Resident 1144,A-20144,2024/08/12,138069,gal,,R1,
M-1145,"1115 Oak St, Wiley, CO 81092",Resident 1145,A-20145,2024/08/12,285838,gal,,R2,
M-1146,"1122 Elm St, Wiley, CO 81092",Resident 1146,A-20146,2024/08/12,343677,gal,,R3,
M-1147,"1129 3rd Ave, Wiley, CO 81092",Resident 1147,A-20147,2024/08/12,285179,gal,,R4,
M-1148,"1136 5th St, Wiley, CO 81092",Resident 1148,A-20148,2024/08/12,349272,gal,,R5,
M-1149,"1143 Ranch Rd, Wiley, CO 81092",Resident 1149,A-20149,2024/08/12,64321,gal,,R6,
M-1150,"1150 Irrigation Ln, Wiley, CO 81092",Resident 1150,A-20150,2024/08/12,117348,gal,,R1,
M-1151,"1157 North Frontage, Wiley, CO 81092",Resident 1151,A-20151,2024/08/12,99402,gal,,R2,
M-1152,"1164 South Loop, Wiley, CO 81092",Resident 1152,A-20152,2024/08/12,132181,gal,,R3,
M-1153,"1171 Pioneer Rd, Wiley, CO 81092",Resident 1153,A-20153,2024/08/12,343720,gal,,R4,
M-1154,"1178 Cottonwood Dr, Wiley, CO 81092",Resident 1154,A-20154,2024/08/12,75939,gal,,R5,
M-1155,"1185 Sand Creek Rd, Wiley, CO 81092",Resident 1155,A-20155,2024/08/12,253804,gal,,R6,
M-1156,"1192 Prairie View, Wiley, CO 81092",Resident 1156,A-20156,2024/08/12,394892,gal,,R1,Known large lot / livestock
M-1157,"1199 School House Rd, Wiley, CO 81092",Resident 1157,A-20157,2024/08/12,347894,gal,,R2,
M-1158,"1206 Cemetery Rd, Wiley, CO 81092",Resident 1158,A-20158,2024/08/12,133924,gal,,R3,
M-1159,"1213 Grain Elevator Rd, Wiley, CO 81092",Resident 1159,A-20159,2024/08/12,284524,gal,,R4,
M-1160,"1220 Main St, Wiley, CO 81092",Resident 1160,A-20160,2024/08/12,119899,gal,,R5,
M-1161,"1227 County Rd 10, Wiley, CO 81092",Resident 1161,A-20161,2024/08/12,82219,gal,,R6,
M-1162,"1234 County Rd 14, Wiley, CO 81092",Resident 1162,A-20162,2024/08/12,223314,gal,,R1,
M-1163,"1241 Highway 287, Wiley, CO 81092",Resident 1163,A-20163,2024/08/12,245123,gal,,R2,
M-1164,"1248 Maple Ave, Wiley, CO 81092",Resident 1164,A-20164,2024/08/12,82533,gal,,R3,
M-1165,"1255 Oak St, Wiley, CO 81092",Resident 1165,A-20165,2024/08/12,247386,gal,,R4,
M-1166,"1262 Elm St, Wiley, CO 81092",Resident 1166,A-20166,2024/08/12,170015,gal,,R5,
M-1167,"1269 3rd Ave, Wiley, CO 81092",Resident 1167,A-20167,2024/08/12,187422,gal,,R6,
M-1168,"1276 5th St, Wiley, CO 81092",Resident 1168,A-20168,2024/08/12,410253,gal,,R1,
M-1169,"1283 Ranch Rd, Wiley, CO 81092",Resident 1169,A-20169,2024/08/12,113844,gal,,R2,
M-1170,"1290 Irrigation Ln, Wiley, CO 81092",Resident 1170,A-20170,2024/08/12,242382,gal,,R3,
M-1171,"1297 North Frontage, Wiley, CO 81092",Resident 1171,A-20171,2024/08/12,347589,gal,,R4,
M-1172,"1304 South Loop, Wiley, CO 81092",Resident 1172,A-20172,2024/08/12,268394,gal,,R5,
M-1173,"1311 Pioneer Rd, Wiley, CO 81092",Resident 1173,A-20173,2024/08/12,384001,gal,,R6,
M-1174,"1318 Cottonwood Dr, Wiley, CO 81092",Resident 1174,A-20174,2024/08/12,135297,gal,,R1,
M-1175,"1325 Sand Creek Rd, Wiley, CO 81092",Resident 1175,A-20175,2024/08/12,181414,gal,,R2,
M-1176,"1332 Prairie View, Wiley, CO 81092",Resident 1176,A-20176,2024/08/12,138470,gal,,R3,
M-1177,"1339 School House Rd, Wiley, CO 81092",Resident 1177,A-20177,2024/08/12,153256,gal,,R4,
M-1178,"1346 Cemetery Rd, Wiley, CO 81092",Resident 1178,A-20178,2024/08/12,278336,gal,,R5,
M-1179,"1353 Grain Elevator Rd, Wiley, CO 81092",Resident 1179,A-20179,2024/08/12,69231,gal,,R6,
M-1180,"1360 Main St, Wiley, CO 81092",Resident 1180,A-20180,2024/08/12,151970,gal,,R1,
M-1181,"1367 County Rd 10, Wiley, CO 81092",Resident 1181,A-20181,2024/08/12,233880,gal,,R2,
M-1182,"1374 County Rd 14, Wiley, CO 81092",Resident 1182,A-20182,2024/08/12,271465,gal,,R3,
M-1183,"1381 Highway 287, Wiley, CO 81092",Resident 1183,A-20183,2024/08/12,187627,gal,,R4,
M-1184,"1388 Maple Ave, Wiley, CO 81092",Resident 1184,A-20184,2024/08/12,194302,gal,,R5,
M-1185,"1395 Oak St, Wiley, CO 81092",Resident 1185,A-20185,2024/08/12,143315,gal,,R6,
M-1186,"1402 Elm St, Wiley, CO 81092",Resident 1186,A-20186,2024/08/12,113427,gal,,R1,
M-1187,"1409 3rd Ave, Wiley, CO 81092",Resident 1187,A-20187,2024/08/12,261171,gal,,R2,
M-1188,"1416 5th St, Wiley, CO 81092",Resident 1188,A-20188,2024/08/12,79260,gal,,R3,
M-1189,"1423 Ranch Rd, Wiley, CO 81092",Resident 1189,A-20189,2024/08/12,306454,gal,,R4,
M-1190,"1430 Irrigation Ln, Wiley, CO 81092",Resident 1190,A-20190,2024/08/12,172242,gal,,R5,
M-1191,"1437 North Frontage, Wiley, CO 81092",Resident 1191,A-20191,2024/08/12,158724,gal,,R6,
M-1192,"1444 South Loop, Wiley, CO 81092",Resident 1192,A-20192,2024/08/12,297842,gal,,R1,
M-1193,"1451 Pioneer Rd, Wiley, CO 81092",Resident 1193,A-20193,2024/08/12,245379,gal,,R2,
M-1194,"1458 Cottonwood Dr, Wiley, CO 81092",Resident 1194,A-20194,2024/08/12,214486,gal,,R3,
M-1195,"1465 Sand Creek Rd, Wiley, CO 81092",Resident 1195,A-20195,2024/08/12,178477,gal,,R4,
M-1196,"1472 Prairie View, Wiley, CO 81092",Resident 1196,A-20196,2024/08/12,175639,gal,,R5,
M-1197,"1479 School House Rd, Wiley, CO 81092",Resident 1197,A-20197,2024/08/12,65409,gal,,R6,
M-1198,"1486 Cemetery Rd, Wiley, CO 81092",Resident 1198,A-20198,2024/08/12,405425,gal,,R1,
M-1199,"1493 Grain Elevator Rd, Wiley, CO 81092",Resident 1199,A-20199,2024/08/12,158292,gal,,R2,
M-1200,"1500 Main St, Wiley, CO 81092",Resident 1200,A-20200,2024/08/12,266857,gal,,R3,
M-1201,"1507 County Rd 10, Wiley, CO 81092",Resident 1201,A-20201,2024/08/12,225481,gal,,R4,
M-1202,"1514 County Rd 14, Wiley, CO 81092",Resident 1202,A-20202,2024/08/12,199985,gal,,R5,
M-1203,"1521 Highway 287, Wiley, CO 81092",Resident 1203,A-20203,2024/08/12,92858,gal,,R6,
M-1204,"1528 Maple Ave, Wiley, CO 81092",Resident 1204,A-20204,2024/08/12,201986,gal,,R1,
M-1205,"1535 Oak St, Wiley, CO 81092",Resident 1205,A-20205,2024/08/12,239200,gal,,R2,
M-1206,"1542 Elm St, Wiley, CO 81092",Resident 1206,A-20206,2024/08/12,389518,gal,,R3,
M-1207,"1549 3rd Ave, Wiley, CO 81092",Resident 1207,A-20207,2024/08/12,322769,gal,,R4,
M-1208,"1556 5th St, Wiley, CO 81092",Resident 1208,A-20208,2024/08/12,269516,gal,,R5,
M-1209,"1563 Ranch Rd, Wiley, CO 81092",Resident 1209,A-20209,2024/08/12,334608,gal,,R6,
M-1210,"1570 Irrigation Ln, Wiley, CO 81092",Resident 1210,A-20210,2024/08/12,227200,gal,,R1,
M-1211,"1577 North Frontage, Wiley, CO 81092",Resident 1211,A-20211,2024/08/12,75480,gal,,R2,
M-1212,"1584 South Loop, Wiley, CO 81092",Resident 1212,A-20212,2024/08/12,119378,gal,,R3,
M-1213,"1591 Pioneer Rd, Wiley, CO 81092",Resident 1213,A-20213,2024/08/12,191219,gal,,R4,
M-1214,"1598 Cottonwood Dr, Wiley, CO 81092",Resident 1214,A-20214,2024/08/12,155084,gal,,R5,
M-1215,"1605 Sand Creek Rd, Wiley, CO 81092",Resident 1215,A-20215,2024/08/12,362679,gal,,R6,
M-1216,"1612 Prairie View, Wiley, CO 81092",Resident 1216,A-20216,2024/08/12,199247,gal,,R1,
M-1217,"1619 School House Rd, Wiley, CO 81092",Resident 1217,A-20217,2024/08/12,74017,gal,,R2,
M-1218,"1626 Cemetery Rd, Wiley, CO 81092",Resident 1218,A-20218,2024/08/12,110864,gal,,R3,
M-1219,"1633 Grain Elevator Rd, Wiley, CO 81092",Resident 1219,A-20219,2024/08/12,372053,gal,,R4,
M-1220,"1640 Main St, Wiley, CO 81092",Resident 1220,A-20220,2024/08/12,284862,gal,,R5,
M-1221,"1647 County Rd 10, Wiley, CO 81092",Resident 1221,A-20221,2024/08/12,240380,gal,,R6,
M-1222,"1654 County Rd 14, Wiley, CO 81092",Resident 1222,A-20222,2024/08/12,218927,gal,,R1,
M-1223,"1661 Highway 287, Wiley, CO 81092",Resident 1223,A-20223,2024/08/12,285536,gal,,R2,
M-1224,"1668 Maple Ave, Wiley, CO 81092",Resident 1224,A-20224,2024/08/12,376773,gal,,R3,
M-1225,"1675 Oak St, Wiley, CO 81092",Resident 1225,A-20225,2024/08/12,328383,gal,,R4,
M-1226,"1682 Elm St, Wiley, CO 81092",Resident 1226,A-20226,2024/08/12,117422,gal,,R5,
M-1227,"1689 3rd Ave, Wiley, CO 81092",Resident 1227,A-20227,2024/08/12,257852,gal,,R6,
M-1228,"1696 5th St, Wiley, CO 81092",Resident 1228,A-20228,2024/08/12,361206,gal,,R1,
M-1229,"1703 Ranch Rd, Wiley, CO 81092",Resident 1229,A-20229,2024/08/12,162244,gal,,R2,
M-1230,"1710 Irrigation Ln, Wiley, CO 81092",Resident 1230,A-20230,2024/08/12,194833,gal,,R3,
M-1231,"1717 North Frontage, Wiley, CO 81092",Resident 1231,A-20231,2024/08/12,83772,gal,,R4,
M-1232,"1724 South Loop, Wiley, CO 81092",Resident 1232,A-20232,2024/08/12,283719,gal,,R5,
M-1233,"1731 Pioneer Rd, Wiley, CO 81092",Resident 1233,A-20233,2024/08/12,60712,gal,,R6,
M-1234,"1738 Cottonwood Dr, Wiley, CO 81092",Resident 1234,A-20234,2024/08/12,328139,gal,,R1,
M-1235,"1745 Sand Creek Rd, Wiley, CO 81092",Resident 1235,A-20235,2024/08/12,340661,gal,,R2,
M-1236,"1752 Prairie View, Wiley, CO 81092",Resident 1236,A-20236,2024/08/12,163631,gal,,R3,
M-1237,"1759 School House Rd, Wiley, CO 81092",Resident 1237,A-20237,2024/08/12,252093,gal,,R4,
M-1238,"1766 Cemetery Rd, Wiley, CO 81092",Resident 1238,A-20238,2024/08/12,283012,gal,,R5,
M-1239,"1773 Grain Elevator Rd, Wiley, CO 81092",Resident 1239,A-20239,2024/08/12,93501,gal,,R6,
M-1240,"1780 Main St, Wiley, CO 81092",Resident 1240,A-20240,2024/08/12,407281,gal,,R1,
M-1241,"1787 County Rd 10, Wiley, CO 81092",Resident 1241,A-20241,2024/08/12,230015,gal,,R2,
M-1242,"1794 County Rd 14, Wiley, CO 81092",Resident 1242,A-20242,2024/08/12,380566,gal,,R3,
M-1243,"1801 Highway 287, Wiley, CO 81092",Resident 1243,A-20243,2024/08/12,220400,gal,,R4,
M-1244,"1808 Maple Ave, Wiley, CO 81092",Resident 1244,A-20244,2024/08/12,425352,gal,,R5,Known large lot / livestock
M-1245,"1815 Oak St, Wiley, CO 81092",Resident 1245,A-20245,2024/08/12,119561,gal,,R6,
M-1246,"1822 Elm St, Wiley, CO 81092",Resident 1246,A-20246,2024/08/12,213395,gal,,R1,
M-1247,"1829 3rd Ave, Wiley, CO 81092",Resident 1247,A-20247,2024/08/12,319334,gal,,R2,
M-1248,"1836 5th St, Wiley, CO 81092",Resident 1248,A-20248,2024/08/12,221931,gal,,R3,
M-1249,"1843 Ranch Rd, Wiley, CO 81092",Resident 1249,A-20249,2024/08/12,409531,gal,,R4,
M-1250,"1850 Irrigation Ln, Wiley, CO 81092",Resident 1250,A-20250,2024/08/12,269175,gal,,R5,
M-1251,"1857 North Frontage, Wiley, CO 81092",Resident 1251,A-20251,2024/08/12,230554,gal,,R6,
M-1252,"1864 South Loop, Wiley, CO 81092",Resident 1252,A-20252,2024/08/12,266298,gal,,R1,
M-1253,"1871 Pioneer Rd, Wiley, CO 81092",Resident 1253,A-20253,2024/08/12,208003,gal,,R2,
M-1254,"1878 Cottonwood Dr, Wiley, CO 81092",Resident 1254,A-20254,2024/08/12,344831,gal,,R3,
M-1255,"1885 Sand Creek Rd, Wiley, CO 81092",Resident 1255,A-20255,2024/08/12,129119,gal,,R4,
M-1256,"1892 Prairie View, Wiley, CO 81092",Resident 1256,A-20256,2024/08/12,159946,gal,,R5,
M-1257,"1899 School House Rd, Wiley, CO 81092",Resident 1257,A-20257,2024/08/12,274186,gal,,R6,
M-1258,"1906 Cemetery Rd, Wiley, CO 81092",Resident 1258,A-20258,2024/08/12,404296,gal,,R1,
M-1259,"1913 Grain Elevator Rd, Wiley, CO 81092",Resident 1259,A-20259,2024/08/12,252763,gal,,R2,
M-1260,"1920 Main St, Wiley, CO 81092",Resident 1260,A-20260,2024/08/12,145002,gal,,R3,
M-1261,"1927 County Rd 10, Wiley, CO 81092",Resident 1261,A-20261,2024/08/12,378749,gal,,R4,
M-1262,"1934 County Rd 14, Wiley, CO 81092",Resident 1262,A-20262,2024/08/12,351802,gal,,R5,
M-1263,"1941 Highway 287, Wiley, CO 81092",Resident 1263,A-20263,2024/08/12,216855,gal,,R6,
M-1264,"1948 Maple Ave, Wiley, CO 81092",Resident 1264,A-20264,2024/08/12,267924,gal,,R1,
M-1265,"1955 Oak St, Wiley, CO 81092",Resident 1265,A-20265,2024/08/12,342733,gal,,R2,
M-1266,"1962 Elm St, Wiley, CO 81092",Resident 1266,A-20266,2024/08/12,59258,gal,,R3,
M-1267,"1969 3rd Ave, Wiley, CO 81092",Resident 1267,A-20267,2024/08/12,216410,gal,,R4,
M-1268,"1976 5th St, Wiley, CO 81092",Resident 1268,A-20268,2024/08/12,205684,gal,,R5,
M-1269,"1983 Ranch Rd, Wiley, CO 81092",Resident 1269,A-20269,2024/08/12,169380,gal,,R6,
M-1270,"1990 Irrigation Ln, Wiley, CO 81092",Resident 1270,A-20270,2024/08/12,279539,gal,,R1,
M-1271,"1997 North Frontage, Wiley, CO 81092",Resident 1271,A-20271,2024/08/12,364164,gal,,R2,
M-1272,"2004 South Loop, Wiley, CO 81092",Resident 1272,A-20272,2024/08/12,377925,gal,,R3,
M-1273,"2011 Pioneer Rd, Wiley, CO 81092",Resident 1273,A-20273,2024/08/12,403164,gal,,R4,
M-1274,"2018 Cottonwood Dr, Wiley, CO 81092",Resident 1274,A-20274,2024/08/12,227035,gal,,R5,
M-1275,"2025 Sand Creek Rd, Wiley, CO 81092",Resident 1275,A-20275,2024/08/12,299761,gal,,R6,
M-1276,"2032 Prairie View, Wiley, CO 81092",Resident 1276,A-20276,2024/08/12,290865,gal,,R1,
M-1277,"2039 School House Rd, Wiley, CO 81092",Resident 1277,A-20277,2024/08/12,289935,gal,,R2,
M-1278,"2046 Cemetery Rd, Wiley, CO 81092",Resident 1278,A-20278,2024/08/12,167306,gal,,R3,
M-1279,"2053 Grain Elevator Rd, Wiley, CO 81092",Resident 1279,A-20279,2024/08/12,322208,gal,,R4,
M-1280,"2060 Main St, Wiley, CO 81092",Resident 1280,A-20280,2024/08/12,302652,gal,,R5,
M-1281,"2067 County Rd 10, Wiley, CO 81092",Resident 1281,A-20281,2024/08/12,148993,gal,,R6,
M-1282,"2074 County Rd 14, Wiley, CO 81092",Resident 1282,A-20282,2024/08/12,403267,gal,,R1,
M-1283,"2081 Highway 287, Wiley, CO 81092",Resident 1283,A-20283,2024/08/12,101649,gal,,R2,
M-1284,"2088 Maple Ave, Wiley, CO 81092",Resident 1284,A-20284,2024/08/12,207375,gal,,R3,
M-1285,"2095 Oak St, Wiley, CO 81092",Resident 1285,A-20285,2024/08/12,328496,gal,,R4,
M-1286,"2102 Elm St, Wiley, CO 81092",Resident 1286,A-20286,2024/08/12,405137,gal,,R5,
M-1287,"2109 3rd Ave, Wiley, CO 81092",Resident 1287,A-20287,2024/08/12,391769,gal,,R6,
M-1288,"2116 5th St, Wiley, CO 81092",Resident 1288,A-20288,2024/08/12,378033,gal,,R1,
M-1289,"2123 Ranch Rd, Wiley, CO 81092",Resident 1289,A-20289,2024/08/12,236929,gal,,R2,
M-1290,"2130 Irrigation Ln, Wiley, CO 81092",Resident 1290,A-20290,2024/08/12,109369,gal,,R3,
M-1291,"2137 North Frontage, Wiley, CO 81092",Resident 1291,A-20291,2024/08/12,182612,gal,,R4,
M-1292,"2144 South Loop, Wiley, CO 81092",Resident 1292,A-20292,2024/08/12,216349,gal,,R5,
M-1293,"2151 Pioneer Rd, Wiley, CO 81092",Resident 1293,A-20293,2024/08/12,171621,gal,,R6,
M-1294,"2158 Cottonwood Dr, Wiley, CO 81092",Resident 1294,A-20294,2024/08/12,162268,gal,,R1,
M-1295,"2165 Sand Creek Rd, Wiley, CO 81092",Resident 1295,A-20295,2024/08/12,139741,gal,,R2,
M-1296,"2172 Prairie View, Wiley, CO 81092",Resident 1296,A-20296,2024/08/12,69527,gal,,R3,
M-1297,"2179 School House Rd, Wiley, CO 81092",Resident 1297,A-20297,2024/08/12,78399,gal,,R4,
M-1298,"2186 Cemetery Rd, Wiley, CO 81092",Resident 1298,A-20298,2024/08/12,183366,gal,,R5,
M-1299,"2193 Grain Elevator Rd, Wiley, CO 81092",Resident 1299,A-20299,2024/08/12,303493,gal,,R6,
M-1300,"2200 Main St, Wiley, CO 81092",Resident 1300,A-20300,2024/08/12,375452,gal,,R1,
M-1001,"107 County Rd 10, Wiley, CO 81092",Resident 1001,A-20001,2024/09/13,350359,gal,,R2,
M-1002,"114 County Rd 14, Wiley, CO 81092",Resident 1002,A-20002,2024/09/13,292174,gal,,R3,
M-1003,"121 Highway 287, Wiley, CO 81092",Resident 1003,A-20003,2024/09/13,129082,gal,,R4,
M-1004,"128 Maple Ave, Wiley, CO 81092",Resident 1004,A-20004,2024/09/13,293624,gal,,R5,
M-1005,"135 Oak St, Wiley, CO 81092",Resident 1005,A-20005,2024/09/13,157297,gal,,R6,
M-1006,"142 Elm St, Wiley, CO 81092",Resident 1006,A-20006,2024/09/13,206995,gal,,R1,
M-1007,"149 3rd Ave, Wiley, CO 81092",Resident 1007,A-20007,2024/09/13,303236,gal,,R2,
M-1008,"156 5th St, Wiley, CO 81092",Resident 1008,A-20008,2024/09/13,189556,gal,,R3,
M-1009,"163 Ranch Rd, Wiley, CO 81092",Resident 1009,A-20009,2024/09/13,111114,gal,,R4,
M-1010,"170 Irrigation Ln, Wiley, CO 81092",Resident 1010,A-20010,2024/09/13,289075,gal,,R5,
M-1011,"177 North Frontage, Wiley, CO 81092",Resident 1011,A-20011,2024/09/13,357444,gal,,R6,
M-1012,"184 South Loop, Wiley, CO 81092",Resident 1012,A-20012,2024/09/13,123633,gal,,R1,
M-1013,"191 Pioneer Rd, Wiley, CO 81092",Resident 1013,A-20013,2024/09/13,92059,gal,,R2,
M-1014,"198 Cottonwood Dr, Wiley, CO 81092",Resident 1014,A-20014,2024/09/13,399254,gal,,R3,
M-1015,"205 Sand Creek Rd, Wiley, CO 81092",Resident 1015,A-20015,2024/09/13,351101,gal,,R4,
M-1016,"212 Prairie View, Wiley, CO 81092",Resident 1016,A-20016,2024/09/13,72303,gal,,R5,
M-1017,"219 School House Rd, Wiley, CO 81092",Resident 1017,A-20017,2024/09/13,105135,gal,,R6,
M-1018,"226 Cemetery Rd, Wiley, CO 81092",Resident 1018,A-20018,2024/09/13,179708,gal,,R1,
M-1019,"233 Grain Elevator Rd, Wiley, CO 81092",Resident 1019,A-20019,2024/09/13,144301,gal,,R2,
M-1020,"240 Main St, Wiley, CO 81092",Resident 1020,A-20020,2024/09/13,273054,gal,,R3,
M-1021,"247 County Rd 10, Wiley, CO 81092",Resident 1021,A-20021,2024/09/13,314589,gal,,R4,
M-1022,"254 County Rd 14, Wiley, CO 81092",Resident 1022,A-20022,2024/09/13,318626,gal,,R5,
M-1023,"261 Highway 287, Wiley, CO 81092",Resident 1023,A-20023,2024/09/13,180794,gal,,R6,
M-1024,"268 Maple Ave, Wiley, CO 81092",Resident 1024,A-20024,2024/09/13,267077,gal,,R1,
M-1025,"275 Oak St, Wiley, CO 81092",Resident 1025,A-20025,2024/09/13,97596,gal,,R2,
M-1026,"282 Elm St, Wiley, CO 81092",Resident 1026,A-20026,2024/09/13,146839,gal,,R3,
M-1027,"289 3rd Ave, Wiley, CO 81092",Resident 1027,A-20027,2024/09/13,269542,gal,,R4,
M-1028,"296 5th St, Wiley, CO 81092",Resident 1028,A-20028,2024/09/13,71435,gal,,R5,
M-1029,"303 Ranch Rd, Wiley, CO 81092",Resident 1029,A-20029,2024/09/13,276120,gal,,R6,
M-1030,"310 Irrigation Ln, Wiley, CO 81092",Resident 1030,A-20030,2024/09/13,205829,gal,,R1,
M-1031,"317 North Frontage, Wiley, CO 81092",Resident 1031,A-20031,2024/09/13,303311,gal,,R2,
M-1032,"324 South Loop, Wiley, CO 81092",Resident 1032,A-20032,2024/09/13,209385,gal,,R3,
M-1033,"331 Pioneer Rd, Wiley, CO 81092",Resident 1033,A-20033,2024/09/13,337707,gal,,R4,
M-1034,"338 Cottonwood Dr, Wiley, CO 81092",Resident 1034,A-20034,2024/09/13,360781,gal,,R5,
M-1035,"345 Sand Creek Rd, Wiley, CO 81092",Resident 1035,A-20035,2024/09/13,408011,gal,,R6,
M-1036,"352 Prairie View, Wiley, CO 81092",Resident 1036,A-20036,2024/09/13,310578,gal,,R1,
M-1037,"359 School House Rd, Wiley, CO 81092",Resident 1037,A-20037,2024/09/13,152753,gal,,R2,
M-1038,"366 Cemetery Rd, Wiley, CO 81092",Resident 1038,A-20038,2024/09/13,158713,gal,,R3,
M-1039,"373 Grain Elevator Rd, Wiley, CO 81092",Resident 1039,A-20039,2024/09/13,226326,gal,,R4,
M-1040,"380 Main St, Wiley, CO 81092",Resident 1040,A-20040,2024/09/13,178170,gal,,R5,
M-1041,"387 County Rd 10, Wiley, CO 81092",Resident 1041,A-20041,2024/09/13,92847,gal,,R6,
M-1042,"394 County Rd 14, Wiley, CO 81092",Resident 1042,A-20042,2024/09/13,364223,gal,,R1,
M-1043,"401 Highway 287, Wiley, CO 81092",Resident 1043,A-20043,2024/09/13,342661,gal,,R2,
M-1044,"408 Maple Ave, Wiley, CO 81092",Resident 1044,A-20044,2024/09/13,91693,gal,,R3,
M-1045,"415 Oak St, Wiley, CO 81092",Resident 1045,A-20045,2024/09/13,235530,gal,,R4,
M-1046,"422 Elm St, Wiley, CO 81092",Resident 1046,A-20046,2024/09/13,91494,gal,,R5,
M-1047,"429 3rd Ave, Wiley, CO 81092",Resident 1047,A-20047,2024/09/13,83982,gal,,R6,
M-1048,"436 5th St, Wiley, CO 81092",Resident 1048,A-20048,2024/09/13,363677,gal,,R1,
M-1049,"443 Ranch Rd, Wiley, CO 81092",Resident 1049,A-20049,2024/09/13,312562,gal,,R2,
M-1050,"450 Irrigation Ln, Wiley, CO 81092",Resident 1050,A-20050,2024/09/13,321557,gal,,R3,
M-1051,"457 North Frontage, Wiley, CO 81092",Resident 1051,A-20051,2024/09/13,341070,gal,,R4,
M-1052,"464 South Loop, Wiley, CO 81092",Resident 1052,A-20052,2024/09/13,145015,gal,,R5,
M-1053,"471 Pioneer Rd, Wiley, CO 81092",Resident 1053,A-20053,2024/09/13,97684,gal,,R6,
M-1054,"478 Cottonwood Dr, Wiley, CO 81092",Resident 1054,A-20054,2024/09/13,326845,gal,,R1,
M-1055,"485 Sand Creek Rd, Wiley, CO 81092",Resident 1055,A-20055,2024/09/13,98000,gal,,R2,
M-1056,"492 Prairie View, Wiley, CO 81092",Resident 1056,A-20056,2024/09/13,167039,gal,,R3,
M-1057,"499 School House Rd, Wiley, CO 81092",Resident 1057,A-20057,2024/09/13,100745,gal,,R4,
M-1058,"506 Cemetery Rd, Wiley, CO 81092",Resident 1058,A-20058,2024/09/13,378604,gal,,R5,
M-1059,"513 Grain Elevator Rd, Wiley, CO 81092",Resident 1059,A-20059,2024/09/13,94342,gal,,R6,
M-1060,"520 Main St, Wiley, CO 81092",Resident 1060,A-20060,2024/09/13,187738,gal,,R1,
M-1061,"527 County Rd 10, Wiley, CO 81092",Resident 1061,A-20061,2024/09/13,269178,gal,,R2,
M-1062,"534 County Rd 14, Wiley, CO 81092",Resident 1062,A-20062,2024/09/13,129495,gal,,R3,
M-1063,"541 Highway 287, Wiley, CO 81092",Resident 1063,A-20063,2024/09/13,360479,gal,,R4,
M-1064,"548 Maple Ave, Wiley, CO 81092",Resident 1064,A-20064,2024/09/13,195984,gal,,R5,
M-1065,"555 Oak St, Wiley, CO 81092",Resident 1065,A-20065,2024/09/13,371790,gal,,R6,
M-1066,"562 Elm St, Wiley, CO 81092",Resident 1066,A-20066,2024/09/13,375149,gal,,R1,
M-1067,"569 3rd Ave, Wiley, CO 81092",Resident 1067,A-20067,2024/09/13,88608,gal,,R2,
M-1068,"576 5th St, Wiley, CO 81092",Resident 1068,A-20068,2024/09/13,385300,gal,,R3,
M-1069,"583 Ranch Rd, Wiley, CO 81092",Resident 1069,A-20069,2024/09/13,113968,gal,,R4,
M-1070,"590 Irrigation Ln, Wiley, CO 81092",Resident 1070,A-20070,2024/09/13,276748,gal,,R5,
M-1071,"597 North Frontage, Wiley, CO 81092",Resident 1071,A-20071,2024/09/13,401182,gal,,R6,
M-1072,"604 South Loop, Wiley, CO 81092",Resident 1072,A-20072,2024/09/13,375066,gal,,R1,
M-1073,"611 Pioneer Rd, Wiley, CO 81092",Resident 1073,A-20073,2024/09/13,356636,gal,,R2,
M-1074,"618 Cottonwood Dr, Wiley, CO 81092",Resident 1074,A-20074,2024/09/13,335006,gal,,R3,
M-1075,"625 Sand Creek Rd, Wiley, CO 81092",Resident 1075,A-20075,2024/09/13,223299,gal,,R4,
M-1076,"632 Prairie View, Wiley, CO 81092",Resident 1076,A-20076,2024/09/13,196715,gal,,R5,
M-1077,"639 School House Rd, Wiley, CO 81092",Resident 1077,A-20077,2024/09/13,164222,gal,,R6,
M-1078,"646 Cemetery Rd, Wiley, CO 81092",Resident 1078,A-20078,2024/09/13,228921,gal,,R1,
M-1079,"653 Grain Elevator Rd, Wiley, CO 81092",Resident 1079,A-20079,2024/09/13,186027,gal,,R2,
M-1080,"660 Main St, Wiley, CO 81092",Resident 1080,A-20080,2024/09/13,204126,gal,,R3,
M-1081,"667 County Rd 10, Wiley, CO 81092",Resident 1081,A-20081,2024/09/13,275943,gal,,R4,
M-1082,"674 County Rd 14, Wiley, CO 81092",Resident 1082,A-20082,2024/09/13,131377,gal,,R5,
M-1083,"681 Highway 287, Wiley, CO 81092",Resident 1083,A-20083,2024/09/13,397168,gal,,R6,
M-1084,"688 Maple Ave, Wiley, CO 81092",Resident 1084,A-20084,2024/09/13,218997,gal,,R1,
M-1085,"695 Oak St, Wiley, CO 81092",Resident 1085,A-20085,2024/09/13,302425,gal,,R2,
M-1086,"702 Elm St, Wiley, CO 81092",Resident 1086,A-20086,2024/09/13,226332,gal,,R3,
M-1087,"709 3rd Ave, Wiley, CO 81092",Resident 1087,A-20087,2024/09/13,105757,gal,,R4,
M-1088,"716 5th St, Wiley, CO 81092",Resident 1088,A-20088,2024/09/13,65572,gal,,R5,
M-1089,"723 Ranch Rd, Wiley, CO 81092",Resident 1089,A-20089,2024/09/13,335621,gal,,R6,
M-1090,"730 Irrigation Ln, Wiley, CO 81092",Resident 1090,A-20090,2024/09/13,393144,gal,,R1,
M-1091,"737 North Frontage, Wiley, CO 81092",Resident 1091,A-20091,2024/09/13,362456,gal,,R2,
M-1092,"744 South Loop, Wiley, CO 81092",Resident 1092,A-20092,2024/09/13,111298,gal,,R3,
M-1093,"751 Pioneer Rd, Wiley, CO 81092",Resident 1093,A-20093,2024/09/13,103976,gal,,R4,
M-1094,"758 Cottonwood Dr, Wiley, CO 81092",Resident 1094,A-20094,2024/09/13,351231,gal,,R5,
M-1095,"765 Sand Creek Rd, Wiley, CO 81092",Resident 1095,A-20095,2024/09/13,172259,gal,,R6,
M-1096,"772 Prairie View, Wiley, CO 81092",Resident 1096,A-20096,2024/09/13,324141,gal,,R1,
M-1097,"779 School House Rd, Wiley, CO 81092",Resident 1097,A-20097,2024/09/13,204765,gal,,R2,
M-1098,"786 Cemetery Rd, Wiley, CO 81092",Resident 1098,A-20098,2024/09/13,132940,gal,,R3,
M-1099,"793 Grain Elevator Rd, Wiley, CO 81092",Resident 1099,A-20099,2024/09/13,243984,gal,,R4,
M-1100,"800 Main St, Wiley, CO 81092",Resident 1100,A-20100,2024/09/13,102238,gal,,R5,
M-1101,"807 County Rd 10, Wiley, CO 81092",Resident 1101,A-20101,2024/09/13,196803,gal,,R6,
M-1102,"814 County Rd 14, Wiley, CO 81092",Resident 1102,A-20102,2024/09/13,261229,gal,,R1,
M-1103,"821 Highway 287, Wiley, CO 81092",Resident 1103,A-20103,2024/09/13,210651,gal,,R2,
M-1104,"828 Maple Ave, Wiley, CO 81092",Resident 1104,A-20104,2024/09/13,151442,gal,,R3,
M-1105,"835 Oak St, Wiley, CO 81092",Resident 1105,A-20105,2024/09/13,292442,gal,,R4,
M-1106,"842 Elm St, Wiley, CO 81092",Resident 1106,A-20106,2024/09/13,357944,gal,,R5,
M-1107,"849 3rd Ave, Wiley, CO 81092",Resident 1107,A-20107,2024/09/13,215854,gal,,R6,
M-1108,"856 5th St, Wiley, CO 81092",Resident 1108,A-20108,2024/09/13,381297,gal,,R1,
M-1109,"863 Ranch Rd, Wiley, CO 81092",Resident 1109,A-20109,2024/09/13,399081,gal,,R2,
M-1110,"870 Irrigation Ln, Wiley, CO 81092",Resident 1110,A-20110,2024/09/13,338697,gal,,R3,
M-1111,"877 North Frontage, Wiley, CO 81092",Resident 1111,A-20111,2024/09/13,66920,gal,,R4,
M-1112,"884 South Loop, Wiley, CO 81092",Resident 1112,A-20112,2024/09/13,351695,gal,,R5,
M-1113,"891 Pioneer Rd, Wiley, CO 81092",Resident 1113,A-20113,2024/09/13,213753,gal,,R6,
M-1114,"898 Cottonwood Dr, Wiley, CO 81092",Resident 1114,A-20114,2024/09/13,407814,gal,,R1,
M-1115,"905 Sand Creek Rd, Wiley, CO 81092",Resident 1115,A-20115,2024/09/13,121662,gal,,R2,
M-1116,"912 Prairie View, Wiley, CO 81092",Resident 1116,A-20116,2024/09/13,139566,gal,,R3,
M-1117,"919 School House Rd, Wiley, CO 81092",Resident 1117,A-20117,2024/09/13,201350,gal,,R4,
M-1118,"926 Cemetery Rd, Wiley, CO 81092",Resident 1118,A-20118,2024/09/13,120672,gal,,R5,
M-1119,"933 Grain Elevator Rd, Wiley, CO 81092",Resident 1119,A-20119,2024/09/13,124424,gal,,R6,
M-1120,"940 Main St, Wiley, CO 81092",Resident 1120,A-20120,2024/09/13,355293,gal,,R1,
M-1121,"947 County Rd 10, Wiley, CO 81092",Resident 1121,A-20121,2024/09/13,145589,gal,,R2,
M-1122,"954 County Rd 14, Wiley, CO 81092",Resident 1122,A-20122,2024/09/13,211495,gal,,R3,
M-1123,"961 Highway 287, Wiley, CO 81092",Resident 1123,A-20123,2024/09/13,213053,gal,,R4,
M-1124,"968 Maple Ave, Wiley, CO 81092",Resident 1124,A-20124,2024/09/13,376387,gal,,R5,
M-1125,"975 Oak St, Wiley, CO 81092",Resident 1125,A-20125,2024/09/13,170884,gal,,R6,
M-1126,"982 Elm St, Wiley, CO 81092",Resident 1126,A-20126,2024/09/13,237888,gal,,R1,
M-1127,"989 3rd Ave, Wiley, CO 81092",Resident 1127,A-20127,2024/09/13,167483,gal,,R2,
M-1128,"996 5th St, Wiley, CO 81092",Resident 1128,A-20128,2024/09/13,404902,gal,,R3,
M-1129,"1003 Ranch Rd, Wiley, CO 81092",Resident 1129,A-20129,2024/09/13,206377,gal,,R4,
M-1130,"1010 Irrigation Ln, Wiley, CO 81092",Resident 1130,A-20130,2024/09/13,330820,gal,,R5,
M-1131,"1017 North Frontage, Wiley, CO 81092",Resident 1131,A-20131,2024/09/13,317718,gal,,R6,
M-1132,"1024 South Loop, Wiley, CO 81092",Resident 1132,A-20132,2024/09/13,201772,gal,,R1,
M-1133,"1031 Pioneer Rd, Wiley, CO 81092",Resident 1133,A-20133,2024/09/13,95539,gal,,R2,
M-1134,"1038 Cottonwood Dr, Wiley, CO 81092",Resident 1134,A-20134,2024/09/13,112042,gal,,R3,
M-1135,"1045 Sand Creek Rd, Wiley, CO 81092",Resident 1135,A-20135,2024/09/13,397831,gal,,R4,
M-1136,"1052 Prairie View, Wiley, CO 81092",Resident 1136,A-20136,2024/09/13,286603,gal,,R5,
M-1137,"1059 School House Rd, Wiley, CO 81092",Resident 1137,A-20137,2024/09/13,209454,gal,,R6,
M-1138,"1066 Cemetery Rd, Wiley, CO 81092",Resident 1138,A-20138,2024/09/13,83952,gal,,R1,
M-1139,"1073 Grain Elevator Rd, Wiley, CO 81092",Resident 1139,A-20139,2024/09/13,59962,gal,,R2,
M-1140,"1080 Main St, Wiley, CO 81092",Resident 1140,A-20140,2024/09/13,241916,gal,,R3,
M-1141,"1087 County Rd 10, Wiley, CO 81092",Resident 1141,A-20141,2024/09/13,134041,gal,,R4,
M-1142,"1094 County Rd 14, Wiley, CO 81092",Resident 1142,A-20142,2024/09/13,391343,gal,,R5,
M-1143,"1101 Highway 287, Wiley, CO 81092",Resident 1143,A-20143,2024/09/13,209152,gal,,R6,
M-1144,"1108 Maple Ave, Wiley, CO 81092",Resident 1144,A-20144,2024/09/13,140991,gal,,R1,
M-1145,"1115 Oak St, Wiley, CO 81092",Resident 1145,A-20145,2024/09/13,289608,gal,,R2,
M-1146,"1122 Elm St, Wiley, CO 81092",Resident 1146,A-20146,2024/09/13,348127,gal,,R3,
M-1147,"1129 3rd Ave, Wiley, CO 81092",Resident 1147,A-20147,2024/09/13,292470,gal,,R4,
M-1148,"1136 5th St, Wiley, CO 81092",Resident 1148,A-20148,2024/09/13,353667,gal,,R5,
M-1149,"1143 Ranch Rd, Wiley, CO 81092",Resident 1149,A-20149,2024/09/13,72706,gal,,R6,
M-1150,"1150 Irrigation Ln, Wiley, CO 81092",Resident 1150,A-20150,2024/09/13,123610,gal,,R1,
M-1151,"1157 North Frontage, Wiley, CO 81092",Resident 1151,A-20151,2024/09/13,106683,gal,,R2,
M-1152,"1164 South Loop, Wiley, CO 81092",Resident 1152,A-20152,2024/09/13,135338,gal,,R3,
M-1153,"1171 Pioneer Rd, Wiley, CO 81092",Resident 1153,A-20153,2024/09/13,349996,gal,,R4,
M-1154,"1178 Cottonwood Dr, Wiley, CO 81092",Resident 1154,A-20154,2024/09/13,82601,gal,,R5,
M-1155,"1185 Sand Creek Rd, Wiley, CO 81092",Resident 1155,A-20155,2024/09/13,261140,gal,,R6,
M-1156,"1192 Prairie View, Wiley, CO 81092",Resident 1156,A-20156,2024/09/13,420681,gal,,R1,
M-1157,"1199 School House Rd, Wiley, CO 81092",Resident 1157,A-20157,2024/09/13,356244,gal,,R2,
M-1158,"1206 Cemetery Rd, Wiley, CO 81092",Resident 1158,A-20158,2024/09/13,138997,gal,,R3,
M-1159,"1213 Grain Elevator Rd, Wiley, CO 81092",Resident 1159,A-20159,2024/09/13,291663,gal,,R4,
M-1160,"1220 Main St, Wiley, CO 81092",Resident 1160,A-20160,2024/09/13,122863,gal,,R5,
M-1161,"1227 County Rd 10, Wiley, CO 81092",Resident 1161,A-20161,2024/09/13,90199,gal,,R6,
M-1162,"1234 County Rd 14, Wiley, CO 81092",Resident 1162,A-20162,2024/09/13,232524,gal,,R1,
M-1163,"1241 Highway 287, Wiley, CO 81092",Resident 1163,A-20163,2024/09/13,248465,gal,,R2,
M-1164,"1248 Maple Ave, Wiley, CO 81092",Resident 1164,A-20164,2024/09/13,90827,gal,,R3,
M-1165,"1255 Oak St, Wiley, CO 81092",Resident 1165,A-20165,2024/09/13,253856,gal,,R4,
M-1166,"1262 Elm St, Wiley, CO 81092",Resident 1166,A-20166,2024/09/13,180496,gal,,R5,
M-1167,"1269 3rd Ave, Wiley, CO 81092",Resident 1167,A-20167,2024/09/13,193071,gal,,R6,
M-1168,"1276 5th St, Wiley, CO 81092",Resident 1168,A-20168,2024/09/13,420543,gal,,R1,
M-1169,"1283 Ranch Rd, Wiley, CO 81092",Resident 1169,A-20169,2024/09/13,121532,gal,,R2,
M-1170,"1290 Irrigation Ln, Wiley, CO 81092",Resident 1170,A-20170,2024/09/13,248015,gal,,R3,
M-1171,"1297 North Frontage, Wiley, CO 81092",Resident 1171,A-20171,2024/09/13,351003,gal,,R4,
M-1172,"1304 South Loop, Wiley, CO 81092",Resident 1172,A-20172,2024/09/13,273827,gal,,R5,
M-1173,"1311 Pioneer Rd, Wiley, CO 81092",Resident 1173,A-20173,2024/09/13,390902,gal,,R6,
M-1174,"1318 Cottonwood Dr, Wiley, CO 81092",Resident 1174,A-20174,2024/09/13,139224,gal,,R1,
M-1175,"1325 Sand Creek Rd, Wiley, CO 81092",Resident 1175,A-20175,2024/09/13,187707,gal,,R2,
M-1176,"1332 Prairie View, Wiley, CO 81092",Resident 1176,A-20176,2024/09/13,141295,gal,,R3,
M-1177,"1339 School House Rd, Wiley, CO 81092",Resident 1177,A-20177,2024/09/13,161746,gal,,R4,
M-1178,"1346 Cemetery Rd, Wiley, CO 81092",Resident 1178,A-20178,2024/09/13,287323,gal,,R5,
M-1179,"1353 Grain Elevator Rd, Wiley, CO 81092",Resident 1179,A-20179,2024/09/13,74216,gal,,R6,
M-1180,"1360 Main St, Wiley, CO 81092",Resident 1180,A-20180,2024/09/13,158643,gal,,R1,
M-1181,"1367 County Rd 10, Wiley, CO 81092",Resident 1181,A-20181,2024/09/13,243796,gal,,R2,
M-1182,"1374 County Rd 14, Wiley, CO 81092",Resident 1182,A-20182,2024/09/13,275771,gal,,R3,
M-1183,"1381 Highway 287, Wiley, CO 81092",Resident 1183,A-20183,2024/09/13,196019,gal,,R4,
M-1184,"1388 Maple Ave, Wiley, CO 81092",Resident 1184,A-20184,2024/09/13,197616,gal,,R5,
M-1185,"1395 Oak St, Wiley, CO 81092",Resident 1185,A-20185,2024/09/13,152942,gal,,R6,
M-1186,"1402 Elm St, Wiley, CO 81092",Resident 1186,A-20186,2024/09/13,119021,gal,,R1,
M-1187,"1409 3rd Ave, Wiley, CO 81092",Resident 1187,A-20187,2024/09/13,269141,gal,,R2,
M-1188,"1416 5th St, Wiley, CO 81092",Resident 1188,A-20188,2024/09/13,86716,gal,,R3,
M-1189,"1423 Ranch Rd, Wiley, CO 81092",Resident 1189,A-20189,2024/09/13,315180,gal,,R4,
M-1190,"1430 Irrigation Ln, Wiley, CO 81092",Resident 1190,A-20190,2024/09/13,176968,gal,,R5,
M-1191,"1437 North Frontage, Wiley, CO 81092",Resident 1191,A-20191,2024/09/13,162156,gal,,R6,
M-1192,"1444 South Loop, Wiley, CO 81092",Resident 1192,A-20192,2024/09/13,304087,gal,,R1,
M-1193,"1451 Pioneer Rd, Wiley, CO 81092",Resident 1193,A-20193,2024/09/13,255082,gal,,R2,
M-1194,"1458 Cottonwood Dr, Wiley, CO 81092",Resident 1194,A-20194,2024/09/13,219028,gal,,R3,
M-1195,"1465 Sand Creek Rd, Wiley, CO 81092",Resident 1195,A-20195,2024/09/13,185599,gal,,R4,
M-1196,"1472 Prairie View, Wiley, CO 81092",Resident 1196,A-20196,2024/09/13,183839,gal,,R5,
M-1197,"1479 School House Rd, Wiley, CO 81092",Resident 1197,A-20197,2024/09/13,68025,gal,,R6,
M-1198,"1486 Cemetery Rd, Wiley, CO 81092",Resident 1198,A-20198,2024/09/13,413234,gal,,R1,
M-1199,"1493 Grain Elevator Rd, Wiley, CO 81092",Resident 1199,A-20199,2024/09/13,164104,gal,,R2,
M-1200,"1500 Main St, Wiley, CO 81092",Resident 1200,A-20200,2024/09/13,274247,gal,,R3,
M-1201,"1507 County Rd 10, Wiley, CO 81092",Resident 1201,A-20201,2024/09/13,228338,gal,,R4,
M-1202,"1514 County Rd 14, Wiley, CO 81092",Resident 1202,A-20202,2024/09/13,203805,gal,,R5,
M-1203,"1521 Highway 287, Wiley, CO 81092",Resident 1203,A-20203,2024/09/13,99091,gal,,R6,
M-1204,"1528 Maple Ave, Wiley, CO 81092",Resident 1204,A-20204,2024/09/13,207963,gal,,R1,
M-1205,"1535 Oak St, Wiley, CO 81092",Resident 1205,A-20205,2024/09/13,244169,gal,,R2,
M-1206,"1542 Elm St, Wiley, CO 81092",Resident 1206,A-20206,2024/09/13,392965,gal,,R3,
M-1207,"1549 3rd Ave, Wiley, CO 81092",Resident 1207,A-20207,2024/09/13,327778,gal,,R4,
M-1208,"1556 5th St, Wiley, CO 81092",Resident 1208,A-20208,2024/09/13,276938,gal,,R5,
M-1209,"1563 Ranch Rd, Wiley, CO 81092",Resident 1209,A-20209,2024/09/13,337821,gal,,R6,
M-1210,"1570 Irrigation Ln, Wiley, CO 81092",Resident 1210,A-20210,2024/09/13,230615,gal,,R1,
M-1211,"1577 North Frontage, Wiley, CO 81092",Resident 1211,A-20211,2024/09/13,85561,gal,,R2,
M-1212,"1584 South Loop, Wiley, CO 81092",Resident 1212,A-20212,2024/09/13,125612,gal,,R3,
M-1213,"1591 Pioneer Rd, Wiley, CO 81092",Resident 1213,A-20213,2024/09/13,194204,gal,,R4,
M-1214,"1598 Cottonwood Dr, Wiley, CO 81092",Resident 1214,A-20214,2024/09/13,165498,gal,,R5,
M-1215,"1605 Sand Creek Rd, Wiley, CO 81092",Resident 1215,A-20215,2024/09/13,369492,gal,,R6,
M-1216,"1612 Prairie View, Wiley, CO 81092",Resident 1216,A-20216,2024/09/13,207915,gal,,R1,
M-1217,"1619 School House Rd, Wiley, CO 81092",Resident 1217,A-20217,2024/09/13,77775,gal,,R2,
M-1218,"1626 Cemetery Rd, Wiley, CO 81092",Resident 1218,A-20218,2024/09/13,115131,gal,,R3,
M-1219,"1633 Grain Elevator Rd, Wiley, CO 81092",Resident 1219,A-20219,2024/09/13,380878,gal,,R4,
M-1220,"1640 Main St, Wiley, CO 81092",Resident 1220,A-20220,2024/09/13,292738,gal,,R5,
M-1221,"1647 County Rd 10, Wiley, CO 81092",Resident 1221,A-20221,2024/09/13,248852,gal,,R6,
M-1222,"1654 County Rd 14, Wiley, CO 81092",Resident 1222,A-20222,2024/09/13,222713,gal,,R1,
M-1223,"1661 Highway 287, Wiley, CO 81092",Resident 1223,A-20223,2024/09/13,291052,gal,,R2,
M-1224,"1668 Maple Ave, Wiley, CO 81092",Resident 1224,A-20224,2024/09/13,384232,gal,,R3,
M-1225,"1675 Oak St, Wiley, CO 81092",Resident 1225,A-20225,2024/09/13,337385,gal,,R4,
M-1226,"1682 Elm St, Wiley, CO 81092",Resident 1226,A-20226,2024/09/13,124419,gal,,R5,
M-1227,"1689 3rd Ave, Wiley, CO 81092",Resident 1227,A-20227,2024/09/13,262158,gal,,R6,
M-1228,"1696 5th St, Wiley, CO 81092",Resident 1228,A-20228,2024/09/13,367937,gal,,R1,
M-1229,"1703 Ranch Rd, Wiley, CO 81092",Resident 1229,A-20229,2024/09/13,173228,gal,,R2,
M-1230,"1710 Irrigation Ln, Wiley, CO 81092",Resident 1230,A-20230,2024/09/13,203225,gal,,R3,
M-1231,"1717 North Frontage, Wiley, CO 81092",Resident 1231,A-20231,2024/09/13,94064,gal,,R4,
M-1232,"1724 South Loop, Wiley, CO 81092",Resident 1232,A-20232,2024/09/13,288621,gal,,R5,
M-1233,"1731 Pioneer Rd, Wiley, CO 81092",Resident 1233,A-20233,2024/09/13,70579,gal,,R6,
M-1234,"1738 Cottonwood Dr, Wiley, CO 81092",Resident 1234,A-20234,2024/09/13,334391,gal,,R1,
M-1235,"1745 Sand Creek Rd, Wiley, CO 81092",Resident 1235,A-20235,2024/09/13,347830,gal,,R2,
M-1236,"1752 Prairie View, Wiley, CO 81092",Resident 1236,A-20236,2024/09/13,173297,gal,,R3,
M-1237,"1759 School House Rd, Wiley, CO 81092",Resident 1237,A-20237,2024/09/13,260396,gal,,R4,
M-1238,"1766 Cemetery Rd, Wiley, CO 81092",Resident 1238,A-20238,2024/09/13,289587,gal,,R5,
M-1239,"1773 Grain Elevator Rd, Wiley, CO 81092",Resident 1239,A-20239,2024/09/13,99186,gal,,R6,
M-1240,"1780 Main St, Wiley, CO 81092",Resident 1240,A-20240,2024/09/13,414767,gal,,R1,
M-1241,"1787 County Rd 10, Wiley, CO 81092",Resident 1241,A-20241,2024/09/13,236705,gal,,R2,
M-1242,"1794 County Rd 14, Wiley, CO 81092",Resident 1242,A-20242,2024/09/13,384425,gal,,R3,
M-1243,"1801 Highway 287, Wiley, CO 81092",Resident 1243,A-20243,2024/09/13,225516,gal,,R4,
M-1244,"1808 Maple Ave, Wiley, CO 81092",Resident 1244,A-20244,2024/09/13,450917,gal,,R5,
M-1245,"1815 Oak St, Wiley, CO 81092",Resident 1245,A-20245,2024/09/13,122996,gal,,R6,
M-1246,"1822 Elm St, Wiley, CO 81092",Resident 1246,A-20246,2024/09/13,219864,gal,,R1,
M-1247,"1829 3rd Ave, Wiley, CO 81092",Resident 1247,A-20247,2024/09/13,321741,gal,,R2,
M-1248,"1836 5th St, Wiley, CO 81092",Resident 1248,A-20248,2024/09/13,229358,gal,,R3,
M-1249,"1843 Ranch Rd, Wiley, CO 81092",Resident 1249,A-20249,2024/09/13,416174,gal,,R4,
M-1250,"1850 Irrigation Ln, Wiley, CO 81092",Resident 1250,A-20250,2024/09/13,274414,gal,,R5,
M-1251,"1857 North Frontage, Wiley, CO 81092",Resident 1251,A-20251,2024/09/13,238775,gal,,R6,
M-1252,"1864 South Loop, Wiley, CO 81092",Resident 1252,A-20252,2024/09/13,271476,gal,,R1,
M-1253,"1871 Pioneer Rd, Wiley, CO 81092",Resident 1253,A-20253,2024/09/13,210382,gal,,R2,
M-1254,"1878 Cottonwood Dr, Wiley, CO 81092",Resident 1254,A-20254,2024/09/13,347610,gal,,R3,
M-1255,"1885 Sand Creek Rd, Wiley, CO 81092",Resident 1255,A-20255,2024/09/13,139210,gal,,R4,
M-1256,"1892 Prairie View, Wiley, CO 81092",Resident 1256,A-20256,2024/09/13,169461,gal,,R5,
M-1257,"1899 School House Rd, Wiley, CO 81092",Resident 1257,A-20257,2024/09/13,277087,gal,,R6,
M-1258,"1906 Cemetery Rd, Wiley, CO 81092",Resident 1258,A-20258,2024/09/13,408853,gal,,R1,
M-1259,"1913 Grain Elevator Rd, Wiley, CO 81092",Resident 1259,A-20259,2024/09/13,255585,gal,,R2,
M-1260,"1920 Main St, Wiley, CO 81092",Resident 1260,A-20260,2024/09/13,148205,gal,,R3,
M-1261,"1927 County Rd 10, Wiley, CO 81092",Resident 1261,A-20261,2024/09/13,384059,gal,,R4,
M-1262,"1934 County Rd 14, Wiley, CO 81092",Resident 1262,A-20262,2024/09/13,354991,gal,,R5,
M-1263,"1941 Highway 287, Wiley, CO 81092",Resident 1263,A-20263,2024/09/13,223336,gal,,R6,
M-1264,"1948 Maple Ave, Wiley, CO 81092",Resident 1264,A-20264,2024/09/13,273249,gal,,R1,
M-1265,"1955 Oak St, Wiley, CO 81092",Resident 1265,A-20265,2024/09/13,347322,gal,,R2,
M-1266,"1962 Elm St, Wiley, CO 81092",Resident 1266,A-20266,2024/09/13,67967,gal,,R3,
M-1267,"1969 3rd Ave, Wiley, CO 81092",Resident 1267,A-20267,2024/09/13,223875,gal,,R4,
M-1268,"1976 5th St, Wiley, CO 81092",Resident 1268,A-20268,2024/09/13,210564,gal,,R5,
M-1269,"1983 Ranch Rd, Wiley, CO 81092",Resident 1269,A-20269,2024/09/13,178007,gal,,R6,
M-1270,"1990 Irrigation Ln, Wiley, CO 81092",Resident 1270,A-20270,2024/09/13,283222,gal,,R1,
M-1271,"1997 North Frontage, Wiley, CO 81092",Resident 1271,A-20271,2024/09/13,374186,gal,,R2,
M-1272,"2004 South Loop, Wiley, CO 81092",Resident 1272,A-20272,2024/09/13,385013,gal,,R3,
M-1273,"2011 Pioneer Rd, Wiley, CO 81092",Resident 1273,A-20273,2024/09/13,410918,gal,,R4,
M-1274,"2018 Cottonwood Dr, Wiley, CO 81092",Resident 1274,A-20274,2024/09/13,233177,gal,,R5,
M-1275,"2025 Sand Creek Rd, Wiley, CO 81092",Resident 1275,A-20275,2024/09/13,304564,gal,,R6,
M-1276,"2032 Prairie View, Wiley, CO 81092",Resident 1276,A-20276,2024/09/13,297657,gal,,R1,
M-1277,"2039 School House Rd, Wiley, CO 81092",Resident 1277,A-20277,2024/09/13,297161,gal,,R2,
M-1278,"2046 Cemetery Rd, Wiley, CO 81092",Resident 1278,A-20278,2024/09/13,171022,gal,,R3,
M-1279,"2053 Grain Elevator Rd, Wiley, CO 81092",Resident 1279,A-20279,2024/09/13,325493,gal,,R4,
M-1280,"2060 Main St, Wiley, CO 81092",Resident 1280,A-20280,2024/09/13,306036,gal,,R5,
M-1281,"2067 County Rd 10, Wiley, CO 81092",Resident 1281,A-20281,2024/09/13,158911,gal,,R6,
M-1282,"2074 County Rd 14, Wiley, CO 81092",Resident 1282,A-20282,2024/09/13,410560,gal,,R1,
M-1283,"2081 Highway 287, Wiley, CO 81092",Resident 1283,A-20283,2024/09/13,106811,gal,,R2,
M-1284,"2088 Maple Ave, Wiley, CO 81092",Resident 1284,A-20284,2024/09/13,214257,gal,,R3,
M-1285,"2095 Oak St, Wiley, CO 81092",Resident 1285,A-20285,2024/09/13,334983,gal,,R4,
M-1286,"2102 Elm St, Wiley, CO 81092",Resident 1286,A-20286,2024/09/13,413059,gal,,R5,
M-1287,"2109 3rd Ave, Wiley, CO 81092",Resident 1287,A-20287,2024/09/13,400768,gal,,R6,
M-1288,"2116 5th St, Wiley, CO 81092",Resident 1288,A-20288,2024/09/13,380979,gal,,R1,
M-1289,"2123 Ranch Rd, Wiley, CO 81092",Resident 1289,A-20289,2024/09/13,244976,gal,,R2,
M-1290,"2130 Irrigation Ln, Wiley, CO 81092",Resident 1290,A-20290,2024/09/13,117070,gal,,R3,
M-1291,"2137 North Frontage, Wiley, CO 81092",Resident 1291,A-20291,2024/09/13,192128,gal,,R4,
M-1292,"2144 South Loop, Wiley, CO 81092",Resident 1292,A-20292,2024/09/13,219758,gal,,R5,
M-1293,"2151 Pioneer Rd, Wiley, CO 81092",Resident 1293,A-20293,2024/09/13,174872,gal,,R6,
M-1294,"2158 Cottonwood Dr, Wiley, CO 81092",Resident 1294,A-20294,2024/09/13,168859,gal,,R1,
M-1295,"2165 Sand Creek Rd, Wiley, CO 81092",Resident 1295,A-20295,2024/09/13,149404,gal,,R2,
M-1296,"2172 Prairie View, Wiley, CO 81092",Resident 1296,A-20296,2024/09/13,74430,gal,,R3,
M-1297,"2179 School House Rd, Wiley, CO 81092",Resident 1297,A-20297,2024/09/13,82264,gal,,R4,
M-1298,"2186 Cemetery Rd, Wiley, CO 81092",Resident 1298,A-20298,2024/09/13,187862,gal,,R5,
M-1299,"2193 Grain Elevator Rd, Wiley, CO 81092",Resident 1299,A-20299,2024/09/13,307340,gal,,R6,
M-1300,"2200 Main St, Wiley, CO 81092",Resident 1300,A-20300,2024/09/13,379857,gal,,R1,
M-1001,"107 County Rd 10, Wiley, CO 81092",Resident 1001,A-20001,2024/10/14,356834,gal,,R2,
M-1002,"114 County Rd 14, Wiley, CO 81092",Resident 1002,A-20002,2024/10/14,295533,gal,,R3,
M-1003,"121 Highway 287, Wiley, CO 81092",Resident 1003,A-20003,2024/10/14,131274,gal,,R4,
M-1004,"128 Maple Ave, Wiley, CO 81092",Resident 1004,A-20004,2024/10/14,301192,gal,,R5,
M-1005,"135 Oak St, Wiley, CO 81092",Resident 1005,A-20005,2024/10/14,162243,gal,,R6,
M-1006,"142 Elm St, Wiley, CO 81092",Resident 1006,A-20006,2024/10/14,210984,gal,,R1,
M-1007,"149 3rd Ave, Wiley, CO 81092",Resident 1007,A-20007,2024/10/14,306838,gal,,R2,
M-1008,"156 5th St, Wiley, CO 81092",Resident 1008,A-20008,2024/10/14,193300,gal,,R3,
M-1009,"163 Ranch Rd, Wiley, CO 81092",Resident 1009,A-20009,2024/10/14,118119,gal,,R4,
M-1010,"170 Irrigation Ln, Wiley, CO 81092",Resident 1010,A-20010,2024/10/14,292440,gal,,R5,
M-1011,"177 North Frontage, Wiley, CO 81092",Resident 1011,A-20011,2024/10/14,364361,gal,,R6,
M-1012,"184 South Loop, Wiley, CO 81092",Resident 1012,A-20012,2024/10/14,130982,gal,,R1,
M-1013,"191 Pioneer Rd, Wiley, CO 81092",Resident 1013,A-20013,2024/10/14,98227,gal,,R2,
M-1014,"198 Cottonwood Dr, Wiley, CO 81092",Resident 1014,A-20014,2024/10/14,401881,gal,,R3,
M-1015,"205 Sand Creek Rd, Wiley, CO 81092",Resident 1015,A-20015,2024/10/14,358478,gal,,R4,
M-1016,"212 Prairie View, Wiley, CO 81092",Resident 1016,A-20016,2024/10/14,77154,gal,,R5,
M-1017,"219 School House Rd, Wiley, CO 81092",Resident 1017,A-20017,2024/10/14,107236,gal,,R6,
M-1018,"226 Cemetery Rd, Wiley, CO 81092",Resident 1018,A-20018,2024/10/14,182364,gal,,R1,
M-1019,"233 Grain Elevator Rd, Wiley, CO 81092",Resident 1019,A-20019,2024/10/14,147034,gal,,R2,
M-1020,"240 Main St, Wiley, CO 81092",Resident 1020,A-20020,2024/10/14,276834,gal,,R3,
M-1021,"247 County Rd 10, Wiley, CO 81092",Resident 1021,A-20021,2024/10/14,318292,gal,,R4,
M-1022,"254 County Rd 14, Wiley, CO 81092",Resident 1022,A-20022,2024/10/14,324113,gal,,R5,
M-1023,"261 Highway 287, Wiley, CO 81092",Resident 1023,A-20023,2024/10/14,188442,gal,,R6,
M-1024,"268 Maple Ave, Wiley, CO 81092",Resident 1024,A-20024,2024/10/14,269512,gal,,R1,
M-1025,"275 Oak St, Wiley, CO 81092",Resident 1025,A-20025,2024/10/14,104893,gal,,R2,
M-1026,"282 Elm St, Wiley, CO 81092",Resident 1026,A-20026,2024/10/14,150639,gal,,R3,
M-1027,"289 3rd Ave, Wiley, CO 81092",Resident 1027,A-20027,2024/10/14,278279,gal,,R4,
M-1028,"296 5th St, Wiley, CO 81092",Resident 1028,A-20028,2024/10/14,78987,gal,,R5,
M-1029,"303 Ranch Rd, Wiley, CO 81092",Resident 1029,A-20029,2024/10/14,283133,gal,,R6,
M-1030,"310 Irrigation Ln, Wiley, CO 81092",Resident 1030,A-20030,2024/10/14,212500,gal,,R1,
M-1031,"317 North Frontage, Wiley, CO 81092",Resident 1031,A-20031,2024/10/14,309700,gal,,R2,
M-1032,"324 South Loop, Wiley, CO 81092",Resident 1032,A-20032,2024/10/14,212841,gal,,R3,
M-1033,"331 Pioneer Rd, Wiley, CO 81092",Resident 1033,A-20033,2024/10/14,365220,gal,,R4,
M-1034,"338 Cottonwood Dr, Wiley, CO 81092",Resident 1034,A-20034,2024/10/14,368581,gal,,R5,
M-1035,"345 Sand Creek Rd, Wiley, CO 81092",Resident 1035,A-20035,2024/10/14,412517,gal,,R6,
M-1036,"352 Prairie View, Wiley, CO 81092",Resident 1036,A-20036,2024/10/14,312802,gal,,R1,
M-1037,"359 School House Rd, Wiley, CO 81092",Resident 1037,A-20037,2024/10/14,162340,gal,,R2,
M-1038,"366 Cemetery Rd, Wiley, CO 81092",Resident 1038,A-20038,2024/10/14,161757,gal,,R3,
M-1039,"373 Grain Elevator Rd, Wiley, CO 81092",Resident 1039,A-20039,2024/10/14,234195,gal,,R4,
M-1040,"380 Main St, Wiley, CO 81092",Resident 1040,A-20040,2024/10/14,183664,gal,,R5,
M-1041,"387 County Rd 10, Wiley, CO 81092",Resident 1041,A-20041,2024/10/14,98112,gal,,R6,
M-1042,"394 County Rd 14, Wiley, CO 81092",Resident 1042,A-20042,2024/10/14,368685,gal,,R1,
M-1043,"401 Highway 287, Wiley, CO 81092",Resident 1043,A-20043,2024/10/14,346560,gal,,R2,
M-1044,"408 Maple Ave, Wiley, CO 81092",Resident 1044,A-20044,2024/10/14,95148,gal,,R3,
M-1045,"415 Oak St, Wiley, CO 81092",Resident 1045,A-20045,2024/10/14,242920,gal,,R4,
M-1046,"422 Elm St, Wiley, CO 81092",Resident 1046,A-20046,2024/10/14,96612,gal,,R5,
M-1047,"429 3rd Ave, Wiley, CO 81092",Resident 1047,A-20047,2024/10/14,86623,gal,,R6,
M-1048,"436 5th St, Wiley, CO 81092",Resident 1048,A-20048,2024/10/14,366436,gal,,R1,
M-1049,"443 Ranch Rd, Wiley, CO 81092",Resident 1049,A-20049,2024/10/14,318086,gal,,R2,
M-1050,"450 Irrigation Ln, Wiley, CO 81092",Resident 1050,A-20050,2024/10/14,324592,gal,,R3,
M-1051,"457 North Frontage, Wiley, CO 81092",Resident 1051,A-20051,2024/10/14,345940,gal,,R4,
M-1052,"464 South Loop, Wiley, CO 81092",Resident 1052,A-20052,2024/10/14,150776,gal,,R5,
M-1053,"471 Pioneer Rd, Wiley, CO 81092",Resident 1053,A-20053,2024/10/14,104894,gal,,R6,
M-1054,"478 Cottonwood Dr, Wiley, CO 81092",Resident 1054,A-20054,2024/10/14,331150,gal,,R1,
M-1055,"485 Sand Creek Rd, Wiley, CO 81092",Resident 1055,A-20055,2024/10/14,100635,gal,,R2,
M-1056,"492 Prairie View, Wiley, CO 81092",Resident 1056,A-20056,2024/10/14,174232,gal,,R3,
M-1057,"499 School House Rd, Wiley, CO 81092",Resident 1057,A-20057,2024/10/14,107068,gal,,R4,
M-1058,"506 Cemetery Rd, Wiley, CO 81092",Resident 1058,A-20058,2024/10/14,385893,gal,,R5,
M-1059,"513 Grain Elevator Rd, Wiley, CO 81092",Resident 1059,A-20059,2024/10/14,97709,gal,,R6,
M-1060,"520 Main St, Wiley, CO 81092",Resident 1060,A-20060,2024/10/14,193465,gal,,R1,
M-1061,"527 County Rd 10, Wiley, CO 81092",Resident 1061,A-20061,2024/10/14,272211,gal,,R2,
M-1062,"534 County Rd 14, Wiley, CO 81092",Resident 1062,A-20062,2024/10/14,135642,gal,,R3,
M-1063,"541 Highway 287, Wiley, CO 81092",Resident 1063,A-20063,2024/10/14,365013,gal,,R4,
M-1064,"548 Maple Ave, Wiley, CO 81092",Resident 1064,A-20064,2024/10/14,202734,gal,,R5,
M-1065,"555 Oak St, Wiley, CO 81092",Resident 1065,A-20065,2024/10/14,378704,gal,,R6,
M-1066,"562 Elm St, Wiley, CO 81092",Resident 1066,A-20066,2024/10/14,380238,gal,,R1,
M-1067,"569 3rd Ave, Wiley, CO 81092",Resident 1067,A-20067,2024/10/14,95362,gal,,R2,
M-1068,"576 5th St, Wiley, CO 81092",Resident 1068,A-20068,2024/10/14,388616,gal,,R3,
M-1069,"583 Ranch Rd, Wiley, CO 81092",Resident 1069,A-20069,2024/10/14,121763,gal,,R4,
M-1070,"590 Irrigation Ln, Wiley, CO 81092",Resident 1070,A-20070,2024/10/14,279654,gal,,R5,
M-1071,"597 North Frontage, Wiley, CO 81092",Resident 1071,A-20071,2024/10/14,403659,gal,,R6,
M-1072,"604 South Loop, Wiley, CO 81092",Resident 1072,A-20072,2024/10/14,381889,gal,,R1,
M-1073,"611 Pioneer Rd, Wiley, CO 81092",Resident 1073,A-20073,2024/10/14,361217,gal,,R2,
M-1074,"618 Cottonwood Dr, Wiley, CO 81092",Resident 1074,A-20074,2024/10/14,338982,gal,,R3,
M-1075,"625 Sand Creek Rd, Wiley, CO 81092",Resident 1075,A-20075,2024/10/14,226435,gal,,R4,
M-1076,"632 Prairie View, Wiley, CO 81092",Resident 1076,A-20076,2024/10/14,200320,gal,,R5,
M-1077,"639 School House Rd, Wiley, CO 81092",Resident 1077,A-20077,2024/10/14,166882,gal,,R6,
M-1078,"646 Cemetery Rd, Wiley, CO 81092",Resident 1078,A-20078,2024/10/14,234614,gal,,R1,
M-1079,"653 Grain Elevator Rd, Wiley, CO 81092",Resident 1079,A-20079,2024/10/14,190922,gal,,R2,
M-1080,"660 Main St, Wiley, CO 81092",Resident 1080,A-20080,2024/10/14,210140,gal,,R3,
M-1081,"667 County Rd 10, Wiley, CO 81092",Resident 1081,A-20081,2024/10/14,283542,gal,,R4,
M-1082,"674 County Rd 14, Wiley, CO 81092",Resident 1082,A-20082,2024/10/14,136660,gal,,R5,
M-1083,"681 Highway 287, Wiley, CO 81092",Resident 1083,A-20083,2024/10/14,400519,gal,,R6,
M-1084,"688 Maple Ave, Wiley, CO 81092",Resident 1084,A-20084,2024/10/14,223636,gal,,R1,
M-1085,"695 Oak St, Wiley, CO 81092",Resident 1085,A-20085,2024/10/14,307310,gal,,R2,
M-1086,"702 Elm St, Wiley, CO 81092",Resident 1086,A-20086,2024/10/14,230442,gal,,R3,
M-1087,"709 3rd Ave, Wiley, CO 81092",Resident 1087,A-20087,2024/10/14,114024,gal,,R4,
M-1088,"716 5th St, Wiley, CO 81092",Resident 1088,A-20088,2024/10/14,70443,gal,,R5,
M-1089,"723 Ranch Rd, Wiley, CO 81092",Resident 1089,A-20089,2024/10/14,356061,gal,,R6,
M-1090,"730 Irrigation Ln, Wiley, CO 81092",Resident 1090,A-20090,2024/10/14,401344,gal,,R1,
M-1091,"737 North Frontage, Wiley, CO 81092",Resident 1091,A-20091,2024/10/14,370079,gal,,R2,
M-1092,"744 South Loop, Wiley, CO 81092",Resident 1092,A-20092,2024/10/14,114738,gal,,R3,
M-1093,"751 Pioneer Rd, Wiley, CO 81092",Resident 1093,A-20093,2024/10/14,110704,gal,,R4,
M-1094,"758 Cottonwood Dr, Wiley, CO 81092",Resident 1094,A-20094,2024/10/14,358699,gal,,R5,
M-1095,"765 Sand Creek Rd, Wiley, CO 81092",Resident 1095,A-20095,2024/10/14,176661,gal,,R6,
M-1096,"772 Prairie View, Wiley, CO 81092",Resident 1096,A-20096,2024/10/14,327386,gal,,R1,
M-1097,"779 School House Rd, Wiley, CO 81092",Resident 1097,A-20097,2024/10/14,210047,gal,,R2,
M-1098,"786 Cemetery Rd, Wiley, CO 81092",Resident 1098,A-20098,2024/10/14,138797,gal,,R3,
M-1099,"793 Grain Elevator Rd, Wiley, CO 81092",Resident 1099,A-20099,2024/10/14,248219,gal,,R4,
M-1100,"800 Main St, Wiley, CO 81092",Resident 1100,A-20100,2024/10/14,110266,gal,,R5,
M-1101,"807 County Rd 10, Wiley, CO 81092",Resident 1101,A-20101,2024/10/14,204814,gal,,R6,
M-1102,"814 County Rd 14, Wiley, CO 81092",Resident 1102,A-20102,2024/10/14,268614,gal,,R1,
M-1103,"821 Highway 287, Wiley, CO 81092",Resident 1103,A-20103,2024/10/14,215064,gal,,R2,
M-1104,"828 Maple Ave, Wiley, CO 81092",Resident 1104,A-20104,2024/10/14,160361,gal,,R3,
M-1105,"835 Oak St, Wiley, CO 81092",Resident 1105,A-20105,2024/10/14,297761,gal,,R4,
M-1106,"842 Elm St, Wiley, CO 81092",Resident 1106,A-20106,2024/10/14,366727,gal,,R5,
M-1107,"849 3rd Ave, Wiley, CO 81092",Resident 1107,A-20107,2024/10/14,218625,gal,,R6,
M-1108,"856 5th St, Wiley, CO 81092",Resident 1108,A-20108,2024/10/14,384793,gal,,R1,
M-1109,"863 Ranch Rd, Wiley, CO 81092",Resident 1109,A-20109,2024/10/14,401859,gal,,R2,
M-1110,"870 Irrigation Ln, Wiley, CO 81092",Resident 1110,A-20110,2024/10/14,343953,gal,,R3,
M-1111,"877 North Frontage, Wiley, CO 81092",Resident 1111,A-20111,2024/10/14,72023,gal,,R4,
M-1112,"884 South Loop, Wiley, CO 81092",Resident 1112,A-20112,2024/10/14,355666,gal,,R5,
M-1113,"891 Pioneer Rd, Wiley, CO 81092",Resident 1113,A-20113,2024/10/14,216661,gal,,R6,
M-1114,"898 Cottonwood Dr, Wiley, CO 81092",Resident 1114,A-20114,2024/10/14,411516,gal,,R1,
M-1115,"905 Sand Creek Rd, Wiley, CO 81092",Resident 1115,A-20115,2024/10/14,128179,gal,,R2,
M-1116,"912 Prairie View, Wiley, CO 81092",Resident 1116,A-20116,2024/10/14,146449,gal,,R3,
M-1117,"919 School House Rd, Wiley, CO 81092",Resident 1117,A-20117,2024/10/14,206657,gal,,R4,
M-1118,"926 Cemetery Rd, Wiley, CO 81092",Resident 1118,A-20118,2024/10/14,124691,gal,,R5,
M-1119,"933 Grain Elevator Rd, Wiley, CO 81092",Resident 1119,A-20119,2024/10/14,131767,gal,,R6,
M-1120,"940 Main St, Wiley, CO 81092",Resident 1120,A-20120,2024/10/14,360906,gal,,R1,
M-1121,"947 County Rd 10, Wiley, CO 81092",Resident 1121,A-20121,2024/10/14,151247,gal,,R2,
M-1122,"954 County Rd 14, Wiley, CO 81092",Resident 1122,A-20122,2024/10/14,217909,gal,,R3,
M-1123,"961 Highway 287, Wiley, CO 81092",Resident 1123,A-20123,2024/10/14,219450,gal,,R4,
M-1124,"968 Maple Ave, Wiley, CO 81092",Resident 1124,A-20124,2024/10/14,379468,gal,,R5,
M-1125,"975 Oak St, Wiley, CO 81092",Resident 1125,A-20125,2024/10/14,175147,gal,,R6,
M-1126,"982 Elm St, Wiley, CO 81092",Resident 1126,A-20126,2024/10/14,241071,gal,,R1,
M-1127,"989 3rd Ave, Wiley, CO 81092",Resident 1127,A-20127,2024/10/14,171538,gal,,R2,
M-1128,"996 5th St, Wiley, CO 81092",Resident 1128,A-20128,2024/10/14,413755,gal,,R3,
M-1129,"1003 Ranch Rd, Wiley, CO 81092",Resident 1129,A-20129,2024/10/14,213739,gal,,R4,
M-1130,"1010 Irrigation Ln, Wiley, CO 81092",Resident 1130,A-20130,2024/10/14,337569,gal,,R5,
M-1131,"1017 North Frontage, Wiley, CO 81092",Resident 1131,A-20131,2024/10/14,321528,gal,,R6,
M-1132,"1024 South Loop, Wiley, CO 81092",Resident 1132,A-20132,2024/10/14,208974,gal,,R1,
M-1133,"1031 Pioneer Rd, Wiley, CO 81092",Resident 1133,A-20133,2024/10/14,101808,gal,,R2,
M-1134,"1038 Cottonwood Dr, Wiley, CO 81092",Resident 1134,A-20134,2024/10/14,117952,gal,,R3,
M-1135,"1045 Sand Creek Rd, Wiley, CO 81092",Resident 1135,A-20135,2024/10/14,405175,gal,,R4,
M-1136,"1052 Prairie View, Wiley, CO 81092",Resident 1136,A-20136,2024/10/14,291699,gal,,R5,
M-1137,"1059 School House Rd, Wiley, CO 81092",Resident 1137,A-20137,2024/10/14,214869,gal,,R6,
M-1138,"1066 Cemetery Rd, Wiley, CO 81092",Resident 1138,A-20138,2024/10/14,87930,gal,,R1,
M-1139,"1073 Grain Elevator Rd, Wiley, CO 81092",Resident 1139,A-20139,2024/10/14,63237,gal,,R2,
M-1140,"1080 Main St, Wiley, CO 81092",Resident 1140,A-20140,2024/10/14,247856,gal,,R3,
M-1141,"1087 County Rd 10, Wiley, CO 81092",Resident 1141,A-20141,2024/10/14,140760,gal,,R4,
M-1142,"1094 County Rd 14, Wiley, CO 81092",Resident 1142,A-20142,2024/10/14,393945,gal,,R5,
M-1143,"1101 Highway 287, Wiley, CO 81092",Resident 1143,A-20143,2024/10/14,217366,gal,,R6,
M-1144,"1108 Maple Ave, Wiley, CO 81092",Resident 1144,A-20144,2024/10/14,143407,gal,,R1,
M-1145,"1115 Oak St, Wiley, CO 81092",Resident 1145,A-20145,2024/10/14,292871,gal,,R2,
M-1146,"1122 Elm St, Wiley, CO 81092",Resident 1146,A-20146,2024/10/14,351565,gal,,R3,
M-1147,"1129 3rd Ave, Wiley, CO 81092",Resident 1147,A-20147,2024/10/14,300178,gal,,R4,
M-1148,"1136 5th St, Wiley, CO 81092",Resident 1148,A-20148,2024/10/14,356698,gal,,R5,
M-1149,"1143 Ranch Rd, Wiley, CO 81092",Resident 1149,A-20149,2024/10/14,80235,gal,,R6,
M-1150,"1150 Irrigation Ln, Wiley, CO 81092",Resident 1150,A-20150,2024/10/14,129436,gal,,R1,
M-1151,"1157 North Frontage, Wiley, CO 81092",Resident 1151,A-20151,2024/10/14,112721,gal,,R2,
M-1152,"1164 South Loop, Wiley, CO 81092",Resident 1152,A-20152,2024/10/14,137895,gal,,R3,
M-1153,"1171 Pioneer Rd, Wiley, CO 81092",Resident 1153,A-20153,2024/10/14,354884,gal,,R4,
M-1154,"1178 Cottonwood Dr, Wiley, CO 81092",Resident 1154,A-20154,2024/10/14,87347,gal,,R5,
M-1155,"1185 Sand Creek Rd, Wiley, CO 81092",Resident 1155,A-20155,2024/10/14,267701,gal,,R6,
M-1156,"1192 Prairie View, Wiley, CO 81092",Resident 1156,A-20156,2024/10/14,445025,gal,,R1,
M-1157,"1199 School House Rd, Wiley, CO 81092",Resident 1157,A-20157,2024/10/14,361813,gal,,R2,
M-1158,"1206 Cemetery Rd, Wiley, CO 81092",Resident 1158,A-20158,2024/10/14,143571,gal,,R3,
M-1159,"1213 Grain Elevator Rd, Wiley, CO 81092",Resident 1159,A-20159,2024/10/14,297740,gal,,R4,
M-1160,"1220 Main St, Wiley, CO 81092",Resident 1160,A-20160,2024/10/14,125074,gal,,R5,
M-1161,"1227 County Rd 10, Wiley, CO 81092",Resident 1161,A-20161,2024/10/14,98445,gal,,R6,
M-1162,"1234 County Rd 14, Wiley, CO 81092",Resident 1162,A-20162,2024/10/14,240628,gal,,R1,
M-1163,"1241 Highway 287, Wiley, CO 81092",Resident 1163,A-20163,2024/10/14,251916,gal,,R2,
M-1164,"1248 Maple Ave, Wiley, CO 81092",Resident 1164,A-20164,2024/10/14,99326,gal,,R3,
M-1165,"1255 Oak St, Wiley, CO 81092",Resident 1165,A-20165,2024/10/14,259606,gal,,R4,
M-1166,"1262 Elm St, Wiley, CO 81092",Resident 1166,A-20166,2024/10/14,189753,gal,,R5,
M-1167,"1269 3rd Ave, Wiley, CO 81092",Resident 1167,A-20167,2024/10/14,196853,gal,,R6,
M-1168,"1276 5th St, Wiley, CO 81092",Resident 1168,A-20168,2024/10/14,427812,gal,,R1,
M-1169,"1283 Ranch Rd, Wiley, CO 81092",Resident 1169,A-20169,2024/10/14,129923,gal,,R2,
M-1170,"1290 Irrigation Ln, Wiley, CO 81092",Resident 1170,A-20170,2024/10/14,253542,gal,,R3,
M-1171,"1297 North Frontage, Wiley, CO 81092",Resident 1171,A-20171,2024/10/14,354186,gal,,R4,
M-1172,"1304 South Loop, Wiley, CO 81092",Resident 1172,A-20172,2024/10/14,278532,gal,,R5,
M-1173,"1311 Pioneer Rd, Wiley, CO 81092",Resident 1173,A-20173,2024/10/14,397025,gal,,R6,
M-1174,"1318 Cottonwood Dr, Wiley, CO 81092",Resident 1174,A-20174,2024/10/14,142632,gal,,R1,
M-1175,"1325 Sand Creek Rd, Wiley, CO 81092",Resident 1175,A-20175,2024/10/14,192940,gal,,R2,
M-1176,"1332 Prairie View, Wiley, CO 81092",Resident 1176,A-20176,2024/10/14,143201,gal,,R3,
M-1177,"1339 School House Rd, Wiley, CO 81092",Resident 1177,A-20177,2024/10/14,169434,gal,,R4,
M-1178,"1346 Cemetery Rd, Wiley, CO 81092",Resident 1178,A-20178,2024/10/14,296149,gal,,R5,
M-1179,"1353 Grain Elevator Rd, Wiley, CO 81092",Resident 1179,A-20179,2024/10/14,78727,gal,,R6,
M-1180,"1360 Main St, Wiley, CO 81092",Resident 1180,A-20180,2024/10/14,165570,gal,,R1,
M-1181,"1367 County Rd 10, Wiley, CO 81092",Resident 1181,A-20181,2024/10/14,253299,gal,,R2,
M-1182,"1374 County Rd 14, Wiley, CO 81092",Resident 1182,A-20182,2024/10/14,278981,gal,,R3,
M-1183,"1381 Highway 287, Wiley, CO 81092",Resident 1183,A-20183,2024/10/14,203034,gal,,R4,
M-1184,"1388 Maple Ave, Wiley, CO 81092",Resident 1184,A-20184,2024/10/14,200450,gal,,R5,
M-1185,"1395 Oak St, Wiley, CO 81092",Resident 1185,A-20185,2024/10/14,160459,gal,,R6,
M-1186,"1402 Elm St, Wiley, CO 81092",Resident 1186,A-20186,2024/10/14,123698,gal,,R1,
M-1187,"1409 3rd Ave, Wiley, CO 81092",Resident 1187,A-20187,2024/10/14,276342,gal,,R2,
M-1188,"1416 5th St, Wiley, CO 81092",Resident 1188,A-20188,2024/10/14,92712,gal,,R3,
M-1189,"1423 Ranch Rd, Wiley, CO 81092",Resident 1189,A-20189,2024/10/14,322021,gal,,R4,
M-1190,"1430 Irrigation Ln, Wiley, CO 81092",Resident 1190,A-20190,2024/10/14,180605,gal,,R5,
M-1191,"1437 North Frontage, Wiley, CO 81092",Resident 1191,A-20191,2024/10/14,165264,gal,,R6,
M-1192,"1444 South Loop, Wiley, CO 81092",Resident 1192,A-20192,2024/10/14,309366,gal,,R1,
M-1193,"1451 Pioneer Rd, Wiley, CO 81092",Resident 1193,A-20193,2024/10/14,262550,gal,,R2,
M-1194,"1458 Cottonwood Dr, Wiley, CO 81092",Resident 1194,A-20194,2024/10/14,222561,gal,,R3,
M-1195,"1465 Sand Creek Rd, Wiley, CO 81092",Resident 1195,A-20195,2024/10/14,193022,gal,,R4,
M-1196,"1472 Prairie View, Wiley, CO 81092",Resident 1196,A-20196,2024/10/14,190087,gal,,R5,
M-1197,"1479 School House Rd, Wiley, CO 81092",Resident 1197,A-20197,2024/10/14,70379,gal,,R6,
M-1198,"1486 Cemetery Rd, Wiley, CO 81092",Resident 1198,A-20198,2024/10/14,421019,gal,,R1,
M-1199,"1493 Grain Elevator Rd, Wiley, CO 81092",Resident 1199,A-20199,2024/10/14,169417,gal,,R2,
M-1200,"1500 Main St, Wiley, CO 81092",Resident 1200,A-20200,2024/10/14,279958,gal,,R3,
M-1201,"1507 County Rd 10, Wiley, CO 81092",Resident 1201,A-20201,2024/10/14,230446,gal,,R4,
M-1202,"1514 County Rd 14, Wiley, CO 81092",Resident 1202,A-20202,2024/10/14,206638,gal,,R5,
M-1203,"1521 Highway 287, Wiley, CO 81092",Resident 1203,A-20203,2024/10/14,104422,gal,,R6,
M-1204,"1528 Maple Ave, Wiley, CO 81092",Resident 1204,A-20204,2024/10/14,213050,gal,,R1,
M-1205,"1535 Oak St, Wiley, CO 81092",Resident 1205,A-20205,2024/10/14,248524,gal,,R2,
M-1206,"1542 Elm St, Wiley, CO 81092",Resident 1206,A-20206,2024/10/14,395380,gal,,R3,
M-1207,"1549 3rd Ave, Wiley, CO 81092",Resident 1207,A-20207,2024/10/14,332292,gal,,R4,
M-1208,"1556 5th St, Wiley, CO 81092",Resident 1208,A-20208,2024/10/14,283772,gal,,R5,
M-1209,"1563 Ranch Rd, Wiley, CO 81092",Resident 1209,A-20209,2024/10/14,340883,gal,,R6,
M-1210,"1570 Irrigation Ln, Wiley, CO 81092",Resident 1210,A-20210,2024/10/14,233742,gal,,R1,
M-1211,"1577 North Frontage, Wiley, CO 81092",Resident 1211,A-20211,2024/10/14,93630,gal,,R2,
M-1212,"1584 South Loop, Wiley, CO 81092",Resident 1212,A-20212,2024/10/14,132579,gal,,R3,
M-1213,"1591 Pioneer Rd, Wiley, CO 81092",Resident 1213,A-20213,2024/10/14,197023,gal,,R4,
M-1214,"1598 Cottonwood Dr, Wiley, CO 81092",Resident 1214,A-20214,2024/10/14,174270,gal,,R5,
M-1215,"1605 Sand Creek Rd, Wiley, CO 81092",Resident 1215,A-20215,2024/10/14,376300,gal,,R6,
M-1216,"1612 Prairie View, Wiley, CO 81092",Resident 1216,A-20216,2024/10/14,217313,gal,,R1,
M-1217,"1619 School House Rd, Wiley, CO 81092",Resident 1217,A-20217,2024/10/14,81128,gal,,R2,
M-1218,"1626 Cemetery Rd, Wiley, CO 81092",Resident 1218,A-20218,2024/10/14,118041,gal,,R3,
M-1219,"1633 Grain Elevator Rd, Wiley, CO 81092",Resident 1219,A-20219,2024/10/14,387497,gal,,R4,
M-1220,"1640 Main St, Wiley, CO 81092",Resident 1220,A-20220,2024/10/14,298725,gal,,R5,
M-1221,"1647 County Rd 10, Wiley, CO 81092",Resident 1221,A-20221,2024/10/14,255158,gal,,R6,
M-1222,"1654 County Rd 14, Wiley, CO 81092",Resident 1222,A-20222,2024/10/14,226024,gal,,R1,
M-1223,"1661 Highway 287, Wiley, CO 81092",Resident 1223,A-20223,2024/10/14,294841,gal,,R2,
M-1224,"1668 Maple Ave, Wiley, CO 81092",Resident 1224,A-20224,2024/10/14,390768,gal,,R3,
M-1225,"1675 Oak St, Wiley, CO 81092",Resident 1225,A-20225,2024/10/14,344146,gal,,R4,
M-1226,"1682 Elm St, Wiley, CO 81092",Resident 1226,A-20226,2024/10/14,130003,gal,,R5,
M-1227,"1689 3rd Ave, Wiley, CO 81092",Resident 1227,A-20227,2024/10/14,265569,gal,,R6,
M-1228,"1696 5th St, Wiley, CO 81092",Resident 1228,A-20228,2024/10/14,375212,gal,,R1,
M-1229,"1703 Ranch Rd, Wiley, CO 81092",Resident 1229,A-20229,2024/10/14,180550,gal,,R2,
M-1230,"1710 Irrigation Ln, Wiley, CO 81092",Resident 1230,A-20230,2024/10/14,212297,gal,,R3,
M-1231,"1717 North Frontage, Wiley, CO 81092",Resident 1231,A-20231,2024/10/14,102751,gal,,R4,
M-1232,"1724 South Loop, Wiley, CO 81092",Resident 1232,A-20232,2024/10/14,292600,gal,,R5,
M-1233,"1731 Pioneer Rd, Wiley, CO 81092",Resident 1233,A-20233,2024/10/14,78636,gal,,R6,
M-1234,"1738 Cottonwood Dr, Wiley, CO 81092",Resident 1234,A-20234,2024/10/14,339090,gal,,R1,
M-1235,"1745 Sand Creek Rd, Wiley, CO 81092",Resident 1235,A-20235,2024/10/14,353387,gal,,R2,
M-1236,"1752 Prairie View, Wiley, CO 81092",Resident 1236,A-20236,2024/10/14,181673,gal,,R3,
M-1237,"1759 School House Rd, Wiley, CO 81092",Resident 1237,A-20237,2024/10/14,268812,gal,,R4,
M-1238,"1766 Cemetery Rd, Wiley, CO 81092",Resident 1238,A-20238,2024/10/14,294766,gal,,R5,
M-1239,"1773 Grain Elevator Rd, Wiley, CO 81092",Resident 1239,A-20239,2024/10/14,105511,gal,,R6,
M-1240,"1780 Main St, Wiley, CO 81092",Resident 1240,A-20240,2024/10/14,421499,gal,,R1,
M-1241,"1787 County Rd 10, Wiley, CO 81092",Resident 1241,A-20241,2024/10/14,242287,gal,,R2,
M-1242,"1794 County Rd 14, Wiley, CO 81092",Resident 1242,A-20242,2024/10/14,387592,gal,,R3,
M-1243,"1801 Highway 287, Wiley, CO 81092",Resident 1243,A-20243,2024/10/14,229302,gal,,R4,
M-1244,"1808 Maple Ave, Wiley, CO 81092",Resident 1244,A-20244,2024/10/14,469748,gal,,R5,
M-1245,"1815 Oak St, Wiley, CO 81092",Resident 1245,A-20245,2024/10/14,125395,gal,,R6,
M-1246,"1822 Elm St, Wiley, CO 81092",Resident 1246,A-20246,2024/10/14,225427,gal,,R1,
M-1247,"1829 3rd Ave, Wiley, CO 81092",Resident 1247,A-20247,2024/10/14,324001,gal,,R2,
M-1248,"1836 5th St, Wiley, CO 81092",Resident 1248,A-20248,2024/10/14,236828,gal,,R3,
M-1249,"1843 Ranch Rd, Wiley, CO 81092",Resident 1249,A-20249,2024/10/14,422920,gal,,R4,
M-1250,"1850 Irrigation Ln, Wiley, CO 81092",Resident 1250,A-20250,2024/10/14,278097,gal,,R5,
M-1251,"1857 North Frontage, Wiley, CO 81092",Resident 1251,A-20251,2024/10/14,245263,gal,,R6,
M-1252,"1864 South Loop, Wiley, CO 81092",Resident 1252,A-20252,2024/10/14,275405,gal,,R1,
M-1253,"1871 Pioneer Rd, Wiley, CO 81092",Resident 1253,A-20253,2024/10/14,212598,gal,,R2,
M-1254,"1878 Cottonwood Dr, Wiley, CO 81092",Resident 1254,A-20254,2024/10/14,350409,gal,,R3,
M-1255,"1885 Sand Creek Rd, Wiley, CO 81092",Resident 1255,A-20255,2024/10/14,146389,gal,,R4,
M-1256,"1892 Prairie View, Wiley, CO 81092",Resident 1256,A-20256,2024/10/14,176548,gal,,R5,
M-1257,"1899 School House Rd, Wiley, CO 81092",Resident 1257,A-20257,2024/10/14,279594,gal,,R6,
M-1258,"1906 Cemetery Rd, Wiley, CO 81092",Resident 1258,A-20258,2024/10/14,412816,gal,,R1,
M-1259,"1913 Grain Elevator Rd, Wiley, CO 81092",Resident 1259,A-20259,2024/10/14,258203,gal,,R2,
M-1260,"1920 Main St, Wiley, CO 81092",Resident 1260,A-20260,2024/10/14,150734,gal,,R3,
M-1261,"1927 County Rd 10, Wiley, CO 81092",Resident 1261,A-20261,2024/10/14,389390,gal,,R4,
M-1262,"1934 County Rd 14, Wiley, CO 81092",Resident 1262,A-20262,2024/10/14,357893,gal,,R5,
M-1263,"1941 Highway 287, Wiley, CO 81092",Resident 1263,A-20263,2024/10/14,228912,gal,,R6,
M-1264,"1948 Maple Ave, Wiley, CO 81092",Resident 1264,A-20264,2024/10/14,276893,gal,,R1,
M-1265,"1955 Oak St, Wiley, CO 81092",Resident 1265,A-20265,2024/10/14,352042,gal,,R2,
M-1266,"1962 Elm St, Wiley, CO 81092",Resident 1266,A-20266,2024/10/14,75149,gal,,R3,
M-1267,"1969 3rd Ave, Wiley, CO 81092",Resident 1267,A-20267,2024/10/14,230465,gal,,R4,
M-1268,"1976 5th St, Wiley, CO 81092",Resident 1268,A-20268,2024/10/14,214704,gal,,R5,
M-1269,"1983 Ranch Rd, Wiley, CO 81092",Resident 1269,A-20269,2024/10/14,185430,gal,,R6,
M-1270,"1990 Irrigation Ln, Wiley, CO 81092",Resident 1270,A-20270,2024/10/14,286872,gal,,R1,
M-1271,"1997 North Frontage, Wiley, CO 81092",Resident 1271,A-20271,2024/10/14,381904,gal,,R2,
M-1272,"2004 South Loop, Wiley, CO 81092",Resident 1272,A-20272,2024/10/14,392060,gal,,R3,
M-1273,"2011 Pioneer Rd, Wiley, CO 81092",Resident 1273,A-20273,2024/10/14,417093,gal,,R4,
M-1274,"2018 Cottonwood Dr, Wiley, CO 81092",Resident 1274,A-20274,2024/10/14,238975,gal,,R5,
M-1275,"2025 Sand Creek Rd, Wiley, CO 81092",Resident 1275,A-20275,2024/10/14,309341,gal,,R6,
M-1276,"2032 Prairie View, Wiley, CO 81092",Resident 1276,A-20276,2024/10/14,304092,gal,,R1,
M-1277,"2039 School House Rd, Wiley, CO 81092",Resident 1277,A-20277,2024/10/14,302515,gal,,R2,
M-1278,"2046 Cemetery Rd, Wiley, CO 81092",Resident 1278,A-20278,2024/10/14,174888,gal,,R3,
M-1279,"2053 Grain Elevator Rd, Wiley, CO 81092",Resident 1279,A-20279,2024/10/14,328855,gal,,R4,
M-1280,"2060 Main St, Wiley, CO 81092",Resident 1280,A-20280,2024/10/14,308858,gal,,R5,
M-1281,"2067 County Rd 10, Wiley, CO 81092",Resident 1281,A-20281,2024/10/14,166227,gal,,R6,
M-1282,"2074 County Rd 14, Wiley, CO 81092",Resident 1282,A-20282,2024/10/14,416792,gal,,R1,
M-1283,"2081 Highway 287, Wiley, CO 81092",Resident 1283,A-20283,2024/10/14,112392,gal,,R2,
M-1284,"2088 Maple Ave, Wiley, CO 81092",Resident 1284,A-20284,2024/10/14,220215,gal,,R3,
M-1285,"2095 Oak St, Wiley, CO 81092",Resident 1285,A-20285,2024/10/14,341099,gal,,R4,
M-1286,"2102 Elm St, Wiley, CO 81092",Resident 1286,A-20286,2024/10/14,419515,gal,,R5,
M-1287,"2109 3rd Ave, Wiley, CO 81092",Resident 1287,A-20287,2024/10/14,409394,gal,,R6,
M-1288,"2116 5th St, Wiley, CO 81092",Resident 1288,A-20288,2024/10/14,383642,gal,,R1,
M-1289,"2123 Ranch Rd, Wiley, CO 81092",Resident 1289,A-20289,2024/10/14,253030,gal,,R2,
M-1290,"2130 Irrigation Ln, Wiley, CO 81092",Resident 1290,A-20290,2024/10/14,124449,gal,,R3,
M-1291,"2137 North Frontage, Wiley, CO 81092",Resident 1291,A-20291,2024/10/14,199310,gal,,R4,
M-1292,"2144 South Loop, Wiley, CO 81092",Resident 1292,A-20292,2024/10/14,222640,gal,,R5,
M-1293,"2151 Pioneer Rd, Wiley, CO 81092",Resident 1293,A-20293,2024/10/14,177309,gal,,R6,
M-1294,"2158 Cottonwood Dr, Wiley, CO 81092",Resident 1294,A-20294,2024/10/14,173885,gal,,R1,
M-1295,"2165 Sand Creek Rd, Wiley, CO 81092",Resident 1295,A-20295,2024/10/14,158665,gal,,R2,
M-1296,"2172 Prairie View, Wiley, CO 81092",Resident 1296,A-20296,2024/10/14,79388,gal,,R3,
M-1297,"2179 School House Rd, Wiley, CO 81092",Resident 1297,A-20297,2024/10/14,85105,gal,,R4,
M-1298,"2186 Cemetery Rd, Wiley, CO 81092",Resident 1298,A-20298,2024/10/14,191637,gal,,R5,
M-1299,"2193 Grain Elevator Rd, Wiley, CO 81092",Resident 1299,A-20299,2024/10/14,310630,gal,,R6,
M-1300,"2200 Main St, Wiley, CO 81092",Resident 1300,A-20300,2024/10/14,384003,gal,,R1,
M-1001,"107 County Rd 10, Wiley, CO 81092",Resident 1001,A-20001,2024/11/15,361744,gal,,R2,
M-1002,"114 County Rd 14, Wiley, CO 81092",Resident 1002,A-20002,2024/11/15,298056,gal,,R3,
M-1003,"121 Highway 287, Wiley, CO 81092",Resident 1003,A-20003,2024/11/15,133258,gal,,R4,
M-1004,"128 Maple Ave, Wiley, CO 81092",Resident 1004,A-20004,2024/11/15,308111,gal,,R5,
M-1005,"135 Oak St, Wiley, CO 81092",Resident 1005,A-20005,2024/11/15,165119,gal,,R6,
M-1006,"142 Elm St, Wiley, CO 81092",Resident 1006,A-20006,2024/11/15,213984,gal,,R1,
M-1007,"149 3rd Ave, Wiley, CO 81092",Resident 1007,A-20007,2024/11/15,310100,gal,,R2,
M-1008,"156 5th St, Wiley, CO 81092",Resident 1008,A-20008,2024/11/15,195529,gal,,R3,
M-1009,"163 Ranch Rd, Wiley, CO 81092",Resident 1009,A-20009,2024/11/15,124065,gal,,R4,
M-1010,"170 Irrigation Ln, Wiley, CO 81092",Resident 1010,A-20010,2024/11/15,294488,gal,,R5,
M-1011,"177 North Frontage, Wiley, CO 81092",Resident 1011,A-20011,2024/11/15,370745,gal,,R6,
M-1012,"184 South Loop, Wiley, CO 81092",Resident 1012,A-20012,2024/11/15,137686,gal,,R1,
M-1013,"191 Pioneer Rd, Wiley, CO 81092",Resident 1013,A-20013,2024/11/15,103690,gal,,R2,
M-1014,"198 Cottonwood Dr, Wiley, CO 81092",Resident 1014,A-20014,2024/11/15,403845,gal,,R3,
M-1015,"205 Sand Creek Rd, Wiley, CO 81092",Resident 1015,A-20015,2024/11/15,363657,gal,,R4,
M-1016,"212 Prairie View, Wiley, CO 81092",Resident 1016,A-20016,2024/11/15,81282,gal,,R5,
M-1017,"219 School House Rd, Wiley, CO 81092",Resident 1017,A-20017,2024/11/15,109178,gal,,R6,
M-1018,"226 Cemetery Rd, Wiley, CO 81092",Resident 1018,A-20018,2024/11/15,184052,gal,,R1,
M-1019,"233 Grain Elevator Rd, Wiley, CO 81092",Resident 1019,A-20019,2024/11/15,149221,gal,,R2,
M-1020,"240 Main St, Wiley, CO 81092",Resident 1020,A-20020,2024/11/15,279634,gal,,R3,
M-1021,"247 County Rd 10, Wiley, CO 81092",Resident 1021,A-20021,2024/11/15,321600,gal,,R4,
M-1022,"254 County Rd 14, Wiley, CO 81092",Resident 1022,A-20022,2024/11/15,328794,gal,,R5,
M-1023,"261 Highway 287, Wiley, CO 81092",Resident 1023,A-20023,2024/11/15,193844,gal,,R6,
M-1024,"268 Maple Ave, Wiley, CO 81092",Resident 1024,A-20024,2024/11/15,271221,gal,,R1,
M-1025,"275 Oak St, Wiley, CO 81092",Resident 1025,A-20025,2024/11/15,110462,gal,,R2,
M-1026,"282 Elm St, Wiley, CO 81092",Resident 1026,A-20026,2024/11/15,153483,gal,,R3,
M-1027,"289 3rd Ave, Wiley, CO 81092",Resident 1027,A-20027,2024/11/15,284935,gal,,R4,
M-1028,"296 5th St, Wiley, CO 81092",Resident 1028,A-20028,2024/11/15,84405,gal,,R5,
M-1029,"303 Ranch Rd, Wiley, CO 81092",Resident 1029,A-20029,2024/11/15,289891,gal,,R6,
M-1030,"310 Irrigation Ln, Wiley, CO 81092",Resident 1030,A-20030,2024/11/15,218224,gal,,R1,
M-1031,"317 North Frontage, Wiley, CO 81092",Resident 1031,A-20031,2024/11/15,313878,gal,,R2,
M-1032,"324 South Loop, Wiley, CO 81092",Resident 1032,A-20032,2024/11/15,215648,gal,,R3,
M-1033,"331 Pioneer Rd, Wiley, CO 81092",Resident 1033,A-20033,2024/11/15,383565,gal,,R4,
M-1034,"338 Cottonwood Dr, Wiley, CO 81092",Resident 1034,A-20034,2024/11/15,373894,gal,,R5,
M-1035,"345 Sand Creek Rd, Wiley, CO 81092",Resident 1035,A-20035,2024/11/15,416345,gal,,R6,
M-1036,"352 Prairie View, Wiley, CO 81092",Resident 1036,A-20036,2024/11/15,314652,gal,,R1,
M-1037,"359 School House Rd, Wiley, CO 81092",Resident 1037,A-20037,2024/11/15,169222,gal,,R2,
M-1038,"366 Cemetery Rd, Wiley, CO 81092",Resident 1038,A-20038,2024/11/15,164101,gal,,R3,
M-1039,"373 Grain Elevator Rd, Wiley, CO 81092",Resident 1039,A-20039,2024/11/15,239688,gal,,R4,
M-1040,"380 Main St, Wiley, CO 81092",Resident 1040,A-20040,2024/11/15,188090,gal,,R5,
M-1041,"387 County Rd 10, Wiley, CO 81092",Resident 1041,A-20041,2024/11/15,102272,gal,,R6,
M-1042,"394 County Rd 14, Wiley, CO 81092",Resident 1042,A-20042,2024/11/15,372096,gal,,R1,
M-1043,"401 Highway 287, Wiley, CO 81092",Resident 1043,A-20043,2024/11/15,348854,gal,,R2,
M-1044,"408 Maple Ave, Wiley, CO 81092",Resident 1044,A-20044,2024/11/15,98428,gal,,R3,
M-1045,"415 Oak St, Wiley, CO 81092",Resident 1045,A-20045,2024/11/15,249928,gal,,R4,
M-1046,"422 Elm St, Wiley, CO 81092",Resident 1046,A-20046,2024/11/15,100090,gal,,R5,
M-1047,"429 3rd Ave, Wiley, CO 81092",Resident 1047,A-20047,2024/11/15,89080,gal,,R6,
M-1048,"436 5th St, Wiley, CO 81092",Resident 1048,A-20048,2024/11/15,368503,gal,,R1,
M-1049,"443 Ranch Rd, Wiley, CO 81092",Resident 1049,A-20049,2024/11/15,322554,gal,,R2,
M-1050,"450 Irrigation Ln, Wiley, CO 81092",Resident 1050,A-20050,2024/11/15,326598,gal,,R3,
M-1051,"457 North Frontage, Wiley, CO 81092",Resident 1051,A-20051,2024/11/15,349722,gal,,R4,
M-1052,"464 South Loop, Wiley, CO 81092",Resident 1052,A-20052,2024/11/15,155042,gal,,R5,
M-1053,"471 Pioneer Rd, Wiley, CO 81092",Resident 1053,A-20053,2024/11/15,109805,gal,,R6,
M-1054,"478 Cottonwood Dr, Wiley, CO 81092",Resident 1054,A-20054,2024/11/15,334376,gal,,R1,
M-1055,"485 Sand Creek Rd, Wiley, CO 81092",Resident 1055,A-20055,2024/11/15,102464,gal,,R2,
M-1056,"492 Prairie View, Wiley, CO 81092",Resident 1056,A-20056,2024/11/15,179493,gal,,R3,
M-1057,"499 School House Rd, Wiley, CO 81092",Resident 1057,A-20057,2024/11/15,110940,gal,,R4,
M-1058,"506 Cemetery Rd, Wiley, CO 81092",Resident 1058,A-20058,2024/11/15,390839,gal,,R5,
M-1059,"513 Grain Elevator Rd, Wiley, CO 81092",Resident 1059,A-20059,2024/11/15,99933,gal,,R6,
M-1060,"520 Main St, Wiley, CO 81092",Resident 1060,A-20060,2024/11/15,198029,gal,,R1,
M-1061,"527 County Rd 10, Wiley, CO 81092",Resident 1061,A-20061,2024/11/15,274264,gal,,R2,
M-1062,"534 County Rd 14, Wiley, CO 81092",Resident 1062,A-20062,2024/11/15,139969,gal,,R3,
M-1063,"541 Highway 287, Wiley, CO 81092",Resident 1063,A-20063,2024/11/15,368909,gal,,R4,
M-1064,"548 Maple Ave, Wiley, CO 81092",Resident 1064,A-20064,2024/11/15,208806,gal,,R5,
M-1065,"555 Oak St, Wiley, CO 81092",Resident 1065,A-20065,2024/11/15,384398,gal,,R6,
M-1066,"562 Elm St, Wiley, CO 81092",Resident 1066,A-20066,2024/11/15,384447,gal,,R1,
M-1067,"569 3rd Ave, Wiley, CO 81092",Resident 1067,A-20067,2024/11/15,99993,gal,,R2,
M-1068,"576 5th St, Wiley, CO 81092",Resident 1068,A-20068,2024/11/15,391266,gal,,R3,
M-1069,"583 Ranch Rd, Wiley, CO 81092",Resident 1069,A-20069,2024/11/15,128332,gal,,R4,
M-1070,"590 Irrigation Ln, Wiley, CO 81092",Resident 1070,A-20070,2024/11/15,281852,gal,,R5,
M-1071,"597 North Frontage, Wiley, CO 81092",Resident 1071,A-20071,2024/11/15,405380,gal,,R6,
M-1072,"604 South Loop, Wiley, CO 81092",Resident 1072,A-20072,2024/11/15,387954,gal,,R1,
M-1073,"611 Pioneer Rd, Wiley, CO 81092",Resident 1073,A-20073,2024/11/15,364219,gal,,R2,
M-1074,"618 Cottonwood Dr, Wiley, CO 81092",Resident 1074,A-20074,2024/11/15,341900,gal,,R3,
M-1075,"625 Sand Creek Rd, Wiley, CO 81092",Resident 1075,A-20075,2024/11/15,228304,gal,,R4,
M-1076,"632 Prairie View, Wiley, CO 81092",Resident 1076,A-20076,2024/11/15,203174,gal,,R5,
M-1077,"639 School House Rd, Wiley, CO 81092",Resident 1077,A-20077,2024/11/15,169380,gal,,R6,
M-1078,"646 Cemetery Rd, Wiley, CO 81092",Resident 1078,A-20078,2024/11/15,238657,gal,,R1,
M-1079,"653 Grain Elevator Rd, Wiley, CO 81092",Resident 1079,A-20079,2024/11/15,194508,gal,,R2,
M-1080,"660 Main St, Wiley, CO 81092",Resident 1080,A-20080,2024/11/15,214612,gal,,R3,
M-1081,"667 County Rd 10, Wiley, CO 81092",Resident 1081,A-20081,2024/11/15,288449,gal,,R4,
M-1082,"674 County Rd 14, Wiley, CO 81092",Resident 1082,A-20082,2024/11/15,140303,gal,,R5,
M-1083,"681 Highway 287, Wiley, CO 81092",Resident 1083,A-20083,2024/11/15,403009,gal,,R6,
M-1084,"688 Maple Ave, Wiley, CO 81092",Resident 1084,A-20084,2024/11/15,227027,gal,,R1,
M-1085,"695 Oak St, Wiley, CO 81092",Resident 1085,A-20085,2024/11/15,311050,gal,,R2,
M-1086,"702 Elm St, Wiley, CO 81092",Resident 1086,A-20086,2024/11/15,233637,gal,,R3,
M-1087,"709 3rd Ave, Wiley, CO 81092",Resident 1087,A-20087,2024/11/15,119717,gal,,R4,
M-1088,"716 5th St, Wiley, CO 81092",Resident 1088,A-20088,2024/11/15,73349,gal,,R5,
M-1089,"723 Ranch Rd, Wiley, CO 81092",Resident 1089,A-20089,2024/11/15,372185,gal,,R6,
M-1090,"730 Irrigation Ln, Wiley, CO 81092",Resident 1090,A-20090,2024/11/15,406892,gal,,R1,
M-1091,"737 North Frontage, Wiley, CO 81092",Resident 1091,A-20091,2024/11/15,374824,gal,,R2,
M-1092,"744 South Loop, Wiley, CO 81092",Resident 1092,A-20092,2024/11/15,117451,gal,,R3,
M-1093,"751 Pioneer Rd, Wiley, CO 81092",Resident 1093,A-20093,2024/11/15,115253,gal,,R4,
M-1094,"758 Cottonwood Dr, Wiley, CO 81092",Resident 1094,A-20094,2024/11/15,364173,gal,,R5,
M-1095,"765 Sand Creek Rd, Wiley, CO 81092",Resident 1095,A-20095,2024/11/15,179747,gal,,R6,
M-1096,"772 Prairie View, Wiley, CO 81092",Resident 1096,A-20096,2024/11/15,330130,gal,,R1,
M-1097,"779 School House Rd, Wiley, CO 81092",Resident 1097,A-20097,2024/11/15,214187,gal,,R2,
M-1098,"786 Cemetery Rd, Wiley, CO 81092",Resident 1098,A-20098,2024/11/15,142678,gal,,R3,
M-1099,"793 Grain Elevator Rd, Wiley, CO 81092",Resident 1099,A-20099,2024/11/15,251690,gal,,R4,
M-1100,"800 Main St, Wiley, CO 81092",Resident 1100,A-20100,2024/11/15,115153,gal,,R5,
M-1101,"807 County Rd 10, Wiley, CO 81092",Resident 1101,A-20101,2024/11/15,211528,gal,,R6,
M-1102,"814 County Rd 14, Wiley, CO 81092",Resident 1102,A-20102,2024/11/15,273027,gal,,R1,
M-1103,"821 Highway 287, Wiley, CO 81092",Resident 1103,A-20103,2024/11/15,218086,gal,,R2,
M-1104,"828 Maple Ave, Wiley, CO 81092",Resident 1104,A-20104,2024/11/15,166229,gal,,R3,
M-1105,"835 Oak St, Wiley, CO 81092",Resident 1105,A-20105,2024/11/15,301936,gal,,R4,
M-1106,"842 Elm St, Wiley, CO 81092",Resident 1106,A-20106,2024/11/15,373200,gal,,R5,
M-1107,"849 3rd Ave, Wiley, CO 81092",Resident 1107,A-20107,2024/11/15,220552,gal,,R6,
M-1108,"856 5th St, Wiley, CO 81092",Resident 1108,A-20108,2024/11/15,387822,gal,,R1,
M-1109,"863 Ranch Rd, Wiley, CO 81092",Resident 1109,A-20109,2024/11/15,403780,gal,,R2,
M-1110,"870 Irrigation Ln, Wiley, CO 81092",Resident 1110,A-20110,2024/11/15,348058,gal,,R3,
M-1111,"877 North Frontage, Wiley, CO 81092",Resident 1111,A-20111,2024/11/15,75833,gal,,R4,
M-1112,"884 South Loop, Wiley, CO 81092",Resident 1112,A-20112,2024/11/15,358482,gal,,R5,
M-1113,"891 Pioneer Rd, Wiley, CO 81092",Resident 1113,A-20113,2024/11/15,218895,gal,,R6,
M-1114,"898 Cottonwood Dr, Wiley, CO 81092",Resident 1114,A-20114,2024/11/15,414324,gal,,R1,
M-1115,"905 Sand Creek Rd, Wiley, CO 81092",Resident 1115,A-20115,2024/11/15,133672,gal,,R2,
M-1116,"912 Prairie View, Wiley, CO 81092",Resident 1116,A-20116,2024/11/15,152742,gal,,R3,
M-1117,"919 School House Rd, Wiley, CO 81092",Resident 1117,A-20117,2024/11/15,210531,gal,,R4,
M-1118,"926 Cemetery Rd, Wiley, CO 81092",Resident 1118,A-20118,2024/11/15,127855,gal,,R5,
M-1119,"933 Grain Elevator Rd, Wiley, CO 81092",Resident 1119,A-20119,2024/11/15,137158,gal,,R6,
M-1120,"940 Main St, Wiley, CO 81092",Resident 1120,A-20120,2024/11/15,364977,gal,,R1,
M-1121,"947 County Rd 10, Wiley, CO 81092",Resident 1121,A-20121,2024/11/15,155384,gal,,R2,
M-1122,"954 County Rd 14, Wiley, CO 81092",Resident 1122,A-20122,2024/11/15,224035,gal,,R3,
M-1123,"961 Highway 287, Wiley, CO 81092",Resident 1123,A-20123,2024/11/15,223482,gal,,R4,
M-1124,"968 Maple Ave, Wiley, CO 81092",Resident 1124,A-20124,2024/11/15,382207,gal,,R5,
M-1125,"975 Oak St, Wiley, CO 81092",Resident 1125,A-20125,2024/11/15,178388,gal,,R6,
M-1126,"982 Elm St, Wiley, CO 81092",Resident 1126,A-20126,2024/11/15,243725,gal,,R1,
M-1127,"989 3rd Ave, Wiley, CO 81092",Resident 1127,A-20127,2024/11/15,174828,gal,,R2,
M-1128,"996 5th St, Wiley, CO 81092",Resident 1128,A-20128,2024/11/15,420563,gal,,R3,
M-1129,"1003 Ranch Rd, Wiley, CO 81092",Resident 1129,A-20129,2024/11/15,218169,gal,,R4,
M-1130,"1010 Irrigation Ln, Wiley, CO 81092",Resident 1130,A-20130,2024/11/15,342941,gal,,R5,
M-1131,"1017 North Frontage, Wiley, CO 81092",Resident 1131,A-20131,2024/11/15,324750,gal,,R6,
M-1132,"1024 South Loop, Wiley, CO 81092",Resident 1132,A-20132,2024/11/15,214826,gal,,R1,
M-1133,"1031 Pioneer Rd, Wiley, CO 81092",Resident 1133,A-20133,2024/11/15,106331,gal,,R2,
M-1134,"1038 Cottonwood Dr, Wiley, CO 81092",Resident 1134,A-20134,2024/11/15,121847,gal,,R3,
M-1135,"1045 Sand Creek Rd, Wiley, CO 81092",Resident 1135,A-20135,2024/11/15,409690,gal,,R4,
M-1136,"1052 Prairie View, Wiley, CO 81092",Resident 1136,A-20136,2024/11/15,296335,gal,,R5,
M-1137,"1059 School House Rd, Wiley, CO 81092",Resident 1137,A-20137,2024/11/15,218760,gal,,R6,
M-1138,"1066 Cemetery Rd, Wiley, CO 81092",Resident 1138,A-20138,2024/11/15,91366,gal,,R1,
M-1139,"1073 Grain Elevator Rd, Wiley, CO 81092",Resident 1139,A-20139,2024/11/15,65769,gal,,R2,
M-1140,"1080 Main St, Wiley, CO 81092",Resident 1140,A-20140,2024/11/15,252282,gal,,R3,
M-1141,"1087 County Rd 10, Wiley, CO 81092",Resident 1141,A-20141,2024/11/15,145797,gal,,R4,
M-1142,"1094 County Rd 14, Wiley, CO 81092",Resident 1142,A-20142,2024/11/15,395948,gal,,R5,
M-1143,"1101 Highway 287, Wiley, CO 81092",Resident 1143,A-20143,2024/11/15,223389,gal,,R6,
M-1144,"1108 Maple Ave, Wiley, CO 81092",Resident 1144,A-20144,2024/11/15,145509,gal,,R1,
M-1145,"1115 Oak St, Wiley, CO 81092",Resident 1145,A-20145,2024/11/15,295449,gal,,R2,
M-1146,"1122 Elm St, Wiley, CO 81092",Resident 1146,A-20146,2024/11/15,354023,gal,,R3,
M-1147,"1129 3rd Ave, Wiley, CO 81092",Resident 1147,A-20147,2024/11/15,305062,gal,,R4,
M-1148,"1136 5th St, Wiley, CO 81092",Resident 1148,A-20148,2024/11/15,359226,gal,,R5,
M-1149,"1143 Ranch Rd, Wiley, CO 81092",Resident 1149,A-20149,2024/11/15,86746,gal,,R6,
M-1150,"1150 Irrigation Ln, Wiley, CO 81092",Resident 1150,A-20150,2024/11/15,133989,gal,,R1,
M-1151,"1157 North Frontage, Wiley, CO 81092",Resident 1151,A-20151,2024/11/15,118663,gal,,R2,
M-1152,"1164 South Loop, Wiley, CO 81092",Resident 1152,A-20152,2024/11/15,139865,gal,,R3,
M-1153,"1171 Pioneer Rd, Wiley, CO 81092",Resident 1153,A-20153,2024/11/15,359468,gal,,R4,
M-1154,"1178 Cottonwood Dr, Wiley, CO 81092",Resident 1154,A-20154,2024/11/15,91336,gal,,R5,
M-1155,"1185 Sand Creek Rd, Wiley, CO 81092",Resident 1155,A-20155,2024/11/15,273007,gal,,R6,
M-1156,"1192 Prairie View, Wiley, CO 81092",Resident 1156,A-20156,2024/11/15,466726,gal,,R1,
M-1157,"1199 School House Rd, Wiley, CO 81092",Resident 1157,A-20157,2024/11/15,366741,gal,,R2,
M-1158,"1206 Cemetery Rd, Wiley, CO 81092",Resident 1158,A-20158,2024/11/15,147053,gal,,R3,
M-1159,"1213 Grain Elevator Rd, Wiley, CO 81092",Resident 1159,A-20159,2024/11/15,303132,gal,,R4,
M-1160,"1220 Main St, Wiley, CO 81092",Resident 1160,A-20160,2024/11/15,126577,gal,,R5,
M-1161,"1227 County Rd 10, Wiley, CO 81092",Resident 1161,A-20161,2024/11/15,104453,gal,,R6,
M-1162,"1234 County Rd 14, Wiley, CO 81092",Resident 1162,A-20162,2024/11/15,247293,gal,,R1,
M-1163,"1241 Highway 287, Wiley, CO 81092",Resident 1163,A-20163,2024/11/15,254301,gal,,R2,
M-1164,"1248 Maple Ave, Wiley, CO 81092",Resident 1164,A-20164,2024/11/15,104850,gal,,R3,
M-1165,"1255 Oak St, Wiley, CO 81092",Resident 1165,A-20165,2024/11/15,263931,gal,,R4,
M-1166,"1262 Elm St, Wiley, CO 81092",Resident 1166,A-20166,2024/11/15,196318,gal,,R5,
M-1167,"1269 3rd Ave, Wiley, CO 81092",Resident 1167,A-20167,2024/11/15,199950,gal,,R6,
M-1168,"1276 5th St, Wiley, CO 81092",Resident 1168,A-20168,2024/11/15,434380,gal,,R1,
M-1169,"1283 Ranch Rd, Wiley, CO 81092",Resident 1169,A-20169,2024/11/15,135386,gal,,R2,
M-1170,"1290 Irrigation Ln, Wiley, CO 81092",Resident 1170,A-20170,2024/11/15,257494,gal,,R3,
M-1171,"1297 North Frontage, Wiley, CO 81092",Resident 1171,A-20171,2024/11/15,356416,gal,,R4,
M-1172,"1304 South Loop, Wiley, CO 81092",Resident 1172,A-20172,2024/11/15,281510,gal,,R5,
M-1173,"1311 Pioneer Rd, Wiley, CO 81092",Resident 1173,A-20173,2024/11/15,401825,gal,,R6,
M-1174,"1318 Cottonwood Dr, Wiley, CO 81092",Resident 1174,A-20174,2024/11/15,145137,gal,,R1,
M-1175,"1325 Sand Creek Rd, Wiley, CO 81092",Resident 1175,A-20175,2024/11/15,198040,gal,,R2,
M-1176,"1332 Prairie View, Wiley, CO 81092",Resident 1176,A-20176,2024/11/15,144757,gal,,R3,
M-1177,"1339 School House Rd, Wiley, CO 81092",Resident 1177,A-20177,2024/11/15,176396,gal,,R4,
M-1178,"1346 Cemetery Rd, Wiley, CO 81092",Resident 1178,A-20178,2024/11/15,303036,gal,,R5,
M-1179,"1353 Grain Elevator Rd, Wiley, CO 81092",Resident 1179,A-20179,2024/11/15,81578,gal,,R6,
M-1180,"1360 Main St, Wiley, CO 81092",Resident 1180,A-20180,2024/11/15,170489,gal,,R1,
M-1181,"1367 County Rd 10, Wiley, CO 81092",Resident 1181,A-20181,2024/11/15,259370,gal,,R2,
M-1182,"1374 County Rd 14, Wiley, CO 81092",Resident 1182,A-20182,2024/11/15,281976,gal,,R3,
M-1183,"1381 Highway 287, Wiley, CO 81092",Resident 1183,A-20183,2024/11/15,208059,gal,,R4,
M-1184,"1388 Maple Ave, Wiley, CO 81092",Resident 1184,A-20184,2024/11/15,203066,gal,,R5,
M-1185,"1395 Oak St, Wiley, CO 81092",Resident 1185,A-20185,2024/11/15,165361,gal,,R6,
M-1186,"1402 Elm St, Wiley, CO 81092",Resident 1186,A-20186,2024/11/15,127293,gal,,R1,
M-1187,"1409 3rd Ave, Wiley, CO 81092",Resident 1187,A-20187,2024/11/15,282388,gal,,R2,
M-1188,"1416 5th St, Wiley, CO 81092",Resident 1188,A-20188,2024/11/15,96815,gal,,R3,
M-1189,"1423 Ranch Rd, Wiley, CO 81092",Resident 1189,A-20189,2024/11/15,326712,gal,,R4,
M-1190,"1430 Irrigation Ln, Wiley, CO 81092",Resident 1190,A-20190,2024/11/15,183716,gal,,R5,
M-1191,"1437 North Frontage, Wiley, CO 81092",Resident 1191,A-20191,2024/11/15,167749,gal,,R6,
M-1192,"1444 South Loop, Wiley, CO 81092",Resident 1192,A-20192,2024/11/15,313174,gal,,R1,
M-1193,"1451 Pioneer Rd, Wiley, CO 81092",Resident 1193,A-20193,2024/11/15,269012,gal,,R2,
M-1194,"1458 Cottonwood Dr, Wiley, CO 81092",Resident 1194,A-20194,2024/11/15,225286,gal,,R3,
M-1195,"1465 Sand Creek Rd, Wiley, CO 81092",Resident 1195,A-20195,2024/11/15,198252,gal,,R4,
M-1196,"1472 Prairie View, Wiley, CO 81092",Resident 1196,A-20196,2024/11/15,195655,gal,,R5,
M-1197,"1479 School House Rd, Wiley, CO 81092",Resident 1197,A-20197,2024/11/15,71968,gal,,R6,
M-1198,"1486 Cemetery Rd, Wiley, CO 81092",Resident 1198,A-20198,2024/11/15,426769,gal,,R1,
M-1199,"1493 Grain Elevator Rd, Wiley, CO 81092",Resident 1199,A-20199,2024/11/15,173139,gal,,R2,
M-1200,"1500 Main St, Wiley, CO 81092",Resident 1200,A-20200,2024/11/15,284650,gal,,R3,
M-1201,"1507 County Rd 10, Wiley, CO 81092",Resident 1201,A-20201,2024/11/15,232161,gal,,R4,
M-1202,"1514 County Rd 14, Wiley, CO 81092",Resident 1202,A-20202,2024/11/15,209079,gal,,R5,
M-1203,"1521 Highway 287, Wiley, CO 81092",Resident 1203,A-20203,2024/11/15,108010,gal,,R6,
M-1204,"1528 Maple Ave, Wiley, CO 81092",Resident 1204,A-20204,2024/11/15,216178,gal,,R1,
M-1205,"1535 Oak St, Wiley, CO 81092",Resident 1205,A-20205,2024/11/15,251865,gal,,R2,
M-1206,"1542 Elm St, Wiley, CO 81092",Resident 1206,A-20206,2024/11/15,397384,gal,,R3,
M-1207,"1549 3rd Ave, Wiley, CO 81092",Resident 1207,A-20207,2024/11/15,335315,gal,,R4,
M-1208,"1556 5th St, Wiley, CO 81092",Resident 1208,A-20208,2024/11/15,289002,gal,,R5,
M-1209,"1563 Ranch Rd, Wiley, CO 81092",Resident 1209,A-20209,2024/11/15,342864,gal,,R6,
M-1210,"1570 Irrigation Ln, Wiley, CO 81092",Resident 1210,A-20210,2024/11/15,235761,gal,,R1,
M-1211,"1577 North Frontage, Wiley, CO 81092",Resident 1211,A-20211,2024/11/15,99677,gal,,R2,
M-1212,"1584 South Loop, Wiley, CO 81092",Resident 1212,A-20212,2024/11/15,137905,gal,,R3,
M-1213,"1591 Pioneer Rd, Wiley, CO 81092",Resident 1213,A-20213,2024/11/15,198964,gal,,R4,
M-1214,"1598 Cottonwood Dr, Wiley, CO 81092",Resident 1214,A-20214,2024/11/15,181382,gal,,R5,
M-1215,"1605 Sand Creek Rd, Wiley, CO 81092",Resident 1215,A-20215,2024/11/15,381209,gal,,R6,
M-1216,"1612 Prairie View, Wiley, CO 81092",Resident 1216,A-20216,2024/11/15,222948,gal,,R1,
M-1217,"1619 School House Rd, Wiley, CO 81092",Resident 1217,A-20217,2024/11/15,83806,gal,,R2,
M-1218,"1626 Cemetery Rd, Wiley, CO 81092",Resident 1218,A-20218,2024/11/15,120444,gal,,R3,
M-1219,"1633 Grain Elevator Rd, Wiley, CO 81092",Resident 1219,A-20219,2024/11/15,393882,gal,,R4,
M-1220,"1640 Main St, Wiley, CO 81092",Resident 1220,A-20220,2024/11/15,303219,gal,,R5,
M-1221,"1647 County Rd 10, Wiley, CO 81092",Resident 1221,A-20221,2024/11/15,259563,gal,,R6,
M-1222,"1654 County Rd 14, Wiley, CO 81092",Resident 1222,A-20222,2024/11/15,228833,gal,,R1,
M-1223,"1661 Highway 287, Wiley, CO 81092",Resident 1223,A-20223,2024/11/15,298459,gal,,R2,
M-1224,"1668 Maple Ave, Wiley, CO 81092",Resident 1224,A-20224,2024/11/15,395394,gal,,R3,
M-1225,"1675 Oak St, Wiley, CO 81092",Resident 1225,A-20225,2024/11/15,349276,gal,,R4,
M-1226,"1682 Elm St, Wiley, CO 81092",Resident 1226,A-20226,2024/11/15,133697,gal,,R5,
M-1227,"1689 3rd Ave, Wiley, CO 81092",Resident 1227,A-20227,2024/11/15,268557,gal,,R6,
M-1228,"1696 5th St, Wiley, CO 81092",Resident 1228,A-20228,2024/11/15,380757,gal,,R1,
M-1229,"1703 Ranch Rd, Wiley, CO 81092",Resident 1229,A-20229,2024/11/15,187503,gal,,R2,
M-1230,"1710 Irrigation Ln, Wiley, CO 81092",Resident 1230,A-20230,2024/11/15,218821,gal,,R3,
M-1231,"1717 North Frontage, Wiley, CO 81092",Resident 1231,A-20231,2024/11/15,109394,gal,,R4,
M-1232,"1724 South Loop, Wiley, CO 81092",Resident 1232,A-20232,2024/11/15,295604,gal,,R5,
M-1233,"1731 Pioneer Rd, Wiley, CO 81092",Resident 1233,A-20233,2024/11/15,85197,gal,,R6,
M-1234,"1738 Cottonwood Dr, Wiley, CO 81092",Resident 1234,A-20234,2024/11/15,342664,gal,,R1,
M-1235,"1745 Sand Creek Rd, Wiley, CO 81092",Resident 1235,A-20235,2024/11/15,357022,gal,,R2,
M-1236,"1752 Prairie View, Wiley, CO 81092",Resident 1236,A-20236,2024/11/15,186931,gal,,R3,
M-1237,"1759 School House Rd, Wiley, CO 81092",Resident 1237,A-20237,2024/11/15,273842,gal,,R4,
M-1238,"1766 Cemetery Rd, Wiley, CO 81092",Resident 1238,A-20238,2024/11/15,299053,gal,,R5,
M-1239,"1773 Grain Elevator Rd, Wiley, CO 81092",Resident 1239,A-20239,2024/11/15,109235,gal,,R6,
M-1240,"1780 Main St, Wiley, CO 81092",Resident 1240,A-20240,2024/11/15,426406,gal,,R1,
M-1241,"1787 County Rd 10, Wiley, CO 81092",Resident 1241,A-20241,2024/11/15,246536,gal,,R2,
M-1242,"1794 County Rd 14, Wiley, CO 81092",Resident 1242,A-20242,2024/11/15,390203,gal,,R3,
M-1243,"1801 Highway 287, Wiley, CO 81092",Resident 1243,A-20243,2024/11/15,232523,gal,,R4,
M-1244,"1808 Maple Ave, Wiley, CO 81092",Resident 1244,A-20244,2024/11/15,486554,gal,,R5,
M-1245,"1815 Oak St, Wiley, CO 81092",Resident 1245,A-20245,2024/11/15,127184,gal,,R6,
M-1246,"1822 Elm St, Wiley, CO 81092",Resident 1246,A-20246,2024/11/15,228940,gal,,R1,
M-1247,"1829 3rd Ave, Wiley, CO 81092",Resident 1247,A-20247,2024/11/15,326046,gal,,R2,
M-1248,"1836 5th St, Wiley, CO 81092",Resident 1248,A-20248,2024/11/15,242437,gal,,R3,
M-1249,"1843 Ranch Rd, Wiley, CO 81092",Resident 1249,A-20249,2024/11/15,428011,gal,,R4,
M-1250,"1850 Irrigation Ln, Wiley, CO 81092",Resident 1250,A-20250,2024/11/15,281408,gal,,R5,
M-1251,"1857 North Frontage, Wiley, CO 81092",Resident 1251,A-20251,2024/11/15,251038,gal,,R6,
M-1252,"1864 South Loop, Wiley, CO 81092",Resident 1252,A-20252,2024/11/15,278023,gal,,R1,
M-1253,"1871 Pioneer Rd, Wiley, CO 81092",Resident 1253,A-20253,2024/11/15,214531,gal,,R2,
M-1254,"1878 Cottonwood Dr, Wiley, CO 81092",Resident 1254,A-20254,2024/11/15,352583,gal,,R3,
M-1255,"1885 Sand Creek Rd, Wiley, CO 81092",Resident 1255,A-20255,2024/11/15,152297,gal,,R4,
M-1256,"1892 Prairie View, Wiley, CO 81092",Resident 1256,A-20256,2024/11/15,182373,gal,,R5,
M-1257,"1899 School House Rd, Wiley, CO 81092",Resident 1257,A-20257,2024/11/15,281511,gal,,R6,
M-1258,"1906 Cemetery Rd, Wiley, CO 81092",Resident 1258,A-20258,2024/11/15,416218,gal,,R1,
M-1259,"1913 Grain Elevator Rd, Wiley, CO 81092",Resident 1259,A-20259,2024/11/15,260440,gal,,R2,
M-1260,"1920 Main St, Wiley, CO 81092",Resident 1260,A-20260,2024/11/15,152654,gal,,R3,
M-1261,"1927 County Rd 10, Wiley, CO 81092",Resident 1261,A-20261,2024/11/15,392718,gal,,R4,
M-1262,"1934 County Rd 14, Wiley, CO 81092",Resident 1262,A-20262,2024/11/15,360269,gal,,R5,
M-1263,"1941 Highway 287, Wiley, CO 81092",Resident 1263,A-20263,2024/11/15,233623,gal,,R6,
M-1264,"1948 Maple Ave, Wiley, CO 81092",Resident 1264,A-20264,2024/11/15,280388,gal,,R1,
M-1265,"1955 Oak St, Wiley, CO 81092",Resident 1265,A-20265,2024/11/15,354954,gal,,R2,
M-1266,"1962 Elm St, Wiley, CO 81092",Resident 1266,A-20266,2024/11/15,80259,gal,,R3,
M-1267,"1969 3rd Ave, Wiley, CO 81092",Resident 1267,A-20267,2024/11/15,234614,gal,,R4,
M-1268,"1976 5th St, Wiley, CO 81092",Resident 1268,A-20268,2024/11/15,217371,gal,,R5,
M-1269,"1983 Ranch Rd, Wiley, CO 81092",Resident 1269,A-20269,2024/11/15,190128,gal,,R6,
M-1270,"1990 Irrigation Ln, Wiley, CO 81092",Resident 1270,A-20270,2024/11/15,289488,gal,,R1,
M-1271,"1997 North Frontage, Wiley, CO 81092",Resident 1271,A-20271,2024/11/15,387716,gal,,R2,
M-1272,"2004 South Loop, Wiley, CO 81092",Resident 1272,A-20272,2024/11/15,397899,gal,,R3,
M-1273,"2011 Pioneer Rd, Wiley, CO 81092",Resident 1273,A-20273,2024/11/15,422897,gal,,R4,
M-1274,"2018 Cottonwood Dr, Wiley, CO 81092",Resident 1274,A-20274,2024/11/15,244001,gal,,R5,
M-1275,"2025 Sand Creek Rd, Wiley, CO 81092",Resident 1275,A-20275,2024/11/15,312248,gal,,R6,
M-1276,"2032 Prairie View, Wiley, CO 81092",Resident 1276,A-20276,2024/11/15,308832,gal,,R1,
M-1277,"2039 School House Rd, Wiley, CO 81092",Resident 1277,A-20277,2024/11/15,306728,gal,,R2,
M-1278,"2046 Cemetery Rd, Wiley, CO 81092",Resident 1278,A-20278,2024/11/15,177390,gal,,R3,
M-1279,"2053 Grain Elevator Rd, Wiley, CO 81092",Resident 1279,A-20279,2024/11/15,330952,gal,,R4,
M-1280,"2060 Main St, Wiley, CO 81092",Resident 1280,A-20280,2024/11/15,311126,gal,,R5,
M-1281,"2067 County Rd 10, Wiley, CO 81092",Resident 1281,A-20281,2024/11/15,171929,gal,,R6,
M-1282,"2074 County Rd 14, Wiley, CO 81092",Resident 1282,A-20282,2024/11/15,420662,gal,,R1,
M-1283,"2081 Highway 287, Wiley, CO 81092",Resident 1283,A-20283,2024/11/15,116725,gal,,R2,
M-1284,"2088 Maple Ave, Wiley, CO 81092",Resident 1284,A-20284,2024/11/15,224025,gal,,R3,
M-1285,"2095 Oak St, Wiley, CO 81092",Resident 1285,A-20285,2024/11/15,345473,gal,,R4,
M-1286,"2102 Elm St, Wiley, CO 81092",Resident 1286,A-20286,2024/11/15,424332,gal,,R5,
M-1287,"2109 3rd Ave, Wiley, CO 81092",Resident 1287,A-20287,2024/11/15,415716,gal,,R6,
M-1288,"2116 5th St, Wiley, CO 81092",Resident 1288,A-20288,2024/11/15,385827,gal,,R1,
M-1289,"2123 Ranch Rd, Wiley, CO 81092",Resident 1289,A-20289,2024/11/15,258927,gal,,R2,
M-1290,"2130 Irrigation Ln, Wiley, CO 81092",Resident 1290,A-20290,2024/11/15,130666,gal,,R3,
M-1291,"2137 North Frontage, Wiley, CO 81092",Resident 1291,A-20291,2024/11/15,204134,gal,,R4,
M-1292,"2144 South Loop, Wiley, CO 81092",Resident 1292,A-20292,2024/11/15,224587,gal,,R5,
M-1293,"2151 Pioneer Rd, Wiley, CO 81092",Resident 1293,A-20293,2024/11/15,179416,gal,,R6,
M-1294,"2158 Cottonwood Dr, Wiley, CO 81092",Resident 1294,A-20294,2024/11/15,178103,gal,,R1,
M-1295,"2165 Sand Creek Rd, Wiley, CO 81092",Resident 1295,A-20295,2024/11/15,165066,gal,,R2,
M-1296,"2172 Prairie View, Wiley, CO 81092",Resident 1296,A-20296,2024/11/15,83421,gal,,R3,
M-1297,"2179 School House Rd, Wiley, CO 81092",Resident 1297,A-20297,2024/11/15,87368,gal,,R4,
M-1298,"2186 Cemetery Rd, Wiley, CO 81092",Resident 1298,A-20298,2024/11/15,194946,gal,,R5,
M-1299,"2193 Grain Elevator Rd, Wiley, CO 81092",Resident 1299,A-20299,2024/11/15,313455,gal,,R6,
M-1300,"2200 Main St, Wiley, CO 81092",Resident 1300,A-20300,2024/11/15,386929,gal,,R1,
M-1001,"107 County Rd 10, Wiley, CO 81092",Resident 1001,A-20001,2024/12/16,366970,gal,,R2,
M-1002,"114 County Rd 14, Wiley, CO 81092",Resident 1002,A-20002,2024/12/16,300709,gal,,R3,
M-1003,"121 Highway 287, Wiley, CO 81092",Resident 1003,A-20003,2024/12/16,135051,gal,,R4,
M-1004,"128 Maple Ave, Wiley, CO 81092",Resident 1004,A-20004,2024/12/16,314883,gal,,R5,
M-1005,"135 Oak St, Wiley, CO 81092",Resident 1005,A-20005,2024/12/16,168644,gal,,R6,
M-1006,"142 Elm St, Wiley, CO 81092",Resident 1006,A-20006,2024/12/16,216946,gal,,R1,
M-1007,"149 3rd Ave, Wiley, CO 81092",Resident 1007,A-20007,2024/12/16,312733,gal,,R2,
M-1008,"156 5th St, Wiley, CO 81092",Resident 1008,A-20008,2024/12/16,197705,gal,,R3,
M-1009,"163 Ranch Rd, Wiley, CO 81092",Resident 1009,A-20009,2024/12/16,130127,gal,,R4,
M-1010,"170 Irrigation Ln, Wiley, CO 81092",Resident 1010,A-20010,2024/12/16,296756,gal,,R5,
M-1011,"177 North Frontage, Wiley, CO 81092",Resident 1011,A-20011,2024/12/16,376036,gal,,R6,
M-1012,"184 South Loop, Wiley, CO 81092",Resident 1012,A-20012,2024/12/16,144084,gal,,R1,
M-1013,"191 Pioneer Rd, Wiley, CO 81092",Resident 1013,A-20013,2024/12/16,108409,gal,,R2,
M-1014,"198 Cottonwood Dr, Wiley, CO 81092",Resident 1014,A-20014,2024/12/16,406172,gal,,R3,
M-1015,"205 Sand Creek Rd, Wiley, CO 81092",Resident 1015,A-20015,2024/12/16,369305,gal,,R4,
M-1016,"212 Prairie View, Wiley, CO 81092",Resident 1016,A-20016,2024/12/16,85983,gal,,R5,
M-1017,"219 School House Rd, Wiley, CO 81092",Resident 1017,A-20017,2024/12/16,111286,gal,,R6,
M-1018,"226 Cemetery Rd, Wiley, CO 81092",Resident 1018,A-20018,2024/12/16,185681,gal,,R1,
M-1019,"233 Grain Elevator Rd, Wiley, CO 81092",Resident 1019,A-20019,2024/12/16,151359,gal,,R2,
M-1020,"240 Main St, Wiley, CO 81092",Resident 1020,A-20020,2024/12/16,282682,gal,,R3,
M-1021,"247 County Rd 10, Wiley, CO 81092",Resident 1021,A-20021,2024/12/16,324511,gal,,R4,
M-1022,"254 County Rd 14, Wiley, CO 81092",Resident 1022,A-20022,2024/12/16,333500,gal,,R5,
M-1023,"261 Highway 287, Wiley, CO 81092",Resident 1023,A-20023,2024/12/16,198819,gal,,R6,
M-1024,"268 Maple Ave, Wiley, CO 81092",Resident 1024,A-20024,2024/12/16,272896,gal,,R1,
M-1025,"275 Oak St, Wiley, CO 81092",Resident 1025,A-20025,2024/12/16,114943,gal,,R2,
M-1026,"282 Elm St, Wiley, CO 81092",Resident 1026,A-20026,2024/12/16,156173,gal,,R3,
M-1027,"289 3rd Ave, Wiley, CO 81092",Resident 1027,A-20027,2024/12/16,290773,gal,,R4,
M-1028,"296 5th St, Wiley, CO 81092",Resident 1028,A-20028,2024/12/16,90242,gal,,R5,
M-1029,"303 Ranch Rd, Wiley, CO 81092",Resident 1029,A-20029,2024/12/16,295399,gal,,R6,
M-1030,"310 Irrigation Ln, Wiley, CO 81092",Resident 1030,A-20030,2024/12/16,223769,gal,,R1,
M-1031,"317 North Frontage, Wiley, CO 81092",Resident 1031,A-20031,2024/12/16,317673,gal,,R2,
M-1032,"324 South Loop, Wiley, CO 81092",Resident 1032,A-20032,2024/12/16,218496,gal,,R3,
M-1033,"331 Pioneer Rd, Wiley, CO 81092",Resident 1033,A-20033,2024/12/16,403027,gal,,R4,
M-1034,"338 Cottonwood Dr, Wiley, CO 81092",Resident 1034,A-20034,2024/12/16,378868,gal,,R5,
M-1035,"345 Sand Creek Rd, Wiley, CO 81092",Resident 1035,A-20035,2024/12/16,419968,gal,,R6,
M-1036,"352 Prairie View, Wiley, CO 81092",Resident 1036,A-20036,2024/12/16,316340,gal,,R1,
M-1037,"359 School House Rd, Wiley, CO 81092",Resident 1037,A-20037,2024/12/16,175561,gal,,R2,
M-1038,"366 Cemetery Rd, Wiley, CO 81092",Resident 1038,A-20038,2024/12/16,166730,gal,,R3,
M-1039,"373 Grain Elevator Rd, Wiley, CO 81092",Resident 1039,A-20039,2024/12/16,245286,gal,,R4,
M-1040,"380 Main St, Wiley, CO 81092",Resident 1040,A-20040,2024/12/16,191729,gal,,R5,
M-1041,"387 County Rd 10, Wiley, CO 81092",Resident 1041,A-20041,2024/12/16,106511,gal,,R6,
M-1042,"394 County Rd 14, Wiley, CO 81092",Resident 1042,A-20042,2024/12/16,375458,gal,,R1,
M-1043,"401 Highway 287, Wiley, CO 81092",Resident 1043,A-20043,2024/12/16,351823,gal,,R2,
M-1044,"408 Maple Ave, Wiley, CO 81092",Resident 1044,A-20044,2024/12/16,101146,gal,,R3,
M-1045,"415 Oak St, Wiley, CO 81092",Resident 1045,A-20045,2024/12/16,255988,gal,,R4,
M-1046,"422 Elm St, Wiley, CO 81092",Resident 1046,A-20046,2024/12/16,103306,gal,,R5,
M-1047,"429 3rd Ave, Wiley, CO 81092",Resident 1047,A-20047,2024/12/16,91354,gal,,R6,
M-1048,"436 5th St, Wiley, CO 81092",Resident 1048,A-20048,2024/12/16,370976,gal,,R1,
M-1049,"443 Ranch Rd, Wiley, CO 81092",Resident 1049,A-20049,2024/12/16,326722,gal,,R2,
M-1050,"450 Irrigation Ln, Wiley, CO 81092",Resident 1050,A-20050,2024/12/16,328822,gal,,R3,
M-1051,"457 North Frontage, Wiley, CO 81092",Resident 1051,A-20051,2024/12/16,353619,gal,,R4,
M-1052,"464 South Loop, Wiley, CO 81092",Resident 1052,A-20052,2024/12/16,159196,gal,,R5,
M-1053,"471 Pioneer Rd, Wiley, CO 81092",Resident 1053,A-20053,2024/12/16,115052,gal,,R6,
M-1054,"478 Cottonwood Dr, Wiley, CO 81092",Resident 1054,A-20054,2024/12/16,338026,gal,,R1,
M-1055,"485 Sand Creek Rd, Wiley, CO 81092",Resident 1055,A-20055,2024/12/16,104511,gal,,R2,
M-1056,"492 Prairie View, Wiley, CO 81092",Resident 1056,A-20056,2024/12/16,186111,gal,,R3,
M-1057,"499 School House Rd, Wiley, CO 81092",Resident 1057,A-20057,2024/12/16,115232,gal,,R4,
M-1058,"506 Cemetery Rd, Wiley, CO 81092",Resident 1058,A-20058,2024/12/16,395635,gal,,R5,
M-1059,"513 Grain Elevator Rd, Wiley, CO 81092",Resident 1059,A-20059,2024/12/16,102400,gal,,R6,
M-1060,"520 Main St, Wiley, CO 81092",Resident 1060,A-20060,2024/12/16,201639,gal,,R1,
M-1061,"527 County Rd 10, Wiley, CO 81092",Resident 1061,A-20061,2024/12/16,276431,gal,,R2,
M-1062,"534 County Rd 14, Wiley, CO 81092",Resident 1062,A-20062,2024/12/16,144365,gal,,R3,
M-1063,"541 Highway 287, Wiley, CO 81092",Resident 1063,A-20063,2024/12/16,372364,gal,,R4,
M-1064,"548 Maple Ave, Wiley, CO 81092",Resident 1064,A-20064,2024/12/16,214754,gal,,R5,
M-1065,"555 Oak St, Wiley, CO 81092",Resident 1065,A-20065,2024/12/16,389487,gal,,R6,
M-1066,"562 Elm St, Wiley, CO 81092",Resident 1066,A-20066,2024/12/16,388886,gal,,R1,
M-1067,"569 3rd Ave, Wiley, CO 81092",Resident 1067,A-20067,2024/12/16,105470,gal,,R2,
M-1068,"576 5th St, Wiley, CO 81092",Resident 1068,A-20068,2024/12/16,393773,gal,,R3,
M-1069,"583 Ranch Rd, Wiley, CO 81092",Resident 1069,A-20069,2024/12/16,135162,gal,,R4,
M-1070,"590 Irrigation Ln, Wiley, CO 81092",Resident 1070,A-20070,2024/12/16,283862,gal,,R5,
M-1071,"597 North Frontage, Wiley, CO 81092",Resident 1071,A-20071,2024/12/16,407482,gal,,R6,
M-1072,"604 South Loop, Wiley, CO 81092",Resident 1072,A-20072,2024/12/16,393390,gal,,R1,
M-1073,"611 Pioneer Rd, Wiley, CO 81092",Resident 1073,A-20073,2024/12/16,367670,gal,,R2,
M-1074,"618 Cottonwood Dr, Wiley, CO 81092",Resident 1074,A-20074,2024/12/16,345589,gal,,R3,
M-1075,"625 Sand Creek Rd, Wiley, CO 81092",Resident 1075,A-20075,2024/12/16,230250,gal,,R4,
M-1076,"632 Prairie View, Wiley, CO 81092",Resident 1076,A-20076,2024/12/16,206262,gal,,R5,
M-1077,"639 School House Rd, Wiley, CO 81092",Resident 1077,A-20077,2024/12/16,171650,gal,,R6,
M-1078,"646 Cemetery Rd, Wiley, CO 81092",Resident 1078,A-20078,2024/12/16,242098,gal,,R1,
M-1079,"653 Grain Elevator Rd, Wiley, CO 81092",Resident 1079,A-20079,2024/12/16,197500,gal,,R2,
M-1080,"660 Main St, Wiley, CO 81092",Resident 1080,A-20080,2024/12/16,218825,gal,,R3,
M-1081,"667 County Rd 10, Wiley, CO 81092",Resident 1081,A-20081,2024/12/16,293960,gal,,R4,
M-1082,"674 County Rd 14, Wiley, CO 81092",Resident 1082,A-20082,2024/12/16,144143,gal,,R5,
M-1083,"681 Highway 287, Wiley, CO 81092",Resident 1083,A-20083,2024/12/16,405742,gal,,R6,
M-1084,"688 Maple Ave, Wiley, CO 81092",Resident 1084,A-20084,2024/12/16,230969,gal,,R1,
M-1085,"695 Oak St, Wiley, CO 81092",Resident 1085,A-20085,2024/12/16,314684,gal,,R2,
M-1086,"702 Elm St, Wiley, CO 81092",Resident 1086,A-20086,2024/12/16,236673,gal,,R3,
M-1087,"709 3rd Ave, Wiley, CO 81092",Resident 1087,A-20087,2024/12/16,124900,gal,,R4,
M-1088,"716 5th St, Wiley, CO 81092",Resident 1088,A-20088,2024/12/16,77123,gal,,R5,
M-1089,"723 Ranch Rd, Wiley, CO 81092",Resident 1089,A-20089,2024/12/16,387593,gal,,R6,
M-1090,"730 Irrigation Ln, Wiley, CO 81092",Resident 1090,A-20090,2024/12/16,411959,gal,,R1,
M-1091,"737 North Frontage, Wiley, CO 81092",Resident 1091,A-20091,2024/12/16,380102,gal,,R2,
M-1092,"744 South Loop, Wiley, CO 81092",Resident 1092,A-20092,2024/12/16,120417,gal,,R3,
M-1093,"751 Pioneer Rd, Wiley, CO 81092",Resident 1093,A-20093,2024/12/16,120232,gal,,R4,
M-1094,"758 Cottonwood Dr, Wiley, CO 81092",Resident 1094,A-20094,2024/12/16,370686,gal,,R5,
M-1095,"765 Sand Creek Rd, Wiley, CO 81092",Resident 1095,A-20095,2024/12/16,182711,gal,,R6,
M-1096,"772 Prairie View, Wiley, CO 81092",Resident 1096,A-20096,2024/12/16,333034,gal,,R1,
M-1097,"779 School House Rd, Wiley, CO 81092",Resident 1097,A-20097,2024/12/16,218499,gal,,R2,
M-1098,"786 Cemetery Rd, Wiley, CO 81092",Resident 1098,A-20098,2024/12/16,146866,gal,,R3,
M-1099,"793 Grain Elevator Rd, Wiley, CO 81092",Resident 1099,A-20099,2024/12/16,255474,gal,,R4,
M-1100,"800 Main St, Wiley, CO 81092",Resident 1100,A-20100,2024/12/16,120874,gal,,R5,
M-1101,"807 County Rd 10, Wiley, CO 81092",Resident 1101,A-20101,2024/12/16,217929,gal,,R6,
M-1102,"814 County Rd 14, Wiley, CO 81092",Resident 1102,A-20102,2024/12/16,278441,gal,,R1,
M-1103,"821 Highway 287, Wiley, CO 81092",Resident 1103,A-20103,2024/12/16,221254,gal,,R2,
M-1104,"828 Maple Ave, Wiley, CO 81092",Resident 1104,A-20104,2024/12/16,171253,gal,,R3,
M-1105,"835 Oak St, Wiley, CO 81092",Resident 1105,A-20105,2024/12/16,305550,gal,,R4,
M-1106,"842 Elm St, Wiley, CO 81092",Resident 1106,A-20106,2024/12/16,380463,gal,,R5,
M-1107,"849 3rd Ave, Wiley, CO 81092",Resident 1107,A-20107,2024/12/16,222714,gal,,R6,
M-1108,"856 5th St, Wiley, CO 81092",Resident 1108,A-20108,2024/12/16,391132,gal,,R1,
M-1109,"863 Ranch Rd, Wiley, CO 81092",Resident 1109,A-20109,2024/12/16,405669,gal,,R2,
M-1110,"870 Irrigation Ln, Wiley, CO 81092",Resident 1110,A-20110,2024/12/16,351884,gal,,R3,
M-1111,"877 North Frontage, Wiley, CO 81092",Resident 1111,A-20111,2024/12/16,80050,gal,,R4,
M-1112,"884 South Loop, Wiley, CO 81092",Resident 1112,A-20112,2024/12/16,361451,gal,,R5,
M-1113,"891 Pioneer Rd, Wiley, CO 81092",Resident 1113,A-20113,2024/12/16,221031,gal,,R6,
M-1114,"898 Cottonwood Dr, Wiley, CO 81092",Resident 1114,A-20114,2024/12/16,417375,gal,,R1,
M-1115,"905 Sand Creek Rd, Wiley, CO 81092",Resident 1115,A-20115,2024/12/16,139332,gal,,R2,
M-1116,"912 Prairie View, Wiley, CO 81092",Resident 1116,A-20116,2024/12/16,158162,gal,,R3,
M-1117,"919 School House Rd, Wiley, CO 81092",Resident 1117,A-20117,2024/12/16,214307,gal,,R4,
M-1118,"926 Cemetery Rd, Wiley, CO 81092",Resident 1118,A-20118,2024/12/16,130395,gal,,R5,
M-1119,"933 Grain Elevator Rd, Wiley, CO 81092",Resident 1119,A-20119,2024/12/16,143598,gal,,R6,
M-1120,"940 Main St, Wiley, CO 81092",Resident 1120,A-20120,2024/12/16,369141,gal,,R1,
M-1121,"947 County Rd 10, Wiley, CO 81092",Resident 1121,A-20121,2024/12/16,158875,gal,,R2,
M-1122,"954 County Rd 14, Wiley, CO 81092",Resident 1122,A-20122,2024/12/16,229321,gal,,R3,
M-1123,"961 Highway 287, Wiley, CO 81092",Resident 1123,A-20123,2024/12/16,227483,gal,,R4,
M-1124,"968 Maple Ave, Wiley, CO 81092",Resident 1124,A-20124,2024/12/16,384878,gal,,R5,
M-1125,"975 Oak St, Wiley, CO 81092",Resident 1125,A-20125,2024/12/16,181576,gal,,R6,
M-1126,"982 Elm St, Wiley, CO 81092",Resident 1126,A-20126,2024/12/16,246439,gal,,R1,
M-1127,"989 3rd Ave, Wiley, CO 81092",Resident 1127,A-20127,2024/12/16,178392,gal,,R2,
M-1128,"996 5th St, Wiley, CO 81092",Resident 1128,A-20128,2024/12/16,427485,gal,,R3,
M-1129,"1003 Ranch Rd, Wiley, CO 81092",Resident 1129,A-20129,2024/12/16,223628,gal,,R4,
M-1130,"1010 Irrigation Ln, Wiley, CO 81092",Resident 1130,A-20130,2024/12/16,347250,gal,,R5,
M-1131,"1017 North Frontage, Wiley, CO 81092",Resident 1131,A-20131,2024/12/16,327659,gal,,R6,
M-1132,"1024 South Loop, Wiley, CO 81092",Resident 1132,A-20132,2024/12/16,220517,gal,,R1,
M-1133,"1031 Pioneer Rd, Wiley, CO 81092",Resident 1133,A-20133,2024/12/16,111296,gal,,R2,
M-1134,"1038 Cottonwood Dr, Wiley, CO 81092",Resident 1134,A-20134,2024/12/16,126337,gal,,R3,
M-1135,"1045 Sand Creek Rd, Wiley, CO 81092",Resident 1135,A-20135,2024/12/16,414965,gal,,R4,
M-1136,"1052 Prairie View, Wiley, CO 81092",Resident 1136,A-20136,2024/12/16,300208,gal,,R5,
M-1137,"1059 School House Rd, Wiley, CO 81092",Resident 1137,A-20137,2024/12/16,222253,gal,,R6,
M-1138,"1066 Cemetery Rd, Wiley, CO 81092",Resident 1138,A-20138,2024/12/16,94733,gal,,R1,
M-1139,"1073 Grain Elevator Rd, Wiley, CO 81092",Resident 1139,A-20139,2024/12/16,68150,gal,,R2,
M-1140,"1080 Main St, Wiley, CO 81092",Resident 1140,A-20140,2024/12/16,256853,gal,,R3,
M-1141,"1087 County Rd 10, Wiley, CO 81092",Resident 1141,A-20141,2024/12/16,150860,gal,,R4,
M-1142,"1094 County Rd 14, Wiley, CO 81092",Resident 1142,A-20142,2024/12/16,398302,gal,,R5,
M-1143,"1101 Highway 287, Wiley, CO 81092",Resident 1143,A-20143,2024/12/16,229952,gal,,R6,
M-1144,"1108 Maple Ave, Wiley, CO 81092",Resident 1144,A-20144,2024/12/16,147560,gal,,R1,
M-1145,"1115 Oak St, Wiley, CO 81092",Resident 1145,A-20145,2024/12/16,297849,gal,,R2,
M-1146,"1122 Elm St, Wiley, CO 81092",Resident 1146,A-20146,2024/12/16,356372,gal,,R3,
M-1147,"1129 3rd Ave, Wiley, CO 81092",Resident 1147,A-20147,2024/12/16,310148,gal,,R4,
M-1148,"1136 5th St, Wiley, CO 81092",Resident 1148,A-20148,2024/12/16,361904,gal,,R5,
M-1149,"1143 Ranch Rd, Wiley, CO 81092",Resident 1149,A-20149,2024/12/16,92095,gal,,R6,
M-1150,"1150 Irrigation Ln, Wiley, CO 81092",Resident 1150,A-20150,2024/12/16,138834,gal,,R1,
M-1151,"1157 North Frontage, Wiley, CO 81092",Resident 1151,A-20151,2024/12/16,123654,gal,,R2,
M-1152,"1164 South Loop, Wiley, CO 81092",Resident 1152,A-20152,2024/12/16,141775,gal,,R3,
M-1153,"1171 Pioneer Rd, Wiley, CO 81092",Resident 1153,A-20153,2024/12/16,363129,gal,,R4,
M-1154,"1178 Cottonwood Dr, Wiley, CO 81092",Resident 1154,A-20154,2024/12/16,95576,gal,,R5,
M-1155,"1185 Sand Creek Rd, Wiley, CO 81092",Resident 1155,A-20155,2024/12/16,278026,gal,,R6,
M-1156,"1192 Prairie View, Wiley, CO 81092",Resident 1156,A-20156,2024/12/16,485103,gal,,R1,
M-1157,"1199 School House Rd, Wiley, CO 81092",Resident 1157,A-20157,2024/12/16,372279,gal,,R2,
M-1158,"1206 Cemetery Rd, Wiley, CO 81092",Resident 1158,A-20158,2024/12/16,150530,gal,,R3,
M-1159,"1213 Grain Elevator Rd, Wiley, CO 81092",Resident 1159,A-20159,2024/12/16,307837,gal,,R4,
M-1160,"1220 Main St, Wiley, CO 81092",Resident 1160,A-20160,2024/12/16,128102,gal,,R5,
M-1161,"1227 County Rd 10, Wiley, CO 81092",Resident 1161,A-20161,2024/12/16,110590,gal,,R6,
M-1162,"1234 County Rd 14, Wiley, CO 81092",Resident 1162,A-20162,2024/12/16,253151,gal,,R1,
M-1163,"1241 Highway 287, Wiley, CO 81092",Resident 1163,A-20163,2024/12/16,256993,gal,,R2,
M-1164,"1248 Maple Ave, Wiley, CO 81092",Resident 1164,A-20164,2024/12/16,111245,gal,,R3,
M-1165,"1255 Oak St, Wiley, CO 81092",Resident 1165,A-20165,2024/12/16,269554,gal,,R4,
M-1166,"1262 Elm St, Wiley, CO 81092",Resident 1166,A-20166,2024/12/16,203153,gal,,R5,
M-1167,"1269 3rd Ave, Wiley, CO 81092",Resident 1167,A-20167,2024/12/16,203032,gal,,R6,
M-1168,"1276 5th St, Wiley, CO 81092",Resident 1168,A-20168,2024/12/16,440346,gal,,R1,
M-1169,"1283 Ranch Rd, Wiley, CO 81092",Resident 1169,A-20169,2024/12/16,141332,gal,,R2,
M-1170,"1290 Irrigation Ln, Wiley, CO 81092",Resident 1170,A-20170,2024/12/16,261061,gal,,R3,
M-1171,"1297 North Frontage, Wiley, CO 81092",Resident 1171,A-20171,2024/12/16,358710,gal,,R4,
M-1172,"1304 South Loop, Wiley, CO 81092",Resident 1172,A-20172,2024/12/16,284710,gal,,R5,
M-1173,"1311 Pioneer Rd, Wiley, CO 81092",Resident 1173,A-20173,2024/12/16,406118,gal,,R6,
M-1174,"1318 Cottonwood Dr, Wiley, CO 81092",Resident 1174,A-20174,2024/12/16,147523,gal,,R1,
M-1175,"1325 Sand Creek Rd, Wiley, CO 81092",Resident 1175,A-20175,2024/12/16,202528,gal,,R2,
M-1176,"1332 Prairie View, Wiley, CO 81092",Resident 1176,A-20176,2024/12/16,146643,gal,,R3,
M-1177,"1339 School House Rd, Wiley, CO 81092",Resident 1177,A-20177,2024/12/16,182840,gal,,R4,
M-1178,"1346 Cemetery Rd, Wiley, CO 81092",Resident 1178,A-20178,2024/12/16,308446,gal,,R5,
M-1179,"1353 Grain Elevator Rd, Wiley, CO 81092",Resident 1179,A-20179,2024/12/16,84959,gal,,R6,
M-1180,"1360 Main St, Wiley, CO 81092",Resident 1180,A-20180,2024/12/16,175337,gal,,R1,
M-1181,"1367 County Rd 10, Wiley, CO 81092",Resident 1181,A-20181,2024/12/16,265211,gal,,R2,
M-1182,"1374 County Rd 14, Wiley, CO 81092",Resident 1182,A-20182,2024/12/16,284863,gal,,R3,
M-1183,"1381 Highway 287, Wiley, CO 81092",Resident 1183,A-20183,2024/12/16,212871,gal,,R4,
M-1184,"1388 Maple Ave, Wiley, CO 81092",Resident 1184,A-20184,2024/12/16,205464,gal,,R5,
M-1185,"1395 Oak St, Wiley, CO 81092",Resident 1185,A-20185,2024/12/16,170115,gal,,R6,
M-1186,"1402 Elm St, Wiley, CO 81092",Resident 1186,A-20186,2024/12/16,130685,gal,,R1,
M-1187,"1409 3rd Ave, Wiley, CO 81092",Resident 1187,A-20187,2024/12/16,288327,gal,,R2,
M-1188,"1416 5th St, Wiley, CO 81092",Resident 1188,A-20188,2024/12/16,101012,gal,,R3,
M-1189,"1423 Ranch Rd, Wiley, CO 81092",Resident 1189,A-20189,2024/12/16,332540,gal,,R4,
M-1190,"1430 Irrigation Ln, Wiley, CO 81092",Resident 1190,A-20190,2024/12/16,186161,gal,,R5,
M-1191,"1437 North Frontage, Wiley, CO 81092",Resident 1191,A-20191,2024/12/16,170377,gal,,R6,
M-1192,"1444 South Loop, Wiley, CO 81092",Resident 1192,A-20192,2024/12/16,317629,gal,,R1,
M-1193,"1451 Pioneer Rd, Wiley, CO 81092",Resident 1193,A-20193,2024/12/16,275169,gal,,R2,
M-1194,"1458 Cottonwood Dr, Wiley, CO 81092",Resident 1194,A-20194,2024/12/16,228273,gal,,R3,
M-1195,"1465 Sand Creek Rd, Wiley, CO 81092",Resident 1195,A-20195,2024/12/16,203778,gal,,R4,
M-1196,"1472 Prairie View, Wiley, CO 81092",Resident 1196,A-20196,2024/12/16,200529,gal,,R5,
M-1197,"1479 School House Rd, Wiley, CO 81092",Resident 1197,A-20197,2024/12/16,73471,gal,,R6,
M-1198,"1486 Cemetery Rd, Wiley, CO 81092",Resident 1198,A-20198,2024/12/16,432840,gal,,R1,
M-1199,"1493 Grain Elevator Rd, Wiley, CO 81092",Resident 1199,A-20199,2024/12/16,176584,gal,,R2,
M-1200,"1500 Main St, Wiley, CO 81092",Resident 1200,A-20200,2024/12/16,289505,gal,,R3,
M-1201,"1507 County Rd 10, Wiley, CO 81092",Resident 1201,A-20201,2024/12/16,234146,gal,,R4,
M-1202,"1514 County Rd 14, Wiley, CO 81092",Resident 1202,A-20202,2024/12/16,211128,gal,,R5,
M-1203,"1521 Highway 287, Wiley, CO 81092",Resident 1203,A-20203,2024/12/16,111976,gal,,R6,
M-1204,"1528 Maple Ave, Wiley, CO 81092",Resident 1204,A-20204,2024/12/16,219754,gal,,R1,
M-1205,"1535 Oak St, Wiley, CO 81092",Resident 1205,A-20205,2024/12/16,255194,gal,,R2,
M-1206,"1542 Elm St, Wiley, CO 81092",Resident 1206,A-20206,2024/12/16,399652,gal,,R3,
M-1207,"1549 3rd Ave, Wiley, CO 81092",Resident 1207,A-20207,2024/12/16,338832,gal,,R4,
M-1208,"1556 5th St, Wiley, CO 81092",Resident 1208,A-20208,2024/12/16,293636,gal,,R5,
M-1209,"1563 Ranch Rd, Wiley, CO 81092",Resident 1209,A-20209,2024/12/16,345242,gal,,R6,
M-1210,"1570 Irrigation Ln, Wiley, CO 81092",Resident 1210,A-20210,2024/12/16,237725,gal,,R1,
M-1211,"1577 North Frontage, Wiley, CO 81092",Resident 1211,A-20211,2024/12/16,106597,gal,,R2,
M-1212,"1584 South Loop, Wiley, CO 81092",Resident 1212,A-20212,2024/12/16,143232,gal,,R3,
M-1213,"1591 Pioneer Rd, Wiley, CO 81092",Resident 1213,A-20213,2024/12/16,200974,gal,,R4,
M-1214,"1598 Cottonwood Dr, Wiley, CO 81092",Resident 1214,A-20214,2024/12/16,187695,gal,,R5,
M-1215,"1605 Sand Creek Rd, Wiley, CO 81092",Resident 1215,A-20215,2024/12/16,386775,gal,,R6,
M-1216,"1612 Prairie View, Wiley, CO 81092",Resident 1216,A-20216,2024/12/16,230183,gal,,R1,
M-1217,"1619 School House Rd, Wiley, CO 81092",Resident 1217,A-20217,2024/12/16,86538,gal,,R2,
M-1218,"1626 Cemetery Rd, Wiley, CO 81092",Resident 1218,A-20218,2024/12/16,123157,gal,,R3,
M-1219,"1633 Grain Elevator Rd, Wiley, CO 81092",Resident 1219,A-20219,2024/12/16,398745,gal,,R4,
M-1220,"1640 Main St, Wiley, CO 81092",Resident 1220,A-20220,2024/12/16,307881,gal,,R5,
M-1221,"1647 County Rd 10, Wiley, CO 81092",Resident 1221,A-20221,2024/12/16,263997,gal,,R6,
M-1222,"1654 County Rd 14, Wiley, CO 81092",Resident 1222,A-20222,2024/12/16,231883,gal,,R1,
M-1223,"1661 Highway 287, Wiley, CO 81092",Resident 1223,A-20223,2024/12/16,301525,gal,,R2,
M-1224,"1668 Maple Ave, Wiley, CO 81092",Resident 1224,A-20224,2024/12/16,401003,gal,,R3,
M-1225,"1675 Oak St, Wiley, CO 81092",Resident 1225,A-20225,2024/12/16,354722,gal,,R4,
M-1226,"1682 Elm St, Wiley, CO 81092",Resident 1226,A-20226,2024/12/16,137938,gal,,R5,
M-1227,"1689 3rd Ave, Wiley, CO 81092",Resident 1227,A-20227,2024/12/16,271896,gal,,R6,
M-1228,"1696 5th St, Wiley, CO 81092",Resident 1228,A-20228,2024/12/16,386242,gal,,R1,
M-1229,"1703 Ranch Rd, Wiley, CO 81092",Resident 1229,A-20229,2024/12/16,193732,gal,,R2,
M-1230,"1710 Irrigation Ln, Wiley, CO 81092",Resident 1230,A-20230,2024/12/16,224389,gal,,R3,
M-1231,"1717 North Frontage, Wiley, CO 81092",Resident 1231,A-20231,2024/12/16,114598,gal,,R4,
M-1232,"1724 South Loop, Wiley, CO 81092",Resident 1232,A-20232,2024/12/16,298197,gal,,R5,
M-1233,"1731 Pioneer Rd, Wiley, CO 81092",Resident 1233,A-20233,2024/12/16,91152,gal,,R6,
M-1234,"1738 Cottonwood Dr, Wiley, CO 81092",Resident 1234,A-20234,2024/12/16,345969,gal,,R1,
M-1235,"1745 Sand Creek Rd, Wiley, CO 81092",Resident 1235,A-20235,2024/12/16,360736,gal,,R2,
M-1236,"1752 Prairie View, Wiley, CO 81092",Resident 1236,A-20236,2024/12/16,193117,gal,,R3,
M-1237,"1759 School House Rd, Wiley, CO 81092",Resident 1237,A-20237,2024/12/16,279976,gal,,R4,
M-1238,"1766 Cemetery Rd, Wiley, CO 81092",Resident 1238,A-20238,2024/12/16,303077,gal,,R5,
M-1239,"1773 Grain Elevator Rd, Wiley, CO 81092",Resident 1239,A-20239,2024/12/16,113911,gal,,R6,
M-1240,"1780 Main St, Wiley, CO 81092",Resident 1240,A-20240,2024/12/16,430765,gal,,R1,
M-1241,"1787 County Rd 10, Wiley, CO 81092",Resident 1241,A-20241,2024/12/16,251432,gal,,R2,
M-1242,"1794 County Rd 14, Wiley, CO 81092",Resident 1242,A-20242,2024/12/16,392881,gal,,R3,
M-1243,"1801 Highway 287, Wiley, CO 81092",Resident 1243,A-20243,2024/12/16,236006,gal,,R4,
M-1244,"1808 Maple Ave, Wiley, CO 81092",Resident 1244,A-20244,2024/12/16,502889,gal,,R5,
M-1245,"1815 Oak St, Wiley, CO 81092",Resident 1245,A-20245,2024/12/16,128973,gal,,R6,
M-1246,"1822 Elm St, Wiley, CO 81092",Resident 1246,A-20246,2024/12/16,232855,gal,,R1,
M-1247,"1829 3rd Ave, Wiley, CO 81092",Resident 1247,A-20247,2024/12/16,327656,gal,,R2,
M-1248,"1836 5th St, Wiley, CO 81092",Resident 1248,A-20248,2024/12/16,247133,gal,,R3,
M-1249,"1843 Ranch Rd, Wiley, CO 81092",Resident 1249,A-20249,2024/12/16,432796,gal,,R4,
M-1250,"1850 Irrigation Ln, Wiley, CO 81092",Resident 1250,A-20250,2024/12/16,284240,gal,,R5,
M-1251,"1857 North Frontage, Wiley, CO 81092",Resident 1251,A-20251,2024/12/16,255925,gal,,R6,
M-1252,"1864 South Loop, Wiley, CO 81092",Resident 1252,A-20252,2024/12/16,280787,gal,,R1,
M-1253,"1871 Pioneer Rd, Wiley, CO 81092",Resident 1253,A-20253,2024/12/16,216353,gal,,R2,
M-1254,"1878 Cottonwood Dr, Wiley, CO 81092",Resident 1254,A-20254,2024/12/16,354952,gal,,R3,
M-1255,"1885 Sand Creek Rd, Wiley, CO 81092",Resident 1255,A-20255,2024/12/16,157939,gal,,R4,
M-1256,"1892 Prairie View, Wiley, CO 81092",Resident 1256,A-20256,2024/12/16,188269,gal,,R5,
M-1257,"1899 School House Rd, Wiley, CO 81092",Resident 1257,A-20257,2024/12/16,283227,gal,,R6,
M-1258,"1906 Cemetery Rd, Wiley, CO 81092",Resident 1258,A-20258,2024/12/16,419415,gal,,R1,
M-1259,"1913 Grain Elevator Rd, Wiley, CO 81092",Resident 1259,A-20259,2024/12/16,262623,gal,,R2,
M-1260,"1920 Main St, Wiley, CO 81092",Resident 1260,A-20260,2024/12/16,154254,gal,,R3,
M-1261,"1927 County Rd 10, Wiley, CO 81092",Resident 1261,A-20261,2024/12/16,395976,gal,,R4,
M-1262,"1934 County Rd 14, Wiley, CO 81092",Resident 1262,A-20262,2024/12/16,362233,gal,,R5,
M-1263,"1941 Highway 287, Wiley, CO 81092",Resident 1263,A-20263,2024/12/16,238294,gal,,R6,
M-1264,"1948 Maple Ave, Wiley, CO 81092",Resident 1264,A-20264,2024/12/16,283502,gal,,R1,
M-1265,"1955 Oak St, Wiley, CO 81092",Resident 1265,A-20265,2024/12/16,358713,gal,,R2,
M-1266,"1962 Elm St, Wiley, CO 81092",Resident 1266,A-20266,2024/12/16,86370,gal,,R3,
M-1267,"1969 3rd Ave, Wiley, CO 81092",Resident 1267,A-20267,2024/12/16,238983,gal,,R4,
M-1268,"1976 5th St, Wiley, CO 81092",Resident 1268,A-20268,2024/12/16,219996,gal,,R5,
M-1269,"1983 Ranch Rd, Wiley, CO 81092",Resident 1269,A-20269,2024/12/16,195710,gal,,R6,
M-1270,"1990 Irrigation Ln, Wiley, CO 81092",Resident 1270,A-20270,2024/12/16,291798,gal,,R1,
M-1271,"1997 North Frontage, Wiley, CO 81092",Resident 1271,A-20271,2024/12/16,394019,gal,,R2,
M-1272,"2004 South Loop, Wiley, CO 81092",Resident 1272,A-20272,2024/12/16,402622,gal,,R3,
M-1273,"2011 Pioneer Rd, Wiley, CO 81092",Resident 1273,A-20273,2024/12/16,427516,gal,,R4,
M-1274,"2018 Cottonwood Dr, Wiley, CO 81092",Resident 1274,A-20274,2024/12/16,248081,gal,,R5,
M-1275,"2025 Sand Creek Rd, Wiley, CO 81092",Resident 1275,A-20275,2024/12/16,315624,gal,,R6,
M-1276,"2032 Prairie View, Wiley, CO 81092",Resident 1276,A-20276,2024/12/16,313532,gal,,R1,
M-1277,"2039 School House Rd, Wiley, CO 81092",Resident 1277,A-20277,2024/12/16,310773,gal,,R2,
M-1278,"2046 Cemetery Rd, Wiley, CO 81092",Resident 1278,A-20278,2024/12/16,180250,gal,,R3,
M-1279,"2053 Grain Elevator Rd, Wiley, CO 81092",Resident 1279,A-20279,2024/12/16,333161,gal,,R4,
M-1280,"2060 Main St, Wiley, CO 81092",Resident 1280,A-20280,2024/12/16,313396,gal,,R5,
M-1281,"2067 County Rd 10, Wiley, CO 81092",Resident 1281,A-20281,2024/12/16,177908,gal,,R6,
M-1282,"2074 County Rd 14, Wiley, CO 81092",Resident 1282,A-20282,2024/12/16,424597,gal,,R1,
M-1283,"2081 Highway 287, Wiley, CO 81092",Resident 1283,A-20283,2024/12/16,120261,gal,,R2,
M-1284,"2088 Maple Ave, Wiley, CO 81092",Resident 1284,A-20284,2024/12/16,228601,gal,,R3,
M-1285,"2095 Oak St, Wiley, CO 81092",Resident 1285,A-20285,2024/12/16,350115,gal,,R4,
M-1286,"2102 Elm St, Wiley, CO 81092",Resident 1286,A-20286,2024/12/16,428283,gal,,R5,
M-1287,"2109 3rd Ave, Wiley, CO 81092",Resident 1287,A-20287,2024/12/16,421747,gal,,R6,
M-1288,"2116 5th St, Wiley, CO 81092",Resident 1288,A-20288,2024/12/16,387930,gal,,R1,
M-1289,"2123 Ranch Rd, Wiley, CO 81092",Resident 1289,A-20289,2024/12/16,263981,gal,,R2,
M-1290,"2130 Irrigation Ln, Wiley, CO 81092",Resident 1290,A-20290,2024/12/16,136439,gal,,R3,
M-1291,"2137 North Frontage, Wiley, CO 81092",Resident 1291,A-20291,2024/12/16,209014,gal,,R4,
M-1292,"2144 South Loop, Wiley, CO 81092",Resident 1292,A-20292,2024/12/16,226873,gal,,R5,
M-1293,"2151 Pioneer Rd, Wiley, CO 81092",Resident 1293,A-20293,2024/12/16,181441,gal,,R6,
M-1294,"2158 Cottonwood Dr, Wiley, CO 81092",Resident 1294,A-20294,2024/12/16,182316,gal,,R1,
M-1295,"2165 Sand Creek Rd, Wiley, CO 81092",Resident 1295,A-20295,2024/12/16,170546,gal,,R2,
M-1296,"2172 Prairie View, Wiley, CO 81092",Resident 1296,A-20296,2024/12/16,86962,gal,,R3,
M-1297,"2179 School House Rd, Wiley, CO 81092",Resident 1297,A-20297,2024/12/16,89703,gal,,R4,
M-1298,"2186 Cemetery Rd, Wiley, CO 81092",Resident 1298,A-20298,2024/12/16,197757,gal,,R5,
M-1299,"2193 Grain Elevator Rd, Wiley, CO 81092",Resident 1299,A-20299,2024/12/16,316031,gal,,R6,
M-1300,"2200 Main St, Wiley, CO 81092",Resident 1300,A-20300,2024/12/16,389817,gal,,R1,
M-1001,"107 County Rd 10, Wiley, CO 81092",Resident 1001,A-20001,2025/01/12,371863,gal,,R2,
M-1002,"114 County Rd 14, Wiley, CO 81092",Resident 1002,A-20002,2025/01/12,303050,gal,,R3,
M-1003,"121 Highway 287, Wiley, CO 81092",Resident 1003,A-20003,2025/01/12,137020,gal,,R4,
M-1004,"128 Maple Ave, Wiley, CO 81092",Resident 1004,A-20004,2025/01/12,321001,gal,,R5,
M-1005,"135 Oak St, Wiley, CO 81092",Resident 1005,A-20005,2025/01/12,171997,gal,,R6,
M-1006,"142 Elm St, Wiley, CO 81092",Resident 1006,A-20006,2025/01/12,220059,gal,,R1,
M-1007,"149 3rd Ave, Wiley, CO 81092",Resident 1007,A-20007,2025/01/12,315353,gal,,R2,
M-1008,"156 5th St, Wiley, CO 81092",Resident 1008,A-20008,2025/01/12,200183,gal,,R3,
M-1009,"163 Ranch Rd, Wiley, CO 81092",Resident 1009,A-20009,2025/01/12,136870,gal,,R4,
M-1010,"170 Irrigation Ln, Wiley, CO 81092",Resident 1010,A-20010,2025/01/12,299187,gal,,R5,
M-1011,"177 North Frontage, Wiley, CO 81092",Resident 1011,A-20011,2025/01/12,381661,gal,,R6,
M-1012,"184 South Loop, Wiley, CO 81092",Resident 1012,A-20012,2025/01/12,150872,gal,,R1,
M-1013,"191 Pioneer Rd, Wiley, CO 81092",Resident 1013,A-20013,2025/01/12,113777,gal,,R2,
M-1014,"198 Cottonwood Dr, Wiley, CO 81092",Resident 1014,A-20014,2025/01/12,408407,gal,,R3,
M-1015,"205 Sand Creek Rd, Wiley, CO 81092",Resident 1015,A-20015,2025/01/12,373862,gal,,R4,
M-1016,"212 Prairie View, Wiley, CO 81092",Resident 1016,A-20016,2025/01/12,90027,gal,,R5,
M-1017,"219 School House Rd, Wiley, CO 81092",Resident 1017,A-20017,2025/01/12,112889,gal,,R6,
M-1018,"226 Cemetery Rd, Wiley, CO 81092",Resident 1018,A-20018,2025/01/12,187785,gal,,R1,
M-1019,"233 Grain Elevator Rd, Wiley, CO 81092",Resident 1019,A-20019,2025/01/12,153874,gal,,R2,
M-1020,"240 Main St, Wiley, CO 81092",Resident 1020,A-20020,2025/01/12,285288,gal,,R3,
M-1021,"247 County Rd 10, Wiley, CO 81092",Resident 1021,A-20021,2025/01/12,327990,gal,,R4,
M-1022,"254 County Rd 14, Wiley, CO 81092",Resident 1022,A-20022,2025/01/12,337586,gal,,R5,
M-1023,"261 Highway 287, Wiley, CO 81092",Resident 1023,A-20023,2025/01/12,204021,gal,,R6,
M-1024,"268 Maple Ave, Wiley, CO 81092",Resident 1024,A-20024,2025/01/12,274855,gal,,R1,
M-1025,"275 Oak St, Wiley, CO 81092",Resident 1025,A-20025,2025/01/12,120447,gal,,R2,
M-1026,"282 Elm St, Wiley, CO 81092",Resident 1026,A-20026,2025/01/12,159455,gal,,R3,
M-1027,"289 3rd Ave, Wiley, CO 81092",Resident 1027,A-20027,2025/01/12,297086,gal,,R4,
M-1028,"296 5th St, Wiley, CO 81092",Resident 1028,A-20028,2025/01/12,95749,gal,,R5,
M-1029,"303 Ranch Rd, Wiley, CO 81092",Resident 1029,A-20029,2025/01/12,302238,gal,,R6,
M-1030,"310 Irrigation Ln, Wiley, CO 81092",Resident 1030,A-20030,2025/01/12,228590,gal,,R1,
M-1031,"317 North Frontage, Wiley, CO 81092",Resident 1031,A-20031,2025/01/12,322368,gal,,R2,
M-1032,"324 South Loop, Wiley, CO 81092",Resident 1032,A-20032,2025/01/12,221866,gal,,R3,
M-1033,"331 Pioneer Rd, Wiley, CO 81092",Resident 1033,A-20033,2025/01/12,421336,gal,,R4,
M-1034,"338 Cottonwood Dr, Wiley, CO 81092",Resident 1034,A-20034,2025/01/12,384427,gal,,R5,
M-1035,"345 Sand Creek Rd, Wiley, CO 81092",Resident 1035,A-20035,2025/01/12,423489,gal,,R6,
M-1036,"352 Prairie View, Wiley, CO 81092",Resident 1036,A-20036,2025/01/12,318049,gal,,R1,
M-1037,"359 School House Rd, Wiley, CO 81092",Resident 1037,A-20037,2025/01/12,182163,gal,,R2,
M-1038,"366 Cemetery Rd, Wiley, CO 81092",Resident 1038,A-20038,2025/01/12,169240,gal,,R3,
M-1039,"373 Grain Elevator Rd, Wiley, CO 81092",Resident 1039,A-20039,2025/01/12,250652,gal,,R4,
M-1040,"380 Main St, Wiley, CO 81092",Resident 1040,A-20040,2025/01/12,196022,gal,,R5,
M-1041,"387 County Rd 10, Wiley, CO 81092",Resident 1041,A-20041,2025/01/12,110283,gal,,R6,
M-1042,"394 County Rd 14, Wiley, CO 81092",Resident 1042,A-20042,2025/01/12,379044,gal,,R1,
M-1043,"401 Highway 287, Wiley, CO 81092",Resident 1043,A-20043,2025/01/12,354211,gal,,R2,
M-1044,"408 Maple Ave, Wiley, CO 81092",Resident 1044,A-20044,2025/01/12,103675,gal,,R3,
M-1045,"415 Oak St, Wiley, CO 81092",Resident 1045,A-20045,2025/01/12,261420,gal,,R4,
M-1046,"422 Elm St, Wiley, CO 81092",Resident 1046,A-20046,2025/01/12,106798,gal,,R5,
M-1047,"429 3rd Ave, Wiley, CO 81092",Resident 1047,A-20047,2025/01/12,93750,gal,,R6,
M-1048,"436 5th St, Wiley, CO 81092",Resident 1048,A-20048,2025/01/12,373224,gal,,R1,
M-1049,"443 Ranch Rd, Wiley, CO 81092",Resident 1049,A-20049,2025/01/12,330744,gal,,R2,
M-1050,"450 Irrigation Ln, Wiley, CO 81092",Resident 1050,A-20050,2025/01/12,331283,gal,,R3,
M-1051,"457 North Frontage, Wiley, CO 81092",Resident 1051,A-20051,2025/01/12,357181,gal,,R4,
M-1052,"464 South Loop, Wiley, CO 81092",Resident 1052,A-20052,2025/01/12,162785,gal,,R5,
M-1053,"471 Pioneer Rd, Wiley, CO 81092",Resident 1053,A-20053,2025/01/12,120050,gal,,R6,
M-1054,"478 Cottonwood Dr, Wiley, CO 81092",Resident 1054,A-20054,2025/01/12,341730,gal,,R1,
M-1055,"485 Sand Creek Rd, Wiley, CO 81092",Resident 1055,A-20055,2025/01/12,106556,gal,,R2,
M-1056,"492 Prairie View, Wiley, CO 81092",Resident 1056,A-20056,2025/01/12,191531,gal,,R3,
M-1057,"499 School House Rd, Wiley, CO 81092",Resident 1057,A-20057,2025/01/12,120119,gal,,R4,
M-1058,"506 Cemetery Rd, Wiley, CO 81092",Resident 1058,A-20058,2025/01/12,400459,gal,,R5,
M-1059,"513 Grain Elevator Rd, Wiley, CO 81092",Resident 1059,A-20059,2025/01/12,105009,gal,,R6,
M-1060,"520 Main St, Wiley, CO 81092",Resident 1060,A-20060,2025/01/12,206071,gal,,R1,
M-1061,"527 County Rd 10, Wiley, CO 81092",Resident 1061,A-20061,2025/01/12,278254,gal,,R2,
M-1062,"534 County Rd 14, Wiley, CO 81092",Resident 1062,A-20062,2025/01/12,148961,gal,,R3,
M-1063,"541 Highway 287, Wiley, CO 81092",Resident 1063,A-20063,2025/01/12,375401,gal,,R4,
M-1064,"548 Maple Ave, Wiley, CO 81092",Resident 1064,A-20064,2025/01/12,219494,gal,,R5,
M-1065,"555 Oak St, Wiley, CO 81092",Resident 1065,A-20065,2025/01/12,395096,gal,,R6,
M-1066,"562 Elm St, Wiley, CO 81092",Resident 1066,A-20066,2025/01/12,392993,gal,,R1,
M-1067,"569 3rd Ave, Wiley, CO 81092",Resident 1067,A-20067,2025/01/12,109963,gal,,R2,
M-1068,"576 5th St, Wiley, CO 81092",Resident 1068,A-20068,2025/01/12,396808,gal,,R3,
M-1069,"583 Ranch Rd, Wiley, CO 81092",Resident 1069,A-20069,2025/01/12,140964,gal,,R4,
M-1070,"590 Irrigation Ln, Wiley, CO 81092",Resident 1070,A-20070,2025/01/12,285773,gal,,R5,
M-1071,"597 North Frontage, Wiley, CO 81092",Resident 1071,A-20071,2025/01/12,409249,gal,,R6,
M-1072,"604 South Loop, Wiley, CO 81092",Resident 1072,A-20072,2025/01/12,399726,gal,,R1,
M-1073,"611 Pioneer Rd, Wiley, CO 81092",Resident 1073,A-20073,2025/01/12,370313,gal,,R2,
M-1074,"618 Cottonwood Dr, Wiley, CO 81092",Resident 1074,A-20074,2025/01/12,349020,gal,,R3,
M-1075,"625 Sand Creek Rd, Wiley, CO 81092",Resident 1075,A-20075,2025/01/12,232254,gal,,R4,
M-1076,"632 Prairie View, Wiley, CO 81092",Resident 1076,A-20076,2025/01/12,209634,gal,,R5,
M-1077,"639 School House Rd, Wiley, CO 81092",Resident 1077,A-20077,2025/01/12,174077,gal,,R6,
M-1078,"646 Cemetery Rd, Wiley, CO 81092",Resident 1078,A-20078,2025/01/12,245866,gal,,R1,
M-1079,"653 Grain Elevator Rd, Wiley, CO 81092",Resident 1079,A-20079,2025/01/12,200956,gal,,R2,
M-1080,"660 Main St, Wiley, CO 81092",Resident 1080,A-20080,2025/01/12,223490,gal,,R3,
M-1081,"667 County Rd 10, Wiley, CO 81092",Resident 1081,A-20081,2025/01/12,299216,gal,,R4,
M-1082,"674 County Rd 14, Wiley, CO 81092",Resident 1082,A-20082,2025/01/12,147802,gal,,R5,
M-1083,"681 Highway 287, Wiley, CO 81092",Resident 1083,A-20083,2025/01/12,408107,gal,,R6,
M-1084,"688 Maple Ave, Wiley, CO 81092",Resident 1084,A-20084,2025/01/12,235081,gal,,R1,
M-1085,"695 Oak St, Wiley, CO 81092",Resident 1085,A-20085,2025/01/12,318195,gal,,R2,
M-1086,"702 Elm St, Wiley, CO 81092",Resident 1086,A-20086,2025/01/12,239434,gal,,R3,
M-1087,"709 3rd Ave, Wiley, CO 81092",Resident 1087,A-20087,2025/01/12,129907,gal,,R4,
M-1088,"716 5th St, Wiley, CO 81092",Resident 1088,A-20088,2025/01/12,80855,gal,,R5,
M-1089,"723 Ranch Rd, Wiley, CO 81092",Resident 1089,A-20089,2025/01/12,403607,gal,,R6,
M-1090,"730 Irrigation Ln, Wiley, CO 81092",Resident 1090,A-20090,2025/01/12,418017,gal,,R1,
M-1091,"737 North Frontage, Wiley, CO 81092",Resident 1091,A-20091,2025/01/12,385862,gal,,R2,
M-1092,"744 South Loop, Wiley, CO 81092",Resident 1092,A-20092,2025/01/12,123058,gal,,R3,
M-1093,"751 Pioneer Rd, Wiley, CO 81092",Resident 1093,A-20093,2025/01/12,125156,gal,,R4,
M-1094,"758 Cottonwood Dr, Wiley, CO 81092",Resident 1094,A-20094,2025/01/12,377684,gal,,R5,
M-1095,"765 Sand Creek Rd, Wiley, CO 81092",Resident 1095,A-20095,2025/01/12,186282,gal,,R6,
M-1096,"772 Prairie View, Wiley, CO 81092",Resident 1096,A-20096,2025/01/12,335823,gal,,R1,
M-1097,"779 School House Rd, Wiley, CO 81092",Resident 1097,A-20097,2025/01/12,223373,gal,,R2,
M-1098,"786 Cemetery Rd, Wiley, CO 81092",Resident 1098,A-20098,2025/01/12,150630,gal,,R3,
M-1099,"793 Grain Elevator Rd, Wiley, CO 81092",Resident 1099,A-20099,2025/01/12,258699,gal,,R4,
M-1100,"800 Main St, Wiley, CO 81092",Resident 1100,A-20100,2025/01/12,125868,gal,,R5,
M-1101,"807 County Rd 10, Wiley, CO 81092",Resident 1101,A-20101,2025/01/12,223588,gal,,R6,
M-1102,"814 County Rd 14, Wiley, CO 81092",Resident 1102,A-20102,2025/01/12,283899,gal,,R1,
M-1103,"821 Highway 287, Wiley, CO 81092",Resident 1103,A-20103,2025/01/12,224229,gal,,R2,
M-1104,"828 Maple Ave, Wiley, CO 81092",Resident 1104,A-20104,2025/01/12,177722,gal,,R3,
M-1105,"835 Oak St, Wiley, CO 81092",Resident 1105,A-20105,2025/01/12,308974,gal,,R4,
M-1106,"842 Elm St, Wiley, CO 81092",Resident 1106,A-20106,2025/01/12,387230,gal,,R5,
M-1107,"849 3rd Ave, Wiley, CO 81092",Resident 1107,A-20107,2025/01/12,224890,gal,,R6,
M-1108,"856 5th St, Wiley, CO 81092",Resident 1108,A-20108,2025/01/12,394569,gal,,R1,
M-1109,"863 Ranch Rd, Wiley, CO 81092",Resident 1109,A-20109,2025/01/12,407550,gal,,R2,
M-1110,"870 Irrigation Ln, Wiley, CO 81092",Resident 1110,A-20110,2025/01/12,355975,gal,,R3,
M-1111,"877 North Frontage, Wiley, CO 81092",Resident 1111,A-20111,2025/01/12,84235,gal,,R4,
M-1112,"884 South Loop, Wiley, CO 81092",Resident 1112,A-20112,2025/01/12,364384,gal,,R5,
M-1113,"891 Pioneer Rd, Wiley, CO 81092",Resident 1113,A-20113,2025/01/12,222928,gal,,R6,
M-1114,"898 Cottonwood Dr, Wiley, CO 81092",Resident 1114,A-20114,2025/01/12,420058,gal,,R1,
M-1115,"905 Sand Creek Rd, Wiley, CO 81092",Resident 1115,A-20115,2025/01/12,144692,gal,,R2,
M-1116,"912 Prairie View, Wiley, CO 81092",Resident 1116,A-20116,2025/01/12,164990,gal,,R3,
M-1117,"919 School House Rd, Wiley, CO 81092",Resident 1117,A-20117,2025/01/12,218262,gal,,R4,
M-1118,"926 Cemetery Rd, Wiley, CO 81092",Resident 1118,A-20118,2025/01/12,132989,gal,,R5,
M-1119,"933 Grain Elevator Rd, Wiley, CO 81092",Resident 1119,A-20119,2025/01/12,149657,gal,,R6,
M-1120,"940 Main St, Wiley, CO 81092",Resident 1120,A-20120,2025/01/12,373419,gal,,R1,
M-1121,"947 County Rd 10, Wiley, CO 81092",Resident 1121,A-20121,2025/01/12,162672,gal,,R2,
M-1122,"954 County Rd 14, Wiley, CO 81092",Resident 1122,A-20122,2025/01/12,235212,gal,,R3,
M-1123,"961 Highway 287, Wiley, CO 81092",Resident 1123,A-20123,2025/01/12,232089,gal,,R4,
M-1124,"968 Maple Ave, Wiley, CO 81092",Resident 1124,A-20124,2025/01/12,387688,gal,,R5,
M-1125,"975 Oak St, Wiley, CO 81092",Resident 1125,A-20125,2025/01/12,184546,gal,,R6,
M-1126,"982 Elm St, Wiley, CO 81092",Resident 1126,A-20126,2025/01/12,249143,gal,,R1,
M-1127,"989 3rd Ave, Wiley, CO 81092",Resident 1127,A-20127,2025/01/12,181769,gal,,R2,
M-1128,"996 5th St, Wiley, CO 81092",Resident 1128,A-20128,2025/01/12,433821,gal,,R3,
M-1129,"1003 Ranch Rd, Wiley, CO 81092",Resident 1129,A-20129,2025/01/12,228694,gal,,R4,
M-1130,"1010 Irrigation Ln, Wiley, CO 81092",Resident 1130,A-20130,2025/01/12,352761,gal,,R5,
M-1131,"1017 North Frontage, Wiley, CO 81092",Resident 1131,A-20131,2025/01/12,330759,gal,,R6,
M-1132,"1024 South Loop, Wiley, CO 81092",Resident 1132,A-20132,2025/01/12,227611,gal,,R1,
M-1133,"1031 Pioneer Rd, Wiley, CO 81092",Resident 1133,A-20133,2025/01/12,115774,gal,,R2,
M-1134,"1038 Cottonwood Dr, Wiley, CO 81092",Resident 1134,A-20134,2025/01/12,131180,gal,,R3,
M-1135,"1045 Sand Creek Rd, Wiley, CO 81092",Resident 1135,A-20135,2025/01/12,420925,gal,,R4,
M-1136,"1052 Prairie View, Wiley, CO 81092",Resident 1136,A-20136,2025/01/12,303840,gal,,R5,
M-1137,"1059 School House Rd, Wiley, CO 81092",Resident 1137,A-20137,2025/01/12,226707,gal,,R6,
M-1138,"1066 Cemetery Rd, Wiley, CO 81092",Resident 1138,A-20138,2025/01/12,97711,gal,,R1,
M-1139,"1073 Grain Elevator Rd, Wiley, CO 81092",Resident 1139,A-20139,2025/01/12,70456,gal,,R2,
M-1140,"1080 Main St, Wiley, CO 81092",Resident 1140,A-20140,2025/01/12,261783,gal,,R3,
M-1141,"1087 County Rd 10, Wiley, CO 81092",Resident 1141,A-20141,2025/01/12,155126,gal,,R4,
M-1142,"1094 County Rd 14, Wiley, CO 81092",Resident 1142,A-20142,2025/01/12,400784,gal,,R5,
M-1143,"1101 Highway 287, Wiley, CO 81092",Resident 1143,A-20143,2025/01/12,236343,gal,,R6,
M-1144,"1108 Maple Ave, Wiley, CO 81092",Resident 1144,A-20144,2025/01/12,149658,gal,,R1,
M-1145,"1115 Oak St, Wiley, CO 81092",Resident 1145,A-20145,2025/01/12,300089,gal,,R2,
M-1146,"1122 Elm St, Wiley, CO 81092",Resident 1146,A-20146,2025/01/12,358987,gal,,R3,
M-1147,"1129 3rd Ave, Wiley, CO 81092",Resident 1147,A-20147,2025/01/12,315420,gal,,R4,
M-1148,"1136 5th St, Wiley, CO 81092",Resident 1148,A-20148,2025/01/12,364348,gal,,R5,
M-1149,"1143 Ranch Rd, Wiley, CO 81092",Resident 1149,A-20149,2025/01/12,97947,gal,,R6,
M-1150,"1150 Irrigation Ln, Wiley, CO 81092",Resident 1150,A-20150,2025/01/12,143074,gal,,R1,
M-1151,"1157 North Frontage, Wiley, CO 81092",Resident 1151,A-20151,2025/01/12,128327,gal,,R2,
M-1152,"1164 South Loop, Wiley, CO 81092",Resident 1152,A-20152,2025/01/12,144109,gal,,R3,
M-1153,"1171 Pioneer Rd, Wiley, CO 81092",Resident 1153,A-20153,2025/01/12,367106,gal,,R4,
M-1154,"1178 Cottonwood Dr, Wiley, CO 81092",Resident 1154,A-20154,2025/01/12,99977,gal,,R5,
M-1155,"1185 Sand Creek Rd, Wiley, CO 81092",Resident 1155,A-20155,2025/01/12,283996,gal,,R6,
M-1156,"1192 Prairie View, Wiley, CO 81092",Resident 1156,A-20156,2025/01/12,503607,gal,,R1,
M-1157,"1199 School House Rd, Wiley, CO 81092",Resident 1157,A-20157,2025/01/12,377052,gal,,R2,
M-1158,"1206 Cemetery Rd, Wiley, CO 81092",Resident 1158,A-20158,2025/01/12,153784,gal,,R3,
M-1159,"1213 Grain Elevator Rd, Wiley, CO 81092",Resident 1159,A-20159,2025/01/12,312463,gal,,R4,
M-1160,"1220 Main St, Wiley, CO 81092",Resident 1160,A-20160,2025/01/12,129639,gal,,R5,
M-1161,"1227 County Rd 10, Wiley, CO 81092",Resident 1161,A-20161,2025/01/12,116000,gal,,R6,
M-1162,"1234 County Rd 14, Wiley, CO 81092",Resident 1162,A-20162,2025/01/12,260021,gal,,R1,
M-1163,"1241 Highway 287, Wiley, CO 81092",Resident 1163,A-20163,2025/01/12,259402,gal,,R2,
M-1164,"1248 Maple Ave, Wiley, CO 81092",Resident 1164,A-20164,2025/01/12,116938,gal,,R3,
M-1165,"1255 Oak St, Wiley, CO 81092",Resident 1165,A-20165,2025/01/12,273986,gal,,R4,
M-1166,"1262 Elm St, Wiley, CO 81092",Resident 1166,A-20166,2025/01/12,209096,gal,,R5,
M-1167,"1269 3rd Ave, Wiley, CO 81092",Resident 1167,A-20167,2025/01/12,206202,gal,,R6,
M-1168,"1276 5th St, Wiley, CO 81092",Resident 1168,A-20168,2025/01/12,447355,gal,,R1,
M-1169,"1283 Ranch Rd, Wiley, CO 81092",Resident 1169,A-20169,2025/01/12,146918,gal,,R2,
M-1170,"1290 Irrigation Ln, Wiley, CO 81092",Resident 1170,A-20170,2025/01/12,264973,gal,,R3,
M-1171,"1297 North Frontage, Wiley, CO 81092",Resident 1171,A-20171,2025/01/12,361174,gal,,R4,
M-1172,"1304 South Loop, Wiley, CO 81092",Resident 1172,A-20172,2025/01/12,287911,gal,,R5,
M-1173,"1311 Pioneer Rd, Wiley, CO 81092",Resident 1173,A-20173,2025/01/12,410855,gal,,R6,
M-1174,"1318 Cottonwood Dr, Wiley, CO 81092",Resident 1174,A-20174,2025/01/12,150511,gal,,R1,
M-1175,"1325 Sand Creek Rd, Wiley, CO 81092",Resident 1175,A-20175,2025/01/12,207153,gal,,R2,
M-1176,"1332 Prairie View, Wiley, CO 81092",Resident 1176,A-20176,2025/01/12,148307,gal,,R3,
M-1177,"1339 School House Rd, Wiley, CO 81092",Resident 1177,A-20177,2025/01/12,188320,gal,,R4,
M-1178,"1346 Cemetery Rd, Wiley, CO 81092",Resident 1178,A-20178,2025/01/12,315054,gal,,R5,
M-1179,"1353 Grain Elevator Rd, Wiley, CO 81092",Resident 1179,A-20179,2025/01/12,87902,gal,,R6,
M-1180,"1360 Main St, Wiley, CO 81092",Resident 1180,A-20180,2025/01/12,180374,gal,,R1,
M-1181,"1367 County Rd 10, Wiley, CO 81092",Resident 1181,A-20181,2025/01/12,271519,gal,,R2,
M-1182,"1374 County Rd 14, Wiley, CO 81092",Resident 1182,A-20182,2025/01/12,287953,gal,,R3,
M-1183,"1381 Highway 287, Wiley, CO 81092",Resident 1183,A-20183,2025/01/12,217699,gal,,R4,
M-1184,"1388 Maple Ave, Wiley, CO 81092",Resident 1184,A-20184,2025/01/12,207865,gal,,R5,
M-1185,"1395 Oak St, Wiley, CO 81092",Resident 1185,A-20185,2025/01/12,174879,gal,,R6,
M-1186,"1402 Elm St, Wiley, CO 81092",Resident 1186,A-20186,2025/01/12,133680,gal,,R1,
M-1187,"1409 3rd Ave, Wiley, CO 81092",Resident 1187,A-20187,2025/01/12,294482,gal,,R2,
M-1188,"1416 5th St, Wiley, CO 81092",Resident 1188,A-20188,2025/01/12,106417,gal,,R3,
M-1189,"1423 Ranch Rd, Wiley, CO 81092",Resident 1189,A-20189,2025/01/12,338203,gal,,R4,
M-1190,"1430 Irrigation Ln, Wiley, CO 81092",Resident 1190,A-20190,2025/01/12,189260,gal,,R5,
M-1191,"1437 North Frontage, Wiley, CO 81092",Resident 1191,A-20191,2025/01/12,172897,gal,,R6,
M-1192,"1444 South Loop, Wiley, CO 81092",Resident 1192,A-20192,2025/01/12,321981,gal,,R1,
M-1193,"1451 Pioneer Rd, Wiley, CO 81092",Resident 1193,A-20193,2025/01/12,280993,gal,,R2,
M-1194,"1458 Cottonwood Dr, Wiley, CO 81092",Resident 1194,A-20194,2025/01/12,231079,gal,,R3,
M-1195,"1465 Sand Creek Rd, Wiley, CO 81092",Resident 1195,A-20195,2025/01/12,208010,gal,,R4,
M-1196,"1472 Prairie View, Wiley, CO 81092",Resident 1196,A-20196,2025/01/12,205445,gal,,R5,
M-1197,"1479 School House Rd, Wiley, CO 81092",Resident 1197,A-20197,2025/01/12,75061,gal,,R6,
M-1198,"1486 Cemetery Rd, Wiley, CO 81092",Resident 1198,A-20198,2025/01/12,438357,gal,,R1,
M-1199,"1493 Grain Elevator Rd, Wiley, CO 81092",Resident 1199,A-20199,2025/01/12,180407,gal,,R2,
M-1200,"1500 Main St, Wiley, CO 81092",Resident 1200,A-20200,2025/01/12,294319,gal,,R3,
M-1201,"1507 County Rd 10, Wiley, CO 81092",Resident 1201,A-20201,2025/01/12,235906,gal,,R4,
M-1202,"1514 County Rd 14, Wiley, CO 81092",Resident 1202,A-20202,2025/01/12,213456,gal,,R5,
M-1203,"1521 Highway 287, Wiley, CO 81092",Resident 1203,A-20203,2025/01/12,115281,gal,,R6,
M-1204,"1528 Maple Ave, Wiley, CO 81092",Resident 1204,A-20204,2025/01/12,223348,gal,,R1,
M-1205,"1535 Oak St, Wiley, CO 81092",Resident 1205,A-20205,2025/01/12,257857,gal,,R2,
M-1206,"1542 Elm St, Wiley, CO 81092",Resident 1206,A-20206,2025/01/12,401675,gal,,R3,
M-1207,"1549 3rd Ave, Wiley, CO 81092",Resident 1207,A-20207,2025/01/12,341750,gal,,R4,
M-1208,"1556 5th St, Wiley, CO 81092",Resident 1208,A-20208,2025/01/12,299506,gal,,R5,
M-1209,"1563 Ranch Rd, Wiley, CO 81092",Resident 1209,A-20209,2025/01/12,347066,gal,,R6,
M-1210,"1570 Irrigation Ln, Wiley, CO 81092",Resident 1210,A-20210,2025/01/12,240105,gal,,R1,
M-1211,"1577 North Frontage, Wiley, CO 81092",Resident 1211,A-20211,2025/01/12,113064,gal,,R2,
M-1212,"1584 South Loop, Wiley, CO 81092",Resident 1212,A-20212,2025/01/12,148293,gal,,R3,
M-1213,"1591 Pioneer Rd, Wiley, CO 81092",Resident 1213,A-20213,2025/01/12,203303,gal,,R4,
M-1214,"1598 Cottonwood Dr, Wiley, CO 81092",Resident 1214,A-20214,2025/01/12,193272,gal,,R5,
M-1215,"1605 Sand Creek Rd, Wiley, CO 81092",Resident 1215,A-20215,2025/01/12,391101,gal,,R6,
M-1216,"1612 Prairie View, Wiley, CO 81092",Resident 1216,A-20216,2025/01/12,235868,gal,,R1,
M-1217,"1619 School House Rd, Wiley, CO 81092",Resident 1217,A-20217,2025/01/12,88736,gal,,R2,
M-1218,"1626 Cemetery Rd, Wiley, CO 81092",Resident 1218,A-20218,2025/01/12,125614,gal,,R3,
M-1219,"1633 Grain Elevator Rd, Wiley, CO 81092",Resident 1219,A-20219,2025/01/12,404987,gal,,R4,
M-1220,"1640 Main St, Wiley, CO 81092",Resident 1220,A-20220,2025/01/12,312131,gal,,R5,
M-1221,"1647 County Rd 10, Wiley, CO 81092",Resident 1221,A-20221,2025/01/12,268868,gal,,R6,
M-1222,"1654 County Rd 14, Wiley, CO 81092",Resident 1222,A-20222,2025/01/12,234445,gal,,R1,
M-1223,"1661 Highway 287, Wiley, CO 81092",Resident 1223,A-20223,2025/01/12,304710,gal,,R2,
M-1224,"1668 Maple Ave, Wiley, CO 81092",Resident 1224,A-20224,2025/01/12,405989,gal,,R3,
M-1225,"1675 Oak St, Wiley, CO 81092",Resident 1225,A-20225,2025/01/12,360889,gal,,R4,
M-1226,"1682 Elm St, Wiley, CO 81092",Resident 1226,A-20226,2025/01/12,141838,gal,,R5,
M-1227,"1689 3rd Ave, Wiley, CO 81092",Resident 1227,A-20227,2025/01/12,275010,gal,,R6,
M-1228,"1696 5th St, Wiley, CO 81092",Resident 1228,A-20228,2025/01/12,391722,gal,,R1,
M-1229,"1703 Ranch Rd, Wiley, CO 81092",Resident 1229,A-20229,2025/01/12,200312,gal,,R2,
M-1230,"1710 Irrigation Ln, Wiley, CO 81092",Resident 1230,A-20230,2025/01/12,231182,gal,,R3,
M-1231,"1717 North Frontage, Wiley, CO 81092",Resident 1231,A-20231,2025/01/12,120944,gal,,R4,
M-1232,"1724 South Loop, Wiley, CO 81092",Resident 1232,A-20232,2025/01/12,300730,gal,,R5,
M-1233,"1731 Pioneer Rd, Wiley, CO 81092",Resident 1233,A-20233,2025/01/12,96963,gal,,R6,
M-1234,"1738 Cottonwood Dr, Wiley, CO 81092",Resident 1234,A-20234,2025/01/12,349590,gal,,R1,
M-1235,"1745 Sand Creek Rd, Wiley, CO 81092",Resident 1235,A-20235,2025/01/12,364290,gal,,R2,
M-1236,"1752 Prairie View, Wiley, CO 81092",Resident 1236,A-20236,2025/01/12,198043,gal,,R3,
M-1237,"1759 School House Rd, Wiley, CO 81092",Resident 1237,A-20237,2025/01/12,285062,gal,,R4,
M-1238,"1766 Cemetery Rd, Wiley, CO 81092",Resident 1238,A-20238,2025/01/12,307021,gal,,R5,
M-1239,"1773 Grain Elevator Rd, Wiley, CO 81092",Resident 1239,A-20239,2025/01/12,118165,gal,,R6,
M-1240,"1780 Main St, Wiley, CO 81092",Resident 1240,A-20240,2025/01/12,436006,gal,,R1,
M-1241,"1787 County Rd 10, Wiley, CO 81092",Resident 1241,A-20241,2025/01/12,255942,gal,,R2,
M-1242,"1794 County Rd 14, Wiley, CO 81092",Resident 1242,A-20242,2025/01/12,395531,gal,,R3,
M-1243,"1801 Highway 287, Wiley, CO 81092",Resident 1243,A-20243,2025/01/12,238793,gal,,R4,
M-1244,"1808 Maple Ave, Wiley, CO 81092",Resident 1244,A-20244,2025/01/12,519287,gal,,R5,
M-1245,"1815 Oak St, Wiley, CO 81092",Resident 1245,A-20245,2025/01/12,130735,gal,,R6,
M-1246,"1822 Elm St, Wiley, CO 81092",Resident 1246,A-20246,2025/01/12,236259,gal,,R1,
M-1247,"1829 3rd Ave, Wiley, CO 81092",Resident 1247,A-20247,2025/01/12,329631,gal,,R2,
M-1248,"1836 5th St, Wiley, CO 81092",Resident 1248,A-20248,2025/01/12,253009,gal,,R3,
M-1249,"1843 Ranch Rd, Wiley, CO 81092",Resident 1249,A-20249,2025/01/12,437811,gal,,R4,
M-1250,"1850 Irrigation Ln, Wiley, CO 81092",Resident 1250,A-20250,2025/01/12,286886,gal,,R5,
M-1251,"1857 North Frontage, Wiley, CO 81092",Resident 1251,A-20251,2025/01/12,260517,gal,,R6,
M-1252,"1864 South Loop, Wiley, CO 81092",Resident 1252,A-20252,2025/01/12,284173,gal,,R1,
M-1253,"1871 Pioneer Rd, Wiley, CO 81092",Resident 1253,A-20253,2025/01/12,218249,gal,,R2,
M-1254,"1878 Cottonwood Dr, Wiley, CO 81092",Resident 1254,A-20254,2025/01/12,357077,gal,,R3,
M-1255,"1885 Sand Creek Rd, Wiley, CO 81092",Resident 1255,A-20255,2025/01/12,163096,gal,,R4,
M-1256,"1892 Prairie View, Wiley, CO 81092",Resident 1256,A-20256,2025/01/12,194506,gal,,R5,
M-1257,"1899 School House Rd, Wiley, CO 81092",Resident 1257,A-20257,2025/01/12,285126,gal,,R6,
M-1258,"1906 Cemetery Rd, Wiley, CO 81092",Resident 1258,A-20258,2025/01/12,422894,gal,,R1,
M-1259,"1913 Grain Elevator Rd, Wiley, CO 81092",Resident 1259,A-20259,2025/01/12,264740,gal,,R2,
M-1260,"1920 Main St, Wiley, CO 81092",Resident 1260,A-20260,2025/01/12,156236,gal,,R3,
M-1261,"1927 County Rd 10, Wiley, CO 81092",Resident 1261,A-20261,2025/01/12,399890,gal,,R4,
M-1262,"1934 County Rd 14, Wiley, CO 81092",Resident 1262,A-20262,2025/01/12,364254,gal,,R5,
M-1263,"1941 Highway 287, Wiley, CO 81092",Resident 1263,A-20263,2025/01/12,242491,gal,,R6,
M-1264,"1948 Maple Ave, Wiley, CO 81092",Resident 1264,A-20264,2025/01/12,286298,gal,,R1,
M-1265,"1955 Oak St, Wiley, CO 81092",Resident 1265,A-20265,2025/01/12,361812,gal,,R2,
M-1266,"1962 Elm St, Wiley, CO 81092",Resident 1266,A-20266,2025/01/12,92708,gal,,R3,
M-1267,"1969 3rd Ave, Wiley, CO 81092",Resident 1267,A-20267,2025/01/12,243460,gal,,R4,
M-1268,"1976 5th St, Wiley, CO 81092",Resident 1268,A-20268,2025/01/12,223315,gal,,R5,
M-1269,"1983 Ranch Rd, Wiley, CO 81092",Resident 1269,A-20269,2025/01/12,200422,gal,,R6,
M-1270,"1990 Irrigation Ln, Wiley, CO 81092",Resident 1270,A-20270,2025/01/12,294449,gal,,R1,
M-1271,"1997 North Frontage, Wiley, CO 81092",Resident 1271,A-20271,2025/01/12,399454,gal,,R2,
M-1272,"2004 South Loop, Wiley, CO 81092",Resident 1272,A-20272,2025/01/12,408535,gal,,R3,
M-1273,"2011 Pioneer Rd, Wiley, CO 81092",Resident 1273,A-20273,2025/01/12,433055,gal,,R4,
M-1274,"2018 Cottonwood Dr, Wiley, CO 81092",Resident 1274,A-20274,2025/01/12,252636,gal,,R5,
M-1275,"2025 Sand Creek Rd, Wiley, CO 81092",Resident 1275,A-20275,2025/01/12,319213,gal,,R6,
M-1276,"2032 Prairie View, Wiley, CO 81092",Resident 1276,A-20276,2025/01/12,317477,gal,,R1,
M-1277,"2039 School House Rd, Wiley, CO 81092",Resident 1277,A-20277,2025/01/12,314845,gal,,R2,
M-1278,"2046 Cemetery Rd, Wiley, CO 81092",Resident 1278,A-20278,2025/01/12,183355,gal,,R3,
M-1279,"2053 Grain Elevator Rd, Wiley, CO 81092",Resident 1279,A-20279,2025/01/12,335283,gal,,R4,
M-1280,"2060 Main St, Wiley, CO 81092",Resident 1280,A-20280,2025/01/12,315822,gal,,R5,
M-1281,"2067 County Rd 10, Wiley, CO 81092",Resident 1281,A-20281,2025/01/12,184384,gal,,R6,
M-1282,"2074 County Rd 14, Wiley, CO 81092",Resident 1282,A-20282,2025/01/12,428762,gal,,R1,
M-1283,"2081 Highway 287, Wiley, CO 81092",Resident 1283,A-20283,2025/01/12,124401,gal,,R2,
M-1284,"2088 Maple Ave, Wiley, CO 81092",Resident 1284,A-20284,2025/01/12,232252,gal,,R3,
M-1285,"2095 Oak St, Wiley, CO 81092",Resident 1285,A-20285,2025/01/12,354006,gal,,R4,
M-1286,"2102 Elm St, Wiley, CO 81092",Resident 1286,A-20286,2025/01/12,433469,gal,,R5,
M-1287,"2109 3rd Ave, Wiley, CO 81092",Resident 1287,A-20287,2025/01/12,427858,gal,,R6,
M-1288,"2116 5th St, Wiley, CO 81092",Resident 1288,A-20288,2025/01/12,389826,gal,,R1,
M-1289,"2123 Ranch Rd, Wiley, CO 81092",Resident 1289,A-20289,2025/01/12,270533,gal,,R2,
M-1290,"2130 Irrigation Ln, Wiley, CO 81092",Resident 1290,A-20290,2025/01/12,141987,gal,,R3,
M-1291,"2137 North Frontage, Wiley, CO 81092",Resident 1291,A-20291,2025/01/12,214936,gal,,R4,
M-1292,"2144 South Loop, Wiley, CO 81092",Resident 1292,A-20292,2025/01/12,229236,gal,,R5,
M-1293,"2151 Pioneer Rd, Wiley, CO 81092",Resident 1293,A-20293,2025/01/12,183211,gal,,R6,
M-1294,"2158 Cottonwood Dr, Wiley, CO 81092",Resident 1294,A-20294,2025/01/12,186586,gal,,R1,
M-1295,"2165 Sand Creek Rd, Wiley, CO 81092",Resident 1295,A-20295,2025/01/12,177217,gal,,R2,
M-1296,"2172 Prairie View, Wiley, CO 81092",Resident 1296,A-20296,2025/01/12,90934,gal,,R3,
M-1297,"2179 School House Rd, Wiley, CO 81092",Resident 1297,A-20297,2025/01/12,91733,gal,,R4,
M-1298,"2186 Cemetery Rd, Wiley, CO 81092",Resident 1298,A-20298,2025/01/12,200604,gal,,R5,
M-1299,"2193 Grain Elevator Rd, Wiley, CO 81092",Resident 1299,A-20299,2025/01/12,319037,gal,,R6,
M-1300,"2200 Main St, Wiley, CO 81092",Resident 1300,A-20300,2025/01/12,392748,gal,,R1,
M-1001,"107 County Rd 10, Wiley, CO 81092",Resident 1001,A-20001,2025/02/13,377842,gal,,R2,
M-1002,"114 County Rd 14, Wiley, CO 81092",Resident 1002,A-20002,2025/02/13,305255,gal,,R3,
M-1003,"121 Highway 287, Wiley, CO 81092",Resident 1003,A-20003,2025/02/13,138610,gal,,R4,
M-1004,"128 Maple Ave, Wiley, CO 81092",Resident 1004,A-20004,2025/02/13,326285,gal,,R5,
M-1005,"135 Oak St, Wiley, CO 81092",Resident 1005,A-20005,2025/02/13,175144,gal,,R6,
M-1006,"142 Elm St, Wiley, CO 81092",Resident 1006,A-20006,2025/02/13,223080,gal,,R1,
M-1007,"149 3rd Ave, Wiley, CO 81092",Resident 1007,A-20007,2025/02/13,318165,gal,,R2,
M-1008,"156 5th St, Wiley, CO 81092",Resident 1008,A-20008,2025/02/13,202413,gal,,R3,
M-1009,"163 Ranch Rd, Wiley, CO 81092",Resident 1009,A-20009,2025/02/13,142465,gal,,R4,
M-1010,"170 Irrigation Ln, Wiley, CO 81092",Resident 1010,A-20010,2025/02/13,301431,gal,,R5,
M-1011,"177 North Frontage, Wiley, CO 81092",Resident 1011,A-20011,2025/02/13,387563,gal,,R6,
M-1012,"184 South Loop, Wiley, CO 81092",Resident 1012,A-20012,2025/02/13,156901,gal,,R1,
M-1013,"191 Pioneer Rd, Wiley, CO 81092",Resident 1013,A-20013,2025/02/13,118066,gal,,R2,
M-1014,"198 Cottonwood Dr, Wiley, CO 81092",Resident 1014,A-20014,2025/02/13,410495,gal,,R3,
M-1015,"205 Sand Creek Rd, Wiley, CO 81092",Resident 1015,A-20015,2025/02/13,378495,gal,,R4,
M-1016,"212 Prairie View, Wiley, CO 81092",Resident 1016,A-20016,2025/02/13,94393,gal,,R5,
M-1017,"219 School House Rd, Wiley, CO 81092",Resident 1017,A-20017,2025/02/13,114636,gal,,R6,
M-1018,"226 Cemetery Rd, Wiley, CO 81092",Resident 1018,A-20018,2025/02/13,189554,gal,,R1,
M-1019,"233 Grain Elevator Rd, Wiley, CO 81092",Resident 1019,A-20019,2025/02/13,155960,gal,,R2,
M-1020,"240 Main St, Wiley, CO 81092",Resident 1020,A-20020,2025/02/13,288180,gal,,R3,
M-1021,"247 County Rd 10, Wiley, CO 81092",Resident 1021,A-20021,2025/02/13,330685,gal,,R4,
M-1022,"254 County Rd 14, Wiley, CO 81092",Resident 1022,A-20022,2025/02/13,342912,gal,,R5,
M-1023,"261 Highway 287, Wiley, CO 81092",Resident 1023,A-20023,2025/02/13,210019,gal,,R6,
M-1024,"268 Maple Ave, Wiley, CO 81092",Resident 1024,A-20024,2025/02/13,276927,gal,,R1,
M-1025,"275 Oak St, Wiley, CO 81092",Resident 1025,A-20025,2025/02/13,125654,gal,,R2,
M-1026,"282 Elm St, Wiley, CO 81092",Resident 1026,A-20026,2025/02/13,162041,gal,,R3,
M-1027,"289 3rd Ave, Wiley, CO 81092",Resident 1027,A-20027,2025/02/13,302918,gal,,R4,
M-1028,"296 5th St, Wiley, CO 81092",Resident 1028,A-20028,2025/02/13,100779,gal,,R5,
M-1029,"303 Ranch Rd, Wiley, CO 81092",Resident 1029,A-20029,2025/02/13,307841,gal,,R6,
M-1030,"310 Irrigation Ln, Wiley, CO 81092",Resident 1030,A-20030,2025/02/13,233577,gal,,R1,
M-1031,"317 North Frontage, Wiley, CO 81092",Resident 1031,A-20031,2025/02/13,326041,gal,,R2,
M-1032,"324 South Loop, Wiley, CO 81092",Resident 1032,A-20032,2025/02/13,224810,gal,,R3,
M-1033,"331 Pioneer Rd, Wiley, CO 81092",Resident 1033,A-20033,2025/02/13,439905,gal,,R4,
M-1034,"338 Cottonwood Dr, Wiley, CO 81092",Resident 1034,A-20034,2025/02/13,389672,gal,,R5,
M-1035,"345 Sand Creek Rd, Wiley, CO 81092",Resident 1035,A-20035,2025/02/13,426421,gal,,R6,
M-1036,"352 Prairie View, Wiley, CO 81092",Resident 1036,A-20036,2025/02/13,319612,gal,,R1,
M-1037,"359 School House Rd, Wiley, CO 81092",Resident 1037,A-20037,2025/02/13,187995,gal,,R2,
M-1038,"366 Cemetery Rd, Wiley, CO 81092",Resident 1038,A-20038,2025/02/13,171968,gal,,R3,
M-1039,"373 Grain Elevator Rd, Wiley, CO 81092",Resident 1039,A-20039,2025/02/13,256758,gal,,R4,
M-1040,"380 Main St, Wiley, CO 81092",Resident 1040,A-20040,2025/02/13,199880,gal,,R5,
M-1041,"387 County Rd 10, Wiley, CO 81092",Resident 1041,A-20041,2025/02/13,113582,gal,,R6,
M-1042,"394 County Rd 14, Wiley, CO 81092",Resident 1042,A-20042,2025/02/13,382204,gal,,R1,
M-1043,"401 Highway 287, Wiley, CO 81092",Resident 1043,A-20043,2025/02/13,357166,gal,,R2,
M-1044,"408 Maple Ave, Wiley, CO 81092",Resident 1044,A-20044,2025/02/13,106497,gal,,R3,
M-1045,"415 Oak St, Wiley, CO 81092",Resident 1045,A-20045,2025/02/13,267989,gal,,R4,
M-1046,"422 Elm St, Wiley, CO 81092",Resident 1046,A-20046,2025/02/13,110854,gal,,R5,
M-1047,"429 3rd Ave, Wiley, CO 81092",Resident 1047,A-20047,2025/02/13,95911,gal,,R6,
M-1048,"436 5th St, Wiley, CO 81092",Resident 1048,A-20048,2025/02/13,375333,gal,,R1,
M-1049,"443 Ranch Rd, Wiley, CO 81092",Resident 1049,A-20049,2025/02/13,335105,gal,,R2,
M-1050,"450 Irrigation Ln, Wiley, CO 81092",Resident 1050,A-20050,2025/02/13,333769,gal,,R3,
M-1051,"457 North Frontage, Wiley, CO 81092",Resident 1051,A-20051,2025/02/13,361584,gal,,R4,
M-1052,"464 South Loop, Wiley, CO 81092",Resident 1052,A-20052,2025/02/13,166136,gal,,R5,
M-1053,"471 Pioneer Rd, Wiley, CO 81092",Resident 1053,A-20053,2025/02/13,125120,gal,,R6,
M-1054,"478 Cottonwood Dr, Wiley, CO 81092",Resident 1054,A-20054,2025/02/13,345443,gal,,R1,
M-1055,"485 Sand Creek Rd, Wiley, CO 81092",Resident 1055,A-20055,2025/02/13,108300,gal,,R2,
M-1056,"492 Prairie View, Wiley, CO 81092",Resident 1056,A-20056,2025/02/13,197321,gal,,R3,
M-1057,"499 School House Rd, Wiley, CO 81092",Resident 1057,A-20057,2025/02/13,125214,gal,,R4,
M-1058,"506 Cemetery Rd, Wiley, CO 81092",Resident 1058,A-20058,2025/02/13,406098,gal,,R5,
M-1059,"513 Grain Elevator Rd, Wiley, CO 81092",Resident 1059,A-20059,2025/02/13,107274,gal,,R6,
M-1060,"520 Main St, Wiley, CO 81092",Resident 1060,A-20060,2025/02/13,210278,gal,,R1,
M-1061,"527 County Rd 10, Wiley, CO 81092",Resident 1061,A-20061,2025/02/13,280381,gal,,R2,
M-1062,"534 County Rd 14, Wiley, CO 81092",Resident 1062,A-20062,2025/02/13,154117,gal,,R3,
M-1063,"541 Highway 287, Wiley, CO 81092",Resident 1063,A-20063,2025/02/13,378585,gal,,R4,
M-1064,"548 Maple Ave, Wiley, CO 81092",Resident 1064,A-20064,2025/02/13,224800,gal,,R5,
M-1065,"555 Oak St, Wiley, CO 81092",Resident 1065,A-20065,2025/02/13,401062,gal,,R6,
M-1066,"562 Elm St, Wiley, CO 81092",Resident 1066,A-20066,2025/02/13,396740,gal,,R1,
M-1067,"569 3rd Ave, Wiley, CO 81092",Resident 1067,A-20067,2025/02/13,114557,gal,,R2,
M-1068,"576 5th St, Wiley, CO 81092",Resident 1068,A-20068,2025/02/13,399693,gal,,R3,
M-1069,"583 Ranch Rd, Wiley, CO 81092",Resident 1069,A-20069,2025/02/13,147107,gal,,R4,
M-1070,"590 Irrigation Ln, Wiley, CO 81092",Resident 1070,A-20070,2025/02/13,287878,gal,,R5,
M-1071,"597 North Frontage, Wiley, CO 81092",Resident 1071,A-20071,2025/02/13,411285,gal,,R6,
M-1072,"604 South Loop, Wiley, CO 81092",Resident 1072,A-20072,2025/02/13,405524,gal,,R1,
M-1073,"611 Pioneer Rd, Wiley, CO 81092",Resident 1073,A-20073,2025/02/13,373776,gal,,R2,
M-1074,"618 Cottonwood Dr, Wiley, CO 81092",Resident 1074,A-20074,2025/02/13,352408,gal,,R3,
M-1075,"625 Sand Creek Rd, Wiley, CO 81092",Resident 1075,A-20075,2025/02/13,234527,gal,,R4,
M-1076,"632 Prairie View, Wiley, CO 81092",Resident 1076,A-20076,2025/02/13,212657,gal,,R5,
M-1077,"639 School House Rd, Wiley, CO 81092",Resident 1077,A-20077,2025/02/13,176205,gal,,R6,
M-1078,"646 Cemetery Rd, Wiley, CO 81092",Resident 1078,A-20078,2025/02/13,250081,gal,,R1,
M-1079,"653 Grain Elevator Rd, Wiley, CO 81092",Resident 1079,A-20079,2025/02/13,204635,gal,,R2,
M-1080,"660 Main St, Wiley, CO 81092",Resident 1080,A-20080,2025/02/13,228318,gal,,R3,
M-1081,"667 County Rd 10, Wiley, CO 81092",Resident 1081,A-20081,2025/02/13,304619,gal,,R4,
M-1082,"674 County Rd 14, Wiley, CO 81092",Resident 1082,A-20082,2025/02/13,151692,gal,,R5,
M-1083,"681 Highway 287, Wiley, CO 81092",Resident 1083,A-20083,2025/02/13,410861,gal,,R6,
M-1084,"688 Maple Ave, Wiley, CO 81092",Resident 1084,A-20084,2025/02/13,238701,gal,,R1,
M-1085,"695 Oak St, Wiley, CO 81092",Resident 1085,A-20085,2025/02/13,322209,gal,,R2,
M-1086,"702 Elm St, Wiley, CO 81092",Resident 1086,A-20086,2025/02/13,242560,gal,,R3,
M-1087,"709 3rd Ave, Wiley, CO 81092",Resident 1087,A-20087,2025/02/13,136174,gal,,R4,
M-1088,"716 5th St, Wiley, CO 81092",Resident 1088,A-20088,2025/02/13,83724,gal,,R5,
M-1089,"723 Ranch Rd, Wiley, CO 81092",Resident 1089,A-20089,2025/02/13,420100,gal,,R6,
M-1090,"730 Irrigation Ln, Wiley, CO 81092",Resident 1090,A-20090,2025/02/13,423375,gal,,R1,
M-1091,"737 North Frontage, Wiley, CO 81092",Resident 1091,A-20091,2025/02/13,391247,gal,,R2,
M-1092,"744 South Loop, Wiley, CO 81092",Resident 1092,A-20092,2025/02/13,125764,gal,,R3,
M-1093,"751 Pioneer Rd, Wiley, CO 81092",Resident 1093,A-20093,2025/02/13,130709,gal,,R4,
M-1094,"758 Cottonwood Dr, Wiley, CO 81092",Resident 1094,A-20094,2025/02/13,384166,gal,,R5,
M-1095,"765 Sand Creek Rd, Wiley, CO 81092",Resident 1095,A-20095,2025/02/13,189477,gal,,R6,
M-1096,"772 Prairie View, Wiley, CO 81092",Resident 1096,A-20096,2025/02/13,338707,gal,,R1,
M-1097,"779 School House Rd, Wiley, CO 81092",Resident 1097,A-20097,2025/02/13,227673,gal,,R2,
M-1098,"786 Cemetery Rd, Wiley, CO 81092",Resident 1098,A-20098,2025/02/13,155083,gal,,R3,
M-1099,"793 Grain Elevator Rd, Wiley, CO 81092",Resident 1099,A-20099,2025/02/13,262043,gal,,R4,
M-1100,"800 Main St, Wiley, CO 81092",Resident 1100,A-20100,2025/02/13,131680,gal,,R5,
M-1101,"807 County Rd 10, Wiley, CO 81092",Resident 1101,A-20101,2025/02/13,228733,gal,,R6,
M-1102,"814 County Rd 14, Wiley, CO 81092",Resident 1102,A-20102,2025/02/13,289379,gal,,R1,
M-1103,"821 Highway 287, Wiley, CO 81092",Resident 1103,A-20103,2025/02/13,227370,gal,,R2,
M-1104,"828 Maple Ave, Wiley, CO 81092",Resident 1104,A-20104,2025/02/13,183323,gal,,R3,
M-1105,"835 Oak St, Wiley, CO 81092",Resident 1105,A-20105,2025/02/13,312776,gal,,R4,
M-1106,"842 Elm St, Wiley, CO 81092",Resident 1106,A-20106,2025/02/13,392729,gal,,R5,
M-1107,"849 3rd Ave, Wiley, CO 81092",Resident 1107,A-20107,2025/02/13,227172,gal,,R6,
M-1108,"856 5th St, Wiley, CO 81092",Resident 1108,A-20108,2025/02/13,397788,gal,,R1,
M-1109,"863 Ranch Rd, Wiley, CO 81092",Resident 1109,A-20109,2025/02/13,409340,gal,,R2,
M-1110,"870 Irrigation Ln, Wiley, CO 81092",Resident 1110,A-20110,2025/02/13,359834,gal,,R3,
M-1111,"877 North Frontage, Wiley, CO 81092",Resident 1111,A-20111,2025/02/13,88924,gal,,R4,
M-1112,"884 South Loop, Wiley, CO 81092",Resident 1112,A-20112,2025/02/13,367610,gal,,R5,
M-1113,"891 Pioneer Rd, Wiley, CO 81092",Resident 1113,A-20113,2025/02/13,224682,gal,,R6,
M-1114,"898 Cottonwood Dr, Wiley, CO 81092",Resident 1114,A-20114,2025/02/13,422790,gal,,R1,
M-1115,"905 Sand Creek Rd, Wiley, CO 81092",Resident 1115,A-20115,2025/02/13,149842,gal,,R2,
M-1116,"912 Prairie View, Wiley, CO 81092",Resident 1116,A-20116,2025/02/13,171084,gal,,R3,
M-1117,"919 School House Rd, Wiley, CO 81092",Resident 1117,A-20117,2025/02/13,221931,gal,,R4,
M-1118,"926 Cemetery Rd, Wiley, CO 81092",Resident 1118,A-20118,2025/02/13,136011,gal,,R5,
M-1119,"933 Grain Elevator Rd, Wiley, CO 81092",Resident 1119,A-20119,2025/02/13,155241,gal,,R6,
M-1120,"940 Main St, Wiley, CO 81092",Resident 1120,A-20120,2025/02/13,377981,gal,,R1,
M-1121,"947 County Rd 10, Wiley, CO 81092",Resident 1121,A-20121,2025/02/13,167086,gal,,R2,
M-1122,"954 County Rd 14, Wiley, CO 81092",Resident 1122,A-20122,2025/02/13,240960,gal,,R3,
M-1123,"961 Highway 287, Wiley, CO 81092",Resident 1123,A-20123,2025/02/13,236558,gal,,R4,
M-1124,"968 Maple Ave, Wiley, CO 81092",Resident 1124,A-20124,2025/02/13,390097,gal,,R5,
M-1125,"975 Oak St, Wiley, CO 81092",Resident 1125,A-20125,2025/02/13,187355,gal,,R6,
M-1126,"982 Elm St, Wiley, CO 81092",Resident 1126,A-20126,2025/02/13,251352,gal,,R1,
M-1127,"989 3rd Ave, Wiley, CO 81092",Resident 1127,A-20127,2025/02/13,184854,gal,,R2,
M-1128,"996 5th St, Wiley, CO 81092",Resident 1128,A-20128,2025/02/13,440909,gal,,R3,
M-1129,"1003 Ranch Rd, Wiley, CO 81092",Resident 1129,A-20129,2025/02/13,233205,gal,,R4,
M-1130,"1010 Irrigation Ln, Wiley, CO 81092",Resident 1130,A-20130,2025/02/13,358378,gal,,R5,
M-1131,"1017 North Frontage, Wiley, CO 81092",Resident 1131,A-20131,2025/02/13,333672,gal,,R6,
M-1132,"1024 South Loop, Wiley, CO 81092",Resident 1132,A-20132,2025/02/13,233498,gal,,R1,
M-1133,"1031 Pioneer Rd, Wiley, CO 81092",Resident 1133,A-20133,2025/02/13,120944,gal,,R2,
M-1134,"1038 Cottonwood Dr, Wiley, CO 81092",Resident 1134,A-20134,2025/02/13,135085,gal,,R3,
M-1135,"1045 Sand Creek Rd, Wiley, CO 81092",Resident 1135,A-20135,2025/02/13,426133,gal,,R4,
M-1136,"1052 Prairie View, Wiley, CO 81092",Resident 1136,A-20136,2025/02/13,307913,gal,,R5,
M-1137,"1059 School House Rd, Wiley, CO 81092",Resident 1137,A-20137,2025/02/13,230508,gal,,R6,
M-1138,"1066 Cemetery Rd, Wiley, CO 81092",Resident 1138,A-20138,2025/02/13,100884,gal,,R1,
M-1139,"1073 Grain Elevator Rd, Wiley, CO 81092",Resident 1139,A-20139,2025/02/13,72819,gal,,R2,
M-1140,"1080 Main St, Wiley, CO 81092",Resident 1140,A-20140,2025/02/13,266277,gal,,R3,
M-1141,"1087 County Rd 10, Wiley, CO 81092",Resident 1141,A-20141,2025/02/13,160243,gal,,R4,
M-1142,"1094 County Rd 14, Wiley, CO 81092",Resident 1142,A-20142,2025/02/13,402737,gal,,R5,
M-1143,"1101 Highway 287, Wiley, CO 81092",Resident 1143,A-20143,2025/02/13,243295,gal,,R6,
M-1144,"1108 Maple Ave, Wiley, CO 81092",Resident 1144,A-20144,2025/02/13,151682,gal,,R1,
M-1145,"1115 Oak St, Wiley, CO 81092",Resident 1145,A-20145,2025/02/13,302535,gal,,R2,
M-1146,"1122 Elm St, Wiley, CO 81092",Resident 1146,A-20146,2025/02/13,361315,gal,,R3,
M-1147,"1129 3rd Ave, Wiley, CO 81092",Resident 1147,A-20147,2025/02/13,321724,gal,,R4,
M-1148,"1136 5th St, Wiley, CO 81092",Resident 1148,A-20148,2025/02/13,366778,gal,,R5,
M-1149,"1143 Ranch Rd, Wiley, CO 81092",Resident 1149,A-20149,2025/02/13,103208,gal,,R6,
M-1150,"1150 Irrigation Ln, Wiley, CO 81092",Resident 1150,A-20150,2025/02/13,146884,gal,,R1,
M-1151,"1157 North Frontage, Wiley, CO 81092",Resident 1151,A-20151,2025/02/13,133736,gal,,R2,
M-1152,"1164 South Loop, Wiley, CO 81092",Resident 1152,A-20152,2025/02/13,146429,gal,,R3,
M-1153,"1171 Pioneer Rd, Wiley, CO 81092",Resident 1153,A-20153,2025/02/13,370797,gal,,R4,
M-1154,"1178 Cottonwood Dr, Wiley, CO 81092",Resident 1154,A-20154,2025/02/13,103857,gal,,R5,
M-1155,"1185 Sand Creek Rd, Wiley, CO 81092",Resident 1155,A-20155,2025/02/13,288804,gal,,R6,
M-1156,"1192 Prairie View, Wiley, CO 81092",Resident 1156,A-20156,2025/02/13,523669,gal,,R1,
M-1157,"1199 School House Rd, Wiley, CO 81092",Resident 1157,A-20157,2025/02/13,381852,gal,,R2,
M-1158,"1206 Cemetery Rd, Wiley, CO 81092",Resident 1158,A-20158,2025/02/13,156527,gal,,R3,
M-1159,"1213 Grain Elevator Rd, Wiley, CO 81092",Resident 1159,A-20159,2025/02/13,317684,gal,,R4,
M-1160,"1220 Main St, Wiley, CO 81092",Resident 1160,A-20160,2025/02/13,131203,gal,,R5,
M-1161,"1227 County Rd 10, Wiley, CO 81092",Resident 1161,A-20161,2025/02/13,121990,gal,,R6,
M-1162,"1234 County Rd 14, Wiley, CO 81092",Resident 1162,A-20162,2025/02/13,265896,gal,,R1,
M-1163,"1241 Highway 287, Wiley, CO 81092",Resident 1163,A-20163,2025/02/13,261900,gal,,R2,
M-1164,"1248 Maple Ave, Wiley, CO 81092",Resident 1164,A-20164,2025/02/13,122260,gal,,R3,
M-1165,"1255 Oak St, Wiley, CO 81092",Resident 1165,A-20165,2025/02/13,279309,gal,,R4,
M-1166,"1262 Elm St, Wiley, CO 81092",Resident 1166,A-20166,2025/02/13,215939,gal,,R5,
M-1167,"1269 3rd Ave, Wiley, CO 81092",Resident 1167,A-20167,2025/02/13,209059,gal,,R6,
M-1168,"1276 5th St, Wiley, CO 81092",Resident 1168,A-20168,2025/02/13,452965,gal,,R1,
M-1169,"1283 Ranch Rd, Wiley, CO 81092",Resident 1169,A-20169,2025/02/13,153129,gal,,R2,
M-1170,"1290 Irrigation Ln, Wiley, CO 81092",Resident 1170,A-20170,2025/02/13,268361,gal,,R3,
M-1171,"1297 North Frontage, Wiley, CO 81092",Resident 1171,A-20171,2025/02/13,363386,gal,,R4,
M-1172,"1304 South Loop, Wiley, CO 81092",Resident 1172,A-20172,2025/02/13,291320,gal,,R5,
M-1173,"1311 Pioneer Rd, Wiley, CO 81092",Resident 1173,A-20173,2025/02/13,414867,gal,,R6,
M-1174,"1318 Cottonwood Dr, Wiley, CO 81092",Resident 1174,A-20174,2025/02/13,153417,gal,,R1,
M-1175,"1325 Sand Creek Rd, Wiley, CO 81092",Resident 1175,A-20175,2025/02/13,211626,gal,,R2,
M-1176,"1332 Prairie View, Wiley, CO 81092",Resident 1176,A-20176,2025/02/13,150046,gal,,R3,
M-1177,"1339 School House Rd, Wiley, CO 81092",Resident 1177,A-20177,2025/02/13,194583,gal,,R4,
M-1178,"1346 Cemetery Rd, Wiley, CO 81092",Resident 1178,A-20178,2025/02/13,321327,gal,,R5,
M-1179,"1353 Grain Elevator Rd, Wiley, CO 81092",Resident 1179,A-20179,2025/02/13,91255,gal,,R6,
M-1180,"1360 Main St, Wiley, CO 81092",Resident 1180,A-20180,2025/02/13,184883,gal,,R1,
M-1181,"1367 County Rd 10, Wiley, CO 81092",Resident 1181,A-20181,2025/02/13,278505,gal,,R2,
M-1182,"1374 County Rd 14, Wiley, CO 81092",Resident 1182,A-20182,2025/02/13,290796,gal,,R3,
M-1183,"1381 Highway 287, Wiley, CO 81092",Resident 1183,A-20183,2025/02/13,222916,gal,,R4,
M-1184,"1388 Maple Ave, Wiley, CO 81092",Resident 1184,A-20184,2025/02/13,210310,gal,,R5,
M-1185,"1395 Oak St, Wiley, CO 81092",Resident 1185,A-20185,2025/02/13,180036,gal,,R6,
M-1186,"1402 Elm St, Wiley, CO 81092",Resident 1186,A-20186,2025/02/13,137282,gal,,R1,
M-1187,"1409 3rd Ave, Wiley, CO 81092",Resident 1187,A-20187,2025/02/13,299362,gal,,R2,
M-1188,"1416 5th St, Wiley, CO 81092",Resident 1188,A-20188,2025/02/13,110661,gal,,R3,
M-1189,"1423 Ranch Rd, Wiley, CO 81092",Resident 1189,A-20189,2025/02/13,342975,gal,,R4,
M-1190,"1430 Irrigation Ln, Wiley, CO 81092",Resident 1190,A-20190,2025/02/13,191964,gal,,R5,
M-1191,"1437 North Frontage, Wiley, CO 81092",Resident 1191,A-20191,2025/02/13,175239,gal,,R6,
M-1192,"1444 South Loop, Wiley, CO 81092",Resident 1192,A-20192,2025/02/13,326157,gal,,R1,
M-1193,"1451 Pioneer Rd, Wiley, CO 81092",Resident 1193,A-20193,2025/02/13,287348,gal,,R2,
M-1194,"1458 Cottonwood Dr, Wiley, CO 81092",Resident 1194,A-20194,2025/02/13,233656,gal,,R3,
M-1195,"1465 Sand Creek Rd, Wiley, CO 81092",Resident 1195,A-20195,2025/02/13,212434,gal,,R4,
M-1196,"1472 Prairie View, Wiley, CO 81092",Resident 1196,A-20196,2025/02/13,210181,gal,,R5,
M-1197,"1479 School House Rd, Wiley, CO 81092",Resident 1197,A-20197,2025/02/13,76558,gal,,R6,
M-1198,"1486 Cemetery Rd, Wiley, CO 81092",Resident 1198,A-20198,2025/02/13,443903,gal,,R1,
M-1199,"1493 Grain Elevator Rd, Wiley, CO 81092",Resident 1199,A-20199,2025/02/13,184259,gal,,R2,
M-1200,"1500 Main St, Wiley, CO 81092",Resident 1200,A-20200,2025/02/13,299173,gal,,R3,
M-1201,"1507 County Rd 10, Wiley, CO 81092",Resident 1201,A-20201,2025/02/13,237940,gal,,R4,
M-1202,"1514 County Rd 14, Wiley, CO 81092",Resident 1202,A-20202,2025/02/13,215831,gal,,R5,
M-1203,"1521 Highway 287, Wiley, CO 81092",Resident 1203,A-20203,2025/02/13,119148,gal,,R6,
M-1204,"1528 Maple Ave, Wiley, CO 81092",Resident 1204,A-20204,2025/02/13,226505,gal,,R1,
M-1205,"1535 Oak St, Wiley, CO 81092",Resident 1205,A-20205,2025/02/13,260804,gal,,R2,
M-1206,"1542 Elm St, Wiley, CO 81092",Resident 1206,A-20206,2025/02/13,403651,gal,,R3,
M-1207,"1549 3rd Ave, Wiley, CO 81092",Resident 1207,A-20207,2025/02/13,344460,gal,,R4,
M-1208,"1556 5th St, Wiley, CO 81092",Resident 1208,A-20208,2025/02/13,304424,gal,,R5,
M-1209,"1563 Ranch Rd, Wiley, CO 81092",Resident 1209,A-20209,2025/02/13,348885,gal,,R6,
M-1210,"1570 Irrigation Ln, Wiley, CO 81092",Resident 1210,A-20210,2025/02/13,242043,gal,,R1,
M-1211,"1577 North Frontage, Wiley, CO 81092",Resident 1211,A-20211,2025/02/13,119791,gal,,R2,
M-1212,"1584 South Loop, Wiley, CO 81092",Resident 1212,A-20212,2025/02/13,153573,gal,,R3,
M-1213,"1591 Pioneer Rd, Wiley, CO 81092",Resident 1213,A-20213,2025/02/13,205380,gal,,R4,
M-1214,"1598 Cottonwood Dr, Wiley, CO 81092",Resident 1214,A-20214,2025/02/13,199584,gal,,R5,
M-1215,"1605 Sand Creek Rd, Wiley, CO 81092",Resident 1215,A-20215,2025/02/13,396295,gal,,R6,
M-1216,"1612 Prairie View, Wiley, CO 81092",Resident 1216,A-20216,2025/02/13,242061,gal,,R1,
M-1217,"1619 School House Rd, Wiley, CO 81092",Resident 1217,A-20217,2025/02/13,91405,gal,,R2,
M-1218,"1626 Cemetery Rd, Wiley, CO 81092",Resident 1218,A-20218,2025/02/13,128043,gal,,R3,
M-1219,"1633 Grain Elevator Rd, Wiley, CO 81092",Resident 1219,A-20219,2025/02/13,409975,gal,,R4,
M-1220,"1640 Main St, Wiley, CO 81092",Resident 1220,A-20220,2025/02/13,316057,gal,,R5,
M-1221,"1647 County Rd 10, Wiley, CO 81092",Resident 1221,A-20221,2025/02/13,274288,gal,,R6,
M-1222,"1654 County Rd 14, Wiley, CO 81092",Resident 1222,A-20222,2025/02/13,236942,gal,,R1,
M-1223,"1661 Highway 287, Wiley, CO 81092",Resident 1223,A-20223,2025/02/13,307766,gal,,R2,
M-1224,"1668 Maple Ave, Wiley, CO 81092",Resident 1224,A-20224,2025/02/13,410935,gal,,R3,
M-1225,"1675 Oak St, Wiley, CO 81092",Resident 1225,A-20225,2025/02/13,365730,gal,,R4,
M-1226,"1682 Elm St, Wiley, CO 81092",Resident 1226,A-20226,2025/02/13,146033,gal,,R5,
M-1227,"1689 3rd Ave, Wiley, CO 81092",Resident 1227,A-20227,2025/02/13,278175,gal,,R6,
M-1228,"1696 5th St, Wiley, CO 81092",Resident 1228,A-20228,2025/02/13,397080,gal,,R1,
M-1229,"1703 Ranch Rd, Wiley, CO 81092",Resident 1229,A-20229,2025/02/13,206696,gal,,R2,
M-1230,"1710 Irrigation Ln, Wiley, CO 81092",Resident 1230,A-20230,2025/02/13,236604,gal,,R3,
M-1231,"1717 North Frontage, Wiley, CO 81092",Resident 1231,A-20231,2025/02/13,126150,gal,,R4,
M-1232,"1724 South Loop, Wiley, CO 81092",Resident 1232,A-20232,2025/02/13,303853,gal,,R5,
M-1233,"1731 Pioneer Rd, Wiley, CO 81092",Resident 1233,A-20233,2025/02/13,103577,gal,,R6,
M-1234,"1738 Cottonwood Dr, Wiley, CO 81092",Resident 1234,A-20234,2025/02/13,353012,gal,,R1,
M-1235,"1745 Sand Creek Rd, Wiley, CO 81092",Resident 1235,A-20235,2025/02/13,368787,gal,,R2,
M-1236,"1752 Prairie View, Wiley, CO 81092",Resident 1236,A-20236,2025/02/13,203025,gal,,R3,
M-1237,"1759 School House Rd, Wiley, CO 81092",Resident 1237,A-20237,2025/02/13,291074,gal,,R4,
M-1238,"1766 Cemetery Rd, Wiley, CO 81092",Resident 1238,A-20238,2025/02/13,311020,gal,,R5,
M-1239,"1773 Grain Elevator Rd, Wiley, CO 81092",Resident 1239,A-20239,2025/02/13,123143,gal,,R6,
M-1240,"1780 Main St, Wiley, CO 81092",Resident 1240,A-20240,2025/02/13,440259,gal,,R1,
M-1241,"1787 County Rd 10, Wiley, CO 81092",Resident 1241,A-20241,2025/02/13,260803,gal,,R2,
M-1242,"1794 County Rd 14, Wiley, CO 81092",Resident 1242,A-20242,2025/02/13,398104,gal,,R3,
M-1243,"1801 Highway 287, Wiley, CO 81092",Resident 1243,A-20243,2025/02/13,241772,gal,,R4,
M-1244,"1808 Maple Ave, Wiley, CO 81092",Resident 1244,A-20244,2025/02/13,537983,gal,,R5,
M-1245,"1815 Oak St, Wiley, CO 81092",Resident 1245,A-20245,2025/02/13,132747,gal,,R6,
M-1246,"1822 Elm St, Wiley, CO 81092",Resident 1246,A-20246,2025/02/13,239816,gal,,R1,
M-1247,"1829 3rd Ave, Wiley, CO 81092",Resident 1247,A-20247,2025/02/13,331579,gal,,R2,
M-1248,"1836 5th St, Wiley, CO 81092",Resident 1248,A-20248,2025/02/13,258177,gal,,R3,
M-1249,"1843 Ranch Rd, Wiley, CO 81092",Resident 1249,A-20249,2025/02/13,443612,gal,,R4,
M-1250,"1850 Irrigation Ln, Wiley, CO 81092",Resident 1250,A-20250,2025/02/13,290203,gal,,R5,
M-1251,"1857 North Frontage, Wiley, CO 81092",Resident 1251,A-20251,2025/02/13,265366,gal,,R6,
M-1252,"1864 South Loop, Wiley, CO 81092",Resident 1252,A-20252,2025/02/13,287455,gal,,R1,
M-1253,"1871 Pioneer Rd, Wiley, CO 81092",Resident 1253,A-20253,2025/02/13,219987,gal,,R2,
M-1254,"1878 Cottonwood Dr, Wiley, CO 81092",Resident 1254,A-20254,2025/02/13,359069,gal,,R3,
M-1255,"1885 Sand Creek Rd, Wiley, CO 81092",Resident 1255,A-20255,2025/02/13,169473,gal,,R4,
M-1256,"1892 Prairie View, Wiley, CO 81092",Resident 1256,A-20256,2025/02/13,200252,gal,,R5,
M-1257,"1899 School House Rd, Wiley, CO 81092",Resident 1257,A-20257,2025/02/13,286935,gal,,R6,
M-1258,"1906 Cemetery Rd, Wiley, CO 81092",Resident 1258,A-20258,2025/02/13,425619,gal,,R1,
M-1259,"1913 Grain Elevator Rd, Wiley, CO 81092",Resident 1259,A-20259,2025/02/13,266622,gal,,R2,
M-1260,"1920 Main St, Wiley, CO 81092",Resident 1260,A-20260,2025/02/13,157916,gal,,R3,
M-1261,"1927 County Rd 10, Wiley, CO 81092",Resident 1261,A-20261,2025/02/13,403083,gal,,R4,
M-1262,"1934 County Rd 14, Wiley, CO 81092",Resident 1262,A-20262,2025/02/13,366245,gal,,R5,
M-1263,"1941 Highway 287, Wiley, CO 81092",Resident 1263,A-20263,2025/02/13,246983,gal,,R6,
M-1264,"1948 Maple Ave, Wiley, CO 81092",Resident 1264,A-20264,2025/02/13,289445,gal,,R1,
M-1265,"1955 Oak St, Wiley, CO 81092",Resident 1265,A-20265,2025/02/13,364994,gal,,R2,
M-1266,"1962 Elm St, Wiley, CO 81092",Resident 1266,A-20266,2025/02/13,98820,gal,,R3,
M-1267,"1969 3rd Ave, Wiley, CO 81092",Resident 1267,A-20267,2025/02/13,247799,gal,,R4,
M-1268,"1976 5th St, Wiley, CO 81092",Resident 1268,A-20268,2025/02/13,226074,gal,,R5,
M-1269,"1983 Ranch Rd, Wiley, CO 81092",Resident 1269,A-20269,2025/02/13,205917,gal,,R6,
M-1270,"1990 Irrigation Ln, Wiley, CO 81092",Resident 1270,A-20270,2025/02/13,297269,gal,,R1,
M-1271,"1997 North Frontage, Wiley, CO 81092",Resident 1271,A-20271,2025/02/13,405875,gal,,R2,
M-1272,"2004 South Loop, Wiley, CO 81092",Resident 1272,A-20272,2025/02/13,413066,gal,,R3,
M-1273,"2011 Pioneer Rd, Wiley, CO 81092",Resident 1273,A-20273,2025/02/13,438965,gal,,R4,
M-1274,"2018 Cottonwood Dr, Wiley, CO 81092",Resident 1274,A-20274,2025/02/13,257580,gal,,R5,
M-1275,"2025 Sand Creek Rd, Wiley, CO 81092",Resident 1275,A-20275,2025/02/13,322750,gal,,R6,
M-1276,"2032 Prairie View, Wiley, CO 81092",Resident 1276,A-20276,2025/02/13,322705,gal,,R1,
M-1277,"2039 School House Rd, Wiley, CO 81092",Resident 1277,A-20277,2025/02/13,319452,gal,,R2,
M-1278,"2046 Cemetery Rd, Wiley, CO 81092",Resident 1278,A-20278,2025/02/13,185858,gal,,R3,
M-1279,"2053 Grain Elevator Rd, Wiley, CO 81092",Resident 1279,A-20279,2025/02/13,337756,gal,,R4,
M-1280,"2060 Main St, Wiley, CO 81092",Resident 1280,A-20280,2025/02/13,317898,gal,,R5,
M-1281,"2067 County Rd 10, Wiley, CO 81092",Resident 1281,A-20281,2025/02/13,190443,gal,,R6,
M-1282,"2074 County Rd 14, Wiley, CO 81092",Resident 1282,A-20282,2025/02/13,433483,gal,,R1,
M-1283,"2081 Highway 287, Wiley, CO 81092",Resident 1283,A-20283,2025/02/13,128527,gal,,R2,
M-1284,"2088 Maple Ave, Wiley, CO 81092",Resident 1284,A-20284,2025/02/13,236728,gal,,R3,
M-1285,"2095 Oak St, Wiley, CO 81092",Resident 1285,A-20285,2025/02/13,358168,gal,,R4,
M-1286,"2102 Elm St, Wiley, CO 81092",Resident 1286,A-20286,2025/02/13,438092,gal,,R5,
M-1287,"2109 3rd Ave, Wiley, CO 81092",Resident 1287,A-20287,2025/02/13,433561,gal,,R6,
M-1288,"2116 5th St, Wiley, CO 81092",Resident 1288,A-20288,2025/02/13,391757,gal,,R1,
M-1289,"2123 Ranch Rd, Wiley, CO 81092",Resident 1289,A-20289,2025/02/13,276236,gal,,R2,
M-1290,"2130 Irrigation Ln, Wiley, CO 81092",Resident 1290,A-20290,2025/02/13,147878,gal,,R3,
M-1291,"2137 North Frontage, Wiley, CO 81092",Resident 1291,A-20291,2025/02/13,221196,gal,,R4,
M-1292,"2144 South Loop, Wiley, CO 81092",Resident 1292,A-20292,2025/02/13,231215,gal,,R5,
M-1293,"2151 Pioneer Rd, Wiley, CO 81092",Resident 1293,A-20293,2025/02/13,185242,gal,,R6,
M-1294,"2158 Cottonwood Dr, Wiley, CO 81092",Resident 1294,A-20294,2025/02/13,190435,gal,,R1,
M-1295,"2165 Sand Creek Rd, Wiley, CO 81092",Resident 1295,A-20295,2025/02/13,184142,gal,,R2,
M-1296,"2172 Prairie View, Wiley, CO 81092",Resident 1296,A-20296,2025/02/13,94521,gal,,R3,
M-1297,"2179 School House Rd, Wiley, CO 81092",Resident 1297,A-20297,2025/02/13,94367,gal,,R4,
M-1298,"2186 Cemetery Rd, Wiley, CO 81092",Resident 1298,A-20298,2025/02/13,203616,gal,,R5,
M-1299,"2193 Grain Elevator Rd, Wiley, CO 81092",Resident 1299,A-20299,2025/02/13,321441,gal,,R6,
M-1300,"2200 Main St, Wiley, CO 81092",Resident 1300,A-20300,2025/02/13,395798,gal,,R1,
M-1001,"107 County Rd 10, Wiley, CO 81092",Resident 1001,A-20001,2025/03/14,385799,gal,,R2,
M-1002,"114 County Rd 14, Wiley, CO 81092",Resident 1002,A-20002,2025/03/14,308582,gal,,R3,
M-1003,"121 Highway 287, Wiley, CO 81092",Resident 1003,A-20003,2025/03/14,140984,gal,,R4,
M-1004,"128 Maple Ave, Wiley, CO 81092",Resident 1004,A-20004,2025/03/14,334966,gal,,R5,
M-1005,"135 Oak St, Wiley, CO 81092",Resident 1005,A-20005,2025/03/14,179407,gal,,R6,
M-1006,"142 Elm St, Wiley, CO 81092",Resident 1006,A-20006,2025/03/14,226735,gal,,R1,
M-1007,"149 3rd Ave, Wiley, CO 81092",Resident 1007,A-20007,2025/03/14,322234,gal,,R2,
M-1008,"156 5th St, Wiley, CO 81092",Resident 1008,A-20008,2025/03/14,205473,gal,,R3,
M-1009,"163 Ranch Rd, Wiley, CO 81092",Resident 1009,A-20009,2025/03/14,150524,gal,,R4,
M-1010,"170 Irrigation Ln, Wiley, CO 81092",Resident 1010,A-20010,2025/03/14,304207,gal,,R5,
M-1011,"177 North Frontage, Wiley, CO 81092",Resident 1011,A-20011,2025/03/14,394768,gal,,R6,
M-1012,"184 South Loop, Wiley, CO 81092",Resident 1012,A-20012,2025/03/14,165982,gal,,R1,
M-1013,"191 Pioneer Rd, Wiley, CO 81092",Resident 1013,A-20013,2025/03/14,124408,gal,,R2,
M-1014,"198 Cottonwood Dr, Wiley, CO 81092",Resident 1014,A-20014,2025/03/14,413475,gal,,R3,
M-1015,"205 Sand Creek Rd, Wiley, CO 81092",Resident 1015,A-20015,2025/03/14,385671,gal,,R4,
M-1016,"212 Prairie View, Wiley, CO 81092",Resident 1016,A-20016,2025/03/14,100024,gal,,R5,
M-1017,"219 School House Rd, Wiley, CO 81092",Resident 1017,A-20017,2025/03/14,116980,gal,,R6,
M-1018,"226 Cemetery Rd, Wiley, CO 81092",Resident 1018,A-20018,2025/03/14,192131,gal,,R1,
M-1019,"233 Grain Elevator Rd, Wiley, CO 81092",Resident 1019,A-20019,2025/03/14,158525,gal,,R2,
M-1020,"240 Main St, Wiley, CO 81092",Resident 1020,A-20020,2025/03/14,291691,gal,,R3,
M-1021,"247 County Rd 10, Wiley, CO 81092",Resident 1021,A-20021,2025/03/14,335139,gal,,R4,
M-1022,"254 County Rd 14, Wiley, CO 81092",Resident 1022,A-20022,2025/03/14,349174,gal,,R5,
M-1023,"261 Highway 287, Wiley, CO 81092",Resident 1023,A-20023,2025/03/14,216346,gal,,R6,
M-1024,"268 Maple Ave, Wiley, CO 81092",Resident 1024,A-20024,2025/03/14,279603,gal,,R1,
M-1025,"275 Oak St, Wiley, CO 81092",Resident 1025,A-20025,2025/03/14,132331,gal,,R2,
M-1026,"282 Elm St, Wiley, CO 81092",Resident 1026,A-20026,2025/03/14,165295,gal,,R3,
M-1027,"289 3rd Ave, Wiley, CO 81092",Resident 1027,A-20027,2025/03/14,312091,gal,,R4,
M-1028,"296 5th St, Wiley, CO 81092",Resident 1028,A-20028,2025/03/14,107630,gal,,R5,
M-1029,"303 Ranch Rd, Wiley, CO 81092",Resident 1029,A-20029,2025/03/14,316235,gal,,R6,
M-1030,"310 Irrigation Ln, Wiley, CO 81092",Resident 1030,A-20030,2025/03/14,239505,gal,,R1,
M-1031,"317 North Frontage, Wiley, CO 81092",Resident 1031,A-20031,2025/03/14,331930,gal,,R2,
M-1032,"324 South Loop, Wiley, CO 81092",Resident 1032,A-20032,2025/03/14,228405,gal,,R3,
M-1033,"331 Pioneer Rd, Wiley, CO 81092",Resident 1033,A-20033,2025/03/14,468556,gal,,R4,
M-1034,"338 Cottonwood Dr, Wiley, CO 81092",Resident 1034,A-20034,2025/03/14,396222,gal,,R5,
M-1035,"345 Sand Creek Rd, Wiley, CO 81092",Resident 1035,A-20035,2025/03/14,431106,gal,,R6,
M-1036,"352 Prairie View, Wiley, CO 81092",Resident 1036,A-20036,2025/03/14,321696,gal,,R1,
M-1037,"359 School House Rd, Wiley, CO 81092",Resident 1037,A-20037,2025/03/14,196087,gal,,R2,
M-1038,"366 Cemetery Rd, Wiley, CO 81092",Resident 1038,A-20038,2025/03/14,175899,gal,,R3,
M-1039,"373 Grain Elevator Rd, Wiley, CO 81092",Resident 1039,A-20039,2025/03/14,263882,gal,,R4,
M-1040,"380 Main St, Wiley, CO 81092",Resident 1040,A-20040,2025/03/14,205365,gal,,R5,
M-1041,"387 County Rd 10, Wiley, CO 81092",Resident 1041,A-20041,2025/03/14,118278,gal,,R6,
M-1042,"394 County Rd 14, Wiley, CO 81092",Resident 1042,A-20042,2025/03/14,386947,gal,,R1,
M-1043,"401 Highway 287, Wiley, CO 81092",Resident 1043,A-20043,2025/03/14,360362,gal,,R2,
M-1044,"408 Maple Ave, Wiley, CO 81092",Resident 1044,A-20044,2025/03/14,110644,gal,,R3,
M-1045,"415 Oak St, Wiley, CO 81092",Resident 1045,A-20045,2025/03/14,276959,gal,,R4,
M-1046,"422 Elm St, Wiley, CO 81092",Resident 1046,A-20046,2025/03/14,115069,gal,,R5,
M-1047,"429 3rd Ave, Wiley, CO 81092",Resident 1047,A-20047,2025/03/14,98926,gal,,R6,
M-1048,"436 5th St, Wiley, CO 81092",Resident 1048,A-20048,2025/03/14,377965,gal,,R1,
M-1049,"443 Ranch Rd, Wiley, CO 81092",Resident 1049,A-20049,2025/03/14,339980,gal,,R2,
M-1050,"450 Irrigation Ln, Wiley, CO 81092",Resident 1050,A-20050,2025/03/14,336922,gal,,R3,
M-1051,"457 North Frontage, Wiley, CO 81092",Resident 1051,A-20051,2025/03/14,365967,gal,,R4,
M-1052,"464 South Loop, Wiley, CO 81092",Resident 1052,A-20052,2025/03/14,171447,gal,,R5,
M-1053,"471 Pioneer Rd, Wiley, CO 81092",Resident 1053,A-20053,2025/03/14,132944,gal,,R6,
M-1054,"478 Cottonwood Dr, Wiley, CO 81092",Resident 1054,A-20054,2025/03/14,350448,gal,,R1,
M-1055,"485 Sand Creek Rd, Wiley, CO 81092",Resident 1055,A-20055,2025/03/14,110795,gal,,R2,
M-1056,"492 Prairie View, Wiley, CO 81092",Resident 1056,A-20056,2025/03/14,204595,gal,,R3,
M-1057,"499 School House Rd, Wiley, CO 81092",Resident 1057,A-20057,2025/03/14,130409,gal,,R4,
M-1058,"506 Cemetery Rd, Wiley, CO 81092",Resident 1058,A-20058,2025/03/14,412458,gal,,R5,
M-1059,"513 Grain Elevator Rd, Wiley, CO 81092",Resident 1059,A-20059,2025/03/14,110719,gal,,R6,
M-1060,"520 Main St, Wiley, CO 81092",Resident 1060,A-20060,2025/03/14,214945,gal,,R1,
M-1061,"527 County Rd 10, Wiley, CO 81092",Resident 1061,A-20061,2025/03/14,283066,gal,,R2,
M-1062,"534 County Rd 14, Wiley, CO 81092",Resident 1062,A-20062,2025/03/14,161607,gal,,R3,
M-1063,"541 Highway 287, Wiley, CO 81092",Resident 1063,A-20063,2025/03/14,382685,gal,,R4,
M-1064,"548 Maple Ave, Wiley, CO 81092",Resident 1064,A-20064,2025/03/14,232751,gal,,R5,
M-1065,"555 Oak St, Wiley, CO 81092",Resident 1065,A-20065,2025/03/14,408879,gal,,R6,
M-1066,"562 Elm St, Wiley, CO 81092",Resident 1066,A-20066,2025/03/14,401333,gal,,R1,
M-1067,"569 3rd Ave, Wiley, CO 81092",Resident 1067,A-20067,2025/03/14,122510,gal,,R2,
M-1068,"576 5th St, Wiley, CO 81092",Resident 1068,A-20068,2025/03/14,403063,gal,,R3,
M-1069,"583 Ranch Rd, Wiley, CO 81092",Resident 1069,A-20069,2025/03/14,155150,gal,,R4,
M-1070,"590 Irrigation Ln, Wiley, CO 81092",Resident 1070,A-20070,2025/03/14,290238,gal,,R5,
M-1071,"597 North Frontage, Wiley, CO 81092",Resident 1071,A-20071,2025/03/14,413975,gal,,R6,
M-1072,"604 South Loop, Wiley, CO 81092",Resident 1072,A-20072,2025/03/14,413004,gal,,R1,
M-1073,"611 Pioneer Rd, Wiley, CO 81092",Resident 1073,A-20073,2025/03/14,378113,gal,,R2,
M-1074,"618 Cottonwood Dr, Wiley, CO 81092",Resident 1074,A-20074,2025/03/14,357153,gal,,R3,
M-1075,"625 Sand Creek Rd, Wiley, CO 81092",Resident 1075,A-20075,2025/03/14,237081,gal,,R4,
M-1076,"632 Prairie View, Wiley, CO 81092",Resident 1076,A-20076,2025/03/14,216655,gal,,R5,
M-1077,"639 School House Rd, Wiley, CO 81092",Resident 1077,A-20077,2025/03/14,179401,gal,,R6,
M-1078,"646 Cemetery Rd, Wiley, CO 81092",Resident 1078,A-20078,2025/03/14,255967,gal,,R1,
M-1079,"653 Grain Elevator Rd, Wiley, CO 81092",Resident 1079,A-20079,2025/03/14,208556,gal,,R2,
M-1080,"660 Main St, Wiley, CO 81092",Resident 1080,A-20080,2025/03/14,233523,gal,,R3,
M-1081,"667 County Rd 10, Wiley, CO 81092",Resident 1081,A-20081,2025/03/14,312586,gal,,R4,
M-1082,"674 County Rd 14, Wiley, CO 81092",Resident 1082,A-20082,2025/03/14,157019,gal,,R5,
M-1083,"681 Highway 287, Wiley, CO 81092",Resident 1083,A-20083,2025/03/14,414270,gal,,R6,
M-1084,"688 Maple Ave, Wiley, CO 81092",Resident 1084,A-20084,2025/03/14,244660,gal,,R1,
M-1085,"695 Oak St, Wiley, CO 81092",Resident 1085,A-20085,2025/03/14,327034,gal,,R2,
M-1086,"702 Elm St, Wiley, CO 81092",Resident 1086,A-20086,2025/03/14,246052,gal,,R3,
M-1087,"709 3rd Ave, Wiley, CO 81092",Resident 1087,A-20087,2025/03/14,143349,gal,,R4,
M-1088,"716 5th St, Wiley, CO 81092",Resident 1088,A-20088,2025/03/14,87563,gal,,R5,
M-1089,"723 Ranch Rd, Wiley, CO 81092",Resident 1089,A-20089,2025/03/14,439576,gal,,R6,
M-1090,"730 Irrigation Ln, Wiley, CO 81092",Resident 1090,A-20090,2025/03/14,430780,gal,,R1,
M-1091,"737 North Frontage, Wiley, CO 81092",Resident 1091,A-20091,2025/03/14,398886,gal,,R2,
M-1092,"744 South Loop, Wiley, CO 81092",Resident 1092,A-20092,2025/03/14,129666,gal,,R3,
M-1093,"751 Pioneer Rd, Wiley, CO 81092",Resident 1093,A-20093,2025/03/14,137659,gal,,R4,
M-1094,"758 Cottonwood Dr, Wiley, CO 81092",Resident 1094,A-20094,2025/03/14,393191,gal,,R5,
M-1095,"765 Sand Creek Rd, Wiley, CO 81092",Resident 1095,A-20095,2025/03/14,193881,gal,,R6,
M-1096,"772 Prairie View, Wiley, CO 81092",Resident 1096,A-20096,2025/03/14,342034,gal,,R1,
M-1097,"779 School House Rd, Wiley, CO 81092",Resident 1097,A-20097,2025/03/14,233690,gal,,R2,
M-1098,"786 Cemetery Rd, Wiley, CO 81092",Resident 1098,A-20098,2025/03/14,160406,gal,,R3,
M-1099,"793 Grain Elevator Rd, Wiley, CO 81092",Resident 1099,A-20099,2025/03/14,266781,gal,,R4,
M-1100,"800 Main St, Wiley, CO 81092",Resident 1100,A-20100,2025/03/14,138665,gal,,R5,
M-1101,"807 County Rd 10, Wiley, CO 81092",Resident 1101,A-20101,2025/03/14,235522,gal,,R6,
M-1102,"814 County Rd 14, Wiley, CO 81092",Resident 1102,A-20102,2025/03/14,296948,gal,,R1,
M-1103,"821 Highway 287, Wiley, CO 81092",Resident 1103,A-20103,2025/03/14,231914,gal,,R2,
M-1104,"828 Maple Ave, Wiley, CO 81092",Resident 1104,A-20104,2025/03/14,191119,gal,,R3,
M-1105,"835 Oak St, Wiley, CO 81092",Resident 1105,A-20105,2025/03/14,317067,gal,,R4,
M-1106,"842 Elm St, Wiley, CO 81092",Resident 1106,A-20106,2025/03/14,401221,gal,,R5,
M-1107,"849 3rd Ave, Wiley, CO 81092",Resident 1107,A-20107,2025/03/14,229904,gal,,R6,
M-1108,"856 5th St, Wiley, CO 81092",Resident 1108,A-20108,2025/03/14,401898,gal,,R1,
M-1109,"863 Ranch Rd, Wiley, CO 81092",Resident 1109,A-20109,2025/03/14,412154,gal,,R2,
M-1110,"870 Irrigation Ln, Wiley, CO 81092",Resident 1110,A-20110,2025/03/14,365316,gal,,R3,
M-1111,"877 North Frontage, Wiley, CO 81092",Resident 1111,A-20111,2025/03/14,95124,gal,,R4,
M-1112,"884 South Loop, Wiley, CO 81092",Resident 1112,A-20112,2025/03/14,371517,gal,,R5,
M-1113,"891 Pioneer Rd, Wiley, CO 81092",Resident 1113,A-20113,2025/03/14,227720,gal,,R6,
M-1114,"898 Cottonwood Dr, Wiley, CO 81092",Resident 1114,A-20114,2025/03/14,426798,gal,,R1,
M-1115,"905 Sand Creek Rd, Wiley, CO 81092",Resident 1115,A-20115,2025/03/14,156411,gal,,R2,
M-1116,"912 Prairie View, Wiley, CO 81092",Resident 1116,A-20116,2025/03/14,179608,gal,,R3,
M-1117,"919 School House Rd, Wiley, CO 81092",Resident 1117,A-20117,2025/03/14,227084,gal,,R4,
M-1118,"926 Cemetery Rd, Wiley, CO 81092",Resident 1118,A-20118,2025/03/14,140489,gal,,R5,
M-1119,"933 Grain Elevator Rd, Wiley, CO 81092",Resident 1119,A-20119,2025/03/14,163423,gal,,R6,
M-1120,"940 Main St, Wiley, CO 81092",Resident 1120,A-20120,2025/03/14,383358,gal,,R1,
M-1121,"947 County Rd 10, Wiley, CO 81092",Resident 1121,A-20121,2025/03/14,171821,gal,,R2,
M-1122,"954 County Rd 14, Wiley, CO 81092",Resident 1122,A-20122,2025/03/14,247893,gal,,R3,
M-1123,"961 Highway 287, Wiley, CO 81092",Resident 1123,A-20123,2025/03/14,241693,gal,,R4,
M-1124,"968 Maple Ave, Wiley, CO 81092",Resident 1124,A-20124,2025/03/14,393022,gal,,R5,
M-1125,"975 Oak St, Wiley, CO 81092",Resident 1125,A-20125,2025/03/14,192103,gal,,R6,
M-1126,"982 Elm St, Wiley, CO 81092",Resident 1126,A-20126,2025/03/14,254701,gal,,R1,
M-1127,"989 3rd Ave, Wiley, CO 81092",Resident 1127,A-20127,2025/03/14,189236,gal,,R2,
M-1128,"996 5th St, Wiley, CO 81092",Resident 1128,A-20128,2025/03/14,449213,gal,,R3,
M-1129,"1003 Ranch Rd, Wiley, CO 81092",Resident 1129,A-20129,2025/03/14,239830,gal,,R4,
M-1130,"1010 Irrigation Ln, Wiley, CO 81092",Resident 1130,A-20130,2025/03/14,365393,gal,,R5,
M-1131,"1017 North Frontage, Wiley, CO 81092",Resident 1131,A-20131,2025/03/14,337478,gal,,R6,
M-1132,"1024 South Loop, Wiley, CO 81092",Resident 1132,A-20132,2025/03/14,241908,gal,,R1,
M-1133,"1031 Pioneer Rd, Wiley, CO 81092",Resident 1133,A-20133,2025/03/14,128175,gal,,R2,
M-1134,"1038 Cottonwood Dr, Wiley, CO 81092",Resident 1134,A-20134,2025/03/14,140412,gal,,R3,
M-1135,"1045 Sand Creek Rd, Wiley, CO 81092",Resident 1135,A-20135,2025/03/14,432714,gal,,R4,
M-1136,"1052 Prairie View, Wiley, CO 81092",Resident 1136,A-20136,2025/03/14,313402,gal,,R5,
M-1137,"1059 School House Rd, Wiley, CO 81092",Resident 1137,A-20137,2025/03/14,235213,gal,,R6,
M-1138,"1066 Cemetery Rd, Wiley, CO 81092",Resident 1138,A-20138,2025/03/14,105249,gal,,R1,
M-1139,"1073 Grain Elevator Rd, Wiley, CO 81092",Resident 1139,A-20139,2025/03/14,76188,gal,,R2,
M-1140,"1080 Main St, Wiley, CO 81092",Resident 1140,A-20140,2025/03/14,272442,gal,,R3,
M-1141,"1087 County Rd 10, Wiley, CO 81092",Resident 1141,A-20141,2025/03/14,166736,gal,,R4,
M-1142,"1094 County Rd 14, Wiley, CO 81092",Resident 1142,A-20142,2025/03/14,405976,gal,,R5,
M-1143,"1101 Highway 287, Wiley, CO 81092",Resident 1143,A-20143,2025/03/14,252141,gal,,R6,
M-1144,"1108 Maple Ave, Wiley, CO 81092",Resident 1144,A-20144,2025/03/14,153930,gal,,R1,
M-1145,"1115 Oak St, Wiley, CO 81092",Resident 1145,A-20145,2025/03/14,305817,gal,,R2,
M-1146,"1122 Elm St, Wiley, CO 81092",Resident 1146,A-20146,2025/03/14,365005,gal,,R3,
M-1147,"1129 3rd Ave, Wiley, CO 81092",Resident 1147,A-20147,2025/03/14,329826,gal,,R4,
M-1148,"1136 5th St, Wiley, CO 81092",Resident 1148,A-20148,2025/03/14,369822,gal,,R5,
M-1149,"1143 Ranch Rd, Wiley, CO 81092",Resident 1149,A-20149,2025/03/14,110016,gal,,R6,
M-1150,"1150 Irrigation Ln, Wiley, CO 81092",Resident 1150,A-20150,2025/03/14,152430,gal,,R1,
M-1151,"1157 North Frontage, Wiley, CO 81092",Resident 1151,A-20151,2025/03/14,140721,gal,,R2,
M-1152,"1164 South Loop, Wiley, CO 81092",Resident 1152,A-20152,2025/03/14,149237,gal,,R3,
M-1153,"1171 Pioneer Rd, Wiley, CO 81092",Resident 1153,A-20153,2025/03/14,375842,gal,,R4,
M-1154,"1178 Cottonwood Dr, Wiley, CO 81092",Resident 1154,A-20154,2025/03/14,109569,gal,,R5,
M-1155,"1185 Sand Creek Rd, Wiley, CO 81092",Resident 1155,A-20155,2025/03/14,296396,gal,,R6,
M-1156,"1192 Prairie View, Wiley, CO 81092",Resident 1156,A-20156,2025/03/14,546406,gal,,R1,
M-1157,"1199 School House Rd, Wiley, CO 81092",Resident 1157,A-20157,2025/03/14,388793,gal,,R2,
M-1158,"1206 Cemetery Rd, Wiley, CO 81092",Resident 1158,A-20158,2025/03/14,161043,gal,,R3,
M-1159,"1213 Grain Elevator Rd, Wiley, CO 81092",Resident 1159,A-20159,2025/03/14,323737,gal,,R4,
M-1160,"1220 Main St, Wiley, CO 81092",Resident 1160,A-20160,2025/03/14,133808,gal,,R5,
M-1161,"1227 County Rd 10, Wiley, CO 81092",Resident 1161,A-20161,2025/03/14,129815,gal,,R6,
M-1162,"1234 County Rd 14, Wiley, CO 81092",Resident 1162,A-20162,2025/03/14,274687,gal,,R1,
M-1163,"1241 Highway 287, Wiley, CO 81092",Resident 1163,A-20163,2025/03/14,265245,gal,,R2,
M-1164,"1248 Maple Ave, Wiley, CO 81092",Resident 1164,A-20164,2025/03/14,129266,gal,,R3,
M-1165,"1255 Oak St, Wiley, CO 81092",Resident 1165,A-20165,2025/03/14,285168,gal,,R4,
M-1166,"1262 Elm St, Wiley, CO 81092",Resident 1166,A-20166,2025/03/14,224994,gal,,R5,
M-1167,"1269 3rd Ave, Wiley, CO 81092",Resident 1167,A-20167,2025/03/14,213139,gal,,R6,
M-1168,"1276 5th St, Wiley, CO 81092",Resident 1168,A-20168,2025/03/14,462445,gal,,R1,
M-1169,"1283 Ranch Rd, Wiley, CO 81092",Resident 1169,A-20169,2025/03/14,161185,gal,,R2,
M-1170,"1290 Irrigation Ln, Wiley, CO 81092",Resident 1170,A-20170,2025/03/14,272643,gal,,R3,
M-1171,"1297 North Frontage, Wiley, CO 81092",Resident 1171,A-20171,2025/03/14,366785,gal,,R4,
M-1172,"1304 South Loop, Wiley, CO 81092",Resident 1172,A-20172,2025/03/14,295609,gal,,R5,
M-1173,"1311 Pioneer Rd, Wiley, CO 81092",Resident 1173,A-20173,2025/03/14,419874,gal,,R6,
M-1174,"1318 Cottonwood Dr, Wiley, CO 81092",Resident 1174,A-20174,2025/03/14,157134,gal,,R1,
M-1175,"1325 Sand Creek Rd, Wiley, CO 81092",Resident 1175,A-20175,2025/03/14,217678,gal,,R2,
M-1176,"1332 Prairie View, Wiley, CO 81092",Resident 1176,A-20176,2025/03/14,151989,gal,,R3,
M-1177,"1339 School House Rd, Wiley, CO 81092",Resident 1177,A-20177,2025/03/14,202588,gal,,R4,
M-1178,"1346 Cemetery Rd, Wiley, CO 81092",Resident 1178,A-20178,2025/03/14,329082,gal,,R5,
M-1179,"1353 Grain Elevator Rd, Wiley, CO 81092",Resident 1179,A-20179,2025/03/14,95611,gal,,R6,
M-1180,"1360 Main St, Wiley, CO 81092",Resident 1180,A-20180,2025/03/14,191309,gal,,R1,
M-1181,"1367 County Rd 10, Wiley, CO 81092",Resident 1181,A-20181,2025/03/14,286610,gal,,R2,
M-1182,"1374 County Rd 14, Wiley, CO 81092",Resident 1182,A-20182,2025/03/14,294189,gal,,R3,
M-1183,"1381 Highway 287, Wiley, CO 81092",Resident 1183,A-20183,2025/03/14,228516,gal,,R4,
M-1184,"1388 Maple Ave, Wiley, CO 81092",Resident 1184,A-20184,2025/03/14,213449,gal,,R5,
M-1185,"1395 Oak St, Wiley, CO 81092",Resident 1185,A-20185,2025/03/14,187847,gal,,R6,
M-1186,"1402 Elm St, Wiley, CO 81092",Resident 1186,A-20186,2025/03/14,141547,gal,,R1,
M-1187,"1409 3rd Ave, Wiley, CO 81092",Resident 1187,A-20187,2025/03/14,306815,gal,,R2,
M-1188,"1416 5th St, Wiley, CO 81092",Resident 1188,A-20188,2025/03/14,116149,gal,,R3,
M-1189,"1423 Ranch Rd, Wiley, CO 81092",Resident 1189,A-20189,2025/03/14,350945,gal,,R4,
M-1190,"1430 Irrigation Ln, Wiley, CO 81092",Resident 1190,A-20190,2025/03/14,195499,gal,,R5,
M-1191,"1437 North Frontage, Wiley, CO 81092",Resident 1191,A-20191,2025/03/14,178661,gal,,R6,
M-1192,"1444 South Loop, Wiley, CO 81092",Resident 1192,A-20192,2025/03/14,331235,gal,,R1,
M-1193,"1451 Pioneer Rd, Wiley, CO 81092",Resident 1193,A-20193,2025/03/14,294907,gal,,R2,
M-1194,"1458 Cottonwood Dr, Wiley, CO 81092",Resident 1194,A-20194,2025/03/14,237634,gal,,R3,
M-1195,"1465 Sand Creek Rd, Wiley, CO 81092",Resident 1195,A-20195,2025/03/14,219761,gal,,R4,
M-1196,"1472 Prairie View, Wiley, CO 81092",Resident 1196,A-20196,2025/03/14,216828,gal,,R5,
M-1197,"1479 School House Rd, Wiley, CO 81092",Resident 1197,A-20197,2025/03/14,79035,gal,,R6,
M-1198,"1486 Cemetery Rd, Wiley, CO 81092",Resident 1198,A-20198,2025/03/14,451522,gal,,R1,
M-1199,"1493 Grain Elevator Rd, Wiley, CO 81092",Resident 1199,A-20199,2025/03/14,188996,gal,,R2,
M-1200,"1500 Main St, Wiley, CO 81092",Resident 1200,A-20200,2025/03/14,305043,gal,,R3,
M-1201,"1507 County Rd 10, Wiley, CO 81092",Resident 1201,A-20201,2025/03/14,240239,gal,,R4,
M-1202,"1514 County Rd 14, Wiley, CO 81092",Resident 1202,A-20202,2025/03/14,219152,gal,,R5,
M-1203,"1521 Highway 287, Wiley, CO 81092",Resident 1203,A-20203,2025/03/14,123966,gal,,R6,
M-1204,"1528 Maple Ave, Wiley, CO 81092",Resident 1204,A-20204,2025/03/14,230626,gal,,R1,
M-1205,"1535 Oak St, Wiley, CO 81092",Resident 1205,A-20205,2025/03/14,264806,gal,,R2,
M-1206,"1542 Elm St, Wiley, CO 81092",Resident 1206,A-20206,2025/03/14,406326,gal,,R3,
M-1207,"1549 3rd Ave, Wiley, CO 81092",Resident 1207,A-20207,2025/03/14,349136,gal,,R4,
M-1208,"1556 5th St, Wiley, CO 81092",Resident 1208,A-20208,2025/03/14,310612,gal,,R5,
M-1209,"1563 Ranch Rd, Wiley, CO 81092",Resident 1209,A-20209,2025/03/14,351989,gal,,R6,
M-1210,"1570 Irrigation Ln, Wiley, CO 81092",Resident 1210,A-20210,2025/03/14,245362,gal,,R1,
M-1211,"1577 North Frontage, Wiley, CO 81092",Resident 1211,A-20211,2025/03/14,129102,gal,,R2,
M-1212,"1584 South Loop, Wiley, CO 81092",Resident 1212,A-20212,2025/03/14,158954,gal,,R3,
M-1213,"1591 Pioneer Rd, Wiley, CO 81092",Resident 1213,A-20213,2025/03/14,208117,gal,,R4,
M-1214,"1598 Cottonwood Dr, Wiley, CO 81092",Resident 1214,A-20214,2025/03/14,207463,gal,,R5,
M-1215,"1605 Sand Creek Rd, Wiley, CO 81092",Resident 1215,A-20215,2025/03/14,403536,gal,,R6,
M-1216,"1612 Prairie View, Wiley, CO 81092",Resident 1216,A-20216,2025/03/14,250095,gal,,R1,
M-1217,"1619 School House Rd, Wiley, CO 81092",Resident 1217,A-20217,2025/03/14,94686,gal,,R2,
M-1218,"1626 Cemetery Rd, Wiley, CO 81092",Resident 1218,A-20218,2025/03/14,130814,gal,,R3,
M-1219,"1633 Grain Elevator Rd, Wiley, CO 81092",Resident 1219,A-20219,2025/03/14,416896,gal,,R4,
M-1220,"1640 Main St, Wiley, CO 81092",Resident 1220,A-20220,2025/03/14,322266,gal,,R5,
M-1221,"1647 County Rd 10, Wiley, CO 81092",Resident 1221,A-20221,2025/03/14,280596,gal,,R6,
M-1222,"1654 County Rd 14, Wiley, CO 81092",Resident 1222,A-20222,2025/03/14,240624,gal,,R1,
M-1223,"1661 Highway 287, Wiley, CO 81092",Resident 1223,A-20223,2025/03/14,312089,gal,,R2,
M-1224,"1668 Maple Ave, Wiley, CO 81092",Resident 1224,A-20224,2025/03/14,417636,gal,,R3,
M-1225,"1675 Oak St, Wiley, CO 81092",Resident 1225,A-20225,2025/03/14,372884,gal,,R4,
M-1226,"1682 Elm St, Wiley, CO 81092",Resident 1226,A-20226,2025/03/14,152162,gal,,R5,
M-1227,"1689 3rd Ave, Wiley, CO 81092",Resident 1227,A-20227,2025/03/14,281750,gal,,R6,
M-1228,"1696 5th St, Wiley, CO 81092",Resident 1228,A-20228,2025/03/14,404491,gal,,R1,
M-1229,"1703 Ranch Rd, Wiley, CO 81092",Resident 1229,A-20229,2025/03/14,215738,gal,,R2,
M-1230,"1710 Irrigation Ln, Wiley, CO 81092",Resident 1230,A-20230,2025/03/14,244157,gal,,R3,
M-1231,"1717 North Frontage, Wiley, CO 81092",Resident 1231,A-20231,2025/03/14,132838,gal,,R4,
M-1232,"1724 South Loop, Wiley, CO 81092",Resident 1232,A-20232,2025/03/14,307596,gal,,R5,
M-1233,"1731 Pioneer Rd, Wiley, CO 81092",Resident 1233,A-20233,2025/03/14,110972,gal,,R6,
M-1234,"1738 Cottonwood Dr, Wiley, CO 81092",Resident 1234,A-20234,2025/03/14,357546,gal,,R1,
M-1235,"1745 Sand Creek Rd, Wiley, CO 81092",Resident 1235,A-20235,2025/03/14,374812,gal,,R2,
M-1236,"1752 Prairie View, Wiley, CO 81092",Resident 1236,A-20236,2025/03/14,211598,gal,,R3,
M-1237,"1759 School House Rd, Wiley, CO 81092",Resident 1237,A-20237,2025/03/14,299614,gal,,R4,
M-1238,"1766 Cemetery Rd, Wiley, CO 81092",Resident 1238,A-20238,2025/03/14,315492,gal,,R5,
M-1239,"1773 Grain Elevator Rd, Wiley, CO 81092",Resident 1239,A-20239,2025/03/14,129204,gal,,R6,
M-1240,"1780 Main St, Wiley, CO 81092",Resident 1240,A-20240,2025/03/14,447372,gal,,R1,
M-1241,"1787 County Rd 10, Wiley, CO 81092",Resident 1241,A-20241,2025/03/14,267103,gal,,R2,
M-1242,"1794 County Rd 14, Wiley, CO 81092",Resident 1242,A-20242,2025/03/14,400915,gal,,R3,
M-1243,"1801 Highway 287, Wiley, CO 81092",Resident 1243,A-20243,2025/03/14,246039,gal,,R4,
M-1244,"1808 Maple Ave, Wiley, CO 81092",Resident 1244,A-20244,2025/03/14,557960,gal,,R5,
M-1245,"1815 Oak St, Wiley, CO 81092",Resident 1245,A-20245,2025/03/14,135464,gal,,R6,
M-1246,"1822 Elm St, Wiley, CO 81092",Resident 1246,A-20246,2025/03/14,244128,gal,,R1,
M-1247,"1829 3rd Ave, Wiley, CO 81092",Resident 1247,A-20247,2025/03/14,334304,gal,,R2,
M-1248,"1836 5th St, Wiley, CO 81092",Resident 1248,A-20248,2025/03/14,265641,gal,,R3,
M-1249,"1843 Ranch Rd, Wiley, CO 81092",Resident 1249,A-20249,2025/03/14,449526,gal,,R4,
M-1250,"1850 Irrigation Ln, Wiley, CO 81092",Resident 1250,A-20250,2025/03/14,294804,gal,,R5,
M-1251,"1857 North Frontage, Wiley, CO 81092",Resident 1251,A-20251,2025/03/14,273222,gal,,R6,
M-1252,"1864 South Loop, Wiley, CO 81092",Resident 1252,A-20252,2025/03/14,291482,gal,,R1,
M-1253,"1871 Pioneer Rd, Wiley, CO 81092",Resident 1253,A-20253,2025/03/14,222381,gal,,R2,
M-1254,"1878 Cottonwood Dr, Wiley, CO 81092",Resident 1254,A-20254,2025/03/14,361743,gal,,R3,
M-1255,"1885 Sand Creek Rd, Wiley, CO 81092",Resident 1255,A-20255,2025/03/14,178609,gal,,R4,
M-1256,"1892 Prairie View, Wiley, CO 81092",Resident 1256,A-20256,2025/03/14,206703,gal,,R5,
M-1257,"1899 School House Rd, Wiley, CO 81092",Resident 1257,A-20257,2025/03/14,289291,gal,,R6,
M-1258,"1906 Cemetery Rd, Wiley, CO 81092",Resident 1258,A-20258,2025/03/14,429245,gal,,R1,
M-1259,"1913 Grain Elevator Rd, Wiley, CO 81092",Resident 1259,A-20259,2025/03/14,269638,gal,,R2,
M-1260,"1920 Main St, Wiley, CO 81092",Resident 1260,A-20260,2025/03/14,160059,gal,,R3,
M-1261,"1927 County Rd 10, Wiley, CO 81092",Resident 1261,A-20261,2025/03/14,408088,gal,,R4,
M-1262,"1934 County Rd 14, Wiley, CO 81092",Resident 1262,A-20262,2025/03/14,368970,gal,,R5,
M-1263,"1941 Highway 287, Wiley, CO 81092",Resident 1263,A-20263,2025/03/14,254286,gal,,R6,
M-1264,"1948 Maple Ave, Wiley, CO 81092",Resident 1264,A-20264,2025/03/14,293266,gal,,R1,
M-1265,"1955 Oak St, Wiley, CO 81092",Resident 1265,A-20265,2025/03/14,369153,gal,,R2,
M-1266,"1962 Elm St, Wiley, CO 81092",Resident 1266,A-20266,2025/03/14,106073,gal,,R3,
M-1267,"1969 3rd Ave, Wiley, CO 81092",Resident 1267,A-20267,2025/03/14,254532,gal,,R4,
M-1268,"1976 5th St, Wiley, CO 81092",Resident 1268,A-20268,2025/03/14,230267,gal,,R5,
M-1269,"1983 Ranch Rd, Wiley, CO 81092",Resident 1269,A-20269,2025/03/14,213001,gal,,R6,
M-1270,"1990 Irrigation Ln, Wiley, CO 81092",Resident 1270,A-20270,2025/03/14,300372,gal,,R1,
M-1271,"1997 North Frontage, Wiley, CO 81092",Resident 1271,A-20271,2025/03/14,413444,gal,,R2,
M-1272,"2004 South Loop, Wiley, CO 81092",Resident 1272,A-20272,2025/03/14,419065,gal,,R3,
M-1273,"2011 Pioneer Rd, Wiley, CO 81092",Resident 1273,A-20273,2025/03/14,445267,gal,,R4,
M-1274,"2018 Cottonwood Dr, Wiley, CO 81092",Resident 1274,A-20274,2025/03/14,264161,gal,,R5,
M-1275,"2025 Sand Creek Rd, Wiley, CO 81092",Resident 1275,A-20275,2025/03/14,327046,gal,,R6,
M-1276,"2032 Prairie View, Wiley, CO 81092",Resident 1276,A-20276,2025/03/14,328151,gal,,R1,
M-1277,"2039 School House Rd, Wiley, CO 81092",Resident 1277,A-20277,2025/03/14,324428,gal,,R2,
M-1278,"2046 Cemetery Rd, Wiley, CO 81092",Resident 1278,A-20278,2025/03/14,189578,gal,,R3,
M-1279,"2053 Grain Elevator Rd, Wiley, CO 81092",Resident 1279,A-20279,2025/03/14,340644,gal,,R4,
M-1280,"2060 Main St, Wiley, CO 81092",Resident 1280,A-20280,2025/03/14,320924,gal,,R5,
M-1281,"2067 County Rd 10, Wiley, CO 81092",Resident 1281,A-20281,2025/03/14,199100,gal,,R6,
M-1282,"2074 County Rd 14, Wiley, CO 81092",Resident 1282,A-20282,2025/03/14,438711,gal,,R1,
M-1283,"2081 Highway 287, Wiley, CO 81092",Resident 1283,A-20283,2025/03/14,133335,gal,,R2,
M-1284,"2088 Maple Ave, Wiley, CO 81092",Resident 1284,A-20284,2025/03/14,241997,gal,,R3,
M-1285,"2095 Oak St, Wiley, CO 81092",Resident 1285,A-20285,2025/03/14,363100,gal,,R4,
M-1286,"2102 Elm St, Wiley, CO 81092",Resident 1286,A-20286,2025/03/14,443498,gal,,R5,
M-1287,"2109 3rd Ave, Wiley, CO 81092",Resident 1287,A-20287,2025/03/14,442189,gal,,R6,
M-1288,"2116 5th St, Wiley, CO 81092",Resident 1288,A-20288,2025/03/14,394658,gal,,R1,
M-1289,"2123 Ranch Rd, Wiley, CO 81092",Resident 1289,A-20289,2025/03/14,284407,gal,,R2,
M-1290,"2130 Irrigation Ln, Wiley, CO 81092",Resident 1290,A-20290,2025/03/14,154389,gal,,R3,
M-1291,"2137 North Frontage, Wiley, CO 81092",Resident 1291,A-20291,2025/03/14,229444,gal,,R4,
M-1292,"2144 South Loop, Wiley, CO 81092",Resident 1292,A-20292,2025/03/14,234065,gal,,R5,
M-1293,"2151 Pioneer Rd, Wiley, CO 81092",Resident 1293,A-20293,2025/03/14,187607,gal,,R6,
M-1294,"2158 Cottonwood Dr, Wiley, CO 81092",Resident 1294,A-20294,2025/03/14,195517,gal,,R1,
M-1295,"2165 Sand Creek Rd, Wiley, CO 81092",Resident 1295,A-20295,2025/03/14,191953,gal,,R2,
M-1296,"2172 Prairie View, Wiley, CO 81092",Resident 1296,A-20296,2025/03/14,99520,gal,,R3,
M-1297,"2179 School House Rd, Wiley, CO 81092",Resident 1297,A-20297,2025/03/14,97626,gal,,R4,
M-1298,"2186 Cemetery Rd, Wiley, CO 81092",Resident 1298,A-20298,2025/03/14,207547,gal,,R5,
M-1299,"2193 Grain Elevator Rd, Wiley, CO 81092",Resident 1299,A-20299,2025/03/14,325764,gal,,R6,
M-1300,"2200 Main St, Wiley, CO 81092",Resident 1300,A-20300,2025/03/14,399027,gal,,R1,
M-1001,"107 County Rd 10, Wiley, CO 81092",Resident 1001,A-20001,2025/04/15,393023,gal,,R2,
M-1002,"114 County Rd 14, Wiley, CO 81092",Resident 1002,A-20002,2025/04/15,311649,gal,,R3,
M-1003,"121 Highway 287, Wiley, CO 81092",Resident 1003,A-20003,2025/04/15,143566,gal,,R4,
M-1004,"128 Maple Ave, Wiley, CO 81092",Resident 1004,A-20004,2025/04/15,342619,gal,,R5,
M-1005,"135 Oak St, Wiley, CO 81092",Resident 1005,A-20005,2025/04/15,183809,gal,,R6,
M-1006,"142 Elm St, Wiley, CO 81092",Resident 1006,A-20006,2025/04/15,231324,gal,,R1,
M-1007,"149 3rd Ave, Wiley, CO 81092",Resident 1007,A-20007,2025/04/15,325826,gal,,R2,
M-1008,"156 5th St, Wiley, CO 81092",Resident 1008,A-20008,2025/04/15,208326,gal,,R3,
M-1009,"163 Ranch Rd, Wiley, CO 81092",Resident 1009,A-20009,2025/04/15,159572,gal,,R4,
M-1010,"170 Irrigation Ln, Wiley, CO 81092",Resident 1010,A-20010,2025/04/15,307685,gal,,R5,
M-1011,"177 North Frontage, Wiley, CO 81092",Resident 1011,A-20011,2025/04/15,401653,gal,,R6,
M-1012,"184 South Loop, Wiley, CO 81092",Resident 1012,A-20012,2025/04/15,175051,gal,,R1,
M-1013,"191 Pioneer Rd, Wiley, CO 81092",Resident 1013,A-20013,2025/04/15,130819,gal,,R2,
M-1014,"198 Cottonwood Dr, Wiley, CO 81092",Resident 1014,A-20014,2025/04/15,416500,gal,,R3,
M-1015,"205 Sand Creek Rd, Wiley, CO 81092",Resident 1015,A-20015,2025/04/15,393013,gal,,R4,
M-1016,"212 Prairie View, Wiley, CO 81092",Resident 1016,A-20016,2025/04/15,105819,gal,,R5,
M-1017,"219 School House Rd, Wiley, CO 81092",Resident 1017,A-20017,2025/04/15,119262,gal,,R6,
M-1018,"226 Cemetery Rd, Wiley, CO 81092",Resident 1018,A-20018,2025/04/15,194804,gal,,R1,
M-1019,"233 Grain Elevator Rd, Wiley, CO 81092",Resident 1019,A-20019,2025/04/15,161066,gal,,R2,
M-1020,"240 Main St, Wiley, CO 81092",Resident 1020,A-20020,2025/04/15,295160,gal,,R3,
M-1021,"247 County Rd 10, Wiley, CO 81092",Resident 1021,A-20021,2025/04/15,339739,gal,,R4,
M-1022,"254 County Rd 14, Wiley, CO 81092",Resident 1022,A-20022,2025/04/15,355405,gal,,R5,
M-1023,"261 Highway 287, Wiley, CO 81092",Resident 1023,A-20023,2025/04/15,222682,gal,,R6,
M-1024,"268 Maple Ave, Wiley, CO 81092",Resident 1024,A-20024,2025/04/15,282313,gal,,R1,
M-1025,"275 Oak St, Wiley, CO 81092",Resident 1025,A-20025,2025/04/15,139799,gal,,R2,
M-1026,"282 Elm St, Wiley, CO 81092",Resident 1026,A-20026,2025/04/15,168929,gal,,R3,
M-1027,"289 3rd Ave, Wiley, CO 81092",Resident 1027,A-20027,2025/04/15,319049,gal,,R4,
M-1028,"296 5th St, Wiley, CO 81092",Resident 1028,A-20028,2025/04/15,115064,gal,,R5,
M-1029,"303 Ranch Rd, Wiley, CO 81092",Resident 1029,A-20029,2025/04/15,323388,gal,,R6,
M-1030,"310 Irrigation Ln, Wiley, CO 81092",Resident 1030,A-20030,2025/04/15,246316,gal,,R1,
M-1031,"317 North Frontage, Wiley, CO 81092",Resident 1031,A-20031,2025/04/15,338109,gal,,R2,
M-1032,"324 South Loop, Wiley, CO 81092",Resident 1032,A-20032,2025/04/15,232283,gal,,R3,
M-1033,"331 Pioneer Rd, Wiley, CO 81092",Resident 1033,A-20033,2025/04/15,490335,gal,,R4,
M-1034,"338 Cottonwood Dr, Wiley, CO 81092",Resident 1034,A-20034,2025/04/15,403635,gal,,R5,
M-1035,"345 Sand Creek Rd, Wiley, CO 81092",Resident 1035,A-20035,2025/04/15,435144,gal,,R6,
M-1036,"352 Prairie View, Wiley, CO 81092",Resident 1036,A-20036,2025/04/15,323756,gal,,R1,
M-1037,"359 School House Rd, Wiley, CO 81092",Resident 1037,A-20037,2025/04/15,203713,gal,,R2,
M-1038,"366 Cemetery Rd, Wiley, CO 81092",Resident 1038,A-20038,2025/04/15,179174,gal,,R3,
M-1039,"373 Grain Elevator Rd, Wiley, CO 81092",Resident 1039,A-20039,2025/04/15,272711,gal,,R4,
M-1040,"380 Main St, Wiley, CO 81092",Resident 1040,A-20040,2025/04/15,210236,gal,,R5,
M-1041,"387 County Rd 10, Wiley, CO 81092",Resident 1041,A-20041,2025/04/15,123443,gal,,R6,
M-1042,"394 County Rd 14, Wiley, CO 81092",Resident 1042,A-20042,2025/04/15,391081,gal,,R1,
M-1043,"401 Highway 287, Wiley, CO 81092",Resident 1043,A-20043,2025/04/15,363621,gal,,R2,
M-1044,"408 Maple Ave, Wiley, CO 81092",Resident 1044,A-20044,2025/04/15,114502,gal,,R3,
M-1045,"415 Oak St, Wiley, CO 81092",Resident 1045,A-20045,2025/04/15,285541,gal,,R4,
M-1046,"422 Elm St, Wiley, CO 81092",Resident 1046,A-20046,2025/04/15,119373,gal,,R5,
M-1047,"429 3rd Ave, Wiley, CO 81092",Resident 1047,A-20047,2025/04/15,101762,gal,,R6,
M-1048,"436 5th St, Wiley, CO 81092",Resident 1048,A-20048,2025/04/15,380601,gal,,R1,
M-1049,"443 Ranch Rd, Wiley, CO 81092",Resident 1049,A-20049,2025/04/15,344813,gal,,R2,
M-1050,"450 Irrigation Ln, Wiley, CO 81092",Resident 1050,A-20050,2025/04/15,340259,gal,,R3,
M-1051,"457 North Frontage, Wiley, CO 81092",Resident 1051,A-20051,2025/04/15,371146,gal,,R4,
M-1052,"464 South Loop, Wiley, CO 81092",Resident 1052,A-20052,2025/04/15,176660,gal,,R5,
M-1053,"471 Pioneer Rd, Wiley, CO 81092",Resident 1053,A-20053,2025/04/15,140736,gal,,R6,
M-1054,"478 Cottonwood Dr, Wiley, CO 81092",Resident 1054,A-20054,2025/04/15,355200,gal,,R1,
M-1056,"492 Prairie View, Wiley, CO 81092",Resident 1056,A-20056,2025/04/15,213972,gal,,R3,
M-1057,"499 School House Rd, Wiley, CO 81092",Resident 1057,A-20057,2025/04/15,136876,gal,,R4,
M-1058,"506 Cemetery Rd, Wiley, CO 81092",Resident 1058,A-20058,2025/04/15,418771,gal,,R5,
M-1059,"513 Grain Elevator Rd, Wiley, CO 81092",Resident 1059,A-20059,2025/04/15,113984,gal,,R6,
M-1060,"520 Main St, Wiley, CO 81092",Resident 1060,A-20060,2025/04/15,220220,gal,,R1,
M-1061,"527 County Rd 10, Wiley, CO 81092",Resident 1061,A-20061,2025/04/15,286263,gal,,R2,
M-1062,"534 County Rd 14, Wiley, CO 81092",Resident 1062,A-20062,2025/04/15,168333,gal,,R3,
M-1063,"541 Highway 287, Wiley, CO 81092",Resident 1063,A-20063,2025/04/15,387131,gal,,R4,
M-1064,"548 Maple Ave, Wiley, CO 81092",Resident 1064,A-20064,2025/04/15,239394,gal,,R5,
M-1065,"555 Oak St, Wiley, CO 81092",Resident 1065,A-20065,2025/04/15,415750,gal,,R6,
M-1066,"562 Elm St, Wiley, CO 81092",Resident 1066,A-20066,2025/04/15,406059,gal,,R1,
M-1067,"569 3rd Ave, Wiley, CO 81092",Resident 1067,A-20067,2025/04/15,130261,gal,,R2,
M-1068,"576 5th St, Wiley, CO 81092",Resident 1068,A-20068,2025/04/15,407153,gal,,R3,
M-1069,"583 Ranch Rd, Wiley, CO 81092",Resident 1069,A-20069,2025/04/15,162065,gal,,R4,
M-1070,"590 Irrigation Ln, Wiley, CO 81092",Resident 1070,A-20070,2025/04/15,293415,gal,,R5,
M-1071,"597 North Frontage, Wiley, CO 81092",Resident 1071,A-20071,2025/04/15,416572,gal,,R6,
M-1072,"604 South Loop, Wiley, CO 81092",Resident 1072,A-20072,2025/04/15,421230,gal,,R1,
M-1073,"611 Pioneer Rd, Wiley, CO 81092",Resident 1073,A-20073,2025/04/15,382788,gal,,R2,
M-1074,"618 Cottonwood Dr, Wiley, CO 81092",Resident 1074,A-20074,2025/04/15,362372,gal,,R3,
M-1075,"625 Sand Creek Rd, Wiley, CO 81092",Resident 1075,A-20075,2025/04/15,239591,gal,,R4,
M-1076,"632 Prairie View, Wiley, CO 81092",Resident 1076,A-20076,2025/04/15,220955,gal,,R5,
M-1077,"639 School House Rd, Wiley, CO 81092",Resident 1077,A-20077,2025/04/15,182215,gal,,R6,
M-1078,"646 Cemetery Rd, Wiley, CO 81092",Resident 1078,A-20078,2025/04/15,261784,gal,,R1,
M-1079,"653 Grain Elevator Rd, Wiley, CO 81092",Resident 1079,A-20079,2025/04/15,213593,gal,,R2,
M-1080,"660 Main St, Wiley, CO 81092",Resident 1080,A-20080,2025/04/15,238649,gal,,R3,
M-1081,"667 County Rd 10, Wiley, CO 81092",Resident 1081,A-20081,2025/04/15,321096,gal,,R4,
M-1082,"674 County Rd 14, Wiley, CO 81092",Resident 1082,A-20082,2025/04/15,161770,gal,,R5,
M-1083,"681 Highway 287, Wiley, CO 81092",Resident 1083,A-20083,2025/04/15,418169,gal,,R6,
M-1084,"688 Maple Ave, Wiley, CO 81092",Resident 1084,A-20084,2025/04/15,250358,gal,,R1,
M-1085,"695 Oak St, Wiley, CO 81092",Resident 1085,A-20085,2025/04/15,331921,gal,,R2,
M-1086,"702 Elm St, Wiley, CO 81092",Resident 1086,A-20086,2025/04/15,250366,gal,,R3,
M-1087,"709 3rd Ave, Wiley, CO 81092",Resident 1087,A-20087,2025/04/15,151835,gal,,R4,
M-1088,"716 5th St, Wiley, CO 81092",Resident 1088,A-20088,2025/04/15,91523,gal,,R5,
M-1089,"723 Ranch Rd, Wiley, CO 81092",Resident 1089,A-20089,2025/04/15,459277,gal,,R6,
M-1090,"730 Irrigation Ln, Wiley, CO 81092",Resident 1090,A-20090,2025/04/15,438630,gal,,R1,
M-1091,"737 North Frontage, Wiley, CO 81092",Resident 1091,A-20091,2025/04/15,406725,gal,,R2,
M-1092,"744 South Loop, Wiley, CO 81092",Resident 1092,A-20092,2025/04/15,133714,gal,,R3,
M-1093,"751 Pioneer Rd, Wiley, CO 81092",Resident 1093,A-20093,2025/04/15,143303,gal,,R4,
M-1094,"758 Cottonwood Dr, Wiley, CO 81092",Resident 1094,A-20094,2025/04/15,401855,gal,,R5,
M-1095,"765 Sand Creek Rd, Wiley, CO 81092",Resident 1095,A-20095,2025/04/15,198650,gal,,R6,
M-1096,"772 Prairie View, Wiley, CO 81092",Resident 1096,A-20096,2025/04/15,345639,gal,,R1,
M-1097,"779 School House Rd, Wiley, CO 81092",Resident 1097,A-20097,2025/04/15,239789,gal,,R2,
M-1098,"786 Cemetery Rd, Wiley, CO 81092",Resident 1098,A-20098,2025/04/15,165217,gal,,R3,
M-1099,"793 Grain Elevator Rd, Wiley, CO 81092",Resident 1099,A-20099,2025/04/15,271837,gal,,R4,
M-1100,"800 Main St, Wiley, CO 81092",Resident 1100,A-20100,2025/04/15,146959,gal,,R5,
M-1101,"807 County Rd 10, Wiley, CO 81092",Resident 1101,A-20101,2025/04/15,243340,gal,,R6,
M-1102,"814 County Rd 14, Wiley, CO 81092",Resident 1102,A-20102,2025/04/15,303322,gal,,R1,
M-1103,"821 Highway 287, Wiley, CO 81092",Resident 1103,A-20103,2025/04/15,235901,gal,,R2,
M-1104,"828 Maple Ave, Wiley, CO 81092",Resident 1104,A-20104,2025/04/15,197967,gal,,R3,
M-1105,"835 Oak St, Wiley, CO 81092",Resident 1105,A-20105,2025/04/15,321533,gal,,R4,
M-1106,"842 Elm St, Wiley, CO 81092",Resident 1106,A-20106,2025/04/15,408998,gal,,R5,
M-1107,"849 3rd Ave, Wiley, CO 81092",Resident 1107,A-20107,2025/04/15,232583,gal,,R6,
M-1108,"856 5th St, Wiley, CO 81092",Resident 1108,A-20108,2025/04/15,405363,gal,,R1,
M-1109,"863 Ranch Rd, Wiley, CO 81092",Resident 1109,A-20109,2025/04/15,414924,gal,,R2,
M-1110,"870 Irrigation Ln, Wiley, CO 81092",Resident 1110,A-20110,2025/04/15,369671,gal,,R3,
M-1111,"877 North Frontage, Wiley, CO 81092",Resident 1111,A-20111,2025/04/15,100001,gal,,R4,
M-1112,"884 South Loop, Wiley, CO 81092",Resident 1112,A-20112,2025/04/15,376195,gal,,R5,
M-1113,"891 Pioneer Rd, Wiley, CO 81092",Resident 1113,A-20113,2025/04/15,230806,gal,,R6,
M-1114,"898 Cottonwood Dr, Wiley, CO 81092",Resident 1114,A-20114,2025/04/15,431131,gal,,R1,
M-1115,"905 Sand Creek Rd, Wiley, CO 81092",Resident 1115,A-20115,2025/04/15,162894,gal,,R2,
M-1116,"912 Prairie View, Wiley, CO 81092",Resident 1116,A-20116,2025/04/15,186529,gal,,R3,
M-1117,"919 School House Rd, Wiley, CO 81092",Resident 1117,A-20117,2025/04/15,231985,gal,,R4,
M-1118,"926 Cemetery Rd, Wiley, CO 81092",Resident 1118,A-20118,2025/04/15,144923,gal,,R5,
M-1119,"933 Grain Elevator Rd, Wiley, CO 81092",Resident 1119,A-20119,2025/04/15,171615,gal,,R6,
M-1120,"940 Main St, Wiley, CO 81092",Resident 1120,A-20120,2025/04/15,390300,gal,,R1,
M-1121,"947 County Rd 10, Wiley, CO 81092",Resident 1121,A-20121,2025/04/15,177850,gal,,R2,
M-1122,"954 County Rd 14, Wiley, CO 81092",Resident 1122,A-20122,2025/04/15,256390,gal,,R3,
M-1123,"961 Highway 287, Wiley, CO 81092",Resident 1123,A-20123,2025/04/15,247425,gal,,R4,
M-1124,"968 Maple Ave, Wiley, CO 81092",Resident 1124,A-20124,2025/04/15,396838,gal,,R5,
M-1125,"975 Oak St, Wiley, CO 81092",Resident 1125,A-20125,2025/04/15,196335,gal,,R6,
M-1126,"982 Elm St, Wiley, CO 81092",Resident 1126,A-20126,2025/04/15,257643,gal,,R1,
M-1127,"989 3rd Ave, Wiley, CO 81092",Resident 1127,A-20127,2025/04/15,193205,gal,,R2,
M-1128,"996 5th St, Wiley, CO 81092",Resident 1128,A-20128,2025/04/15,456609,gal,,R3,
M-1129,"1003 Ranch Rd, Wiley, CO 81092",Resident 1129,A-20129,2025/04/15,245929,gal,,R4,
M-1130,"1010 Irrigation Ln, Wiley, CO 81092",Resident 1130,A-20130,2025/04/15,372898,gal,,R5,
M-1131,"1017 North Frontage, Wiley, CO 81092",Resident 1131,A-20131,2025/04/15,342211,gal,,R6,
M-1132,"1024 South Loop, Wiley, CO 81092",Resident 1132,A-20132,2025/04/15,251376,gal,,R1,
M-1133,"1031 Pioneer Rd, Wiley, CO 81092",Resident 1133,A-20133,2025/04/15,135475,gal,,R2,
M-1134,"1038 Cottonwood Dr, Wiley, CO 81092",Resident 1134,A-20134,2025/04/15,145563,gal,,R3,
M-1135,"1045 Sand Creek Rd, Wiley, CO 81092",Resident 1135,A-20135,2025/04/15,440675,gal,,R4,
M-1136,"1052 Prairie View, Wiley, CO 81092",Resident 1136,A-20136,2025/04/15,319190,gal,,R5,
M-1137,"1059 School House Rd, Wiley, CO 81092",Resident 1137,A-20137,2025/04/15,241042,gal,,R6,
M-1138,"1066 Cemetery Rd, Wiley, CO 81092",Resident 1138,A-20138,2025/04/15,109589,gal,,R1,
M-1139,"1073 Grain Elevator Rd, Wiley, CO 81092",Resident 1139,A-20139,2025/04/15,79244,gal,,R2,
M-1140,"1080 Main St, Wiley, CO 81092",Resident 1140,A-20140,2025/04/15,278986,gal,,R3,
M-1141,"1087 County Rd 10, Wiley, CO 81092",Resident 1141,A-20141,2025/04/15,172370,gal,,R4,
M-1142,"1094 County Rd 14, Wiley, CO 81092",Resident 1142,A-20142,2025/04/15,408749,gal,,R5,
M-1143,"1101 Highway 287, Wiley, CO 81092",Resident 1143,A-20143,2025/04/15,261006,gal,,R6,
M-1144,"1108 Maple Ave, Wiley, CO 81092",Resident 1144,A-20144,2025/04/15,156226,gal,,R1,
M-1145,"1115 Oak St, Wiley, CO 81092",Resident 1145,A-20145,2025/04/15,309127,gal,,R2,
M-1146,"1122 Elm St, Wiley, CO 81092",Resident 1146,A-20146,2025/04/15,368921,gal,,R3,
M-1147,"1129 3rd Ave, Wiley, CO 81092",Resident 1147,A-20147,2025/04/15,338154,gal,,R4,
M-1148,"1136 5th St, Wiley, CO 81092",Resident 1148,A-20148,2025/04/15,373217,gal,,R5,
M-1149,"1143 Ranch Rd, Wiley, CO 81092",Resident 1149,A-20149,2025/04/15,118942,gal,,R6,
M-1150,"1150 Irrigation Ln, Wiley, CO 81092",Resident 1150,A-20150,2025/04/15,158877,gal,,R1,
M-1151,"1157 North Frontage, Wiley, CO 81092",Resident 1151,A-20151,2025/04/15,146812,gal,,R2,
M-1152,"1164 South Loop, Wiley, CO 81092",Resident 1152,A-20152,2025/04/15,152040,gal,,R3,
M-1153,"1171 Pioneer Rd, Wiley, CO 81092",Resident 1153,A-20153,2025/04/15,381870,gal,,R4,
M-1154,"1178 Cottonwood Dr, Wiley, CO 81092",Resident 1154,A-20154,2025/04/15,115642,gal,,R5,
M-1155,"1185 Sand Creek Rd, Wiley, CO 81092",Resident 1155,A-20155,2025/04/15,302884,gal,,R6,
M-1156,"1192 Prairie View, Wiley, CO 81092",Resident 1156,A-20156,2025/04/15,572578,gal,,R1,
M-1157,"1199 School House Rd, Wiley, CO 81092",Resident 1157,A-20157,2025/04/15,396182,gal,,R2,
M-1158,"1206 Cemetery Rd, Wiley, CO 81092",Resident 1158,A-20158,2025/04/15,164842,gal,,R3,
M-1159,"1213 Grain Elevator Rd, Wiley, CO 81092",Resident 1159,A-20159,2025/04/15,330964,gal,,R4,
M-1160,"1220 Main St, Wiley, CO 81092",Resident 1160,A-20160,2025/04/15,135921,gal,,R5,
M-1161,"1227 County Rd 10, Wiley, CO 81092",Resident 1161,A-20161,2025/04/15,138711,gal,,R6,
M-1162,"1234 County Rd 14, Wiley, CO 81092",Resident 1162,A-20162,2025/04/15,281983,gal,,R1,
M-1163,"1241 Highway 287, Wiley, CO 81092",Resident 1163,A-20163,2025/04/15,268745,gal,,R2,
M-1164,"1248 Maple Ave, Wiley, CO 81092",Resident 1164,A-20164,2025/04/15,136089,gal,,R3,
M-1165,"1255 Oak St, Wiley, CO 81092",Resident 1165,A-20165,2025/04/15,292179,gal,,R4,
M-1166,"1262 Elm St, Wiley, CO 81092",Resident 1166,A-20166,2025/04/15,233693,gal,,R5,
M-1167,"1269 3rd Ave, Wiley, CO 81092",Resident 1167,A-20167,2025/04/15,218032,gal,,R6,
M-1168,"1276 5th St, Wiley, CO 81092",Resident 1168,A-20168,2025/04/15,470804,gal,,R1,
M-1169,"1283 Ranch Rd, Wiley, CO 81092",Resident 1169,A-20169,2025/04/15,168110,gal,,R2,
M-1171,"1297 North Frontage, Wiley, CO 81092",Resident 1171,A-20171,2025/04/15,369664,gal,,R4,
M-1172,"1304 South Loop, Wiley, CO 81092",Resident 1172,A-20172,2025/04/15,299616,gal,,R5,
M-1173,"1311 Pioneer Rd, Wiley, CO 81092",Resident 1173,A-20173,2025/04/15,425214,gal,,R6,
M-1174,"1318 Cottonwood Dr, Wiley, CO 81092",Resident 1174,A-20174,2025/04/15,160218,gal,,R1,
M-1175,"1325 Sand Creek Rd, Wiley, CO 81092",Resident 1175,A-20175,2025/04/15,222708,gal,,R2,
M-1176,"1332 Prairie View, Wiley, CO 81092",Resident 1176,A-20176,2025/04/15,154138,gal,,R3,
M-1177,"1339 School House Rd, Wiley, CO 81092",Resident 1177,A-20177,2025/04/15,211269,gal,,R4,
M-1178,"1346 Cemetery Rd, Wiley, CO 81092",Resident 1178,A-20178,2025/04/15,338316,gal,,R5,
M-1179,"1353 Grain Elevator Rd, Wiley, CO 81092",Resident 1179,A-20179,2025/04/15,100470,gal,,R6,
M-1180,"1360 Main St, Wiley, CO 81092",Resident 1180,A-20180,2025/04/15,197595,gal,,R1,
M-1181,"1367 County Rd 10, Wiley, CO 81092",Resident 1181,A-20181,2025/04/15,294743,gal,,R2,
M-1182,"1374 County Rd 14, Wiley, CO 81092",Resident 1182,A-20182,2025/04/15,297902,gal,,R3,
M-1183,"1381 Highway 287, Wiley, CO 81092",Resident 1183,A-20183,2025/04/15,234113,gal,,R4,
M-1184,"1388 Maple Ave, Wiley, CO 81092",Resident 1184,A-20184,2025/04/15,216501,gal,,R5,
M-1185,"1395 Oak St, Wiley, CO 81092",Resident 1185,A-20185,2025/04/15,195968,gal,,R6,
M-1186,"1402 Elm St, Wiley, CO 81092",Resident 1186,A-20186,2025/04/15,146401,gal,,R1,
M-1187,"1409 3rd Ave, Wiley, CO 81092",Resident 1187,A-20187,2025/04/15,314666,gal,,R2,
M-1188,"1416 5th St, Wiley, CO 81092",Resident 1188,A-20188,2025/04/15,121863,gal,,R3,
M-1189,"1423 Ranch Rd, Wiley, CO 81092",Resident 1189,A-20189,2025/04/15,357213,gal,,R4,
M-1190,"1430 Irrigation Ln, Wiley, CO 81092",Resident 1190,A-20190,2025/04/15,199725,gal,,R5,
M-1191,"1437 North Frontage, Wiley, CO 81092",Resident 1191,A-20191,2025/04/15,181900,gal,,R6,
M-1192,"1444 South Loop, Wiley, CO 81092",Resident 1192,A-20192,2025/04/15,336211,gal,,R1,
M-1193,"1451 Pioneer Rd, Wiley, CO 81092",Resident 1193,A-20193,2025/04/15,304497,gal,,R2,
M-1194,"1458 Cottonwood Dr, Wiley, CO 81092",Resident 1194,A-20194,2025/04/15,240706,gal,,R3,
M-1195,"1465 Sand Creek Rd, Wiley, CO 81092",Resident 1195,A-20195,2025/04/15,225724,gal,,R4,
M-1196,"1472 Prairie View, Wiley, CO 81092",Resident 1196,A-20196,2025/04/15,223127,gal,,R5,
M-1197,"1479 School House Rd, Wiley, CO 81092",Resident 1197,A-20197,2025/04/15,81392,gal,,R6,
M-1198,"1486 Cemetery Rd, Wiley, CO 81092",Resident 1198,A-20198,2025/04/15,458728,gal,,R1,
M-1199,"1493 Grain Elevator Rd, Wiley, CO 81092",Resident 1199,A-20199,2025/04/15,194430,gal,,R2,
M-1200,"1500 Main St, Wiley, CO 81092",Resident 1200,A-20200,2025/04/15,310487,gal,,R3,
M-1201,"1507 County Rd 10, Wiley, CO 81092",Resident 1201,A-20201,2025/04/15,242664,gal,,R4,
M-1202,"1514 County Rd 14, Wiley, CO 81092",Resident 1202,A-20202,2025/04/15,222374,gal,,R5,
M-1203,"1521 Highway 287, Wiley, CO 81092",Resident 1203,A-20203,2025/04/15,129112,gal,,R6,
M-1204,"1528 Maple Ave, Wiley, CO 81092",Resident 1204,A-20204,2025/04/15,234681,gal,,R1,
M-1205,"1535 Oak St, Wiley, CO 81092",Resident 1205,A-20205,2025/04/15,269519,gal,,R2,
M-1206,"1542 Elm St, Wiley, CO 81092",Resident 1206,A-20206,2025/04/15,408731,gal,,R3,
M-1207,"1549 3rd Ave, Wiley, CO 81092",Resident 1207,A-20207,2025/04/15,353796,gal,,R4,
M-1208,"1556 5th St, Wiley, CO 81092",Resident 1208,A-20208,2025/04/15,316754,gal,,R5,
M-1209,"1563 Ranch Rd, Wiley, CO 81092",Resident 1209,A-20209,2025/04/15,354493,gal,,R6,
M-1210,"1570 Irrigation Ln, Wiley, CO 81092",Resident 1210,A-20210,2025/04/15,248006,gal,,R1,
M-1211,"1577 North Frontage, Wiley, CO 81092",Resident 1211,A-20211,2025/04/15,136534,gal,,R2,
M-1212,"1584 South Loop, Wiley, CO 81092",Resident 1212,A-20212,2025/04/15,165500,gal,,R3,
M-1213,"1591 Pioneer Rd, Wiley, CO 81092",Resident 1213,A-20213,2025/04/15,211067,gal,,R4,
M-1214,"1598 Cottonwood Dr, Wiley, CO 81092",Resident 1214,A-20214,2025/04/15,216474,gal,,R5,
M-1215,"1605 Sand Creek Rd, Wiley, CO 81092",Resident 1215,A-20215,2025/04/15,409636,gal,,R6,
M-1216,"1612 Prairie View, Wiley, CO 81092",Resident 1216,A-20216,2025/04/15,258012,gal,,R1,
M-1217,"1619 School House Rd, Wiley, CO 81092",Resident 1217,A-20217,2025/04/15,97661,gal,,R2,
M-1218,"1626 Cemetery Rd, Wiley, CO 81092",Resident 1218,A-20218,2025/04/15,133625,gal,,R3,
M-1219,"1633 Grain Elevator Rd, Wiley, CO 81092",Resident 1219,A-20219,2025/04/15,424663,gal,,R4,
M-1220,"1640 Main St, Wiley, CO 81092",Resident 1220,A-20220,2025/04/15,328980,gal,,R5,
M-1221,"1647 County Rd 10, Wiley, CO 81092",Resident 1221,A-20221,2025/04/15,286602,gal,,R6,
M-1222,"1654 County Rd 14, Wiley, CO 81092",Resident 1222,A-20222,2025/04/15,244027,gal,,R1,
M-1223,"1661 Highway 287, Wiley, CO 81092",Resident 1223,A-20223,2025/04/15,316365,gal,,R2,
M-1224,"1668 Maple Ave, Wiley, CO 81092",Resident 1224,A-20224,2025/04/15,423756,gal,,R3,
M-1225,"1675 Oak St, Wiley, CO 81092",Resident 1225,A-20225,2025/04/15,380401,gal,,R4,
M-1226,"1682 Elm St, Wiley, CO 81092",Resident 1226,A-20226,2025/04/15,157998,gal,,R5,
M-1227,"1689 3rd Ave, Wiley, CO 81092",Resident 1227,A-20227,2025/04/15,285330,gal,,R6,
M-1228,"1696 5th St, Wiley, CO 81092",Resident 1228,A-20228,2025/04/15,410166,gal,,R1,
M-1229,"1703 Ranch Rd, Wiley, CO 81092",Resident 1229,A-20229,2025/04/15,223296,gal,,R2,
M-1230,"1710 Irrigation Ln, Wiley, CO 81092",Resident 1230,A-20230,2025/04/15,251825,gal,,R3,
M-1231,"1717 North Frontage, Wiley, CO 81092",Resident 1231,A-20231,2025/04/15,139704,gal,,R4,
M-1232,"1724 South Loop, Wiley, CO 81092",Resident 1232,A-20232,2025/04/15,311839,gal,,R5,
M-1233,"1731 Pioneer Rd, Wiley, CO 81092",Resident 1233,A-20233,2025/04/15,118549,gal,,R6,
M-1234,"1738 Cottonwood Dr, Wiley, CO 81092",Resident 1234,A-20234,2025/04/15,362152,gal,,R1,
M-1235,"1745 Sand Creek Rd, Wiley, CO 81092",Resident 1235,A-20235,2025/04/15,380262,gal,,R2,
M-1236,"1752 Prairie View, Wiley, CO 81092",Resident 1236,A-20236,2025/04/15,219672,gal,,R3,
M-1237,"1759 School House Rd, Wiley, CO 81092",Resident 1237,A-20237,2025/04/15,306214,gal,,R4,
M-1238,"1766 Cemetery Rd, Wiley, CO 81092",Resident 1238,A-20238,2025/04/15,320820,gal,,R5,
M-1239,"1773 Grain Elevator Rd, Wiley, CO 81092",Resident 1239,A-20239,2025/04/15,134444,gal,,R6,
M-1240,"1780 Main St, Wiley, CO 81092",Resident 1240,A-20240,2025/04/15,454555,gal,,R1,
M-1241,"1787 County Rd 10, Wiley, CO 81092",Resident 1241,A-20241,2025/04/15,272769,gal,,R2,
M-1242,"1794 County Rd 14, Wiley, CO 81092",Resident 1242,A-20242,2025/04/15,404054,gal,,R3,
M-1243,"1801 Highway 287, Wiley, CO 81092",Resident 1243,A-20243,2025/04/15,249968,gal,,R4,
M-1244,"1808 Maple Ave, Wiley, CO 81092",Resident 1244,A-20244,2025/04/15,579413,gal,,R5,
M-1245,"1815 Oak St, Wiley, CO 81092",Resident 1245,A-20245,2025/04/15,137964,gal,,R6,
M-1246,"1822 Elm St, Wiley, CO 81092",Resident 1246,A-20246,2025/04/15,248751,gal,,R1,
M-1247,"1829 3rd Ave, Wiley, CO 81092",Resident 1247,A-20247,2025/04/15,336364,gal,,R2,
M-1248,"1836 5th St, Wiley, CO 81092",Resident 1248,A-20248,2025/04/15,273191,gal,,R3,
M-1249,"1843 Ranch Rd, Wiley, CO 81092",Resident 1249,A-20249,2025/04/15,456601,gal,,R4,
M-1250,"1850 Irrigation Ln, Wiley, CO 81092",Resident 1250,A-20250,2025/04/15,298381,gal,,R5,
M-1251,"1857 North Frontage, Wiley, CO 81092",Resident 1251,A-20251,2025/04/15,279913,gal,,R6,
M-1252,"1864 South Loop, Wiley, CO 81092",Resident 1252,A-20252,2025/04/15,295535,gal,,R1,
M-1253,"1871 Pioneer Rd, Wiley, CO 81092",Resident 1253,A-20253,2025/04/15,224957,gal,,R2,
M-1254,"1878 Cottonwood Dr, Wiley, CO 81092",Resident 1254,A-20254,2025/04/15,364598,gal,,R3,
M-1255,"1885 Sand Creek Rd, Wiley, CO 81092",Resident 1255,A-20255,2025/04/15,186735,gal,,R4,
M-1256,"1892 Prairie View, Wiley, CO 81092",Resident 1256,A-20256,2025/04/15,214825,gal,,R5,
M-1257,"1899 School House Rd, Wiley, CO 81092",Resident 1257,A-20257,2025/04/15,292229,gal,,R6,
M-1258,"1906 Cemetery Rd, Wiley, CO 81092",Resident 1258,A-20258,2025/04/15,433220,gal,,R1,
M-1259,"1913 Grain Elevator Rd, Wiley, CO 81092",Resident 1259,A-20259,2025/04/15,272419,gal,,R2,
M-1260,"1920 Main St, Wiley, CO 81092",Resident 1260,A-20260,2025/04/15,162786,gal,,R3,
M-1261,"1927 County Rd 10, Wiley, CO 81092",Resident 1261,A-20261,2025/04/15,412956,gal,,R4,
M-1262,"1934 County Rd 14, Wiley, CO 81092",Resident 1262,A-20262,2025/04/15,372068,gal,,R5,
M-1263,"1941 Highway 287, Wiley, CO 81092",Resident 1263,A-20263,2025/04/15,260651,gal,,R6,
M-1264,"1948 Maple Ave, Wiley, CO 81092",Resident 1264,A-20264,2025/04/15,296890,gal,,R1,
M-1265,"1955 Oak St, Wiley, CO 81092",Resident 1265,A-20265,2025/04/15,374175,gal,,R2,
M-1266,"1962 Elm St, Wiley, CO 81092",Resident 1266,A-20266,2025/04/15,114246,gal,,R3,
M-1267,"1969 3rd Ave, Wiley, CO 81092",Resident 1267,A-20267,2025/04/15,260711,gal,,R4,
M-1268,"1976 5th St, Wiley, CO 81092",Resident 1268,A-20268,2025/04/15,234697,gal,,R5,
M-1269,"1983 Ranch Rd, Wiley, CO 81092",Resident 1269,A-20269,2025/04/15,220214,gal,,R6,
M-1270,"1990 Irrigation Ln, Wiley, CO 81092",Resident 1270,A-20270,2025/04/15,303829,gal,,R1,
M-1271,"1997 North Frontage, Wiley, CO 81092",Resident 1271,A-20271,2025/04/15,421862,gal,,R2,
M-1272,"2004 South Loop, Wiley, CO 81092",Resident 1272,A-20272,2025/04/15,425158,gal,,R3,
M-1273,"2011 Pioneer Rd, Wiley, CO 81092",Resident 1273,A-20273,2025/04/15,452720,gal,,R4,
M-1274,"2018 Cottonwood Dr, Wiley, CO 81092",Resident 1274,A-20274,2025/04/15,269637,gal,,R5,
M-1275,"2025 Sand Creek Rd, Wiley, CO 81092",Resident 1275,A-20275,2025/04/15,331844,gal,,R6,
M-1276,"2032 Prairie View, Wiley, CO 81092",Resident 1276,A-20276,2025/04/15,335085,gal,,R1,
M-1277,"2039 School House Rd, Wiley, CO 81092",Resident 1277,A-20277,2025/04/15,330474,gal,,R2,
M-1278,"2046 Cemetery Rd, Wiley, CO 81092",Resident 1278,A-20278,2025/04/15,192915,gal,,R3,
M-1279,"2053 Grain Elevator Rd, Wiley, CO 81092",Resident 1279,A-20279,2025/04/15,343547,gal,,R4,
M-1280,"2060 Main St, Wiley, CO 81092",Resident 1280,A-20280,2025/04/15,324356,gal,,R5,
M-1281,"2067 County Rd 10, Wiley, CO 81092",Resident 1281,A-20281,2025/04/15,206550,gal,,R6,
M-1282,"2074 County Rd 14, Wiley, CO 81092",Resident 1282,A-20282,2025/04/15,445296,gal,,R1,
M-1283,"2081 Highway 287, Wiley, CO 81092",Resident 1283,A-20283,2025/04/15,138631,gal,,R2,
M-1284,"2088 Maple Ave, Wiley, CO 81092",Resident 1284,A-20284,2025/04/15,248234,gal,,R3,
M-1285,"2095 Oak St, Wiley, CO 81092",Resident 1285,A-20285,2025/04/15,368262,gal,,R4,
M-1286,"2102 Elm St, Wiley, CO 81092",Resident 1286,A-20286,2025/04/15,450265,gal,,R5,
M-1287,"2109 3rd Ave, Wiley, CO 81092",Resident 1287,A-20287,2025/04/15,451376,gal,,R6,
M-1289,"2123 Ranch Rd, Wiley, CO 81092",Resident 1289,A-20289,2025/04/15,291120,gal,,R2,
M-1290,"2130 Irrigation Ln, Wiley, CO 81092",Resident 1290,A-20290,2025/04/15,161688,gal,,R3,
M-1291,"2137 North Frontage, Wiley, CO 81092",Resident 1291,A-20291,2025/04/15,236706,gal,,R4,
M-1292,"2144 South Loop, Wiley, CO 81092",Resident 1292,A-20292,2025/04/15,236914,gal,,R5,
M-1293,"2151 Pioneer Rd, Wiley, CO 81092",Resident 1293,A-20293,2025/04/15,190121,gal,,R6,
M-1294,"2158 Cottonwood Dr, Wiley, CO 81092",Resident 1294,A-20294,2025/04/15,200945,gal,,R1,
M-1295,"2165 Sand Creek Rd, Wiley, CO 81092",Resident 1295,A-20295,2025/04/15,201032,gal,,R2,
M-1296,"2172 Prairie View, Wiley, CO 81092",Resident 1296,A-20296,2025/04/15,104927,gal,,R3,
M-1297,"2179 School House Rd, Wiley, CO 81092",Resident 1297,A-20297,2025/04/15,100835,gal,,R4,
M-1298,"2186 Cemetery Rd, Wiley, CO 81092",Resident 1298,A-20298,2025/04/15,211811,gal,,R5,
M-1299,"2193 Grain Elevator Rd, Wiley, CO 81092",Resident 1299,A-20299,2025/04/15,329442,gal,,R6,
M-1300,"2200 Main St, Wiley, CO 81092",Resident 1300,A-20300,2025/04/15,402688,gal,,R1,
M-1001,"107 County Rd 10, Wiley, CO 81092",Resident 1001,A-20001,2025/05/16,400673,gal,,R2,
M-1002,"114 County Rd 14, Wiley, CO 81092",Resident 1002,A-20002,2025/05/16,315322,gal,,R3,
M-1003,"121 Highway 287, Wiley, CO 81092",Resident 1003,A-20003,2025/05/16,146544,gal,,R4,
M-1004,"128 Maple Ave, Wiley, CO 81092",Resident 1004,A-20004,2025/05/16,353389,gal,,R5,
M-1005,"135 Oak St, Wiley, CO 81092",Resident 1005,A-20005,2025/05/16,189582,gal,,R6,
M-1006,"142 Elm St, Wiley, CO 81092",Resident 1006,A-20006,2025/05/16,236251,gal,,R1,
M-1007,"149 3rd Ave, Wiley, CO 81092",Resident 1007,A-20007,2025/05/16,329903,gal,,R2,
M-1008,"156 5th St, Wiley, CO 81092",Resident 1008,A-20008,2025/05/16,211923,gal,,R3,
M-1009,"163 Ranch Rd, Wiley, CO 81092",Resident 1009,A-20009,2025/05/16,169141,gal,,R4,
M-1010,"170 Irrigation Ln, Wiley, CO 81092",Resident 1010,A-20010,2025/05/16,311016,gal,,R5,
M-1011,"177 North Frontage, Wiley, CO 81092",Resident 1011,A-20011,2025/05/16,410319,gal,,R6,
M-1012,"184 South Loop, Wiley, CO 81092",Resident 1012,A-20012,2025/05/16,184224,gal,,R1,
M-1013,"191 Pioneer Rd, Wiley, CO 81092",Resident 1013,A-20013,2025/05/16,138452,gal,,R2,
M-1014,"198 Cottonwood Dr, Wiley, CO 81092",Resident 1014,A-20014,2025/05/16,419958,gal,,R3,
M-1015,"205 Sand Creek Rd, Wiley, CO 81092",Resident 1015,A-20015,2025/05/16,399982,gal,,R4,
M-1016,"212 Prairie View, Wiley, CO 81092",Resident 1016,A-20016,2025/05/16,111885,gal,,R5,
M-1017,"219 School House Rd, Wiley, CO 81092",Resident 1017,A-20017,2025/05/16,121788,gal,,R6,
M-1018,"226 Cemetery Rd, Wiley, CO 81092",Resident 1018,A-20018,2025/05/16,197706,gal,,R1,
M-1019,"233 Grain Elevator Rd, Wiley, CO 81092",Resident 1019,A-20019,2025/05/16,164676,gal,,R2,
M-1020,"240 Main St, Wiley, CO 81092",Resident 1020,A-20020,2025/05/16,299114,gal,,R3,
M-1021,"247 County Rd 10, Wiley, CO 81092",Resident 1021,A-20021,2025/05/16,345011,gal,,R4,
M-1022,"254 County Rd 14, Wiley, CO 81092",Resident 1022,A-20022,2025/05/16,362326,gal,,R5,
M-1023,"261 Highway 287, Wiley, CO 81092",Resident 1023,A-20023,2025/05/16,230237,gal,,R6,
M-1024,"268 Maple Ave, Wiley, CO 81092",Resident 1024,A-20024,2025/05/16,285297,gal,,R1,
M-1025,"275 Oak St, Wiley, CO 81092",Resident 1025,A-20025,2025/05/16,148602,gal,,R2,
M-1026,"282 Elm St, Wiley, CO 81092",Resident 1026,A-20026,2025/05/16,173855,gal,,R3,
M-1027,"289 3rd Ave, Wiley, CO 81092",Resident 1027,A-20027,2025/05/16,326988,gal,,R4,
M-1028,"296 5th St, Wiley, CO 81092",Resident 1028,A-20028,2025/05/16,124539,gal,,R5,
M-1029,"303 Ranch Rd, Wiley, CO 81092",Resident 1029,A-20029,2025/05/16,331984,gal,,R6,
M-1030,"310 Irrigation Ln, Wiley, CO 81092",Resident 1030,A-20030,2025/05/16,253474,gal,,R1,
M-1031,"317 North Frontage, Wiley, CO 81092",Resident 1031,A-20031,2025/05/16,344574,gal,,R2,
M-1032,"324 South Loop, Wiley, CO 81092",Resident 1032,A-20032,2025/05/16,237159,gal,,R3,
M-1033,"331 Pioneer Rd, Wiley, CO 81092",Resident 1033,A-20033,2025/05/16,515982,gal,,R4,
M-1034,"338 Cottonwood Dr, Wiley, CO 81092",Resident 1034,A-20034,2025/05/16,412610,gal,,R5,
M-1035,"345 Sand Creek Rd, Wiley, CO 81092",Resident 1035,A-20035,2025/05/16,439728,gal,,R6,
M-1036,"352 Prairie View, Wiley, CO 81092",Resident 1036,A-20036,2025/05/16,326715,gal,,R1,
M-1037,"359 School House Rd, Wiley, CO 81092",Resident 1037,A-20037,2025/05/16,213226,gal,,R2,
M-1038,"366 Cemetery Rd, Wiley, CO 81092",Resident 1038,A-20038,2025/05/16,183601,gal,,R3,
M-1039,"373 Grain Elevator Rd, Wiley, CO 81092",Resident 1039,A-20039,2025/05/16,281187,gal,,R4,
M-1040,"380 Main St, Wiley, CO 81092",Resident 1040,A-20040,2025/05/16,216584,gal,,R5,
M-1041,"387 County Rd 10, Wiley, CO 81092",Resident 1041,A-20041,2025/05/16,129428,gal,,R6,
M-1042,"394 County Rd 14, Wiley, CO 81092",Resident 1042,A-20042,2025/05/16,395746,gal,,R1,
M-1043,"401 Highway 287, Wiley, CO 81092",Resident 1043,A-20043,2025/05/16,367269,gal,,R2,
M-1044,"408 Maple Ave, Wiley, CO 81092",Resident 1044,A-20044,2025/05/16,119502,gal,,R3,
M-1045,"415 Oak St, Wiley, CO 81092",Resident 1045,A-20045,2025/05/16,295965,gal,,R4,
M-1046,"422 Elm St, Wiley, CO 81092",Resident 1046,A-20046,2025/05/16,125517,gal,,R5,
M-1047,"429 3rd Ave, Wiley, CO 81092",Resident 1047,A-20047,2025/05/16,105639,gal,,R6,
M-1048,"436 5th St, Wiley, CO 81092",Resident 1048,A-20048,2025/05/16,384331,gal,,R1,
M-1049,"443 Ranch Rd, Wiley, CO 81092",Resident 1049,A-20049,2025/05/16,350949,gal,,R2,
M-1050,"450 Irrigation Ln, Wiley, CO 81092",Resident 1050,A-20050,2025/05/16,343347,gal,,R3,
M-1051,"457 North Frontage, Wiley, CO 81092",Resident 1051,A-20051,2025/05/16,376722,gal,,R4,
M-1052,"464 South Loop, Wiley, CO 81092",Resident 1052,A-20052,2025/05/16,182441,gal,,R5,
M-1053,"471 Pioneer Rd, Wiley, CO 81092",Resident 1053,A-20053,2025/05/16,148054,gal,,R6,
M-1054,"478 Cottonwood Dr, Wiley, CO 81092",Resident 1054,A-20054,2025/05/16,360750,gal,,R1,
M-1056,"492 Prairie View, Wiley, CO 81092",Resident 1056,A-20056,2025/05/16,224445,gal,,R3,
M-1057,"499 School House Rd, Wiley, CO 81092",Resident 1057,A-20057,2025/05/16,142764,gal,,R4,
M-1058,"506 Cemetery Rd, Wiley, CO 81092",Resident 1058,A-20058,2025/05/16,425653,gal,,R5,
M-1059,"513 Grain Elevator Rd, Wiley, CO 81092",Resident 1059,A-20059,2025/05/16,118059,gal,,R6,
M-1060,"520 Main St, Wiley, CO 81092",Resident 1060,A-20060,2025/05/16,226931,gal,,R1,
M-1061,"527 County Rd 10, Wiley, CO 81092",Resident 1061,A-20061,2025/05/16,289288,gal,,R2,
M-1062,"534 County Rd 14, Wiley, CO 81092",Resident 1062,A-20062,2025/05/16,175962,gal,,R3,
M-1063,"541 Highway 287, Wiley, CO 81092",Resident 1063,A-20063,2025/05/16,393085,gal,,R4,
M-1064,"548 Maple Ave, Wiley, CO 81092",Resident 1064,A-20064,2025/05/16,248364,gal,,R5,
M-1065,"555 Oak St, Wiley, CO 81092",Resident 1065,A-20065,2025/05/16,423539,gal,,R6,
M-1066,"562 Elm St, Wiley, CO 81092",Resident 1066,A-20066,2025/05/16,412571,gal,,R1,
M-1067,"569 3rd Ave, Wiley, CO 81092",Resident 1067,A-20067,2025/05/16,138241,gal,,R2,
M-1068,"576 5th St, Wiley, CO 81092",Resident 1068,A-20068,2025/05/16,411670,gal,,R3,
M-1069,"583 Ranch Rd, Wiley, CO 81092",Resident 1069,A-20069,2025/05/16,170197,gal,,R4,
M-1070,"590 Irrigation Ln, Wiley, CO 81092",Resident 1070,A-20070,2025/05/16,296150,gal,,R5,
M-1071,"597 North Frontage, Wiley, CO 81092",Resident 1071,A-20071,2025/05/16,419419,gal,,R6,
M-1072,"604 South Loop, Wiley, CO 81092",Resident 1072,A-20072,2025/05/16,430236,gal,,R1,
M-1073,"611 Pioneer Rd, Wiley, CO 81092",Resident 1073,A-20073,2025/05/16,387011,gal,,R2,
M-1074,"618 Cottonwood Dr, Wiley, CO 81092",Resident 1074,A-20074,2025/05/16,368211,gal,,R3,
M-1075,"625 Sand Creek Rd, Wiley, CO 81092",Resident 1075,A-20075,2025/05/16,242957,gal,,R4,
M-1076,"632 Prairie View, Wiley, CO 81092",Resident 1076,A-20076,2025/05/16,225465,gal,,R5,
M-1077,"639 School House Rd, Wiley, CO 81092",Resident 1077,A-20077,2025/05/16,185344,gal,,R6,
M-1078,"646 Cemetery Rd, Wiley, CO 81092",Resident 1078,A-20078,2025/05/16,268617,gal,,R1,
M-1079,"653 Grain Elevator Rd, Wiley, CO 81092",Resident 1079,A-20079,2025/05/16,219126,gal,,R2,
M-1080,"660 Main St, Wiley, CO 81092",Resident 1080,A-20080,2025/05/16,245835,gal,,R3,
M-1081,"667 County Rd 10, Wiley, CO 81092",Resident 1081,A-20081,2025/05/16,329064,gal,,R4,
M-1082,"674 County Rd 14, Wiley, CO 81092",Resident 1082,A-20082,2025/05/16,167533,gal,,R5,
M-1083,"681 Highway 287, Wiley, CO 81092",Resident 1083,A-20083,2025/05/16,421820,gal,,R6,
M-1084,"688 Maple Ave, Wiley, CO 81092",Resident 1084,A-20084,2025/05/16,256505,gal,,R1,
M-1085,"695 Oak St, Wiley, CO 81092",Resident 1085,A-20085,2025/05/16,338617,gal,,R2,
M-1086,"702 Elm St, Wiley, CO 81092",Resident 1086,A-20086,2025/05/16,255351,gal,,R3,
M-1087,"709 3rd Ave, Wiley, CO 81092",Resident 1087,A-20087,2025/05/16,161069,gal,,R4,
M-1088,"716 5th St, Wiley, CO 81092",Resident 1088,A-20088,2025/05/16,96836,gal,,R5,
M-1089,"723 Ranch Rd, Wiley, CO 81092",Resident 1089,A-20089,2025/05/16,479794,gal,,R6,
M-1090,"730 Irrigation Ln, Wiley, CO 81092",Resident 1090,A-20090,2025/05/16,446674,gal,,R1,
M-1091,"737 North Frontage, Wiley, CO 81092",Resident 1091,A-20091,2025/05/16,414010,gal,,R2,
M-1092,"744 South Loop, Wiley, CO 81092",Resident 1092,A-20092,2025/05/16,138203,gal,,R3,
M-1093,"751 Pioneer Rd, Wiley, CO 81092",Resident 1093,A-20093,2025/05/16,151471,gal,,R4,
M-1094,"758 Cottonwood Dr, Wiley, CO 81092",Resident 1094,A-20094,2025/05/16,409869,gal,,R5,
M-1095,"765 Sand Creek Rd, Wiley, CO 81092",Resident 1095,A-20095,2025/05/16,204082,gal,,R6,
M-1096,"772 Prairie View, Wiley, CO 81092",Resident 1096,A-20096,2025/05/16,349887,gal,,R1,
M-1097,"779 School House Rd, Wiley, CO 81092",Resident 1097,A-20097,2025/05/16,246881,gal,,R2,
M-1098,"786 Cemetery Rd, Wiley, CO 81092",Resident 1098,A-20098,2025/05/16,170421,gal,,R3,
M-1099,"793 Grain Elevator Rd, Wiley, CO 81092",Resident 1099,A-20099,2025/05/16,276532,gal,,R4,
M-1100,"800 Main St, Wiley, CO 81092",Resident 1100,A-20100,2025/05/16,156300,gal,,R5,
M-1101,"807 County Rd 10, Wiley, CO 81092",Resident 1101,A-20101,2025/05/16,251826,gal,,R6,
M-1102,"814 County Rd 14, Wiley, CO 81092",Resident 1102,A-20102,2025/05/16,312187,gal,,R1,
M-1103,"821 Highway 287, Wiley, CO 81092",Resident 1103,A-20103,2025/05/16,240696,gal,,R2,
M-1104,"828 Maple Ave, Wiley, CO 81092",Resident 1104,A-20104,2025/05/16,206740,gal,,R3,
M-1105,"835 Oak St, Wiley, CO 81092",Resident 1105,A-20105,2025/05/16,326910,gal,,R4,
M-1106,"842 Elm St, Wiley, CO 81092",Resident 1106,A-20106,2025/05/16,418322,gal,,R5,
M-1107,"849 3rd Ave, Wiley, CO 81092",Resident 1107,A-20107,2025/05/16,235412,gal,,R6,
M-1108,"856 5th St, Wiley, CO 81092",Resident 1108,A-20108,2025/05/16,410003,gal,,R1,
M-1109,"863 Ranch Rd, Wiley, CO 81092",Resident 1109,A-20109,2025/05/16,417905,gal,,R2,
M-1110,"870 Irrigation Ln, Wiley, CO 81092",Resident 1110,A-20110,2025/05/16,375707,gal,,R3,
M-1111,"877 North Frontage, Wiley, CO 81092",Resident 1111,A-20111,2025/05/16,106115,gal,,R4,
M-1112,"884 South Loop, Wiley, CO 81092",Resident 1112,A-20112,2025/05/16,380644,gal,,R5,
M-1113,"891 Pioneer Rd, Wiley, CO 81092",Resident 1113,A-20113,2025/05/16,233970,gal,,R6,
M-1114,"898 Cottonwood Dr, Wiley, CO 81092",Resident 1114,A-20114,2025/05/16,435868,gal,,R1,
M-1115,"905 Sand Creek Rd, Wiley, CO 81092",Resident 1115,A-20115,2025/05/16,171577,gal,,R2,
M-1116,"912 Prairie View, Wiley, CO 81092",Resident 1116,A-20116,2025/05/16,195471,gal,,R3,
M-1117,"919 School House Rd, Wiley, CO 81092",Resident 1117,A-20117,2025/05/16,237721,gal,,R4,
M-1118,"926 Cemetery Rd, Wiley, CO 81092",Resident 1118,A-20118,2025/05/16,149603,gal,,R5,
M-1119,"933 Grain Elevator Rd, Wiley, CO 81092",Resident 1119,A-20119,2025/05/16,179793,gal,,R6,
M-1120,"940 Main St, Wiley, CO 81092",Resident 1120,A-20120,2025/05/16,396682,gal,,R1,
M-1121,"947 County Rd 10, Wiley, CO 81092",Resident 1121,A-20121,2025/05/16,183288,gal,,R2,
M-1122,"954 County Rd 14, Wiley, CO 81092",Resident 1122,A-20122,2025/05/16,266233,gal,,R3,
M-1123,"961 Highway 287, Wiley, CO 81092",Resident 1123,A-20123,2025/05/16,254565,gal,,R4,
M-1124,"968 Maple Ave, Wiley, CO 81092",Resident 1124,A-20124,2025/05/16,401133,gal,,R5,
M-1125,"975 Oak St, Wiley, CO 81092",Resident 1125,A-20125,2025/05/16,200999,gal,,R6,
M-1126,"982 Elm St, Wiley, CO 81092",Resident 1126,A-20126,2025/05/16,261730,gal,,R1,
M-1127,"989 3rd Ave, Wiley, CO 81092",Resident 1127,A-20127,2025/05/16,198629,gal,,R2,
M-1128,"996 5th St, Wiley, CO 81092",Resident 1128,A-20128,2025/05/16,465579,gal,,R3,
M-1129,"1003 Ranch Rd, Wiley, CO 81092",Resident 1129,A-20129,2025/05/16,252925,gal,,R4,
M-1130,"1010 Irrigation Ln, Wiley, CO 81092",Resident 1130,A-20130,2025/05/16,381111,gal,,R5,
M-1131,"1017 North Frontage, Wiley, CO 81092",Resident 1131,A-20131,2025/05/16,347815,gal,,R6,
M-1132,"1024 South Loop, Wiley, CO 81092",Resident 1132,A-20132,2025/05/16,261819,gal,,R1,
M-1133,"1031 Pioneer Rd, Wiley, CO 81092",Resident 1133,A-20133,2025/05/16,144240,gal,,R2,
M-1134,"1038 Cottonwood Dr, Wiley, CO 81092",Resident 1134,A-20134,2025/05/16,152325,gal,,R3,
M-1135,"1045 Sand Creek Rd, Wiley, CO 81092",Resident 1135,A-20135,2025/05/16,449088,gal,,R4,
M-1136,"1052 Prairie View, Wiley, CO 81092",Resident 1136,A-20136,2025/05/16,325822,gal,,R5,
M-1137,"1059 School House Rd, Wiley, CO 81092",Resident 1137,A-20137,2025/05/16,247376,gal,,R6,
M-1138,"1066 Cemetery Rd, Wiley, CO 81092",Resident 1138,A-20138,2025/05/16,114398,gal,,R1,
M-1139,"1073 Grain Elevator Rd, Wiley, CO 81092",Resident 1139,A-20139,2025/05/16,83648,gal,,R2,
M-1140,"1080 Main St, Wiley, CO 81092",Resident 1140,A-20140,2025/05/16,285787,gal,,R3,
M-1141,"1087 County Rd 10, Wiley, CO 81092",Resident 1141,A-20141,2025/05/16,179372,gal,,R4,
M-1142,"1094 County Rd 14, Wiley, CO 81092",Resident 1142,A-20142,2025/05/16,412021,gal,,R5,
M-1143,"1101 Highway 287, Wiley, CO 81092",Resident 1143,A-20143,2025/05/16,269310,gal,,R6,
M-1144,"1108 Maple Ave, Wiley, CO 81092",Resident 1144,A-20144,2025/05/16,159384,gal,,R1,
M-1145,"1115 Oak St, Wiley, CO 81092",Resident 1145,A-20145,2025/05/16,312766,gal,,R2,
M-1146,"1122 Elm St, Wiley, CO 81092",Resident 1146,A-20146,2025/05/16,372521,gal,,R3,
M-1147,"1129 3rd Ave, Wiley, CO 81092",Resident 1147,A-20147,2025/05/16,347168,gal,,R4,
M-1148,"1136 5th St, Wiley, CO 81092",Resident 1148,A-20148,2025/05/16,376917,gal,,R5,
M-1149,"1143 Ranch Rd, Wiley, CO 81092",Resident 1149,A-20149,2025/05/16,127974,gal,,R6,
M-1150,"1150 Irrigation Ln, Wiley, CO 81092",Resident 1150,A-20150,2025/05/16,165939,gal,,R1,
M-1151,"1157 North Frontage, Wiley, CO 81092",Resident 1151,A-20151,2025/05/16,155953,gal,,R2,
M-1152,"1164 South Loop, Wiley, CO 81092",Resident 1152,A-20152,2025/05/16,155329,gal,,R3,
M-1153,"1171 Pioneer Rd, Wiley, CO 81092",Resident 1153,A-20153,2025/05/16,388038,gal,,R4,
M-1154,"1178 Cottonwood Dr, Wiley, CO 81092",Resident 1154,A-20154,2025/05/16,122401,gal,,R5,
M-1155,"1185 Sand Creek Rd, Wiley, CO 81092",Resident 1155,A-20155,2025/05/16,311859,gal,,R6,
M-1156,"1192 Prairie View, Wiley, CO 81092",Resident 1156,A-20156,2025/05/16,605430,gal,,R1,
M-1157,"1199 School House Rd, Wiley, CO 81092",Resident 1157,A-20157,2025/05/16,402977,gal,,R2,
M-1158,"1206 Cemetery Rd, Wiley, CO 81092",Resident 1158,A-20158,2025/05/16,169148,gal,,R3,
M-1159,"1213 Grain Elevator Rd, Wiley, CO 81092",Resident 1159,A-20159,2025/05/16,337841,gal,,R4,
M-1160,"1220 Main St, Wiley, CO 81092",Resident 1160,A-20160,2025/05/16,138368,gal,,R5,
M-1161,"1227 County Rd 10, Wiley, CO 81092",Resident 1161,A-20161,2025/05/16,148475,gal,,R6,
M-1162,"1234 County Rd 14, Wiley, CO 81092",Resident 1162,A-20162,2025/05/16,292037,gal,,R1,
M-1163,"1241 Highway 287, Wiley, CO 81092",Resident 1163,A-20163,2025/05/16,272010,gal,,R2,
M-1164,"1248 Maple Ave, Wiley, CO 81092",Resident 1164,A-20164,2025/05/16,145523,gal,,R3,
M-1165,"1255 Oak St, Wiley, CO 81092",Resident 1165,A-20165,2025/05/16,299392,gal,,R4,
M-1166,"1262 Elm St, Wiley, CO 81092",Resident 1166,A-20166,2025/05/16,242113,gal,,R5,
M-1167,"1269 3rd Ave, Wiley, CO 81092",Resident 1167,A-20167,2025/05/16,222855,gal,,R6,
M-1168,"1276 5th St, Wiley, CO 81092",Resident 1168,A-20168,2025/05/16,481290,gal,,R1,
M-1169,"1283 Ranch Rd, Wiley, CO 81092",Resident 1169,A-20169,2025/05/16,176181,gal,,R2,
M-1171,"1297 North Frontage, Wiley, CO 81092",Resident 1171,A-20171,2025/05/16,373553,gal,,R4,
M-1172,"1304 South Loop, Wiley, CO 81092",Resident 1172,A-20172,2025/05/16,304642,gal,,R5,
M-1173,"1311 Pioneer Rd, Wiley, CO 81092",Resident 1173,A-20173,2025/05/16,431363,gal,,R6,
M-1174,"1318 Cottonwood Dr, Wiley, CO 81092",Resident 1174,A-20174,2025/05/16,163988,gal,,R1,
M-1175,"1325 Sand Creek Rd, Wiley, CO 81092",Resident 1175,A-20175,2025/05/16,230228,gal,,R2,
M-1176,"1332 Prairie View, Wiley, CO 81092",Resident 1176,A-20176,2025/05/16,156675,gal,,R3,
M-1177,"1339 School House Rd, Wiley, CO 81092",Resident 1177,A-20177,2025/05/16,221627,gal,,R4,
M-1178,"1346 Cemetery Rd, Wiley, CO 81092",Resident 1178,A-20178,2025/05/16,347858,gal,,R5,
M-1179,"1353 Grain Elevator Rd, Wiley, CO 81092",Resident 1179,A-20179,2025/05/16,106148,gal,,R6,
M-1180,"1360 Main St, Wiley, CO 81092",Resident 1180,A-20180,2025/05/16,203908,gal,,R1,
M-1181,"1367 County Rd 10, Wiley, CO 81092",Resident 1181,A-20181,2025/05/16,305584,gal,,R2,
M-1182,"1374 County Rd 14, Wiley, CO 81092",Resident 1182,A-20182,2025/05/16,302115,gal,,R3,
M-1183,"1381 Highway 287, Wiley, CO 81092",Resident 1183,A-20183,2025/05/16,242230,gal,,R4,
M-1184,"1388 Maple Ave, Wiley, CO 81092",Resident 1184,A-20184,2025/05/16,219907,gal,,R5,
M-1185,"1395 Oak St, Wiley, CO 81092",Resident 1185,A-20185,2025/05/16,203878,gal,,R6,
M-1186,"1402 Elm St, Wiley, CO 81092",Resident 1186,A-20186,2025/05/16,151027,gal,,R1,
M-1187,"1409 3rd Ave, Wiley, CO 81092",Resident 1187,A-20187,2025/05/16,324123,gal,,R2,
M-1188,"1416 5th St, Wiley, CO 81092",Resident 1188,A-20188,2025/05/16,128379,gal,,R3,
M-1189,"1423 Ranch Rd, Wiley, CO 81092",Resident 1189,A-20189,2025/05/16,364735,gal,,R4,
M-1190,"1430 Irrigation Ln, Wiley, CO 81092",Resident 1190,A-20190,2025/05/16,204008,gal,,R5,
M-1191,"1437 North Frontage, Wiley, CO 81092",Resident 1191,A-20191,2025/05/16,185952,gal,,R6,
M-1192,"1444 South Loop, Wiley, CO 81092",Resident 1192,A-20192,2025/05/16,343001,gal,,R1,
M-1193,"1451 Pioneer Rd, Wiley, CO 81092",Resident 1193,A-20193,2025/05/16,314086,gal,,R2,
M-1194,"1458 Cottonwood Dr, Wiley, CO 81092",Resident 1194,A-20194,2025/05/16,244534,gal,,R3,
M-1195,"1465 Sand Creek Rd, Wiley, CO 81092",Resident 1195,A-20195,2025/05/16,233827,gal,,R4,
M-1196,"1472 Prairie View, Wiley, CO 81092",Resident 1196,A-20196,2025/05/16,231282,gal,,R5,
M-1197,"1479 School House Rd, Wiley, CO 81092",Resident 1197,A-20197,2025/05/16,83917,gal,,R6,
M-1198,"1486 Cemetery Rd, Wiley, CO 81092",Resident 1198,A-20198,2025/05/16,467221,gal,,R1,
M-1199,"1493 Grain Elevator Rd, Wiley, CO 81092",Resident 1199,A-20199,2025/05/16,199471,gal,,R2,
M-1200,"1500 Main St, Wiley, CO 81092",Resident 1200,A-20200,2025/05/16,317907,gal,,R3,
M-1201,"1507 County Rd 10, Wiley, CO 81092",Resident 1201,A-20201,2025/05/16,244973,gal,,R4,
M-1202,"1514 County Rd 14, Wiley, CO 81092",Resident 1202,A-20202,2025/05/16,225713,gal,,R5,
M-1203,"1521 Highway 287, Wiley, CO 81092",Resident 1203,A-20203,2025/05/16,135527,gal,,R6,
M-1204,"1528 Maple Ave, Wiley, CO 81092",Resident 1204,A-20204,2025/05/16,239568,gal,,R1,
M-1205,"1535 Oak St, Wiley, CO 81092",Resident 1205,A-20205,2025/05/16,274683,gal,,R2,
M-1206,"1542 Elm St, Wiley, CO 81092",Resident 1206,A-20206,2025/05/16,411796,gal,,R3,
M-1207,"1549 3rd Ave, Wiley, CO 81092",Resident 1207,A-20207,2025/05/16,358974,gal,,R4,
M-1208,"1556 5th St, Wiley, CO 81092",Resident 1208,A-20208,2025/05/16,323654,gal,,R5,
M-1209,"1563 Ranch Rd, Wiley, CO 81092",Resident 1209,A-20209,2025/05/16,357877,gal,,R6,
M-1210,"1570 Irrigation Ln, Wiley, CO 81092",Resident 1210,A-20210,2025/05/16,251475,gal,,R1,
M-1211,"1577 North Frontage, Wiley, CO 81092",Resident 1211,A-20211,2025/05/16,145685,gal,,R2,
M-1212,"1584 South Loop, Wiley, CO 81092",Resident 1212,A-20212,2025/05/16,173600,gal,,R3,
M-1213,"1591 Pioneer Rd, Wiley, CO 81092",Resident 1213,A-20213,2025/05/16,214136,gal,,R4,
M-1214,"1598 Cottonwood Dr, Wiley, CO 81092",Resident 1214,A-20214,2025/05/16,224824,gal,,R5,
M-1215,"1605 Sand Creek Rd, Wiley, CO 81092",Resident 1215,A-20215,2025/05/16,416502,gal,,R6,
M-1216,"1612 Prairie View, Wiley, CO 81092",Resident 1216,A-20216,2025/05/16,267385,gal,,R1,
M-1217,"1619 School House Rd, Wiley, CO 81092",Resident 1217,A-20217,2025/05/16,100834,gal,,R2,
M-1218,"1626 Cemetery Rd, Wiley, CO 81092",Resident 1218,A-20218,2025/05/16,137164,gal,,R3,
M-1219,"1633 Grain Elevator Rd, Wiley, CO 81092",Resident 1219,A-20219,2025/05/16,434281,gal,,R4,
M-1220,"1640 Main St, Wiley, CO 81092",Resident 1220,A-20220,2025/05/16,335336,gal,,R5,
M-1221,"1647 County Rd 10, Wiley, CO 81092",Resident 1221,A-20221,2025/05/16,294719,gal,,R6,
M-1222,"1654 County Rd 14, Wiley, CO 81092",Resident 1222,A-20222,2025/05/16,248267,gal,,R1,
M-1223,"1661 Highway 287, Wiley, CO 81092",Resident 1223,A-20223,2025/05/16,321012,gal,,R2,
M-1224,"1668 Maple Ave, Wiley, CO 81092",Resident 1224,A-20224,2025/05/16,431691,gal,,R3,
M-1225,"1675 Oak St, Wiley, CO 81092",Resident 1225,A-20225,2025/05/16,388260,gal,,R4,
M-1226,"1682 Elm St, Wiley, CO 81092",Resident 1226,A-20226,2025/05/16,163788,gal,,R5,
M-1227,"1689 3rd Ave, Wiley, CO 81092",Resident 1227,A-20227,2025/05/16,289697,gal,,R6,
M-1228,"1696 5th St, Wiley, CO 81092",Resident 1228,A-20228,2025/05/16,417977,gal,,R1,
M-1229,"1703 Ranch Rd, Wiley, CO 81092",Resident 1229,A-20229,2025/05/16,231977,gal,,R2,
M-1230,"1710 Irrigation Ln, Wiley, CO 81092",Resident 1230,A-20230,2025/05/16,262144,gal,,R3,
M-1231,"1717 North Frontage, Wiley, CO 81092",Resident 1231,A-20231,2025/05/16,148186,gal,,R4,
M-1232,"1724 South Loop, Wiley, CO 81092",Resident 1232,A-20232,2025/05/16,315985,gal,,R5,
M-1233,"1731 Pioneer Rd, Wiley, CO 81092",Resident 1233,A-20233,2025/05/16,128426,gal,,R6,
M-1234,"1738 Cottonwood Dr, Wiley, CO 81092",Resident 1234,A-20234,2025/05/16,367775,gal,,R1,
M-1235,"1745 Sand Creek Rd, Wiley, CO 81092",Resident 1235,A-20235,2025/05/16,386244,gal,,R2,
M-1236,"1752 Prairie View, Wiley, CO 81092",Resident 1236,A-20236,2025/05/16,229560,gal,,R3,
M-1237,"1759 School House Rd, Wiley, CO 81092",Resident 1237,A-20237,2025/05/16,316151,gal,,R4,
M-1238,"1766 Cemetery Rd, Wiley, CO 81092",Resident 1238,A-20238,2025/05/16,326582,gal,,R5,
M-1239,"1773 Grain Elevator Rd, Wiley, CO 81092",Resident 1239,A-20239,2025/05/16,141901,gal,,R6,
M-1240,"1780 Main St, Wiley, CO 81092",Resident 1240,A-20240,2025/05/16,461647,gal,,R1,
M-1241,"1787 County Rd 10, Wiley, CO 81092",Resident 1241,A-20241,2025/05/16,278917,gal,,R2,
M-1242,"1794 County Rd 14, Wiley, CO 81092",Resident 1242,A-20242,2025/05/16,408216,gal,,R3,
M-1243,"1801 Highway 287, Wiley, CO 81092",Resident 1243,A-20243,2025/05/16,255442,gal,,R4,
M-1244,"1808 Maple Ave, Wiley, CO 81092",Resident 1244,A-20244,2025/05/16,603623,gal,,R5,
M-1245,"1815 Oak St, Wiley, CO 81092",Resident 1245,A-20245,2025/05/16,140841,gal,,R6,
M-1246,"1822 Elm St, Wiley, CO 81092",Resident 1246,A-20246,2025/05/16,254854,gal,,R1,
M-1247,"1829 3rd Ave, Wiley, CO 81092",Resident 1247,A-20247,2025/05/16,338790,gal,,R2,
M-1248,"1836 5th St, Wiley, CO 81092",Resident 1248,A-20248,2025/05/16,281829,gal,,R3,
M-1249,"1843 Ranch Rd, Wiley, CO 81092",Resident 1249,A-20249,2025/05/16,464557,gal,,R4,
M-1250,"1850 Irrigation Ln, Wiley, CO 81092",Resident 1250,A-20250,2025/05/16,302612,gal,,R5,
M-1251,"1857 North Frontage, Wiley, CO 81092",Resident 1251,A-20251,2025/05/16,287662,gal,,R6,
M-1252,"1864 South Loop, Wiley, CO 81092",Resident 1252,A-20252,2025/05/16,300347,gal,,R1,
M-1253,"1871 Pioneer Rd, Wiley, CO 81092",Resident 1253,A-20253,2025/05/16,227193,gal,,R2,
M-1254,"1878 Cottonwood Dr, Wiley, CO 81092",Resident 1254,A-20254,2025/05/16,368157,gal,,R3,
M-1255,"1885 Sand Creek Rd, Wiley, CO 81092",Resident 1255,A-20255,2025/05/16,195258,gal,,R4,
M-1256,"1892 Prairie View, Wiley, CO 81092",Resident 1256,A-20256,2025/05/16,223387,gal,,R5,
M-1257,"1899 School House Rd, Wiley, CO 81092",Resident 1257,A-20257,2025/05/16,294895,gal,,R6,
M-1258,"1906 Cemetery Rd, Wiley, CO 81092",Resident 1258,A-20258,2025/05/16,438601,gal,,R1,
M-1259,"1913 Grain Elevator Rd, Wiley, CO 81092",Resident 1259,A-20259,2025/05/16,275737,gal,,R2,
M-1260,"1920 Main St, Wiley, CO 81092",Resident 1260,A-20260,2025/05/16,165741,gal,,R3,
M-1261,"1927 County Rd 10, Wiley, CO 81092",Resident 1261,A-20261,2025/05/16,417785,gal,,R4,
M-1262,"1934 County Rd 14, Wiley, CO 81092",Resident 1262,A-20262,2025/05/16,375446,gal,,R5,
M-1263,"1941 Highway 287, Wiley, CO 81092",Resident 1263,A-20263,2025/05/16,267839,gal,,R6,
M-1264,"1948 Maple Ave, Wiley, CO 81092",Resident 1264,A-20264,2025/05/16,301489,gal,,R1,
M-1265,"1955 Oak St, Wiley, CO 81092",Resident 1265,A-20265,2025/05/16,379401,gal,,R2,
M-1266,"1962 Elm St, Wiley, CO 81092",Resident 1266,A-20266,2025/05/16,123010,gal,,R3,
M-1267,"1969 3rd Ave, Wiley, CO 81092",Resident 1267,A-20267,2025/05/16,267074,gal,,R4,
M-1268,"1976 5th St, Wiley, CO 81092",Resident 1268,A-20268,2025/05/16,239511,gal,,R5,
M-1269,"1983 Ranch Rd, Wiley, CO 81092",Resident 1269,A-20269,2025/05/16,228121,gal,,R6,
M-1270,"1990 Irrigation Ln, Wiley, CO 81092",Resident 1270,A-20270,2025/05/16,307379,gal,,R1,
M-1271,"1997 North Frontage, Wiley, CO 81092",Resident 1271,A-20271,2025/05/16,431658,gal,,R2,
M-1272,"2004 South Loop, Wiley, CO 81092",Resident 1272,A-20272,2025/05/16,433452,gal,,R3,
M-1273,"2011 Pioneer Rd, Wiley, CO 81092",Resident 1273,A-20273,2025/05/16,460128,gal,,R4,
M-1274,"2018 Cottonwood Dr, Wiley, CO 81092",Resident 1274,A-20274,2025/05/16,276841,gal,,R5,
M-1275,"2025 Sand Creek Rd, Wiley, CO 81092",Resident 1275,A-20275,2025/05/16,336138,gal,,R6,
M-1276,"2032 Prairie View, Wiley, CO 81092",Resident 1276,A-20276,2025/05/16,342762,gal,,R1,
M-1277,"2039 School House Rd, Wiley, CO 81092",Resident 1277,A-20277,2025/05/16,336083,gal,,R2,
M-1278,"2046 Cemetery Rd, Wiley, CO 81092",Resident 1278,A-20278,2025/05/16,197521,gal,,R3,
M-1279,"2053 Grain Elevator Rd, Wiley, CO 81092",Resident 1279,A-20279,2025/05/16,346572,gal,,R4,
M-1280,"2060 Main St, Wiley, CO 81092",Resident 1280,A-20280,2025/05/16,327400,gal,,R5,
M-1281,"2067 County Rd 10, Wiley, CO 81092",Resident 1281,A-20281,2025/05/16,214255,gal,,R6,
M-1282,"2074 County Rd 14, Wiley, CO 81092",Resident 1282,A-20282,2025/05/16,451290,gal,,R1,
M-1283,"2081 Highway 287, Wiley, CO 81092",Resident 1283,A-20283,2025/05/16,143969,gal,,R2,
M-1284,"2088 Maple Ave, Wiley, CO 81092",Resident 1284,A-20284,2025/05/16,254289,gal,,R3,
M-1285,"2095 Oak St, Wiley, CO 81092",Resident 1285,A-20285,2025/05/16,374708,gal,,R4,
M-1286,"2102 Elm St, Wiley, CO 81092",Resident 1286,A-20286,2025/05/16,456573,gal,,R5,
M-1287,"2109 3rd Ave, Wiley, CO 81092",Resident 1287,A-20287,2025/05/16,461347,gal,,R6,
M-1289,"2123 Ranch Rd, Wiley, CO 81092",Resident 1289,A-20289,2025/05/16,299448,gal,,R2,
M-1290,"2130 Irrigation Ln, Wiley, CO 81092",Resident 1290,A-20290,2025/05/16,169173,gal,,R3,
M-1291,"2137 North Frontage, Wiley, CO 81092",Resident 1291,A-20291,2025/05/16,245313,gal,,R4,
M-1292,"2144 South Loop, Wiley, CO 81092",Resident 1292,A-20292,2025/05/16,240067,gal,,R5,
M-1293,"2151 Pioneer Rd, Wiley, CO 81092",Resident 1293,A-20293,2025/05/16,193624,gal,,R6,
M-1294,"2158 Cottonwood Dr, Wiley, CO 81092",Resident 1294,A-20294,2025/05/16,206946,gal,,R1,
M-1295,"2165 Sand Creek Rd, Wiley, CO 81092",Resident 1295,A-20295,2025/05/16,209021,gal,,R2,
M-1296,"2172 Prairie View, Wiley, CO 81092",Resident 1296,A-20296,2025/05/16,110947,gal,,R3,
M-1297,"2179 School House Rd, Wiley, CO 81092",Resident 1297,A-20297,2025/05/16,104828,gal,,R4,
M-1298,"2186 Cemetery Rd, Wiley, CO 81092",Resident 1298,A-20298,2025/05/16,217172,gal,,R5,
M-1299,"2193 Grain Elevator Rd, Wiley, CO 81092",Resident 1299,A-20299,2025/05/16,333996,gal,,R6,
M-1300,"2200 Main St, Wiley, CO 81092",Resident 1300,A-20300,2025/05/16,406554,gal,,R1,
M-1001,"107 County Rd 10, Wiley, CO 81092",Resident 1001,A-20001,2025/06/12,409479,gal,,R2,
M-1002,"114 County Rd 14, Wiley, CO 81092",Resident 1002,A-20002,2025/06/12,319537,gal,,R3,
M-1003,"121 Highway 287, Wiley, CO 81092",Resident 1003,A-20003,2025/06/12,150007,gal,,R4,
M-1004,"128 Maple Ave, Wiley, CO 81092",Resident 1004,A-20004,2025/06/12,363222,gal,,R5,
M-1005,"135 Oak St, Wiley, CO 81092",Resident 1005,A-20005,2025/06/12,195153,gal,,R6,
M-1006,"142 Elm St, Wiley, CO 81092",Resident 1006,A-20006,2025/06/12,241471,gal,,R1,
M-1007,"149 3rd Ave, Wiley, CO 81092",Resident 1007,A-20007,2025/06/12,336137,gal,,R2,
M-1008,"156 5th St, Wiley, CO 81092",Resident 1008,A-20008,2025/06/12,216159,gal,,R3,
M-1009,"163 Ranch Rd, Wiley, CO 81092",Resident 1009,A-20009,2025/06/12,180136,gal,,R4,
M-1010,"170 Irrigation Ln, Wiley, CO 81092",Resident 1010,A-20010,2025/06/12,314626,gal,,R5,
M-1011,"177 North Frontage, Wiley, CO 81092",Resident 1011,A-20011,2025/06/12,419751,gal,,R6,
M-1012,"184 South Loop, Wiley, CO 81092",Resident 1012,A-20012,2025/06/12,193842,gal,,R1,
M-1013,"191 Pioneer Rd, Wiley, CO 81092",Resident 1013,A-20013,2025/06/12,146886,gal,,R2,
M-1014,"198 Cottonwood Dr, Wiley, CO 81092",Resident 1014,A-20014,2025/06/12,424244,gal,,R3,
M-1015,"205 Sand Creek Rd, Wiley, CO 81092",Resident 1015,A-20015,2025/06/12,408948,gal,,R4,
M-1016,"212 Prairie View, Wiley, CO 81092",Resident 1016,A-20016,2025/06/12,120067,gal,,R5,
M-1017,"219 School House Rd, Wiley, CO 81092",Resident 1017,A-20017,2025/06/12,124705,gal,,R6,
M-1018,"226 Cemetery Rd, Wiley, CO 81092",Resident 1018,A-20018,2025/06/12,201260,gal,,R1,
M-1019,"233 Grain Elevator Rd, Wiley, CO 81092",Resident 1019,A-20019,2025/06/12,168135,gal,,R2,
M-1020,"240 Main St, Wiley, CO 81092",Resident 1020,A-20020,2025/06/12,305070,gal,,R3,
M-1021,"247 County Rd 10, Wiley, CO 81092",Resident 1021,A-20021,2025/06/12,350824,gal,,R4,
M-1022,"254 County Rd 14, Wiley, CO 81092",Resident 1022,A-20022,2025/06/12,370037,gal,,R5,
M-1023,"261 Highway 287, Wiley, CO 81092",Resident 1023,A-20023,2025/06/12,239452,gal,,R6,
M-1024,"268 Maple Ave, Wiley, CO 81092",Resident 1024,A-20024,2025/06/12,288498,gal,,R1,
M-1025,"275 Oak St, Wiley, CO 81092",Resident 1025,A-20025,2025/06/12,158113,gal,,R2,
M-1026,"282 Elm St, Wiley, CO 81092",Resident 1026,A-20026,2025/06/12,179609,gal,,R3,
M-1027,"289 3rd Ave, Wiley, CO 81092",Resident 1027,A-20027,2025/06/12,336546,gal,,R4,
M-1028,"296 5th St, Wiley, CO 81092",Resident 1028,A-20028,2025/06/12,135654,gal,,R5,
M-1029,"303 Ranch Rd, Wiley, CO 81092",Resident 1029,A-20029,2025/06/12,341689,gal,,R6,
M-1030,"310 Irrigation Ln, Wiley, CO 81092",Resident 1030,A-20030,2025/06/12,262202,gal,,R1,
M-1031,"317 North Frontage, Wiley, CO 81092",Resident 1031,A-20031,2025/06/12,353237,gal,,R2,
M-1032,"324 South Loop, Wiley, CO 81092",Resident 1032,A-20032,2025/06/12,242195,gal,,R3,
M-1033,"331 Pioneer Rd, Wiley, CO 81092",Resident 1033,A-20033,2025/06/12,549042,gal,,R4,
M-1034,"338 Cottonwood Dr, Wiley, CO 81092",Resident 1034,A-20034,2025/06/12,423094,gal,,R5,
M-1035,"345 Sand Creek Rd, Wiley, CO 81092",Resident 1035,A-20035,2025/06/12,446317,gal,,R6,
M-1036,"352 Prairie View, Wiley, CO 81092",Resident 1036,A-20036,2025/06/12,329892,gal,,R1,
M-1037,"359 School House Rd, Wiley, CO 81092",Resident 1037,A-20037,2025/06/12,225599,gal,,R2,
M-1038,"366 Cemetery Rd, Wiley, CO 81092",Resident 1038,A-20038,2025/06/12,187785,gal,,R3,
M-1039,"373 Grain Elevator Rd, Wiley, CO 81092",Resident 1039,A-20039,2025/06/12,292506,gal,,R4,
M-1040,"380 Main St, Wiley, CO 81092",Resident 1040,A-20040,2025/06/12,223215,gal,,R5,
M-1041,"387 County Rd 10, Wiley, CO 81092",Resident 1041,A-20041,2025/06/12,137054,gal,,R6,
M-1042,"394 County Rd 14, Wiley, CO 81092",Resident 1042,A-20042,2025/06/12,401171,gal,,R1,
M-1043,"401 Highway 287, Wiley, CO 81092",Resident 1043,A-20043,2025/06/12,371839,gal,,R2,
M-1044,"408 Maple Ave, Wiley, CO 81092",Resident 1044,A-20044,2025/06/12,124997,gal,,R3,
M-1045,"415 Oak St, Wiley, CO 81092",Resident 1045,A-20045,2025/06/12,308412,gal,,R4,
M-1046,"422 Elm St, Wiley, CO 81092",Resident 1046,A-20046,2025/06/12,132567,gal,,R5,
M-1047,"429 3rd Ave, Wiley, CO 81092",Resident 1047,A-20047,2025/06/12,109346,gal,,R6,
M-1048,"436 5th St, Wiley, CO 81092",Resident 1048,A-20048,2025/06/12,388181,gal,,R1,
M-1049,"443 Ranch Rd, Wiley, CO 81092",Resident 1049,A-20049,2025/06/12,357815,gal,,R2,
M-1050,"450 Irrigation Ln, Wiley, CO 81092",Resident 1050,A-20050,2025/06/12,346815,gal,,R3,
M-1051,"457 North Frontage, Wiley, CO 81092",Resident 1051,A-20051,2025/06/12,384044,gal,,R4,
M-1052,"464 South Loop, Wiley, CO 81092",Resident 1052,A-20052,2025/06/12,189901,gal,,R5,
M-1053,"471 Pioneer Rd, Wiley, CO 81092",Resident 1053,A-20053,2025/06/12,159069,gal,,R6,
M-1054,"478 Cottonwood Dr, Wiley, CO 81092",Resident 1054,A-20054,2025/06/12,365991,gal,,R1,
M-1055,"485 Sand Creek Rd, Wiley, CO 81092",Resident 1055,A-20055,2025/06/12,114679,gal,,R2,
M-1056,"492 Prairie View, Wiley, CO 81092",Resident 1056,A-20056,2025/06/12,234202,gal,,R3,
M-1057,"499 School House Rd, Wiley, CO 81092",Resident 1057,A-20057,2025/06/12,150599,gal,,R4,
M-1058,"506 Cemetery Rd, Wiley, CO 81092",Resident 1058,A-20058,2025/06/12,433340,gal,,R5,
M-1059,"513 Grain Elevator Rd, Wiley, CO 81092",Resident 1059,A-20059,2025/06/12,122097,gal,,R6,
M-1060,"520 Main St, Wiley, CO 81092",Resident 1060,A-20060,2025/06/12,233687,gal,,R1,
M-1061,"527 County Rd 10, Wiley, CO 81092",Resident 1061,A-20061,2025/06/12,293364,gal,,R2,
M-1062,"534 County Rd 14, Wiley, CO 81092",Resident 1062,A-20062,2025/06/12,185521,gal,,R3,
M-1063,"541 Highway 287, Wiley, CO 81092",Resident 1063,A-20063,2025/06/12,399794,gal,,R4,
M-1064,"548 Maple Ave, Wiley, CO 81092",Resident 1064,A-20064,2025/06/12,258513,gal,,R5,
M-1065,"555 Oak St, Wiley, CO 81092",Resident 1065,A-20065,2025/06/12,433539,gal,,R6,
M-1066,"562 Elm St, Wiley, CO 81092",Resident 1066,A-20066,2025/06/12,420538,gal,,R1,
M-1067,"569 3rd Ave, Wiley, CO 81092",Resident 1067,A-20067,2025/06/12,148071,gal,,R2,
M-1068,"576 5th St, Wiley, CO 81092",Resident 1068,A-20068,2025/06/12,416519,gal,,R3,
M-1069,"583 Ranch Rd, Wiley, CO 81092",Resident 1069,A-20069,2025/06/12,181032,gal,,R4,
M-1070,"590 Irrigation Ln, Wiley, CO 81092",Resident 1070,A-20070,2025/06/12,300113,gal,,R5,
M-1071,"597 North Frontage, Wiley, CO 81092",Resident 1071,A-20071,2025/06/12,422473,gal,,R6,
M-1072,"604 South Loop, Wiley, CO 81092",Resident 1072,A-20072,2025/06/12,441017,gal,,R1,
M-1073,"611 Pioneer Rd, Wiley, CO 81092",Resident 1073,A-20073,2025/06/12,392086,gal,,R2,
M-1074,"618 Cottonwood Dr, Wiley, CO 81092",Resident 1074,A-20074,2025/06/12,374095,gal,,R3,
M-1075,"625 Sand Creek Rd, Wiley, CO 81092",Resident 1075,A-20075,2025/06/12,247012,gal,,R4,
M-1076,"632 Prairie View, Wiley, CO 81092",Resident 1076,A-20076,2025/06/12,230817,gal,,R5,
M-1077,"639 School House Rd, Wiley, CO 81092",Resident 1077,A-20077,2025/06/12,189846,gal,,R6,
M-1078,"646 Cemetery Rd, Wiley, CO 81092",Resident 1078,A-20078,2025/06/12,275915,gal,,R1,
M-1079,"653 Grain Elevator Rd, Wiley, CO 81092",Resident 1079,A-20079,2025/06/12,226054,gal,,R2,
M-1080,"660 Main St, Wiley, CO 81092",Resident 1080,A-20080,2025/06/12,252752,gal,,R3,
M-1081,"667 County Rd 10, Wiley, CO 81092",Resident 1081,A-20081,2025/06/12,339493,gal,,R4,
M-1082,"674 County Rd 14, Wiley, CO 81092",Resident 1082,A-20082,2025/06/12,173815,gal,,R5,
M-1083,"681 Highway 287, Wiley, CO 81092",Resident 1083,A-20083,2025/06/12,427087,gal,,R6,
M-1084,"688 Maple Ave, Wiley, CO 81092",Resident 1084,A-20084,2025/06/12,264313,gal,,R1,
M-1085,"695 Oak St, Wiley, CO 81092",Resident 1085,A-20085,2025/06/12,346280,gal,,R2,
M-1086,"702 Elm St, Wiley, CO 81092",Resident 1086,A-20086,2025/06/12,259963,gal,,R3,
M-1087,"709 3rd Ave, Wiley, CO 81092",Resident 1087,A-20087,2025/06/12,171424,gal,,R4,
M-1088,"716 5th St, Wiley, CO 81092",Resident 1088,A-20088,2025/06/12,102298,gal,,R5,
M-1089,"723 Ranch Rd, Wiley, CO 81092",Resident 1089,A-20089,2025/06/12,509322,gal,,R6,
M-1090,"730 Irrigation Ln, Wiley, CO 81092",Resident 1090,A-20090,2025/06/12,455071,gal,,R1,
M-1091,"737 North Frontage, Wiley, CO 81092",Resident 1091,A-20091,2025/06/12,423170,gal,,R2,
M-1092,"744 South Loop, Wiley, CO 81092",Resident 1092,A-20092,2025/06/12,143273,gal,,R3,
M-1093,"751 Pioneer Rd, Wiley, CO 81092",Resident 1093,A-20093,2025/06/12,160089,gal,,R4,
M-1094,"758 Cottonwood Dr, Wiley, CO 81092",Resident 1094,A-20094,2025/06/12,420025,gal,,R5,
M-1095,"765 Sand Creek Rd, Wiley, CO 81092",Resident 1095,A-20095,2025/06/12,209689,gal,,R6,
M-1096,"772 Prairie View, Wiley, CO 81092",Resident 1096,A-20096,2025/06/12,355094,gal,,R1,
M-1097,"779 School House Rd, Wiley, CO 81092",Resident 1097,A-20097,2025/06/12,254836,gal,,R2,
M-1098,"786 Cemetery Rd, Wiley, CO 81092",Resident 1098,A-20098,2025/06/12,178353,gal,,R3,
M-1099,"793 Grain Elevator Rd, Wiley, CO 81092",Resident 1099,A-20099,2025/06/12,282392,gal,,R4,
M-1100,"800 Main St, Wiley, CO 81092",Resident 1100,A-20100,2025/06/12,165197,gal,,R5,
M-1101,"807 County Rd 10, Wiley, CO 81092",Resident 1101,A-20101,2025/06/12,262397,gal,,R6,
M-1102,"814 County Rd 14, Wiley, CO 81092",Resident 1102,A-20102,2025/06/12,321735,gal,,R1,
M-1103,"821 Highway 287, Wiley, CO 81092",Resident 1103,A-20103,2025/06/12,245451,gal,,R2,
M-1104,"828 Maple Ave, Wiley, CO 81092",Resident 1104,A-20104,2025/06/12,217003,gal,,R3,
M-1105,"835 Oak St, Wiley, CO 81092",Resident 1105,A-20105,2025/06/12,333577,gal,,R4,
M-1106,"842 Elm St, Wiley, CO 81092",Resident 1106,A-20106,2025/06/12,428069,gal,,R5,
M-1107,"849 3rd Ave, Wiley, CO 81092",Resident 1107,A-20107,2025/06/12,238559,gal,,R6,
M-1108,"856 5th St, Wiley, CO 81092",Resident 1108,A-20108,2025/06/12,415677,gal,,R1,
M-1109,"863 Ranch Rd, Wiley, CO 81092",Resident 1109,A-20109,2025/06/12,421347,gal,,R2,
M-1110,"870 Irrigation Ln, Wiley, CO 81092",Resident 1110,A-20110,2025/06/12,381786,gal,,R3,
M-1111,"877 North Frontage, Wiley, CO 81092",Resident 1111,A-20111,2025/06/12,113539,gal,,R4,
M-1112,"884 South Loop, Wiley, CO 81092",Resident 1112,A-20112,2025/06/12,386052,gal,,R5,
M-1113,"891 Pioneer Rd, Wiley, CO 81092",Resident 1113,A-20113,2025/06/12,237862,gal,,R6,
M-1114,"898 Cottonwood Dr, Wiley, CO 81092",Resident 1114,A-20114,2025/06/12,441887,gal,,R1,
M-1115,"905 Sand Creek Rd, Wiley, CO 81092",Resident 1115,A-20115,2025/06/12,180440,gal,,R2,
M-1116,"912 Prairie View, Wiley, CO 81092",Resident 1116,A-20116,2025/06/12,204921,gal,,R3,
M-1117,"919 School House Rd, Wiley, CO 81092",Resident 1117,A-20117,2025/06/12,243633,gal,,R4,
M-1118,"926 Cemetery Rd, Wiley, CO 81092",Resident 1118,A-20118,2025/06/12,154850,gal,,R5,
M-1119,"933 Grain Elevator Rd, Wiley, CO 81092",Resident 1119,A-20119,2025/06/12,190195,gal,,R6,
M-1120,"940 Main St, Wiley, CO 81092",Resident 1120,A-20120,2025/06/12,405477,gal,,R1,
M-1121,"947 County Rd 10, Wiley, CO 81092",Resident 1121,A-20121,2025/06/12,190574,gal,,R2,
M-1122,"954 County Rd 14, Wiley, CO 81092",Resident 1122,A-20122,2025/06/12,276787,gal,,R3,
M-1123,"961 Highway 287, Wiley, CO 81092",Resident 1123,A-20123,2025/06/12,263129,gal,,R4,
M-1124,"968 Maple Ave, Wiley, CO 81092",Resident 1124,A-20124,2025/06/12,405155,gal,,R5,
M-1125,"975 Oak St, Wiley, CO 81092",Resident 1125,A-20125,2025/06/12,207356,gal,,R6,
M-1126,"982 Elm St, Wiley, CO 81092",Resident 1126,A-20126,2025/06/12,265866,gal,,R1,
M-1127,"989 3rd Ave, Wiley, CO 81092",Resident 1127,A-20127,2025/06/12,204054,gal,,R2,
M-1128,"996 5th St, Wiley, CO 81092",Resident 1128,A-20128,2025/06/12,477895,gal,,R3,
M-1129,"1003 Ranch Rd, Wiley, CO 81092",Resident 1129,A-20129,2025/06/12,263380,gal,,R4,
M-1130,"1010 Irrigation Ln, Wiley, CO 81092",Resident 1130,A-20130,2025/06/12,389483,gal,,R5,
M-1131,"1017 North Frontage, Wiley, CO 81092",Resident 1131,A-20131,2025/06/12,353728,gal,,R6,
M-1132,"1024 South Loop, Wiley, CO 81092",Resident 1132,A-20132,2025/06/12,273730,gal,,R1,
M-1133,"1031 Pioneer Rd, Wiley, CO 81092",Resident 1133,A-20133,2025/06/12,152388,gal,,R2,
M-1134,"1038 Cottonwood Dr, Wiley, CO 81092",Resident 1134,A-20134,2025/06/12,159255,gal,,R3,
M-1135,"1045 Sand Creek Rd, Wiley, CO 81092",Resident 1135,A-20135,2025/06/12,457494,gal,,R4,
M-1136,"1052 Prairie View, Wiley, CO 81092",Resident 1136,A-20136,2025/06/12,333688,gal,,R5,
M-1137,"1059 School House Rd, Wiley, CO 81092",Resident 1137,A-20137,2025/06/12,254812,gal,,R6,
M-1138,"1066 Cemetery Rd, Wiley, CO 81092",Resident 1138,A-20138,2025/06/12,119156,gal,,R1,
M-1139,"1073 Grain Elevator Rd, Wiley, CO 81092",Resident 1139,A-20139,2025/06/12,88297,gal,,R2,
M-1140,"1080 Main St, Wiley, CO 81092",Resident 1140,A-20140,2025/06/12,293585,gal,,R3,
M-1141,"1087 County Rd 10, Wiley, CO 81092",Resident 1141,A-20141,2025/06/12,188886,gal,,R4,
M-1142,"1094 County Rd 14, Wiley, CO 81092",Resident 1142,A-20142,2025/06/12,415867,gal,,R5,
M-1143,"1101 Highway 287, Wiley, CO 81092",Resident 1143,A-20143,2025/06/12,280491,gal,,R6,
M-1144,"1108 Maple Ave, Wiley, CO 81092",Resident 1144,A-20144,2025/06/12,163168,gal,,R1,
M-1145,"1115 Oak St, Wiley, CO 81092",Resident 1145,A-20145,2025/06/12,317220,gal,,R2,
M-1146,"1122 Elm St, Wiley, CO 81092",Resident 1146,A-20146,2025/06/12,376632,gal,,R3,
M-1147,"1129 3rd Ave, Wiley, CO 81092",Resident 1147,A-20147,2025/06/12,356822,gal,,R4,
M-1148,"1136 5th St, Wiley, CO 81092",Resident 1148,A-20148,2025/06/12,382261,gal,,R5,
M-1149,"1143 Ranch Rd, Wiley, CO 81092",Resident 1149,A-20149,2025/06/12,139531,gal,,R6,
M-1150,"1150 Irrigation Ln, Wiley, CO 81092",Resident 1150,A-20150,2025/06/12,173780,gal,,R1,
M-1151,"1157 North Frontage, Wiley, CO 81092",Resident 1151,A-20151,2025/06/12,166298,gal,,R2,
M-1152,"1164 South Loop, Wiley, CO 81092",Resident 1152,A-20152,2025/06/12,158946,gal,,R3,
M-1153,"1171 Pioneer Rd, Wiley, CO 81092",Resident 1153,A-20153,2025/06/12,395606,gal,,R4,
M-1154,"1178 Cottonwood Dr, Wiley, CO 81092",Resident 1154,A-20154,2025/06/12,130575,gal,,R5,
M-1155,"1185 Sand Creek Rd, Wiley, CO 81092",Resident 1155,A-20155,2025/06/12,320370,gal,,R6,
M-1156,"1192 Prairie View, Wiley, CO 81092",Resident 1156,A-20156,2025/06/12,640069,gal,,R1,
M-1157,"1199 School House Rd, Wiley, CO 81092",Resident 1157,A-20157,2025/06/12,411878,gal,,R2,
M-1158,"1206 Cemetery Rd, Wiley, CO 81092",Resident 1158,A-20158,2025/06/12,174118,gal,,R3,
M-1159,"1213 Grain Elevator Rd, Wiley, CO 81092",Resident 1159,A-20159,2025/06/12,348116,gal,,R4,
M-1160,"1220 Main St, Wiley, CO 81092",Resident 1160,A-20160,2025/06/12,141779,gal,,R5,
M-1161,"1227 County Rd 10, Wiley, CO 81092",Resident 1161,A-20161,2025/06/12,158913,gal,,R6,
M-1162,"1234 County Rd 14, Wiley, CO 81092",Resident 1162,A-20162,2025/06/12,303004,gal,,R1,
M-1163,"1241 Highway 287, Wiley, CO 81092",Resident 1163,A-20163,2025/06/12,276781,gal,,R2,
M-1164,"1248 Maple Ave, Wiley, CO 81092",Resident 1164,A-20164,2025/06/12,155013,gal,,R3,
M-1165,"1255 Oak St, Wiley, CO 81092",Resident 1165,A-20165,2025/06/12,308509,gal,,R4,
M-1166,"1262 Elm St, Wiley, CO 81092",Resident 1166,A-20166,2025/06/12,254166,gal,,R5,
M-1167,"1269 3rd Ave, Wiley, CO 81092",Resident 1167,A-20167,2025/06/12,228114,gal,,R6,
M-1168,"1276 5th St, Wiley, CO 81092",Resident 1168,A-20168,2025/06/12,492372,gal,,R1,
M-1169,"1283 Ranch Rd, Wiley, CO 81092",Resident 1169,A-20169,2025/06/12,186541,gal,,R2,
M-1170,"1290 Irrigation Ln, Wiley, CO 81092",Resident 1170,A-20170,2025/06/12,280146,gal,,R3,
M-1171,"1297 North Frontage, Wiley, CO 81092",Resident 1171,A-20171,2025/06/12,377760,gal,,R4,
M-1172,"1304 South Loop, Wiley, CO 81092",Resident 1172,A-20172,2025/06/12,310642,gal,,R5,
M-1173,"1311 Pioneer Rd, Wiley, CO 81092",Resident 1173,A-20173,2025/06/12,440259,gal,,R6,
M-1174,"1318 Cottonwood Dr, Wiley, CO 81092",Resident 1174,A-20174,2025/06/12,169294,gal,,R1,
M-1175,"1325 Sand Creek Rd, Wiley, CO 81092",Resident 1175,A-20175,2025/06/12,238843,gal,,R2,
M-1176,"1332 Prairie View, Wiley, CO 81092",Resident 1176,A-20176,2025/06/12,159475,gal,,R3,
M-1177,"1339 School House Rd, Wiley, CO 81092",Resident 1177,A-20177,2025/06/12,234105,gal,,R4,
M-1178,"1346 Cemetery Rd, Wiley, CO 81092",Resident 1178,A-20178,2025/06/12,360328,gal,,R5,
M-1179,"1353 Grain Elevator Rd, Wiley, CO 81092",Resident 1179,A-20179,2025/06/12,111946,gal,,R6,
M-1180,"1360 Main St, Wiley, CO 81092",Resident 1180,A-20180,2025/06/12,211477,gal,,R1,
M-1181,"1367 County Rd 10, Wiley, CO 81092",Resident 1181,A-20181,2025/06/12,316681,gal,,R2,
M-1182,"1374 County Rd 14, Wiley, CO 81092",Resident 1182,A-20182,2025/06/12,307356,gal,,R3,
M-1183,"1381 Highway 287, Wiley, CO 81092",Resident 1183,A-20183,2025/06/12,251452,gal,,R4,
M-1184,"1388 Maple Ave, Wiley, CO 81092",Resident 1184,A-20184,2025/06/12,223802,gal,,R5,
M-1185,"1395 Oak St, Wiley, CO 81092",Resident 1185,A-20185,2025/06/12,214360,gal,,R6,
M-1186,"1402 Elm St, Wiley, CO 81092",Resident 1186,A-20186,2025/06/12,157974,gal,,R1,
M-1187,"1409 3rd Ave, Wiley, CO 81092",Resident 1187,A-20187,2025/06/12,334796,gal,,R2,
M-1188,"1416 5th St, Wiley, CO 81092",Resident 1188,A-20188,2025/06/12,138083,gal,,R3,
M-1189,"1423 Ranch Rd, Wiley, CO 81092",Resident 1189,A-20189,2025/06/12,374824,gal,,R4,
M-1190,"1430 Irrigation Ln, Wiley, CO 81092",Resident 1190,A-20190,2025/06/12,208713,gal,,R5,
M-1191,"1437 North Frontage, Wiley, CO 81092",Resident 1191,A-20191,2025/06/12,190785,gal,,R6,
M-1192,"1444 South Loop, Wiley, CO 81092",Resident 1192,A-20192,2025/06/12,349659,gal,,R1,
M-1193,"1451 Pioneer Rd, Wiley, CO 81092",Resident 1193,A-20193,2025/06/12,324958,gal,,R2,
M-1194,"1458 Cottonwood Dr, Wiley, CO 81092",Resident 1194,A-20194,2025/06/12,249535,gal,,R3,
M-1195,"1465 Sand Creek Rd, Wiley, CO 81092",Resident 1195,A-20195,2025/06/12,244051,gal,,R4,
M-1196,"1472 Prairie View, Wiley, CO 81092",Resident 1196,A-20196,2025/06/12,240514,gal,,R5,
M-1197,"1479 School House Rd, Wiley, CO 81092",Resident 1197,A-20197,2025/06/12,87301,gal,,R6,
M-1198,"1486 Cemetery Rd, Wiley, CO 81092",Resident 1198,A-20198,2025/06/12,476825,gal,,R1,
M-1199,"1493 Grain Elevator Rd, Wiley, CO 81092",Resident 1199,A-20199,2025/06/12,206407,gal,,R2,
M-1200,"1500 Main St, Wiley, CO 81092",Resident 1200,A-20200,2025/06/12,325833,gal,,R3,
M-1201,"1507 County Rd 10, Wiley, CO 81092",Resident 1201,A-20201,2025/06/12,247790,gal,,R4,
M-1202,"1514 County Rd 14, Wiley, CO 81092",Resident 1202,A-20202,2025/06/12,229733,gal,,R5,
M-1203,"1521 Highway 287, Wiley, CO 81092",Resident 1203,A-20203,2025/06/12,142469,gal,,R6,
M-1204,"1528 Maple Ave, Wiley, CO 81092",Resident 1204,A-20204,2025/06/12,246073,gal,,R1,
M-1205,"1535 Oak St, Wiley, CO 81092",Resident 1205,A-20205,2025/06/12,280582,gal,,R2,
M-1206,"1542 Elm St, Wiley, CO 81092",Resident 1206,A-20206,2025/06/12,415316,gal,,R3,
M-1207,"1549 3rd Ave, Wiley, CO 81092",Resident 1207,A-20207,2025/06/12,365026,gal,,R4,
M-1208,"1556 5th St, Wiley, CO 81092",Resident 1208,A-20208,2025/06/12,333844,gal,,R5,
M-1209,"1563 Ranch Rd, Wiley, CO 81092",Resident 1209,A-20209,2025/06/12,361471,gal,,R6,
M-1210,"1570 Irrigation Ln, Wiley, CO 81092",Resident 1210,A-20210,2025/06/12,255799,gal,,R1,
M-1211,"1577 North Frontage, Wiley, CO 81092",Resident 1211,A-20211,2025/06/12,157771,gal,,R2,
M-1212,"1584 South Loop, Wiley, CO 81092",Resident 1212,A-20212,2025/06/12,182001,gal,,R3,
M-1213,"1591 Pioneer Rd, Wiley, CO 81092",Resident 1213,A-20213,2025/06/12,217338,gal,,R4,
M-1214,"1598 Cottonwood Dr, Wiley, CO 81092",Resident 1214,A-20214,2025/06/12,234993,gal,,R5,
M-1215,"1605 Sand Creek Rd, Wiley, CO 81092",Resident 1215,A-20215,2025/06/12,425814,gal,,R6,
M-1216,"1612 Prairie View, Wiley, CO 81092",Resident 1216,A-20216,2025/06/12,277793,gal,,R1,
M-1217,"1619 School House Rd, Wiley, CO 81092",Resident 1217,A-20217,2025/06/12,105521,gal,,R2,
M-1218,"1626 Cemetery Rd, Wiley, CO 81092",Resident 1218,A-20218,2025/06/12,141106,gal,,R3,
M-1219,"1633 Grain Elevator Rd, Wiley, CO 81092",Resident 1219,A-20219,2025/06/12,443889,gal,,R4,
M-1220,"1640 Main St, Wiley, CO 81092",Resident 1220,A-20220,2025/06/12,342946,gal,,R5,
M-1221,"1647 County Rd 10, Wiley, CO 81092",Resident 1221,A-20221,2025/06/12,304689,gal,,R6,
M-1222,"1654 County Rd 14, Wiley, CO 81092",Resident 1222,A-20222,2025/06/12,253336,gal,,R1,
M-1223,"1661 Highway 287, Wiley, CO 81092",Resident 1223,A-20223,2025/06/12,326550,gal,,R2,
M-1224,"1668 Maple Ave, Wiley, CO 81092",Resident 1224,A-20224,2025/06/12,441165,gal,,R3,
M-1225,"1675 Oak St, Wiley, CO 81092",Resident 1225,A-20225,2025/06/12,396580,gal,,R4,
M-1226,"1682 Elm St, Wiley, CO 81092",Resident 1226,A-20226,2025/06/12,172157,gal,,R5,
M-1227,"1689 3rd Ave, Wiley, CO 81092",Resident 1227,A-20227,2025/06/12,294375,gal,,R6,
M-1228,"1696 5th St, Wiley, CO 81092",Resident 1228,A-20228,2025/06/12,427896,gal,,R1,
M-1229,"1703 Ranch Rd, Wiley, CO 81092",Resident 1229,A-20229,2025/06/12,244112,gal,,R2,
M-1230,"1710 Irrigation Ln, Wiley, CO 81092",Resident 1230,A-20230,2025/06/12,274394,gal,,R3,
M-1231,"1717 North Frontage, Wiley, CO 81092",Resident 1231,A-20231,2025/06/12,159555,gal,,R4,
M-1232,"1724 South Loop, Wiley, CO 81092",Resident 1232,A-20232,2025/06/12,321273,gal,,R5,
M-1233,"1731 Pioneer Rd, Wiley, CO 81092",Resident 1233,A-20233,2025/06/12,138425,gal,,R6,
M-1234,"1738 Cottonwood Dr, Wiley, CO 81092",Resident 1234,A-20234,2025/06/12,374738,gal,,R1,
M-1235,"1745 Sand Creek Rd, Wiley, CO 81092",Resident 1235,A-20235,2025/06/12,394287,gal,,R2,
M-1236,"1752 Prairie View, Wiley, CO 81092",Resident 1236,A-20236,2025/06/12,239295,gal,,R3,
M-1237,"1759 School House Rd, Wiley, CO 81092",Resident 1237,A-20237,2025/06/12,326808,gal,,R4,
M-1238,"1766 Cemetery Rd, Wiley, CO 81092",Resident 1238,A-20238,2025/06/12,334590,gal,,R5,
M-1239,"1773 Grain Elevator Rd, Wiley, CO 81092",Resident 1239,A-20239,2025/06/12,149451,gal,,R6,
M-1240,"1780 Main St, Wiley, CO 81092",Resident 1240,A-20240,2025/06/12,471530,gal,,R1,
M-1241,"1787 County Rd 10, Wiley, CO 81092",Resident 1241,A-20241,2025/06/12,288015,gal,,R2,
M-1242,"1794 County Rd 14, Wiley, CO 81092",Resident 1242,A-20242,2025/06/12,412281,gal,,R3,
M-1243,"1801 Highway 287, Wiley, CO 81092",Resident 1243,A-20243,2025/06/12,261241,gal,,R4,
M-1244,"1808 Maple Ave, Wiley, CO 81092",Resident 1244,A-20244,2025/06/12,628615,gal,,R5,
M-1245,"1815 Oak St, Wiley, CO 81092",Resident 1245,A-20245,2025/06/12,144244,gal,,R6,
M-1246,"1822 Elm St, Wiley, CO 81092",Resident 1246,A-20246,2025/06/12,261804,gal,,R1,
M-1247,"1829 3rd Ave, Wiley, CO 81092",Resident 1247,A-20247,2025/06/12,342262,gal,,R2,
M-1248,"1836 5th St, Wiley, CO 81092",Resident 1248,A-20248,2025/06/12,292356,gal,,R3,
M-1249,"1843 Ranch Rd, Wiley, CO 81092",Resident 1249,A-20249,2025/06/12,474552,gal,,R4,
M-1250,"1850 Irrigation Ln, Wiley, CO 81092",Resident 1250,A-20250,2025/06/12,308807,gal,,R5,
M-1251,"1857 North Frontage, Wiley, CO 81092",Resident 1251,A-20251,2025/06/12,297720,gal,,R6,
M-1252,"1864 South Loop, Wiley, CO 81092",Resident 1252,A-20252,2025/06/12,305991,gal,,R1,
M-1253,"1871 Pioneer Rd, Wiley, CO 81092",Resident 1253,A-20253,2025/06/12,230474,gal,,R2,
M-1254,"1878 Cottonwood Dr, Wiley, CO 81092",Resident 1254,A-20254,2025/06/12,371963,gal,,R3,
M-1255,"1885 Sand Creek Rd, Wiley, CO 81092",Resident 1255,A-20255,2025/06/12,206390,gal,,R4,
M-1256,"1892 Prairie View, Wiley, CO 81092",Resident 1256,A-20256,2025/06/12,234159,gal,,R5,
M-1257,"1899 School House Rd, Wiley, CO 81092",Resident 1257,A-20257,2025/06/12,299020,gal,,R6,
M-1258,"1906 Cemetery Rd, Wiley, CO 81092",Resident 1258,A-20258,2025/06/12,443762,gal,,R1,
M-1259,"1913 Grain Elevator Rd, Wiley, CO 81092",Resident 1259,A-20259,2025/06/12,279092,gal,,R2,
M-1260,"1920 Main St, Wiley, CO 81092",Resident 1260,A-20260,2025/06/12,169239,gal,,R3,
M-1261,"1927 County Rd 10, Wiley, CO 81092",Resident 1261,A-20261,2025/06/12,423786,gal,,R4,
M-1262,"1934 County Rd 14, Wiley, CO 81092",Resident 1262,A-20262,2025/06/12,378831,gal,,R5,
M-1263,"1941 Highway 287, Wiley, CO 81092",Resident 1263,A-20263,2025/06/12,276529,gal,,R6,
M-1264,"1948 Maple Ave, Wiley, CO 81092",Resident 1264,A-20264,2025/06/12,306883,gal,,R1,
M-1265,"1955 Oak St, Wiley, CO 81092",Resident 1265,A-20265,2025/06/12,385320,gal,,R2,
M-1266,"1962 Elm St, Wiley, CO 81092",Resident 1266,A-20266,2025/06/12,133554,gal,,R3,
M-1267,"1969 3rd Ave, Wiley, CO 81092",Resident 1267,A-20267,2025/06/12,274486,gal,,R4,
M-1268,"1976 5th St, Wiley, CO 81092",Resident 1268,A-20268,2025/06/12,244984,gal,,R5,
M-1269,"1983 Ranch Rd, Wiley, CO 81092",Resident 1269,A-20269,2025/06/12,236397,gal,,R6,
M-1270,"1990 Irrigation Ln, Wiley, CO 81092",Resident 1270,A-20270,2025/06/12,311585,gal,,R1,
M-1271,"1997 North Frontage, Wiley, CO 81092",Resident 1271,A-20271,2025/06/12,443316,gal,,R2,
M-1272,"2004 South Loop, Wiley, CO 81092",Resident 1272,A-20272,2025/06/12,441774,gal,,R3,
M-1273,"2011 Pioneer Rd, Wiley, CO 81092",Resident 1273,A-20273,2025/06/12,468499,gal,,R4,
M-1274,"2018 Cottonwood Dr, Wiley, CO 81092",Resident 1274,A-20274,2025/06/12,284602,gal,,R5,
M-1275,"2025 Sand Creek Rd, Wiley, CO 81092",Resident 1275,A-20275,2025/06/12,341032,gal,,R6,
M-1276,"2032 Prairie View, Wiley, CO 81092",Resident 1276,A-20276,2025/06/12,352025,gal,,R1,
M-1277,"2039 School House Rd, Wiley, CO 81092",Resident 1277,A-20277,2025/06/12,343813,gal,,R2,
M-1278,"2046 Cemetery Rd, Wiley, CO 81092",Resident 1278,A-20278,2025/06/12,202842,gal,,R3,
M-1279,"2053 Grain Elevator Rd, Wiley, CO 81092",Resident 1279,A-20279,2025/06/12,350572,gal,,R4,
M-1280,"2060 Main St, Wiley, CO 81092",Resident 1280,A-20280,2025/06/12,331530,gal,,R5,
M-1281,"2067 County Rd 10, Wiley, CO 81092",Resident 1281,A-20281,2025/06/12,224075,gal,,R6,
M-1282,"2074 County Rd 14, Wiley, CO 81092",Resident 1282,A-20282,2025/06/12,459686,gal,,R1,
M-1283,"2081 Highway 287, Wiley, CO 81092",Resident 1283,A-20283,2025/06/12,150480,gal,,R2,
M-1284,"2088 Maple Ave, Wiley, CO 81092",Resident 1284,A-20284,2025/06/12,261299,gal,,R3,
M-1285,"2095 Oak St, Wiley, CO 81092",Resident 1285,A-20285,2025/06/12,381510,gal,,R4,
M-1286,"2102 Elm St, Wiley, CO 81092",Resident 1286,A-20286,2025/06/12,463653,gal,,R5,
M-1287,"2109 3rd Ave, Wiley, CO 81092",Resident 1287,A-20287,2025/06/12,472396,gal,,R6,
M-1288,"2116 5th St, Wiley, CO 81092",Resident 1288,A-20288,2025/06/12,398136,gal,,R1,
M-1289,"2123 Ranch Rd, Wiley, CO 81092",Resident 1289,A-20289,2025/06/12,309980,gal,,R2,
M-1290,"2130 Irrigation Ln, Wiley, CO 81092",Resident 1290,A-20290,2025/06/12,178121,gal,,R3,
M-1291,"2137 North Frontage, Wiley, CO 81092",Resident 1291,A-20291,2025/06/12,254582,gal,,R4,
M-1292,"2144 South Loop, Wiley, CO 81092",Resident 1292,A-20292,2025/06/12,243776,gal,,R5,
M-1293,"2151 Pioneer Rd, Wiley, CO 81092",Resident 1293,A-20293,2025/06/12,197080,gal,,R6,
M-1294,"2158 Cottonwood Dr, Wiley, CO 81092",Resident 1294,A-20294,2025/06/12,214058,gal,,R1,
M-1295,"2165 Sand Creek Rd, Wiley, CO 81092",Resident 1295,A-20295,2025/06/12,219112,gal,,R2,
M-1296,"2172 Prairie View, Wiley, CO 81092",Resident 1296,A-20296,2025/06/12,118178,gal,,R3,
M-1297,"2179 School House Rd, Wiley, CO 81092",Resident 1297,A-20297,2025/06/12,109044,gal,,R4,
M-1298,"2186 Cemetery Rd, Wiley, CO 81092",Resident 1298,A-20298,2025/06/12,223742,gal,,R5,
M-1299,"2193 Grain Elevator Rd, Wiley, CO 81092",Resident 1299,A-20299,2025/06/12,339578,gal,,R6,
M-1300,"2200 Main St, Wiley, CO 81092",Resident 1300,A-20300,2025/06/12,412359,gal,,R1,
M-1001,"107 County Rd 10, Wiley, CO 81092",Resident 1001,A-20001,2025/07/13,418040,gal,,R2,
M-1002,"114 County Rd 14, Wiley, CO 81092",Resident 1002,A-20002,2025/07/13,323951,gal,,R3,
M-1003,"121 Highway 287, Wiley, CO 81092",Resident 1003,A-20003,2025/07/13,153199,gal,,R4,
M-1004,"128 Maple Ave, Wiley, CO 81092",Resident 1004,A-20004,2025/07/13,375747,gal,,R5,
M-1005,"135 Oak St, Wiley, CO 81092",Resident 1005,A-20005,2025/07/13,201369,gal,,R6,
M-1006,"142 Elm St, Wiley, CO 81092",Resident 1006,A-20006,2025/07/13,247355,gal,,R1,
M-1007,"149 3rd Ave, Wiley, CO 81092",Resident 1007,A-20007,2025/07/13,342323,gal,,R2,
M-1008,"156 5th St, Wiley, CO 81092",Resident 1008,A-20008,2025/07/13,220919,gal,,R3,
M-1009,"163 Ranch Rd, Wiley, CO 81092",Resident 1009,A-20009,2025/07/13,190653,gal,,R4,
M-1010,"170 Irrigation Ln, Wiley, CO 81092",Resident 1010,A-20010,2025/07/13,319240,gal,,R5,
M-1011,"177 North Frontage, Wiley, CO 81092",Resident 1011,A-20011,2025/07/13,431599,gal,,R6,
M-1012,"184 South Loop, Wiley, CO 81092",Resident 1012,A-20012,2025/07/13,204620,gal,,R1,
M-1013,"191 Pioneer Rd, Wiley, CO 81092",Resident 1013,A-20013,2025/07/13,155995,gal,,R2,
M-1014,"198 Cottonwood Dr, Wiley, CO 81092",Resident 1014,A-20014,2025/07/13,427919,gal,,R3,
M-1015,"205 Sand Creek Rd, Wiley, CO 81092",Resident 1015,A-20015,2025/07/13,419620,gal,,R4,
M-1016,"212 Prairie View, Wiley, CO 81092",Resident 1016,A-20016,2025/07/13,128440,gal,,R5,
M-1017,"219 School House Rd, Wiley, CO 81092",Resident 1017,A-20017,2025/07/13,127901,gal,,R6,
M-1018,"226 Cemetery Rd, Wiley, CO 81092",Resident 1018,A-20018,2025/07/13,204859,gal,,R1,
M-1019,"233 Grain Elevator Rd, Wiley, CO 81092",Resident 1019,A-20019,2025/07/13,172075,gal,,R2,
M-1020,"240 Main St, Wiley, CO 81092",Resident 1020,A-20020,2025/07/13,309720,gal,,R3,
M-1021,"247 County Rd 10, Wiley, CO 81092",Resident 1021,A-20021,2025/07/13,357027,gal,,R4,
M-1022,"254 County Rd 14, Wiley, CO 81092",Resident 1022,A-20022,2025/07/13,377805,gal,,R5,
M-1023,"261 Highway 287, Wiley, CO 81092",Resident 1023,A-20023,2025/07/13,249118,gal,,R6,
M-1024,"268 Maple Ave, Wiley, CO 81092",Resident 1024,A-20024,2025/07/13,292199,gal,,R1,
M-1025,"275 Oak St, Wiley, CO 81092",Resident 1025,A-20025,2025/07/13,166373,gal,,R2,
M-1026,"282 Elm St, Wiley, CO 81092",Resident 1026,A-20026,2025/07/13,185484,gal,,R3,
M-1027,"289 3rd Ave, Wiley, CO 81092",Resident 1027,A-20027,2025/07/13,347557,gal,,R4,
M-1028,"296 5th St, Wiley, CO 81092",Resident 1028,A-20028,2025/07/13,144308,gal,,R5,
M-1029,"303 Ranch Rd, Wiley, CO 81092",Resident 1029,A-20029,2025/07/13,351016,gal,,R6,
M-1030,"310 Irrigation Ln, Wiley, CO 81092",Resident 1030,A-20030,2025/07/13,271658,gal,,R1,
M-1031,"317 North Frontage, Wiley, CO 81092",Resident 1031,A-20031,2025/07/13,361470,gal,,R2,
M-1032,"324 South Loop, Wiley, CO 81092",Resident 1032,A-20032,2025/07/13,248193,gal,,R3,
M-1033,"331 Pioneer Rd, Wiley, CO 81092",Resident 1033,A-20033,2025/07/13,582498,gal,,R4,
M-1034,"338 Cottonwood Dr, Wiley, CO 81092",Resident 1034,A-20034,2025/07/13,431453,gal,,R5,
M-1035,"345 Sand Creek Rd, Wiley, CO 81092",Resident 1035,A-20035,2025/07/13,452430,gal,,R6,
M-1036,"352 Prairie View, Wiley, CO 81092",Resident 1036,A-20036,2025/07/13,333118,gal,,R1,
M-1037,"359 School House Rd, Wiley, CO 81092",Resident 1037,A-20037,2025/07/13,238583,gal,,R2,
M-1038,"366 Cemetery Rd, Wiley, CO 81092",Resident 1038,A-20038,2025/07/13,192910,gal,,R3,
M-1039,"373 Grain Elevator Rd, Wiley, CO 81092",Resident 1039,A-20039,2025/07/13,303666,gal,,R4,
M-1040,"380 Main St, Wiley, CO 81092",Resident 1040,A-20040,2025/07/13,231867,gal,,R5,
M-1041,"387 County Rd 10, Wiley, CO 81092",Resident 1041,A-20041,2025/07/13,144285,gal,,R6,
M-1042,"394 County Rd 14, Wiley, CO 81092",Resident 1042,A-20042,2025/07/13,406585,gal,,R1,
M-1043,"401 Highway 287, Wiley, CO 81092",Resident 1043,A-20043,2025/07/13,376470,gal,,R2,
M-1044,"408 Maple Ave, Wiley, CO 81092",Resident 1044,A-20044,2025/07/13,130076,gal,,R3,
M-1045,"415 Oak St, Wiley, CO 81092",Resident 1045,A-20045,2025/07/13,318412,gal,,R4,
M-1046,"422 Elm St, Wiley, CO 81092",Resident 1046,A-20046,2025/07/13,138364,gal,,R5,
M-1047,"429 3rd Ave, Wiley, CO 81092",Resident 1047,A-20047,2025/07/13,113807,gal,,R6,
M-1048,"436 5th St, Wiley, CO 81092",Resident 1048,A-20048,2025/07/13,392245,gal,,R1,
M-1049,"443 Ranch Rd, Wiley, CO 81092",Resident 1049,A-20049,2025/07/13,365147,gal,,R2,
M-1050,"450 Irrigation Ln, Wiley, CO 81092",Resident 1050,A-20050,2025/07/13,350524,gal,,R3,
M-1051,"457 North Frontage, Wiley, CO 81092",Resident 1051,A-20051,2025/07/13,390480,gal,,R4,
M-1052,"464 South Loop, Wiley, CO 81092",Resident 1052,A-20052,2025/07/13,196446,gal,,R5,
M-1053,"471 Pioneer Rd, Wiley, CO 81092",Resident 1053,A-20053,2025/07/13,169091,gal,,R6,
M-1054,"478 Cottonwood Dr, Wiley, CO 81092",Resident 1054,A-20054,2025/07/13,371766,gal,,R1,
M-1055,"485 Sand Creek Rd, Wiley, CO 81092",Resident 1055,A-20055,2025/07/13,117628,gal,,R2,
M-1056,"492 Prairie View, Wiley, CO 81092",Resident 1056,A-20056,2025/07/13,245814,gal,,R3,
M-1057,"499 School House Rd, Wiley, CO 81092",Resident 1057,A-20057,2025/07/13,158733,gal,,R4,
M-1058,"506 Cemetery Rd, Wiley, CO 81092",Resident 1058,A-20058,2025/07/13,442616,gal,,R5,
M-1059,"513 Grain Elevator Rd, Wiley, CO 81092",Resident 1059,A-20059,2025/07/13,126601,gal,,R6,
M-1060,"520 Main St, Wiley, CO 81092",Resident 1060,A-20060,2025/07/13,241391,gal,,R1,
M-1061,"527 County Rd 10, Wiley, CO 81092",Resident 1061,A-20061,2025/07/13,297303,gal,,R2,
M-1062,"534 County Rd 14, Wiley, CO 81092",Resident 1062,A-20062,2025/07/13,195142,gal,,R3,
M-1063,"541 Highway 287, Wiley, CO 81092",Resident 1063,A-20063,2025/07/13,405208,gal,,R4,
M-1064,"548 Maple Ave, Wiley, CO 81092",Resident 1064,A-20064,2025/07/13,269708,gal,,R5,
M-1065,"555 Oak St, Wiley, CO 81092",Resident 1065,A-20065,2025/07/13,442189,gal,,R6,
M-1066,"562 Elm St, Wiley, CO 81092",Resident 1066,A-20066,2025/07/13,428106,gal,,R1,
M-1067,"569 3rd Ave, Wiley, CO 81092",Resident 1067,A-20067,2025/07/13,156867,gal,,R2,
M-1068,"576 5th St, Wiley, CO 81092",Resident 1068,A-20068,2025/07/13,420983,gal,,R3,
M-1069,"583 Ranch Rd, Wiley, CO 81092",Resident 1069,A-20069,2025/07/13,192649,gal,,R4,
M-1070,"590 Irrigation Ln, Wiley, CO 81092",Resident 1070,A-20070,2025/07/13,303781,gal,,R5,
M-1071,"597 North Frontage, Wiley, CO 81092",Resident 1071,A-20071,2025/07/13,425839,gal,,R6,
M-1072,"604 South Loop, Wiley, CO 81092",Resident 1072,A-20072,2025/07/13,451795,gal,,R1,
M-1073,"611 Pioneer Rd, Wiley, CO 81092",Resident 1073,A-20073,2025/07/13,397532,gal,,R2,
M-1074,"618 Cottonwood Dr, Wiley, CO 81092",Resident 1074,A-20074,2025/07/13,380326,gal,,R3,
M-1075,"625 Sand Creek Rd, Wiley, CO 81092",Resident 1075,A-20075,2025/07/13,250443,gal,,R4,
M-1076,"632 Prairie View, Wiley, CO 81092",Resident 1076,A-20076,2025/07/13,236180,gal,,R5,
M-1077,"639 School House Rd, Wiley, CO 81092",Resident 1077,A-20077,2025/07/13,194297,gal,,R6,
M-1078,"646 Cemetery Rd, Wiley, CO 81092",Resident 1078,A-20078,2025/07/13,283185,gal,,R1,
M-1079,"653 Grain Elevator Rd, Wiley, CO 81092",Resident 1079,A-20079,2025/07/13,232932,gal,,R2,
M-1080,"660 Main St, Wiley, CO 81092",Resident 1080,A-20080,2025/07/13,259883,gal,,R3,
M-1081,"667 County Rd 10, Wiley, CO 81092",Resident 1081,A-20081,2025/07/13,350024,gal,,R4,
M-1082,"674 County Rd 14, Wiley, CO 81092",Resident 1082,A-20082,2025/07/13,181689,gal,,R5,
M-1083,"681 Highway 287, Wiley, CO 81092",Resident 1083,A-20083,2025/07/13,432277,gal,,R6,
M-1084,"688 Maple Ave, Wiley, CO 81092",Resident 1084,A-20084,2025/07/13,271862,gal,,R1,
M-1085,"695 Oak St, Wiley, CO 81092",Resident 1085,A-20085,2025/07/13,352915,gal,,R2,
M-1086,"702 Elm St, Wiley, CO 81092",Resident 1086,A-20086,2025/07/13,265962,gal,,R3,
M-1087,"709 3rd Ave, Wiley, CO 81092",Resident 1087,A-20087,2025/07/13,181972,gal,,R4,
M-1088,"716 5th St, Wiley, CO 81092",Resident 1088,A-20088,2025/07/13,108318,gal,,R5,
M-1089,"723 Ranch Rd, Wiley, CO 81092",Resident 1089,A-20089,2025/07/13,532275,gal,,R6,
M-1090,"730 Irrigation Ln, Wiley, CO 81092",Resident 1090,A-20090,2025/07/13,463336,gal,,R1,
M-1091,"737 North Frontage, Wiley, CO 81092",Resident 1091,A-20091,2025/07/13,433451,gal,,R2,
M-1092,"744 South Loop, Wiley, CO 81092",Resident 1092,A-20092,2025/07/13,148188,gal,,R3,
M-1093,"751 Pioneer Rd, Wiley, CO 81092",Resident 1093,A-20093,2025/07/13,170155,gal,,R4,
M-1094,"758 Cottonwood Dr, Wiley, CO 81092",Resident 1094,A-20094,2025/07/13,430412,gal,,R5,
M-1095,"765 Sand Creek Rd, Wiley, CO 81092",Resident 1095,A-20095,2025/07/13,215788,gal,,R6,
M-1096,"772 Prairie View, Wiley, CO 81092",Resident 1096,A-20096,2025/07/13,360448,gal,,R1,
M-1097,"779 School House Rd, Wiley, CO 81092",Resident 1097,A-20097,2025/07/13,262538,gal,,R2,
M-1098,"786 Cemetery Rd, Wiley, CO 81092",Resident 1098,A-20098,2025/07/13,185331,gal,,R3,
M-1099,"793 Grain Elevator Rd, Wiley, CO 81092",Resident 1099,A-20099,2025/07/13,288607,gal,,R4,
M-1100,"800 Main St, Wiley, CO 81092",Resident 1100,A-20100,2025/07/13,175281,gal,,R5,
M-1101,"807 County Rd 10, Wiley, CO 81092",Resident 1101,A-20101,2025/07/13,271900,gal,,R6,
M-1102,"814 County Rd 14, Wiley, CO 81092",Resident 1102,A-20102,2025/07/13,330099,gal,,R1,
M-1103,"821 Highway 287, Wiley, CO 81092",Resident 1103,A-20103,2025/07/13,251391,gal,,R2,
M-1104,"828 Maple Ave, Wiley, CO 81092",Resident 1104,A-20104,2025/07/13,226577,gal,,R3,
M-1105,"835 Oak St, Wiley, CO 81092",Resident 1105,A-20105,2025/07/13,339505,gal,,R4,
M-1106,"842 Elm St, Wiley, CO 81092",Resident 1106,A-20106,2025/07/13,440566,gal,,R5,
M-1107,"849 3rd Ave, Wiley, CO 81092",Resident 1107,A-20107,2025/07/13,242526,gal,,R6,
M-1108,"856 5th St, Wiley, CO 81092",Resident 1108,A-20108,2025/07/13,421759,gal,,R1,
M-1109,"863 Ranch Rd, Wiley, CO 81092",Resident 1109,A-20109,2025/07/13,425101,gal,,R2,
M-1110,"870 Irrigation Ln, Wiley, CO 81092",Resident 1110,A-20110,2025/07/13,389202,gal,,R3,
M-1111,"877 North Frontage, Wiley, CO 81092",Resident 1111,A-20111,2025/07/13,120859,gal,,R4,
M-1112,"884 South Loop, Wiley, CO 81092",Resident 1112,A-20112,2025/07/13,392070,gal,,R5,
M-1113,"891 Pioneer Rd, Wiley, CO 81092",Resident 1113,A-20113,2025/07/13,241331,gal,,R6,
M-1114,"898 Cottonwood Dr, Wiley, CO 81092",Resident 1114,A-20114,2025/07/13,446501,gal,,R1,
M-1115,"905 Sand Creek Rd, Wiley, CO 81092",Resident 1115,A-20115,2025/07/13,188568,gal,,R2,
M-1116,"912 Prairie View, Wiley, CO 81092",Resident 1116,A-20116,2025/07/13,216568,gal,,R3,
M-1117,"919 School House Rd, Wiley, CO 81092",Resident 1117,A-20117,2025/07/13,250057,gal,,R4,
M-1118,"926 Cemetery Rd, Wiley, CO 81092",Resident 1118,A-20118,2025/07/13,159900,gal,,R5,
M-1119,"933 Grain Elevator Rd, Wiley, CO 81092",Resident 1119,A-20119,2025/07/13,199273,gal,,R6,
M-1120,"940 Main St, Wiley, CO 81092",Resident 1120,A-20120,2025/07/13,414363,gal,,R1,
M-1121,"947 County Rd 10, Wiley, CO 81092",Resident 1121,A-20121,2025/07/13,197038,gal,,R2,
M-1122,"954 County Rd 14, Wiley, CO 81092",Resident 1122,A-20122,2025/07/13,287227,gal,,R3,
M-1123,"961 Highway 287, Wiley, CO 81092",Resident 1123,A-20123,2025/07/13,272137,gal,,R4,
M-1124,"968 Maple Ave, Wiley, CO 81092",Resident 1124,A-20124,2025/07/13,409455,gal,,R5,
M-1125,"975 Oak St, Wiley, CO 81092",Resident 1125,A-20125,2025/07/13,213166,gal,,R6,
M-1126,"982 Elm St, Wiley, CO 81092",Resident 1126,A-20126,2025/07/13,270536,gal,,R1,
M-1127,"989 3rd Ave, Wiley, CO 81092",Resident 1127,A-20127,2025/07/13,209418,gal,,R2,
M-1128,"996 5th St, Wiley, CO 81092",Resident 1128,A-20128,2025/07/13,489385,gal,,R3,
M-1129,"1003 Ranch Rd, Wiley, CO 81092",Resident 1129,A-20129,2025/07/13,272737,gal,,R4,
M-1130,"1010 Irrigation Ln, Wiley, CO 81092",Resident 1130,A-20130,2025/07/13,398050,gal,,R5,
M-1131,"1017 North Frontage, Wiley, CO 81092",Resident 1131,A-20131,2025/07/13,359279,gal,,R6,
M-1132,"1024 South Loop, Wiley, CO 81092",Resident 1132,A-20132,2025/07/13,284719,gal,,R1,
M-1133,"1031 Pioneer Rd, Wiley, CO 81092",Resident 1133,A-20133,2025/07/13,160420,gal,,R2,
M-1134,"1038 Cottonwood Dr, Wiley, CO 81092",Resident 1134,A-20134,2025/07/13,166375,gal,,R3,
M-1135,"1045 Sand Creek Rd, Wiley, CO 81092",Resident 1135,A-20135,2025/07/13,466129,gal,,R4,
M-1136,"1052 Prairie View, Wiley, CO 81092",Resident 1136,A-20136,2025/07/13,341605,gal,,R5,
M-1137,"1059 School House Rd, Wiley, CO 81092",Resident 1137,A-20137,2025/07/13,261651,gal,,R6,
M-1138,"1066 Cemetery Rd, Wiley, CO 81092",Resident 1138,A-20138,2025/07/13,125101,gal,,R1,
M-1139,"1073 Grain Elevator Rd, Wiley, CO 81092",Resident 1139,A-20139,2025/07/13,92302,gal,,R2,
M-1140,"1080 Main St, Wiley, CO 81092",Resident 1140,A-20140,2025/07/13,302791,gal,,R3,
M-1141,"1087 County Rd 10, Wiley, CO 81092",Resident 1141,A-20141,2025/07/13,198267,gal,,R4,
M-1142,"1094 County Rd 14, Wiley, CO 81092",Resident 1142,A-20142,2025/07/13,419797,gal,,R5,
M-1143,"1101 Highway 287, Wiley, CO 81092",Resident 1143,A-20143,2025/07/13,291338,gal,,R6,
M-1144,"1108 Maple Ave, Wiley, CO 81092",Resident 1144,A-20144,2025/07/13,166454,gal,,R1,
M-1145,"1115 Oak St, Wiley, CO 81092",Resident 1145,A-20145,2025/07/13,321467,gal,,R2,
M-1146,"1122 Elm St, Wiley, CO 81092",Resident 1146,A-20146,2025/07/13,380838,gal,,R3,
M-1147,"1129 3rd Ave, Wiley, CO 81092",Resident 1147,A-20147,2025/07/13,367047,gal,,R4,
M-1148,"1136 5th St, Wiley, CO 81092",Resident 1148,A-20148,2025/07/13,387485,gal,,R5,
M-1149,"1143 Ranch Rd, Wiley, CO 81092",Resident 1149,A-20149,2025/07/13,151155,gal,,R6,
M-1150,"1150 Irrigation Ln, Wiley, CO 81092",Resident 1150,A-20150,2025/07/13,180593,gal,,R1,
M-1151,"1157 North Frontage, Wiley, CO 81092",Resident 1151,A-20151,2025/07/13,175973,gal,,R2,
M-1152,"1164 South Loop, Wiley, CO 81092",Resident 1152,A-20152,2025/07/13,162357,gal,,R3,
M-1153,"1171 Pioneer Rd, Wiley, CO 81092",Resident 1153,A-20153,2025/07/13,403668,gal,,R4,
M-1154,"1178 Cottonwood Dr, Wiley, CO 81092",Resident 1154,A-20154,2025/07/13,136851,gal,,R5,
M-1155,"1185 Sand Creek Rd, Wiley, CO 81092",Resident 1155,A-20155,2025/07/13,328711,gal,,R6,
M-1156,"1192 Prairie View, Wiley, CO 81092",Resident 1156,A-20156,2025/07/13,669716,gal,,R1,
M-1157,"1199 School House Rd, Wiley, CO 81092",Resident 1157,A-20157,2025/07/13,420717,gal,,R2,
M-1158,"1206 Cemetery Rd, Wiley, CO 81092",Resident 1158,A-20158,2025/07/13,179059,gal,,R3,
M-1159,"1213 Grain Elevator Rd, Wiley, CO 81092",Resident 1159,A-20159,2025/07/13,357427,gal,,R4,
M-1160,"1220 Main St, Wiley, CO 81092",Resident 1160,A-20160,2025/07/13,144787,gal,,R5,
M-1161,"1227 County Rd 10, Wiley, CO 81092",Resident 1161,A-20161,2025/07/13,169688,gal,,R6,
M-1162,"1234 County Rd 14, Wiley, CO 81092",Resident 1162,A-20162,2025/07/13,315277,gal,,R1,
M-1163,"1241 Highway 287, Wiley, CO 81092",Resident 1163,A-20163,2025/07/13,281082,gal,,R2,
M-1164,"1248 Maple Ave, Wiley, CO 81092",Resident 1164,A-20164,2025/07/13,165658,gal,,R3,
M-1165,"1255 Oak St, Wiley, CO 81092",Resident 1165,A-20165,2025/07/13,318748,gal,,R4,
M-1166,"1262 Elm St, Wiley, CO 81092",Resident 1166,A-20166,2025/07/13,265345,gal,,R5,
M-1167,"1269 3rd Ave, Wiley, CO 81092",Resident 1167,A-20167,2025/07/13,234522,gal,,R6,
M-1168,"1276 5th St, Wiley, CO 81092",Resident 1168,A-20168,2025/07/13,503379,gal,,R1,
M-1169,"1283 Ranch Rd, Wiley, CO 81092",Resident 1169,A-20169,2025/07/13,195763,gal,,R2,
M-1170,"1290 Irrigation Ln, Wiley, CO 81092",Resident 1170,A-20170,2025/07/13,287426,gal,,R3,
M-1171,"1297 North Frontage, Wiley, CO 81092",Resident 1171,A-20171,2025/07/13,382256,gal,,R4,
M-1172,"1304 South Loop, Wiley, CO 81092",Resident 1172,A-20172,2025/07/13,316467,gal,,R5,
M-1173,"1311 Pioneer Rd, Wiley, CO 81092",Resident 1173,A-20173,2025/07/13,447953,gal,,R6,
M-1174,"1318 Cottonwood Dr, Wiley, CO 81092",Resident 1174,A-20174,2025/07/13,174026,gal,,R1,
M-1175,"1325 Sand Creek Rd, Wiley, CO 81092",Resident 1175,A-20175,2025/07/13,246582,gal,,R2,
M-1176,"1332 Prairie View, Wiley, CO 81092",Resident 1176,A-20176,2025/07/13,162482,gal,,R3,
M-1177,"1339 School House Rd, Wiley, CO 81092",Resident 1177,A-20177,2025/07/13,245594,gal,,R4,
M-1178,"1346 Cemetery Rd, Wiley, CO 81092",Resident 1178,A-20178,2025/07/13,372397,gal,,R5,
M-1179,"1353 Grain Elevator Rd, Wiley, CO 81092",Resident 1179,A-20179,2025/07/13,118368,gal,,R6,
M-1180,"1360 Main St, Wiley, CO 81092",Resident 1180,A-20180,2025/07/13,220272,gal,,R1,
M-1181,"1367 County Rd 10, Wiley, CO 81092",Resident 1181,A-20181,2025/07/13,326934,gal,,R2,
M-1182,"1374 County Rd 14, Wiley, CO 81092",Resident 1182,A-20182,2025/07/13,312322,gal,,R3,
M-1183,"1381 Highway 287, Wiley, CO 81092",Resident 1183,A-20183,2025/07/13,259896,gal,,R4,
M-1184,"1388 Maple Ave, Wiley, CO 81092",Resident 1184,A-20184,2025/07/13,227548,gal,,R5,
M-1185,"1395 Oak St, Wiley, CO 81092",Resident 1185,A-20185,2025/07/13,225575,gal,,R6,
M-1186,"1402 Elm St, Wiley, CO 81092",Resident 1186,A-20186,2025/07/13,164543,gal,,R1,
M-1187,"1409 3rd Ave, Wiley, CO 81092",Resident 1187,A-20187,2025/07/13,346240,gal,,R2,
M-1188,"1416 5th St, Wiley, CO 81092",Resident 1188,A-20188,2025/07/13,147273,gal,,R3,
M-1189,"1423 Ranch Rd, Wiley, CO 81092",Resident 1189,A-20189,2025/07/13,384479,gal,,R4,
M-1190,"1430 Irrigation Ln, Wiley, CO 81092",Resident 1190,A-20190,2025/07/13,213663,gal,,R5,
M-1191,"1437 North Frontage, Wiley, CO 81092",Resident 1191,A-20191,2025/07/13,195052,gal,,R6,
M-1192,"1444 South Loop, Wiley, CO 81092",Resident 1192,A-20192,2025/07/13,356737,gal,,R1,
M-1193,"1451 Pioneer Rd, Wiley, CO 81092",Resident 1193,A-20193,2025/07/13,334864,gal,,R2,
M-1194,"1458 Cottonwood Dr, Wiley, CO 81092",Resident 1194,A-20194,2025/07/13,254104,gal,,R3,
M-1195,"1465 Sand Creek Rd, Wiley, CO 81092",Resident 1195,A-20195,2025/07/13,251759,gal,,R4,
M-1196,"1472 Prairie View, Wiley, CO 81092",Resident 1196,A-20196,2025/07/13,248571,gal,,R5,
M-1197,"1479 School House Rd, Wiley, CO 81092",Resident 1197,A-20197,2025/07/13,90640,gal,,R6,
M-1198,"1486 Cemetery Rd, Wiley, CO 81092",Resident 1198,A-20198,2025/07/13,486018,gal,,R1,
M-1199,"1493 Grain Elevator Rd, Wiley, CO 81092",Resident 1199,A-20199,2025/07/13,212901,gal,,R2,
M-1200,"1500 Main St, Wiley, CO 81092",Resident 1200,A-20200,2025/07/13,334091,gal,,R3,
M-1201,"1507 County Rd 10, Wiley, CO 81092",Resident 1201,A-20201,2025/07/13,250541,gal,,R4,
M-1202,"1514 County Rd 14, Wiley, CO 81092",Resident 1202,A-20202,2025/07/13,234546,gal,,R5,
M-1203,"1521 Highway 287, Wiley, CO 81092",Resident 1203,A-20203,2025/07/13,149083,gal,,R6,
M-1204,"1528 Maple Ave, Wiley, CO 81092",Resident 1204,A-20204,2025/07/13,252833,gal,,R1,
M-1205,"1535 Oak St, Wiley, CO 81092",Resident 1205,A-20205,2025/07/13,286235,gal,,R2,
M-1206,"1542 Elm St, Wiley, CO 81092",Resident 1206,A-20206,2025/07/13,419282,gal,,R3,
M-1207,"1549 3rd Ave, Wiley, CO 81092",Resident 1207,A-20207,2025/07/13,371225,gal,,R4,
M-1208,"1556 5th St, Wiley, CO 81092",Resident 1208,A-20208,2025/07/13,342431,gal,,R5,
M-1209,"1563 Ranch Rd, Wiley, CO 81092",Resident 1209,A-20209,2025/07/13,365362,gal,,R6,
M-1210,"1570 Irrigation Ln, Wiley, CO 81092",Resident 1210,A-20210,2025/07/13,259332,gal,,R1,
M-1211,"1577 North Frontage, Wiley, CO 81092",Resident 1211,A-20211,2025/07/13,169344,gal,,R2,
M-1212,"1584 South Loop, Wiley, CO 81092",Resident 1212,A-20212,2025/07/13,190008,gal,,R3,
M-1213,"1591 Pioneer Rd, Wiley, CO 81092",Resident 1213,A-20213,2025/07/13,221243,gal,,R4,
M-1214,"1598 Cottonwood Dr, Wiley, CO 81092",Resident 1214,A-20214,2025/07/13,247518,gal,,R5,
M-1215,"1605 Sand Creek Rd, Wiley, CO 81092",Resident 1215,A-20215,2025/07/13,434718,gal,,R6,
M-1216,"1612 Prairie View, Wiley, CO 81092",Resident 1216,A-20216,2025/07/13,288807,gal,,R1,
M-1217,"1619 School House Rd, Wiley, CO 81092",Resident 1217,A-20217,2025/07/13,110414,gal,,R2,
M-1218,"1626 Cemetery Rd, Wiley, CO 81092",Resident 1218,A-20218,2025/07/13,145516,gal,,R3,
M-1219,"1633 Grain Elevator Rd, Wiley, CO 81092",Resident 1219,A-20219,2025/07/13,453701,gal,,R4,
M-1220,"1640 Main St, Wiley, CO 81092",Resident 1220,A-20220,2025/07/13,352078,gal,,R5,
M-1221,"1647 County Rd 10, Wiley, CO 81092",Resident 1221,A-20221,2025/07/13,313702,gal,,R6,
M-1222,"1654 County Rd 14, Wiley, CO 81092",Resident 1222,A-20222,2025/07/13,258105,gal,,R1,
M-1223,"1661 Highway 287, Wiley, CO 81092",Resident 1223,A-20223,2025/07/13,332635,gal,,R2,
M-1224,"1668 Maple Ave, Wiley, CO 81092",Resident 1224,A-20224,2025/07/13,449974,gal,,R3,
M-1225,"1675 Oak St, Wiley, CO 81092",Resident 1225,A-20225,2025/07/13,405209,gal,,R4,
M-1226,"1682 Elm St, Wiley, CO 81092",Resident 1226,A-20226,2025/07/13,179038,gal,,R5,
M-1227,"1689 3rd Ave, Wiley, CO 81092",Resident 1227,A-20227,2025/07/13,299013,gal,,R6,
M-1228,"1696 5th St, Wiley, CO 81092",Resident 1228,A-20228,2025/07/13,437213,gal,,R1,
M-1229,"1703 Ranch Rd, Wiley, CO 81092",Resident 1229,A-20229,2025/07/13,254454,gal,,R2,
M-1230,"1710 Irrigation Ln, Wiley, CO 81092",Resident 1230,A-20230,2025/07/13,284398,gal,,R3,
M-1231,"1717 North Frontage, Wiley, CO 81092",Resident 1231,A-20231,2025/07/13,169715,gal,,R4,
M-1232,"1724 South Loop, Wiley, CO 81092",Resident 1232,A-20232,2025/07/13,326805,gal,,R5,
M-1233,"1731 Pioneer Rd, Wiley, CO 81092",Resident 1233,A-20233,2025/07/13,148036,gal,,R6,
M-1234,"1738 Cottonwood Dr, Wiley, CO 81092",Resident 1234,A-20234,2025/07/13,380635,gal,,R1,
M-1235,"1745 Sand Creek Rd, Wiley, CO 81092",Resident 1235,A-20235,2025/07/13,402357,gal,,R2,
M-1236,"1752 Prairie View, Wiley, CO 81092",Resident 1236,A-20236,2025/07/13,250379,gal,,R3,
M-1237,"1759 School House Rd, Wiley, CO 81092",Resident 1237,A-20237,2025/07/13,336907,gal,,R4,
M-1238,"1766 Cemetery Rd, Wiley, CO 81092",Resident 1238,A-20238,2025/07/13,341644,gal,,R5,
M-1239,"1773 Grain Elevator Rd, Wiley, CO 81092",Resident 1239,A-20239,2025/07/13,156586,gal,,R6,
M-1240,"1780 Main St, Wiley, CO 81092",Resident 1240,A-20240,2025/07/13,479339,gal,,R1,
M-1241,"1787 County Rd 10, Wiley, CO 81092",Resident 1241,A-20241,2025/07/13,296773,gal,,R2,
M-1242,"1794 County Rd 14, Wiley, CO 81092",Resident 1242,A-20242,2025/07/13,415971,gal,,R3,
M-1243,"1801 Highway 287, Wiley, CO 81092",Resident 1243,A-20243,2025/07/13,266168,gal,,R4,
M-1244,"1808 Maple Ave, Wiley, CO 81092",Resident 1244,A-20244,2025/07/13,658529,gal,,R5,
M-1245,"1815 Oak St, Wiley, CO 81092",Resident 1245,A-20245,2025/07/13,147547,gal,,R6,
M-1246,"1822 Elm St, Wiley, CO 81092",Resident 1246,A-20246,2025/07/13,268772,gal,,R1,
M-1247,"1829 3rd Ave, Wiley, CO 81092",Resident 1247,A-20247,2025/07/13,345021,gal,,R2,
M-1248,"1836 5th St, Wiley, CO 81092",Resident 1248,A-20248,2025/07/13,302037,gal,,R3,
M-1249,"1843 Ranch Rd, Wiley, CO 81092",Resident 1249,A-20249,2025/07/13,482435,gal,,R4,
M-1250,"1850 Irrigation Ln, Wiley, CO 81092",Resident 1250,A-20250,2025/07/13,313921,gal,,R5,
M-1251,"1857 North Frontage, Wiley, CO 81092",Resident 1251,A-20251,2025/07/13,306287,gal,,R6,
M-1252,"1864 South Loop, Wiley, CO 81092",Resident 1252,A-20252,2025/07/13,312139,gal,,R1,
M-1253,"1871 Pioneer Rd, Wiley, CO 81092",Resident 1253,A-20253,2025/07/13,233613,gal,,R2,
M-1254,"1878 Cottonwood Dr, Wiley, CO 81092",Resident 1254,A-20254,2025/07/13,375788,gal,,R3,
M-1255,"1885 Sand Creek Rd, Wiley, CO 81092",Resident 1255,A-20255,2025/07/13,215628,gal,,R4,
M-1256,"1892 Prairie View, Wiley, CO 81092",Resident 1256,A-20256,2025/07/13,244762,gal,,R5,
M-1257,"1899 School House Rd, Wiley, CO 81092",Resident 1257,A-20257,2025/07/13,302816,gal,,R6,
M-1258,"1906 Cemetery Rd, Wiley, CO 81092",Resident 1258,A-20258,2025/07/13,448905,gal,,R1,
M-1259,"1913 Grain Elevator Rd, Wiley, CO 81092",Resident 1259,A-20259,2025/07/13,282345,gal,,R2,
M-1260,"1920 Main St, Wiley, CO 81092",Resident 1260,A-20260,2025/07/13,172505,gal,,R3,
M-1261,"1927 County Rd 10, Wiley, CO 81092",Resident 1261,A-20261,2025/07/13,431388,gal,,R4,
M-1262,"1934 County Rd 14, Wiley, CO 81092",Resident 1262,A-20262,2025/07/13,382997,gal,,R5,
M-1263,"1941 Highway 287, Wiley, CO 81092",Resident 1263,A-20263,2025/07/13,284328,gal,,R6,
M-1264,"1948 Maple Ave, Wiley, CO 81092",Resident 1264,A-20264,2025/07/13,313039,gal,,R1,
M-1265,"1955 Oak St, Wiley, CO 81092",Resident 1265,A-20265,2025/07/13,391552,gal,,R2,
M-1266,"1962 Elm St, Wiley, CO 81092",Resident 1266,A-20266,2025/07/13,144838,gal,,R3,
M-1267,"1969 3rd Ave, Wiley, CO 81092",Resident 1267,A-20267,2025/07/13,283625,gal,,R4,
M-1268,"1976 5th St, Wiley, CO 81092",Resident 1268,A-20268,2025/07/13,249813,gal,,R5,
M-1269,"1983 Ranch Rd, Wiley, CO 81092",Resident 1269,A-20269,2025/07/13,245757,gal,,R6,
M-1270,"1990 Irrigation Ln, Wiley, CO 81092",Resident 1270,A-20270,2025/07/13,315703,gal,,R1,
M-1271,"1997 North Frontage, Wiley, CO 81092",Resident 1271,A-20271,2025/07/13,455022,gal,,R2,
M-1272,"2004 South Loop, Wiley, CO 81092",Resident 1272,A-20272,2025/07/13,450619,gal,,R3,
M-1273,"2011 Pioneer Rd, Wiley, CO 81092",Resident 1273,A-20273,2025/07/13,477710,gal,,R4,
M-1274,"2018 Cottonwood Dr, Wiley, CO 81092",Resident 1274,A-20274,2025/07/13,293021,gal,,R5,
M-1275,"2025 Sand Creek Rd, Wiley, CO 81092",Resident 1275,A-20275,2025/07/13,346230,gal,,R6,
M-1276,"2032 Prairie View, Wiley, CO 81092",Resident 1276,A-20276,2025/07/13,359943,gal,,R1,
M-1277,"2039 School House Rd, Wiley, CO 81092",Resident 1277,A-20277,2025/07/13,350406,gal,,R2,
M-1278,"2046 Cemetery Rd, Wiley, CO 81092",Resident 1278,A-20278,2025/07/13,207463,gal,,R3,
M-1279,"2053 Grain Elevator Rd, Wiley, CO 81092",Resident 1279,A-20279,2025/07/13,355017,gal,,R4,
M-1280,"2060 Main St, Wiley, CO 81092",Resident 1280,A-20280,2025/07/13,335577,gal,,R5,
M-1281,"2067 County Rd 10, Wiley, CO 81092",Resident 1281,A-20281,2025/07/13,234085,gal,,R6,
M-1282,"2074 County Rd 14, Wiley, CO 81092",Resident 1282,A-20282,2025/07/13,466609,gal,,R1,
M-1283,"2081 Highway 287, Wiley, CO 81092",Resident 1283,A-20283,2025/07/13,156533,gal,,R2,
M-1284,"2088 Maple Ave, Wiley, CO 81092",Resident 1284,A-20284,2025/07/13,268896,gal,,R3,
M-1285,"2095 Oak St, Wiley, CO 81092",Resident 1285,A-20285,2025/07/13,389284,gal,,R4,
M-1286,"2102 Elm St, Wiley, CO 81092",Resident 1286,A-20286,2025/07/13,470661,gal,,R5,
M-1287,"2109 3rd Ave, Wiley, CO 81092",Resident 1287,A-20287,2025/07/13,484367,gal,,R6,
M-1288,"2116 5th St, Wiley, CO 81092",Resident 1288,A-20288,2025/07/13,401707,gal,,R1,
M-1289,"2123 Ranch Rd, Wiley, CO 81092",Resident 1289,A-20289,2025/07/13,319201,gal,,R2,
M-1290,"2130 Irrigation Ln, Wiley, CO 81092",Resident 1290,A-20290,2025/07/13,188263,gal,,R3,
M-1291,"2137 North Frontage, Wiley, CO 81092",Resident 1291,A-20291,2025/07/13,263575,gal,,R4,
M-1292,"2144 South Loop, Wiley, CO 81092",Resident 1292,A-20292,2025/07/13,247960,gal,,R5,
M-1293,"2151 Pioneer Rd, Wiley, CO 81092",Resident 1293,A-20293,2025/07/13,201077,gal,,R6,
M-1294,"2158 Cottonwood Dr, Wiley, CO 81092",Resident 1294,A-20294,2025/07/13,222364,gal,,R1,
M-1295,"2165 Sand Creek Rd, Wiley, CO 81092",Resident 1295,A-20295,2025/07/13,231043,gal,,R2,
M-1296,"2172 Prairie View, Wiley, CO 81092",Resident 1296,A-20296,2025/07/13,125200,gal,,R3,
M-1297,"2179 School House Rd, Wiley, CO 81092",Resident 1297,A-20297,2025/07/13,113249,gal,,R4,
M-1298,"2186 Cemetery Rd, Wiley, CO 81092",Resident 1298,A-20298,2025/07/13,229238,gal,,R5,
M-1299,"2193 Grain Elevator Rd, Wiley, CO 81092",Resident 1299,A-20299,2025/07/13,343969,gal,,R6,
M-1300,"2200 Main St, Wiley, CO 81092",Resident 1300,A-20300,2025/07/13,417477,gal,,R1,
M-1001,"107 County Rd 10, Wiley, CO 81092",Resident 1001,A-20001,2025/08/14,427266,gal,,R2,
M-1002,"114 County Rd 14, Wiley, CO 81092",Resident 1002,A-20002,2025/08/14,328533,gal,,R3,
M-1003,"121 Highway 287, Wiley, CO 81092",Resident 1003,A-20003,2025/08/14,156726,gal,,R4,
M-1004,"128 Maple Ave, Wiley, CO 81092",Resident 1004,A-20004,2025/08/14,386518,gal,,R5,
M-1005,"135 Oak St, Wiley, CO 81092",Resident 1005,A-20005,2025/08/14,207541,gal,,R6,
M-1006,"142 Elm St, Wiley, CO 81092",Resident 1006,A-20006,2025/08/14,253444,gal,,R1,
M-1007,"149 3rd Ave, Wiley, CO 81092",Resident 1007,A-20007,2025/08/14,348187,gal,,R2,
M-1008,"156 5th St, Wiley, CO 81092",Resident 1008,A-20008,2025/08/14,225698,gal,,R3,
M-1009,"163 Ranch Rd, Wiley, CO 81092",Resident 1009,A-20009,2025/08/14,200426,gal,,R4,
M-1010,"170 Irrigation Ln, Wiley, CO 81092",Resident 1010,A-20010,2025/08/14,322892,gal,,R5,
M-1011,"177 North Frontage, Wiley, CO 81092",Resident 1011,A-20011,2025/08/14,441980,gal,,R6,
M-1012,"184 South Loop, Wiley, CO 81092",Resident 1012,A-20012,2025/08/14,214884,gal,,R1,
M-1013,"191 Pioneer Rd, Wiley, CO 81092",Resident 1013,A-20013,2025/08/14,165964,gal,,R2,
M-1014,"198 Cottonwood Dr, Wiley, CO 81092",Resident 1014,A-20014,2025/08/14,431594,gal,,R3,
M-1015,"205 Sand Creek Rd, Wiley, CO 81092",Resident 1015,A-20015,2025/08/14,430193,gal,,R4,
M-1016,"212 Prairie View, Wiley, CO 81092",Resident 1016,A-20016,2025/08/14,135866,gal,,R5,
M-1017,"219 School House Rd, Wiley, CO 81092",Resident 1017,A-20017,2025/08/14,130912,gal,,R6,
M-1018,"226 Cemetery Rd, Wiley, CO 81092",Resident 1018,A-20018,2025/08/14,208365,gal,,R1,
M-1019,"233 Grain Elevator Rd, Wiley, CO 81092",Resident 1019,A-20019,2025/08/14,176428,gal,,R2,
M-1020,"240 Main St, Wiley, CO 81092",Resident 1020,A-20020,2025/08/14,315233,gal,,R3,
M-1021,"247 County Rd 10, Wiley, CO 81092",Resident 1021,A-20021,2025/08/14,361933,gal,,R4,
M-1022,"254 County Rd 14, Wiley, CO 81092",Resident 1022,A-20022,2025/08/14,385097,gal,,R5,
M-1023,"261 Highway 287, Wiley, CO 81092",Resident 1023,A-20023,2025/08/14,259191,gal,,R6,
M-1024,"268 Maple Ave, Wiley, CO 81092",Resident 1024,A-20024,2025/08/14,295645,gal,,R1,
M-1025,"275 Oak St, Wiley, CO 81092",Resident 1025,A-20025,2025/08/14,175042,gal,,R2,
M-1026,"282 Elm St, Wiley, CO 81092",Resident 1026,A-20026,2025/08/14,190438,gal,,R3,
M-1027,"289 3rd Ave, Wiley, CO 81092",Resident 1027,A-20027,2025/08/14,357317,gal,,R4,
M-1028,"296 5th St, Wiley, CO 81092",Resident 1028,A-20028,2025/08/14,154925,gal,,R5,
M-1029,"303 Ranch Rd, Wiley, CO 81092",Resident 1029,A-20029,2025/08/14,360949,gal,,R6,
M-1030,"310 Irrigation Ln, Wiley, CO 81092",Resident 1030,A-20030,2025/08/14,281612,gal,,R1,
M-1031,"317 North Frontage, Wiley, CO 81092",Resident 1031,A-20031,2025/08/14,368904,gal,,R2,
M-1032,"324 South Loop, Wiley, CO 81092",Resident 1032,A-20032,2025/08/14,253381,gal,,R3,
M-1033,"331 Pioneer Rd, Wiley, CO 81092",Resident 1033,A-20033,2025/08/14,614427,gal,,R4,
M-1034,"338 Cottonwood Dr, Wiley, CO 81092",Resident 1034,A-20034,2025/08/14,441453,gal,,R5,
M-1035,"345 Sand Creek Rd, Wiley, CO 81092",Resident 1035,A-20035,2025/08/14,458937,gal,,R6,
M-1036,"352 Prairie View, Wiley, CO 81092",Resident 1036,A-20036,2025/08/14,336080,gal,,R1,
M-1037,"359 School House Rd, Wiley, CO 81092",Resident 1037,A-20037,2025/08/14,250911,gal,,R2,
M-1038,"366 Cemetery Rd, Wiley, CO 81092",Resident 1038,A-20038,2025/08/14,197619,gal,,R3,
M-1039,"373 Grain Elevator Rd, Wiley, CO 81092",Resident 1039,A-20039,2025/08/14,313940,gal,,R4,
M-1040,"380 Main St, Wiley, CO 81092",Resident 1040,A-20040,2025/08/14,239636,gal,,R5,
M-1041,"387 County Rd 10, Wiley, CO 81092",Resident 1041,A-20041,2025/08/14,150520,gal,,R6,
M-1042,"394 County Rd 14, Wiley, CO 81092",Resident 1042,A-20042,2025/08/14,412277,gal,,R1,
M-1043,"401 Highway 287, Wiley, CO 81092",Resident 1043,A-20043,2025/08/14,380939,gal,,R2,
M-1044,"408 Maple Ave, Wiley, CO 81092",Resident 1044,A-20044,2025/08/14,135755,gal,,R3,
M-1045,"415 Oak St, Wiley, CO 81092",Resident 1045,A-20045,2025/08/14,330632,gal,,R4,
M-1046,"422 Elm St, Wiley, CO 81092",Resident 1046,A-20046,2025/08/14,145768,gal,,R5,
M-1047,"429 3rd Ave, Wiley, CO 81092",Resident 1047,A-20047,2025/08/14,118102,gal,,R6,
M-1048,"436 5th St, Wiley, CO 81092",Resident 1048,A-20048,2025/08/14,396536,gal,,R1,
M-1049,"443 Ranch Rd, Wiley, CO 81092",Resident 1049,A-20049,2025/08/14,372203,gal,,R2,
M-1050,"450 Irrigation Ln, Wiley, CO 81092",Resident 1050,A-20050,2025/08/14,354804,gal,,R3,
M-1051,"457 North Frontage, Wiley, CO 81092",Resident 1051,A-20051,2025/08/14,396714,gal,,R4,
M-1052,"464 South Loop, Wiley, CO 81092",Resident 1052,A-20052,2025/08/14,202638,gal,,R5,
M-1053,"471 Pioneer Rd, Wiley, CO 81092",Resident 1053,A-20053,2025/08/14,178449,gal,,R6,
M-1054,"478 Cottonwood Dr, Wiley, CO 81092",Resident 1054,A-20054,2025/08/14,377374,gal,,R1,
M-1055,"485 Sand Creek Rd, Wiley, CO 81092",Resident 1055,A-20055,2025/08/14,121129,gal,,R2,
M-1056,"492 Prairie View, Wiley, CO 81092",Resident 1056,A-20056,2025/08/14,257505,gal,,R3,
M-1057,"499 School House Rd, Wiley, CO 81092",Resident 1057,A-20057,2025/08/14,167282,gal,,R4,
M-1058,"506 Cemetery Rd, Wiley, CO 81092",Resident 1058,A-20058,2025/08/14,450609,gal,,R5,
M-1059,"513 Grain Elevator Rd, Wiley, CO 81092",Resident 1059,A-20059,2025/08/14,131556,gal,,R6,
M-1060,"520 Main St, Wiley, CO 81092",Resident 1060,A-20060,2025/08/14,247484,gal,,R1,
M-1061,"527 County Rd 10, Wiley, CO 81092",Resident 1061,A-20061,2025/08/14,300672,gal,,R2,
M-1062,"534 County Rd 14, Wiley, CO 81092",Resident 1062,A-20062,2025/08/14,203251,gal,,R3,
M-1063,"541 Highway 287, Wiley, CO 81092",Resident 1063,A-20063,2025/08/14,412212,gal,,R4,
M-1064,"548 Maple Ave, Wiley, CO 81092",Resident 1064,A-20064,2025/08/14,279436,gal,,R5,
M-1065,"555 Oak St, Wiley, CO 81092",Resident 1065,A-20065,2025/08/14,450715,gal,,R6,
M-1066,"562 Elm St, Wiley, CO 81092",Resident 1066,A-20066,2025/08/14,434493,gal,,R1,
M-1067,"569 3rd Ave, Wiley, CO 81092",Resident 1067,A-20067,2025/08/14,165042,gal,,R2,
M-1068,"576 5th St, Wiley, CO 81092",Resident 1068,A-20068,2025/08/14,425372,gal,,R3,
M-1069,"583 Ranch Rd, Wiley, CO 81092",Resident 1069,A-20069,2025/08/14,203036,gal,,R4,
M-1070,"590 Irrigation Ln, Wiley, CO 81092",Resident 1070,A-20070,2025/08/14,308062,gal,,R5,
M-1071,"597 North Frontage, Wiley, CO 81092",Resident 1071,A-20071,2025/08/14,429434,gal,,R6,
M-1072,"604 South Loop, Wiley, CO 81092",Resident 1072,A-20072,2025/08/14,462142,gal,,R1,
M-1073,"611 Pioneer Rd, Wiley, CO 81092",Resident 1073,A-20073,2025/08/14,403369,gal,,R2,
M-1074,"618 Cottonwood Dr, Wiley, CO 81092",Resident 1074,A-20074,2025/08/14,386675,gal,,R3,
M-1075,"625 Sand Creek Rd, Wiley, CO 81092",Resident 1075,A-20075,2025/08/14,254809,gal,,R4,
M-1076,"632 Prairie View, Wiley, CO 81092",Resident 1076,A-20076,2025/08/14,242257,gal,,R5,
M-1077,"639 School House Rd, Wiley, CO 81092",Resident 1077,A-20077,2025/08/14,198555,gal,,R6,
M-1078,"646 Cemetery Rd, Wiley, CO 81092",Resident 1078,A-20078,2025/08/14,290226,gal,,R1,
M-1079,"653 Grain Elevator Rd, Wiley, CO 81092",Resident 1079,A-20079,2025/08/14,238435,gal,,R2,
M-1080,"660 Main St, Wiley, CO 81092",Resident 1080,A-20080,2025/08/14,268242,gal,,R3,
M-1081,"667 County Rd 10, Wiley, CO 81092",Resident 1081,A-20081,2025/08/14,360935,gal,,R4,
M-1082,"674 County Rd 14, Wiley, CO 81092",Resident 1082,A-20082,2025/08/14,188243,gal,,R5,
M-1083,"681 Highway 287, Wiley, CO 81092",Resident 1083,A-20083,2025/08/14,436378,gal,,R6,
M-1084,"688 Maple Ave, Wiley, CO 81092",Resident 1084,A-20084,2025/08/14,279136,gal,,R1,
M-1085,"695 Oak St, Wiley, CO 81092",Resident 1085,A-20085,2025/08/14,359846,gal,,R2,
M-1086,"702 Elm St, Wiley, CO 81092",Resident 1086,A-20086,2025/08/14,270823,gal,,R3,
M-1087,"709 3rd Ave, Wiley, CO 81092",Resident 1087,A-20087,2025/08/14,191324,gal,,R4,
M-1088,"716 5th St, Wiley, CO 81092",Resident 1088,A-20088,2025/08/14,113416,gal,,R5,
M-1089,"723 Ranch Rd, Wiley, CO 81092",Resident 1089,A-20089,2025/08/14,556128,gal,,R6,
M-1090,"730 Irrigation Ln, Wiley, CO 81092",Resident 1090,A-20090,2025/08/14,471587,gal,,R1,
M-1091,"737 North Frontage, Wiley, CO 81092",Resident 1091,A-20091,2025/08/14,442415,gal,,R2,
M-1092,"744 South Loop, Wiley, CO 81092",Resident 1092,A-20092,2025/08/14,153773,gal,,R3,
M-1093,"751 Pioneer Rd, Wiley, CO 81092",Resident 1093,A-20093,2025/08/14,179775,gal,,R4,
M-1094,"758 Cottonwood Dr, Wiley, CO 81092",Resident 1094,A-20094,2025/08/14,440959,gal,,R5,
M-1095,"765 Sand Creek Rd, Wiley, CO 81092",Resident 1095,A-20095,2025/08/14,221286,gal,,R6,
M-1096,"772 Prairie View, Wiley, CO 81092",Resident 1096,A-20096,2025/08/14,365347,gal,,R1,
M-1097,"779 School House Rd, Wiley, CO 81092",Resident 1097,A-20097,2025/08/14,270662,gal,,R2,
M-1098,"786 Cemetery Rd, Wiley, CO 81092",Resident 1098,A-20098,2025/08/14,193006,gal,,R3,
M-1099,"793 Grain Elevator Rd, Wiley, CO 81092",Resident 1099,A-20099,2025/08/14,293791,gal,,R4,
M-1100,"800 Main St, Wiley, CO 81092",Resident 1100,A-20100,2025/08/14,184092,gal,,R5,
M-1101,"807 County Rd 10, Wiley, CO 81092",Resident 1101,A-20101,2025/08/14,281795,gal,,R6,
M-1102,"814 County Rd 14, Wiley, CO 81092",Resident 1102,A-20102,2025/08/14,340130,gal,,R1,
M-1103,"821 Highway 287, Wiley, CO 81092",Resident 1103,A-20103,2025/08/14,257461,gal,,R2,
M-1104,"828 Maple Ave, Wiley, CO 81092",Resident 1104,A-20104,2025/08/14,236637,gal,,R3,
M-1105,"835 Oak St, Wiley, CO 81092",Resident 1105,A-20105,2025/08/14,346971,gal,,R4,
M-1106,"842 Elm St, Wiley, CO 81092",Resident 1106,A-20106,2025/08/14,451264,gal,,R5,
M-1107,"849 3rd Ave, Wiley, CO 81092",Resident 1107,A-20107,2025/08/14,246228,gal,,R6,
M-1108,"856 5th St, Wiley, CO 81092",Resident 1108,A-20108,2025/08/14,426757,gal,,R1,
M-1109,"863 Ranch Rd, Wiley, CO 81092",Resident 1109,A-20109,2025/08/14,428853,gal,,R2,
M-1110,"870 Irrigation Ln, Wiley, CO 81092",Resident 1110,A-20110,2025/08/14,395805,gal,,R3,
M-1111,"877 North Frontage, Wiley, CO 81092",Resident 1111,A-20111,2025/08/14,127734,gal,,R4,
M-1112,"884 South Loop, Wiley, CO 81092",Resident 1112,A-20112,2025/08/14,397835,gal,,R5,
M-1113,"891 Pioneer Rd, Wiley, CO 81092",Resident 1113,A-20113,2025/08/14,244595,gal,,R6,
M-1114,"898 Cottonwood Dr, Wiley, CO 81092",Resident 1114,A-20114,2025/08/14,451123,gal,,R1,
M-1115,"905 Sand Creek Rd, Wiley, CO 81092",Resident 1115,A-20115,2025/08/14,197239,gal,,R2,
M-1116,"912 Prairie View, Wiley, CO 81092",Resident 1116,A-20116,2025/08/14,228940,gal,,R3,
M-1117,"919 School House Rd, Wiley, CO 81092",Resident 1117,A-20117,2025/08/14,257092,gal,,R4,
M-1118,"926 Cemetery Rd, Wiley, CO 81092",Resident 1118,A-20118,2025/08/14,165949,gal,,R5,
M-1119,"933 Grain Elevator Rd, Wiley, CO 81092",Resident 1119,A-20119,2025/08/14,210644,gal,,R6,
M-1120,"940 Main St, Wiley, CO 81092",Resident 1120,A-20120,2025/08/14,423650,gal,,R1,
M-1121,"947 County Rd 10, Wiley, CO 81092",Resident 1121,A-20121,2025/08/14,204548,gal,,R2,
M-1122,"954 County Rd 14, Wiley, CO 81092",Resident 1122,A-20122,2025/08/14,297893,gal,,R3,
M-1123,"961 Highway 287, Wiley, CO 81092",Resident 1123,A-20123,2025/08/14,281304,gal,,R4,
M-1124,"968 Maple Ave, Wiley, CO 81092",Resident 1124,A-20124,2025/08/14,414090,gal,,R5,
M-1125,"975 Oak St, Wiley, CO 81092",Resident 1125,A-20125,2025/08/14,219541,gal,,R6,
M-1126,"982 Elm St, Wiley, CO 81092",Resident 1126,A-20126,2025/08/14,275397,gal,,R1,
M-1127,"989 3rd Ave, Wiley, CO 81092",Resident 1127,A-20127,2025/08/14,215903,gal,,R2,
M-1128,"996 5th St, Wiley, CO 81092",Resident 1128,A-20128,2025/08/14,500454,gal,,R3,
M-1129,"1003 Ranch Rd, Wiley, CO 81092",Resident 1129,A-20129,2025/08/14,281806,gal,,R4,
M-1130,"1010 Irrigation Ln, Wiley, CO 81092",Resident 1130,A-20130,2025/08/14,407212,gal,,R5,
M-1131,"1017 North Frontage, Wiley, CO 81092",Resident 1131,A-20131,2025/08/14,364321,gal,,R6,
M-1132,"1024 South Loop, Wiley, CO 81092",Resident 1132,A-20132,2025/08/14,294656,gal,,R1,
M-1133,"1031 Pioneer Rd, Wiley, CO 81092",Resident 1133,A-20133,2025/08/14,168629,gal,,R2,
M-1134,"1038 Cottonwood Dr, Wiley, CO 81092",Resident 1134,A-20134,2025/08/14,174391,gal,,R3,
M-1135,"1045 Sand Creek Rd, Wiley, CO 81092",Resident 1135,A-20135,2025/08/14,476949,gal,,R4,
M-1136,"1052 Prairie View, Wiley, CO 81092",Resident 1136,A-20136,2025/08/14,349382,gal,,R5,
M-1137,"1059 School House Rd, Wiley, CO 81092",Resident 1137,A-20137,2025/08/14,268058,gal,,R6,
M-1138,"1066 Cemetery Rd, Wiley, CO 81092",Resident 1138,A-20138,2025/08/14,130197,gal,,R1,
M-1139,"1073 Grain Elevator Rd, Wiley, CO 81092",Resident 1139,A-20139,2025/08/14,97416,gal,,R2,
M-1140,"1080 Main St, Wiley, CO 81092",Resident 1140,A-20140,2025/08/14,311438,gal,,R3,
M-1141,"1087 County Rd 10, Wiley, CO 81092",Resident 1141,A-20141,2025/08/14,205454,gal,,R4,
M-1142,"1094 County Rd 14, Wiley, CO 81092",Resident 1142,A-20142,2025/08/14,424167,gal,,R5,
M-1143,"1101 Highway 287, Wiley, CO 81092",Resident 1143,A-20143,2025/08/14,301810,gal,,R6,
M-1144,"1108 Maple Ave, Wiley, CO 81092",Resident 1144,A-20144,2025/08/14,169517,gal,,R1,
M-1145,"1115 Oak St, Wiley, CO 81092",Resident 1145,A-20145,2025/08/14,325867,gal,,R2,
M-1146,"1122 Elm St, Wiley, CO 81092",Resident 1146,A-20146,2025/08/14,385947,gal,,R3,
M-1147,"1129 3rd Ave, Wiley, CO 81092",Resident 1147,A-20147,2025/08/14,375695,gal,,R4,
M-1148,"1136 5th St, Wiley, CO 81092",Resident 1148,A-20148,2025/08/14,392836,gal,,R5,
M-1149,"1143 Ranch Rd, Wiley, CO 81092",Resident 1149,A-20149,2025/08/14,161576,gal,,R6,
M-1150,"1150 Irrigation Ln, Wiley, CO 81092",Resident 1150,A-20150,2025/08/14,187895,gal,,R1,
M-1151,"1157 North Frontage, Wiley, CO 81092",Resident 1151,A-20151,2025/08/14,186669,gal,,R2,
M-1152,"1164 South Loop, Wiley, CO 81092",Resident 1152,A-20152,2025/08/14,165774,gal,,R3,
M-1153,"1171 Pioneer Rd, Wiley, CO 81092",Resident 1153,A-20153,2025/08/14,411862,gal,,R4,
M-1154,"1178 Cottonwood Dr, Wiley, CO 81092",Resident 1154,A-20154,2025/08/14,144436,gal,,R5,
M-1155,"1185 Sand Creek Rd, Wiley, CO 81092",Resident 1155,A-20155,2025/08/14,339445,gal,,R6,
M-1156,"1192 Prairie View, Wiley, CO 81092",Resident 1156,A-20156,2025/08/14,704357,gal,,R1,
M-1157,"1199 School House Rd, Wiley, CO 81092",Resident 1157,A-20157,2025/08/14,428743,gal,,R2,
M-1158,"1206 Cemetery Rd, Wiley, CO 81092",Resident 1158,A-20158,2025/08/14,185214,gal,,R3,
M-1159,"1213 Grain Elevator Rd, Wiley, CO 81092",Resident 1159,A-20159,2025/08/14,367531,gal,,R4,
M-1160,"1220 Main St, Wiley, CO 81092",Resident 1160,A-20160,2025/08/14,147611,gal,,R5,
M-1161,"1227 County Rd 10, Wiley, CO 81092",Resident 1161,A-20161,2025/08/14,179244,gal,,R6,
M-1162,"1234 County Rd 14, Wiley, CO 81092",Resident 1162,A-20162,2025/08/14,325395,gal,,R1,
M-1163,"1241 Highway 287, Wiley, CO 81092",Resident 1163,A-20163,2025/08/14,285469,gal,,R2,
M-1164,"1248 Maple Ave, Wiley, CO 81092",Resident 1164,A-20164,2025/08/14,175081,gal,,R3,
M-1165,"1255 Oak St, Wiley, CO 81092",Resident 1165,A-20165,2025/08/14,326604,gal,,R4,
M-1166,"1262 Elm St, Wiley, CO 81092",Resident 1166,A-20166,2025/08/14,278039,gal,,R5,
M-1167,"1269 3rd Ave, Wiley, CO 81092",Resident 1167,A-20167,2025/08/14,240753,gal,,R6,
M-1168,"1276 5th St, Wiley, CO 81092",Resident 1168,A-20168,2025/08/14,515410,gal,,R1,
M-1169,"1283 Ranch Rd, Wiley, CO 81092",Resident 1169,A-20169,2025/08/14,206163,gal,,R2,
M-1170,"1290 Irrigation Ln, Wiley, CO 81092",Resident 1170,A-20170,2025/08/14,294690,gal,,R3,
M-1171,"1297 North Frontage, Wiley, CO 81092",Resident 1171,A-20171,2025/08/14,386510,gal,,R4,
M-1172,"1304 South Loop, Wiley, CO 81092",Resident 1172,A-20172,2025/08/14,321828,gal,,R5,
M-1173,"1311 Pioneer Rd, Wiley, CO 81092",Resident 1173,A-20173,2025/08/14,455689,gal,,R6,
M-1174,"1318 Cottonwood Dr, Wiley, CO 81092",Resident 1174,A-20174,2025/08/14,178915,gal,,R1,
M-1175,"1325 Sand Creek Rd, Wiley, CO 81092",Resident 1175,A-20175,2025/08/14,254550,gal,,R2,
M-1176,"1332 Prairie View, Wiley, CO 81092",Resident 1176,A-20176,2025/08/14,165924,gal,,R3,
M-1177,"1339 School House Rd, Wiley, CO 81092",Resident 1177,A-20177,2025/08/14,257854,gal,,R4,
M-1178,"1346 Cemetery Rd, Wiley, CO 81092",Resident 1178,A-20178,2025/08/14,384534,gal,,R5,
M-1179,"1353 Grain Elevator Rd, Wiley, CO 81092",Resident 1179,A-20179,2025/08/14,124233,gal,,R6,
M-1180,"1360 Main St, Wiley, CO 81092",Resident 1180,A-20180,2025/08/14,230012,gal,,R1,
M-1181,"1367 County Rd 10, Wiley, CO 81092",Resident 1181,A-20181,2025/08/14,339751,gal,,R2,
M-1182,"1374 County Rd 14, Wiley, CO 81092",Resident 1182,A-20182,2025/08/14,316941,gal,,R3,
M-1183,"1381 Highway 287, Wiley, CO 81092",Resident 1183,A-20183,2025/08/14,267763,gal,,R4,
M-1184,"1388 Maple Ave, Wiley, CO 81092",Resident 1184,A-20184,2025/08/14,231789,gal,,R5,
M-1185,"1395 Oak St, Wiley, CO 81092",Resident 1185,A-20185,2025/08/14,234137,gal,,R6,
M-1186,"1402 Elm St, Wiley, CO 81092",Resident 1186,A-20186,2025/08/14,171375,gal,,R1,
M-1187,"1409 3rd Ave, Wiley, CO 81092",Resident 1187,A-20187,2025/08/14,356210,gal,,R2,
M-1188,"1416 5th St, Wiley, CO 81092",Resident 1188,A-20188,2025/08/14,155961,gal,,R3,
M-1189,"1423 Ranch Rd, Wiley, CO 81092",Resident 1189,A-20189,2025/08/14,394190,gal,,R4,
M-1190,"1430 Irrigation Ln, Wiley, CO 81092",Resident 1190,A-20190,2025/08/14,218667,gal,,R5,
M-1191,"1437 North Frontage, Wiley, CO 81092",Resident 1191,A-20191,2025/08/14,199972,gal,,R6,
M-1192,"1444 South Loop, Wiley, CO 81092",Resident 1192,A-20192,2025/08/14,363148,gal,,R1,
M-1193,"1451 Pioneer Rd, Wiley, CO 81092",Resident 1193,A-20193,2025/08/14,347896,gal,,R2,
M-1194,"1458 Cottonwood Dr, Wiley, CO 81092",Resident 1194,A-20194,2025/08/14,259142,gal,,R3,
M-1195,"1465 Sand Creek Rd, Wiley, CO 81092",Resident 1195,A-20195,2025/08/14,260586,gal,,R4,
M-1196,"1472 Prairie View, Wiley, CO 81092",Resident 1196,A-20196,2025/08/14,257906,gal,,R5,
M-1197,"1479 School House Rd, Wiley, CO 81092",Resident 1197,A-20197,2025/08/14,93179,gal,,R6,
M-1198,"1486 Cemetery Rd, Wiley, CO 81092",Resident 1198,A-20198,2025/08/14,494778,gal,,R1,
M-1199,"1493 Grain Elevator Rd, Wiley, CO 81092",Resident 1199,A-20199,2025/08/14,219614,gal,,R2,
M-1200,"1500 Main St, Wiley, CO 81092",Resident 1200,A-20200,2025/08/14,342025,gal,,R3,
M-1201,"1507 County Rd 10, Wiley, CO 81092",Resident 1201,A-20201,2025/08/14,253833,gal,,R4,
M-1202,"1514 County Rd 14, Wiley, CO 81092",Resident 1202,A-20202,2025/08/14,238449,gal,,R5,
M-1203,"1521 Highway 287, Wiley, CO 81092",Resident 1203,A-20203,2025/08/14,156168,gal,,R6,
M-1204,"1528 Maple Ave, Wiley, CO 81092",Resident 1204,A-20204,2025/08/14,258701,gal,,R1,
M-1205,"1535 Oak St, Wiley, CO 81092",Resident 1205,A-20205,2025/08/14,291804,gal,,R2,
M-1206,"1542 Elm St, Wiley, CO 81092",Resident 1206,A-20206,2025/08/14,423014,gal,,R3,
M-1207,"1549 3rd Ave, Wiley, CO 81092",Resident 1207,A-20207,2025/08/14,376631,gal,,R4,
M-1208,"1556 5th St, Wiley, CO 81092",Resident 1208,A-20208,2025/08/14,351671,gal,,R5,
M-1209,"1563 Ranch Rd, Wiley, CO 81092",Resident 1209,A-20209,2025/08/14,368869,gal,,R6,
M-1210,"1570 Irrigation Ln, Wiley, CO 81092",Resident 1210,A-20210,2025/08/14,263484,gal,,R1,
M-1211,"1577 North Frontage, Wiley, CO 81092",Resident 1211,A-20211,2025/08/14,179983,gal,,R2,
M-1212,"1584 South Loop, Wiley, CO 81092",Resident 1212,A-20212,2025/08/14,199239,gal,,R3,
M-1213,"1591 Pioneer Rd, Wiley, CO 81092",Resident 1213,A-20213,2025/08/14,224730,gal,,R4,
M-1214,"1598 Cottonwood Dr, Wiley, CO 81092",Resident 1214,A-20214,2025/08/14,257805,gal,,R5,
M-1215,"1605 Sand Creek Rd, Wiley, CO 81092",Resident 1215,A-20215,2025/08/14,442597,gal,,R6,
M-1216,"1612 Prairie View, Wiley, CO 81092",Resident 1216,A-20216,2025/08/14,300505,gal,,R1,
M-1217,"1619 School House Rd, Wiley, CO 81092",Resident 1217,A-20217,2025/08/14,114419,gal,,R2,
M-1218,"1626 Cemetery Rd, Wiley, CO 81092",Resident 1218,A-20218,2025/08/14,149378,gal,,R3,
M-1219,"1633 Grain Elevator Rd, Wiley, CO 81092",Resident 1219,A-20219,2025/08/14,463257,gal,,R4,
M-1220,"1640 Main St, Wiley, CO 81092",Resident 1220,A-20220,2025/08/14,359651,gal,,R5,
M-1221,"1647 County Rd 10, Wiley, CO 81092",Resident 1221,A-20221,2025/08/14,322567,gal,,R6,
M-1222,"1654 County Rd 14, Wiley, CO 81092",Resident 1222,A-20222,2025/08/14,262728,gal,,R1,
M-1223,"1661 Highway 287, Wiley, CO 81092",Resident 1223,A-20223,2025/08/14,337908,gal,,R2,
M-1224,"1668 Maple Ave, Wiley, CO 81092",Resident 1224,A-20224,2025/08/14,459991,gal,,R3,
M-1225,"1675 Oak St, Wiley, CO 81092",Resident 1225,A-20225,2025/08/14,413869,gal,,R4,
M-1226,"1682 Elm St, Wiley, CO 81092",Resident 1226,A-20226,2025/08/14,187388,gal,,R5,
M-1227,"1689 3rd Ave, Wiley, CO 81092",Resident 1227,A-20227,2025/08/14,303809,gal,,R6,
M-1228,"1696 5th St, Wiley, CO 81092",Resident 1228,A-20228,2025/08/14,446144,gal,,R1,
M-1229,"1703 Ranch Rd, Wiley, CO 81092",Resident 1229,A-20229,2025/08/14,267459,gal,,R2,
M-1230,"1710 Irrigation Ln, Wiley, CO 81092",Resident 1230,A-20230,2025/08/14,296597,gal,,R3,
M-1231,"1717 North Frontage, Wiley, CO 81092",Resident 1231,A-20231,2025/08/14,180367,gal,,R4,
M-1232,"1724 South Loop, Wiley, CO 81092",Resident 1232,A-20232,2025/08/14,332342,gal,,R5,
M-1233,"1731 Pioneer Rd, Wiley, CO 81092",Resident 1233,A-20233,2025/08/14,159819,gal,,R6,
M-1234,"1738 Cottonwood Dr, Wiley, CO 81092",Resident 1234,A-20234,2025/08/14,386666,gal,,R1,
M-1235,"1745 Sand Creek Rd, Wiley, CO 81092",Resident 1235,A-20235,2025/08/14,409876,gal,,R2,
M-1236,"1752 Prairie View, Wiley, CO 81092",Resident 1236,A-20236,2025/08/14,260988,gal,,R3,
M-1237,"1759 School House Rd, Wiley, CO 81092",Resident 1237,A-20237,2025/08/14,346753,gal,,R4,
M-1238,"1766 Cemetery Rd, Wiley, CO 81092",Resident 1238,A-20238,2025/08/14,349149,gal,,R5,
M-1239,"1773 Grain Elevator Rd, Wiley, CO 81092",Resident 1239,A-20239,2025/08/14,163368,gal,,R6,
M-1240,"1780 Main St, Wiley, CO 81092",Resident 1240,A-20240,2025/08/14,488850,gal,,R1,
M-1241,"1787 County Rd 10, Wiley, CO 81092",Resident 1241,A-20241,2025/08/14,304679,gal,,R2,
M-1242,"1794 County Rd 14, Wiley, CO 81092",Resident 1242,A-20242,2025/08/14,420446,gal,,R3,
M-1243,"1801 Highway 287, Wiley, CO 81092",Resident 1243,A-20243,2025/08/14,271792,gal,,R4,
M-1244,"1808 Maple Ave, Wiley, CO 81092",Resident 1244,A-20244,2025/08/14,686346,gal,,R5,
M-1245,"1815 Oak St, Wiley, CO 81092",Resident 1245,A-20245,2025/08/14,151071,gal,,R6,
M-1246,"1822 Elm St, Wiley, CO 81092",Resident 1246,A-20246,2025/08/14,275601,gal,,R1,
M-1247,"1829 3rd Ave, Wiley, CO 81092",Resident 1247,A-20247,2025/08/14,348638,gal,,R2,
M-1248,"1836 5th St, Wiley, CO 81092",Resident 1248,A-20248,2025/08/14,310823,gal,,R3,
M-1249,"1843 Ranch Rd, Wiley, CO 81092",Resident 1249,A-20249,2025/08/14,490219,gal,,R4,
M-1250,"1850 Irrigation Ln, Wiley, CO 81092",Resident 1250,A-20250,2025/08/14,318809,gal,,R5,
M-1251,"1857 North Frontage, Wiley, CO 81092",Resident 1251,A-20251,2025/08/14,316808,gal,,R6,
M-1252,"1864 South Loop, Wiley, CO 81092",Resident 1252,A-20252,2025/08/14,318295,gal,,R1,
M-1253,"1871 Pioneer Rd, Wiley, CO 81092",Resident 1253,A-20253,2025/08/14,236386,gal,,R2,
M-1254,"1878 Cottonwood Dr, Wiley, CO 81092",Resident 1254,A-20254,2025/08/14,379627,gal,,R3,
M-1255,"1885 Sand Creek Rd, Wiley, CO 81092",Resident 1255,A-20255,2025/08/14,226908,gal,,R4,
M-1256,"1892 Prairie View, Wiley, CO 81092",Resident 1256,A-20256,2025/08/14,253738,gal,,R5,
M-1257,"1899 School House Rd, Wiley, CO 81092",Resident 1257,A-20257,2025/08/14,306741,gal,,R6,
M-1258,"1906 Cemetery Rd, Wiley, CO 81092",Resident 1258,A-20258,2025/08/14,454167,gal,,R1,
M-1259,"1913 Grain Elevator Rd, Wiley, CO 81092",Resident 1259,A-20259,2025/08/14,286253,gal,,R2,
M-1260,"1920 Main St, Wiley, CO 81092",Resident 1260,A-20260,2025/08/14,175809,gal,,R3,
M-1261,"1927 County Rd 10, Wiley, CO 81092",Resident 1261,A-20261,2025/08/14,438481,gal,,R4,
M-1262,"1934 County Rd 14, Wiley, CO 81092",Resident 1262,A-20262,2025/08/14,387188,gal,,R5,
M-1263,"1941 Highway 287, Wiley, CO 81092",Resident 1263,A-20263,2025/08/14,292674,gal,,R6,
M-1264,"1948 Maple Ave, Wiley, CO 81092",Resident 1264,A-20264,2025/08/14,318281,gal,,R1,
M-1265,"1955 Oak St, Wiley, CO 81092",Resident 1265,A-20265,2025/08/14,397840,gal,,R2,
M-1266,"1962 Elm St, Wiley, CO 81092",Resident 1266,A-20266,2025/08/14,154101,gal,,R3,
M-1267,"1969 3rd Ave, Wiley, CO 81092",Resident 1267,A-20267,2025/08/14,291131,gal,,R4,
M-1268,"1976 5th St, Wiley, CO 81092",Resident 1268,A-20268,2025/08/14,255645,gal,,R5,
M-1269,"1983 Ranch Rd, Wiley, CO 81092",Resident 1269,A-20269,2025/08/14,254254,gal,,R6,
M-1270,"1990 Irrigation Ln, Wiley, CO 81092",Resident 1270,A-20270,2025/08/14,320309,gal,,R1,
M-1271,"1997 North Frontage, Wiley, CO 81092",Resident 1271,A-20271,2025/08/14,466226,gal,,R2,
M-1272,"2004 South Loop, Wiley, CO 81092",Resident 1272,A-20272,2025/08/14,460874,gal,,R3,
M-1273,"2011 Pioneer Rd, Wiley, CO 81092",Resident 1273,A-20273,2025/08/14,485850,gal,,R4,
M-1274,"2018 Cottonwood Dr, Wiley, CO 81092",Resident 1274,A-20274,2025/08/14,300387,gal,,R5,
M-1275,"2025 Sand Creek Rd, Wiley, CO 81092",Resident 1275,A-20275,2025/08/14,351425,gal,,R6,
M-1276,"2032 Prairie View, Wiley, CO 81092",Resident 1276,A-20276,2025/08/14,367692,gal,,R1,
M-1277,"2039 School House Rd, Wiley, CO 81092",Resident 1277,A-20277,2025/08/14,357409,gal,,R2,
M-1278,"2046 Cemetery Rd, Wiley, CO 81092",Resident 1278,A-20278,2025/08/14,212183,gal,,R3,
M-1279,"2053 Grain Elevator Rd, Wiley, CO 81092",Resident 1279,A-20279,2025/08/14,359203,gal,,R4,
M-1280,"2060 Main St, Wiley, CO 81092",Resident 1280,A-20280,2025/08/14,339341,gal,,R5,
M-1281,"2067 County Rd 10, Wiley, CO 81092",Resident 1281,A-20281,2025/08/14,244172,gal,,R6,
M-1282,"2074 County Rd 14, Wiley, CO 81092",Resident 1282,A-20282,2025/08/14,475187,gal,,R1,
M-1283,"2081 Highway 287, Wiley, CO 81092",Resident 1283,A-20283,2025/08/14,163137,gal,,R2,
M-1284,"2088 Maple Ave, Wiley, CO 81092",Resident 1284,A-20284,2025/08/14,276748,gal,,R3,
M-1285,"2095 Oak St, Wiley, CO 81092",Resident 1285,A-20285,2025/08/14,397849,gal,,R4,
M-1286,"2102 Elm St, Wiley, CO 81092",Resident 1286,A-20286,2025/08/14,478584,gal,,R5,
M-1287,"2109 3rd Ave, Wiley, CO 81092",Resident 1287,A-20287,2025/08/14,494352,gal,,R6,
M-1288,"2116 5th St, Wiley, CO 81092",Resident 1288,A-20288,2025/08/14,404764,gal,,R1,
M-1289,"2123 Ranch Rd, Wiley, CO 81092",Resident 1289,A-20289,2025/08/14,330329,gal,,R2,
M-1290,"2130 Irrigation Ln, Wiley, CO 81092",Resident 1290,A-20290,2025/08/14,198955,gal,,R3,
M-1291,"2137 North Frontage, Wiley, CO 81092",Resident 1291,A-20291,2025/08/14,275027,gal,,R4,
M-1292,"2144 South Loop, Wiley, CO 81092",Resident 1292,A-20292,2025/08/14,252262,gal,,R5,
M-1293,"2151 Pioneer Rd, Wiley, CO 81092",Resident 1293,A-20293,2025/08/14,204258,gal,,R6,
M-1294,"2158 Cottonwood Dr, Wiley, CO 81092",Resident 1294,A-20294,2025/08/14,229044,gal,,R1,
M-1295,"2165 Sand Creek Rd, Wiley, CO 81092",Resident 1295,A-20295,2025/08/14,240752,gal,,R2,
M-1296,"2172 Prairie View, Wiley, CO 81092",Resident 1296,A-20296,2025/08/14,131042,gal,,R3,
M-1297,"2179 School House Rd, Wiley, CO 81092",Resident 1297,A-20297,2025/08/14,117901,gal,,R4,
M-1298,"2186 Cemetery Rd, Wiley, CO 81092",Resident 1298,A-20298,2025/08/14,235039,gal,,R5,
M-1299,"2193 Grain Elevator Rd, Wiley, CO 81092",Resident 1299,A-20299,2025/08/14,348334,gal,,R6,
M-1300,"2200 Main St, Wiley, CO 81092",Resident 1300,A-20300,2025/08/14,422393,gal,,R1,
M-1001,"107 County Rd 10, Wiley, CO 81092",Resident 1001,A-20001,2025/09/15,436499,gal,,R2,
M-1002,"114 County Rd 14, Wiley, CO 81092",Resident 1002,A-20002,2025/09/15,331664,gal,,R3,
M-1003,"121 Highway 287, Wiley, CO 81092",Resident 1003,A-20003,2025/09/15,159293,gal,,R4,
M-1004,"128 Maple Ave, Wiley, CO 81092",Resident 1004,A-20004,2025/09/15,395049,gal,,R5,
M-1005,"135 Oak St, Wiley, CO 81092",Resident 1005,A-20005,2025/09/15,212899,gal,,R6,
M-1006,"142 Elm St, Wiley, CO 81092",Resident 1006,A-20006,2025/09/15,258840,gal,,R1,
M-1007,"149 3rd Ave, Wiley, CO 81092",Resident 1007,A-20007,2025/09/15,352554,gal,,R2,
M-1008,"156 5th St, Wiley, CO 81092",Resident 1008,A-20008,2025/09/15,229251,gal,,R3,
M-1009,"163 Ranch Rd, Wiley, CO 81092",Resident 1009,A-20009,2025/09/15,209280,gal,,R4,
M-1010,"170 Irrigation Ln, Wiley, CO 81092",Resident 1010,A-20010,2025/09/15,326519,gal,,R5,
M-1011,"177 North Frontage, Wiley, CO 81092",Resident 1011,A-20011,2025/09/15,449899,gal,,R6,
M-1012,"184 South Loop, Wiley, CO 81092",Resident 1012,A-20012,2025/09/15,225356,gal,,R1,
M-1013,"191 Pioneer Rd, Wiley, CO 81092",Resident 1013,A-20013,2025/09/15,172546,gal,,R2,
M-1014,"198 Cottonwood Dr, Wiley, CO 81092",Resident 1014,A-20014,2025/09/15,435107,gal,,R3,
M-1015,"205 Sand Creek Rd, Wiley, CO 81092",Resident 1015,A-20015,2025/09/15,439160,gal,,R4,
M-1016,"212 Prairie View, Wiley, CO 81092",Resident 1016,A-20016,2025/09/15,142029,gal,,R5,
M-1017,"219 School House Rd, Wiley, CO 81092",Resident 1017,A-20017,2025/09/15,133720,gal,,R6,
M-1018,"226 Cemetery Rd, Wiley, CO 81092",Resident 1018,A-20018,2025/09/15,211576,gal,,R1,
M-1019,"233 Grain Elevator Rd, Wiley, CO 81092",Resident 1019,A-20019,2025/09/15,179881,gal,,R2,
M-1020,"240 Main St, Wiley, CO 81092",Resident 1020,A-20020,2025/09/15,319509,gal,,R3,
M-1021,"247 County Rd 10, Wiley, CO 81092",Resident 1021,A-20021,2025/09/15,366575,gal,,R4,
M-1022,"254 County Rd 14, Wiley, CO 81092",Resident 1022,A-20022,2025/09/15,393413,gal,,R5,
M-1023,"261 Highway 287, Wiley, CO 81092",Resident 1023,A-20023,2025/09/15,267877,gal,,R6,
M-1024,"268 Maple Ave, Wiley, CO 81092",Resident 1024,A-20024,2025/09/15,298155,gal,,R1,
M-1025,"275 Oak St, Wiley, CO 81092",Resident 1025,A-20025,2025/09/15,183087,gal,,R2,
M-1026,"282 Elm St, Wiley, CO 81092",Resident 1026,A-20026,2025/09/15,195013,gal,,R3,
M-1027,"289 3rd Ave, Wiley, CO 81092",Resident 1027,A-20027,2025/09/15,366969,gal,,R4,
M-1028,"296 5th St, Wiley, CO 81092",Resident 1028,A-20028,2025/09/15,163742,gal,,R5,
M-1029,"303 Ranch Rd, Wiley, CO 81092",Resident 1029,A-20029,2025/09/15,370150,gal,,R6,
M-1030,"310 Irrigation Ln, Wiley, CO 81092",Resident 1030,A-20030,2025/09/15,289596,gal,,R1,
M-1031,"317 North Frontage, Wiley, CO 81092",Resident 1031,A-20031,2025/09/15,375015,gal,,R2,
M-1032,"324 South Loop, Wiley, CO 81092",Resident 1032,A-20032,2025/09/15,257775,gal,,R3,
M-1033,"331 Pioneer Rd, Wiley, CO 81092",Resident 1033,A-20033,2025/09/15,643936,gal,,R4,
M-1034,"338 Cottonwood Dr, Wiley, CO 81092",Resident 1034,A-20034,2025/09/15,450272,gal,,R5,
M-1035,"345 Sand Creek Rd, Wiley, CO 81092",Resident 1035,A-20035,2025/09/15,463996,gal,,R6,
M-1036,"352 Prairie View, Wiley, CO 81092",Resident 1036,A-20036,2025/09/15,338566,gal,,R1,
M-1037,"359 School House Rd, Wiley, CO 81092",Resident 1037,A-20037,2025/09/15,259891,gal,,R2,
M-1038,"366 Cemetery Rd, Wiley, CO 81092",Resident 1038,A-20038,2025/09/15,201414,gal,,R3,
M-1039,"373 Grain Elevator Rd, Wiley, CO 81092",Resident 1039,A-20039,2025/09/15,321681,gal,,R4,
M-1040,"380 Main St, Wiley, CO 81092",Resident 1040,A-20040,2025/09/15,246763,gal,,R5,
M-1041,"387 County Rd 10, Wiley, CO 81092",Resident 1041,A-20041,2025/09/15,156853,gal,,R6,
M-1042,"394 County Rd 14, Wiley, CO 81092",Resident 1042,A-20042,2025/09/15,417183,gal,,R1,
M-1043,"401 Highway 287, Wiley, CO 81092",Resident 1043,A-20043,2025/09/15,384896,gal,,R2,
M-1044,"408 Maple Ave, Wiley, CO 81092",Resident 1044,A-20044,2025/09/15,139640,gal,,R3,
M-1045,"415 Oak St, Wiley, CO 81092",Resident 1045,A-20045,2025/09/15,341585,gal,,R4,
M-1046,"422 Elm St, Wiley, CO 81092",Resident 1046,A-20046,2025/09/15,152232,gal,,R5,
M-1047,"429 3rd Ave, Wiley, CO 81092",Resident 1047,A-20047,2025/09/15,121570,gal,,R6,
M-1048,"436 5th St, Wiley, CO 81092",Resident 1048,A-20048,2025/09/15,399437,gal,,R1,
M-1049,"443 Ranch Rd, Wiley, CO 81092",Resident 1049,A-20049,2025/09/15,378184,gal,,R2,
M-1050,"450 Irrigation Ln, Wiley, CO 81092",Resident 1050,A-20050,2025/09/15,358031,gal,,R3,
M-1051,"457 North Frontage, Wiley, CO 81092",Resident 1051,A-20051,2025/09/15,402148,gal,,R4,
M-1052,"464 South Loop, Wiley, CO 81092",Resident 1052,A-20052,2025/09/15,207554,gal,,R5,
M-1053,"471 Pioneer Rd, Wiley, CO 81092",Resident 1053,A-20053,2025/09/15,186354,gal,,R6,
M-1054,"478 Cottonwood Dr, Wiley, CO 81092",Resident 1054,A-20054,2025/09/15,382261,gal,,R1,
M-1055,"485 Sand Creek Rd, Wiley, CO 81092",Resident 1055,A-20055,2025/09/15,124120,gal,,R2,
M-1056,"492 Prairie View, Wiley, CO 81092",Resident 1056,A-20056,2025/09/15,266611,gal,,R3,
M-1057,"499 School House Rd, Wiley, CO 81092",Resident 1057,A-20057,2025/09/15,173446,gal,,R4,
M-1058,"506 Cemetery Rd, Wiley, CO 81092",Resident 1058,A-20058,2025/09/15,458729,gal,,R5,
M-1059,"513 Grain Elevator Rd, Wiley, CO 81092",Resident 1059,A-20059,2025/09/15,135138,gal,,R6,
M-1060,"520 Main St, Wiley, CO 81092",Resident 1060,A-20060,2025/09/15,253356,gal,,R1,
M-1061,"527 County Rd 10, Wiley, CO 81092",Resident 1061,A-20061,2025/09/15,303711,gal,,R2,
M-1062,"534 County Rd 14, Wiley, CO 81092",Resident 1062,A-20062,2025/09/15,210800,gal,,R3,
M-1063,"541 Highway 287, Wiley, CO 81092",Resident 1063,A-20063,2025/09/15,417089,gal,,R4,
M-1064,"548 Maple Ave, Wiley, CO 81092",Resident 1064,A-20064,2025/09/15,288558,gal,,R5,
M-1065,"555 Oak St, Wiley, CO 81092",Resident 1065,A-20065,2025/09/15,460098,gal,,R6,
M-1066,"562 Elm St, Wiley, CO 81092",Resident 1066,A-20066,2025/09/15,440977,gal,,R1,
M-1067,"569 3rd Ave, Wiley, CO 81092",Resident 1067,A-20067,2025/09/15,173451,gal,,R2,
M-1068,"576 5th St, Wiley, CO 81092",Resident 1068,A-20068,2025/09/15,429432,gal,,R3,
M-1069,"583 Ranch Rd, Wiley, CO 81092",Resident 1069,A-20069,2025/09/15,212870,gal,,R4,
M-1070,"590 Irrigation Ln, Wiley, CO 81092",Resident 1070,A-20070,2025/09/15,311541,gal,,R5,
M-1071,"597 North Frontage, Wiley, CO 81092",Resident 1071,A-20071,2025/09/15,432317,gal,,R6,
M-1072,"604 South Loop, Wiley, CO 81092",Resident 1072,A-20072,2025/09/15,471830,gal,,R1,
M-1073,"611 Pioneer Rd, Wiley, CO 81092",Resident 1073,A-20073,2025/09/15,407599,gal,,R2,
M-1074,"618 Cottonwood Dr, Wiley, CO 81092",Resident 1074,A-20074,2025/09/15,391598,gal,,R3,
M-1075,"625 Sand Creek Rd, Wiley, CO 81092",Resident 1075,A-20075,2025/09/15,258224,gal,,R4,
M-1076,"632 Prairie View, Wiley, CO 81092",Resident 1076,A-20076,2025/09/15,247146,gal,,R5,
M-1077,"639 School House Rd, Wiley, CO 81092",Resident 1077,A-20077,2025/09/15,201798,gal,,R6,
M-1078,"646 Cemetery Rd, Wiley, CO 81092",Resident 1078,A-20078,2025/09/15,296560,gal,,R1,
M-1079,"653 Grain Elevator Rd, Wiley, CO 81092",Resident 1079,A-20079,2025/09/15,243101,gal,,R2,
M-1080,"660 Main St, Wiley, CO 81092",Resident 1080,A-20080,2025/09/15,274062,gal,,R3,
M-1081,"667 County Rd 10, Wiley, CO 81092",Resident 1081,A-20081,2025/09/15,368302,gal,,R4,
M-1082,"674 County Rd 14, Wiley, CO 81092",Resident 1082,A-20082,2025/09/15,194271,gal,,R5,
M-1083,"681 Highway 287, Wiley, CO 81092",Resident 1083,A-20083,2025/09/15,440057,gal,,R6,
M-1084,"688 Maple Ave, Wiley, CO 81092",Resident 1084,A-20084,2025/09/15,284434,gal,,R1,
M-1085,"695 Oak St, Wiley, CO 81092",Resident 1085,A-20085,2025/09/15,365315,gal,,R2,
M-1086,"702 Elm St, Wiley, CO 81092",Resident 1086,A-20086,2025/09/15,275617,gal,,R3,
M-1087,"709 3rd Ave, Wiley, CO 81092",Resident 1087,A-20087,2025/09/15,200770,gal,,R4,
M-1088,"716 5th St, Wiley, CO 81092",Resident 1088,A-20088,2025/09/15,118056,gal,,R5,
M-1089,"723 Ranch Rd, Wiley, CO 81092",Resident 1089,A-20089,2025/09/15,575862,gal,,R6,
M-1090,"730 Irrigation Ln, Wiley, CO 81092",Resident 1090,A-20090,2025/09/15,479839,gal,,R1,
M-1091,"737 North Frontage, Wiley, CO 81092",Resident 1091,A-20091,2025/09/15,450522,gal,,R2,
M-1092,"744 South Loop, Wiley, CO 81092",Resident 1092,A-20092,2025/09/15,157680,gal,,R3,
M-1093,"751 Pioneer Rd, Wiley, CO 81092",Resident 1093,A-20093,2025/09/15,188015,gal,,R4,
M-1094,"758 Cottonwood Dr, Wiley, CO 81092",Resident 1094,A-20094,2025/09/15,451762,gal,,R5,
M-1095,"765 Sand Creek Rd, Wiley, CO 81092",Resident 1095,A-20095,2025/09/15,226069,gal,,R6,
M-1096,"772 Prairie View, Wiley, CO 81092",Resident 1096,A-20096,2025/09/15,369771,gal,,R1,
M-1097,"779 School House Rd, Wiley, CO 81092",Resident 1097,A-20097,2025/09/15,277195,gal,,R2,
M-1098,"786 Cemetery Rd, Wiley, CO 81092",Resident 1098,A-20098,2025/09/15,199739,gal,,R3,
M-1099,"793 Grain Elevator Rd, Wiley, CO 81092",Resident 1099,A-20099,2025/09/15,299550,gal,,R4,
M-1100,"800 Main St, Wiley, CO 81092",Resident 1100,A-20100,2025/09/15,191510,gal,,R5,
M-1101,"807 County Rd 10, Wiley, CO 81092",Resident 1101,A-20101,2025/09/15,291552,gal,,R6,
M-1102,"814 County Rd 14, Wiley, CO 81092",Resident 1102,A-20102,2025/09/15,346906,gal,,R1,
M-1103,"821 Highway 287, Wiley, CO 81092",Resident 1103,A-20103,2025/09/15,262018,gal,,R2,
M-1104,"828 Maple Ave, Wiley, CO 81092",Resident 1104,A-20104,2025/09/15,244787,gal,,R3,
M-1105,"835 Oak St, Wiley, CO 81092",Resident 1105,A-20105,2025/09/15,353127,gal,,R4,
M-1106,"842 Elm St, Wiley, CO 81092",Resident 1106,A-20106,2025/09/15,461961,gal,,R5,
M-1107,"849 3rd Ave, Wiley, CO 81092",Resident 1107,A-20107,2025/09/15,249585,gal,,R6,
M-1108,"856 5th St, Wiley, CO 81092",Resident 1108,A-20108,2025/09/15,430912,gal,,R1,
M-1109,"863 Ranch Rd, Wiley, CO 81092",Resident 1109,A-20109,2025/09/15,431912,gal,,R2,
M-1110,"870 Irrigation Ln, Wiley, CO 81092",Resident 1110,A-20110,2025/09/15,400892,gal,,R3,
M-1111,"877 North Frontage, Wiley, CO 81092",Resident 1111,A-20111,2025/09/15,134556,gal,,R4,
M-1112,"884 South Loop, Wiley, CO 81092",Resident 1112,A-20112,2025/09/15,402800,gal,,R5,
M-1113,"891 Pioneer Rd, Wiley, CO 81092",Resident 1113,A-20113,2025/09/15,247973,gal,,R6,
M-1114,"898 Cottonwood Dr, Wiley, CO 81092",Resident 1114,A-20114,2025/09/15,455008,gal,,R1,
M-1115,"905 Sand Creek Rd, Wiley, CO 81092",Resident 1115,A-20115,2025/09/15,205019,gal,,R2,
M-1116,"912 Prairie View, Wiley, CO 81092",Resident 1116,A-20116,2025/09/15,238988,gal,,R3,
M-1117,"919 School House Rd, Wiley, CO 81092",Resident 1117,A-20117,2025/09/15,262620,gal,,R4,
M-1118,"926 Cemetery Rd, Wiley, CO 81092",Resident 1118,A-20118,2025/09/15,171136,gal,,R5,
M-1119,"933 Grain Elevator Rd, Wiley, CO 81092",Resident 1119,A-20119,2025/09/15,219277,gal,,R6,
M-1120,"940 Main St, Wiley, CO 81092",Resident 1120,A-20120,2025/09/15,431276,gal,,R1,
M-1121,"947 County Rd 10, Wiley, CO 81092",Resident 1121,A-20121,2025/09/15,210452,gal,,R2,
M-1122,"954 County Rd 14, Wiley, CO 81092",Resident 1122,A-20122,2025/09/15,306023,gal,,R3,
M-1123,"961 Highway 287, Wiley, CO 81092",Resident 1123,A-20123,2025/09/15,288421,gal,,R4,
M-1124,"968 Maple Ave, Wiley, CO 81092",Resident 1124,A-20124,2025/09/15,417433,gal,,R5,
M-1125,"975 Oak St, Wiley, CO 81092",Resident 1125,A-20125,2025/09/15,225224,gal,,R6,
M-1126,"982 Elm St, Wiley, CO 81092",Resident 1126,A-20126,2025/09/15,279265,gal,,R1,
M-1127,"989 3rd Ave, Wiley, CO 81092",Resident 1127,A-20127,2025/09/15,220396,gal,,R2,
M-1128,"996 5th St, Wiley, CO 81092",Resident 1128,A-20128,2025/09/15,510398,gal,,R3,
M-1129,"1003 Ranch Rd, Wiley, CO 81092",Resident 1129,A-20129,2025/09/15,288917,gal,,R4,
M-1130,"1010 Irrigation Ln, Wiley, CO 81092",Resident 1130,A-20130,2025/09/15,415703,gal,,R5,
M-1131,"1017 North Frontage, Wiley, CO 81092",Resident 1131,A-20131,2025/09/15,369871,gal,,R6,
M-1132,"1024 South Loop, Wiley, CO 81092",Resident 1132,A-20132,2025/09/15,303412,gal,,R1,
M-1133,"1031 Pioneer Rd, Wiley, CO 81092",Resident 1133,A-20133,2025/09/15,175732,gal,,R2,
M-1134,"1038 Cottonwood Dr, Wiley, CO 81092",Resident 1134,A-20134,2025/09/15,181218,gal,,R3,
M-1135,"1045 Sand Creek Rd, Wiley, CO 81092",Resident 1135,A-20135,2025/09/15,484553,gal,,R4,
M-1136,"1052 Prairie View, Wiley, CO 81092",Resident 1136,A-20136,2025/09/15,355045,gal,,R5,
M-1137,"1059 School House Rd, Wiley, CO 81092",Resident 1137,A-20137,2025/09/15,273598,gal,,R6,
M-1138,"1066 Cemetery Rd, Wiley, CO 81092",Resident 1138,A-20138,2025/09/15,134268,gal,,R1,
M-1139,"1073 Grain Elevator Rd, Wiley, CO 81092",Resident 1139,A-20139,2025/09/15,101581,gal,,R2,
M-1140,"1080 Main St, Wiley, CO 81092",Resident 1140,A-20140,2025/09/15,317688,gal,,R3,
M-1141,"1087 County Rd 10, Wiley, CO 81092",Resident 1141,A-20141,2025/09/15,211645,gal,,R4,
M-1142,"1094 County Rd 14, Wiley, CO 81092",Resident 1142,A-20142,2025/09/15,427840,gal,,R5,
M-1143,"1101 Highway 287, Wiley, CO 81092",Resident 1143,A-20143,2025/09/15,311388,gal,,R6,
M-1144,"1108 Maple Ave, Wiley, CO 81092",Resident 1144,A-20144,2025/09/15,172575,gal,,R1,
M-1145,"1115 Oak St, Wiley, CO 81092",Resident 1145,A-20145,2025/09/15,329292,gal,,R2,
M-1146,"1122 Elm St, Wiley, CO 81092",Resident 1146,A-20146,2025/09/15,389427,gal,,R3,
M-1147,"1129 3rd Ave, Wiley, CO 81092",Resident 1147,A-20147,2025/09/15,383269,gal,,R4,
M-1148,"1136 5th St, Wiley, CO 81092",Resident 1148,A-20148,2025/09/15,396377,gal,,R5,
M-1149,"1143 Ranch Rd, Wiley, CO 81092",Resident 1149,A-20149,2025/09/15,170834,gal,,R6,
M-1150,"1150 Irrigation Ln, Wiley, CO 81092",Resident 1150,A-20150,2025/09/15,195242,gal,,R1,
M-1151,"1157 North Frontage, Wiley, CO 81092",Resident 1151,A-20151,2025/09/15,196031,gal,,R2,
M-1152,"1164 South Loop, Wiley, CO 81092",Resident 1152,A-20152,2025/09/15,169019,gal,,R3,
M-1153,"1171 Pioneer Rd, Wiley, CO 81092",Resident 1153,A-20153,2025/09/15,417203,gal,,R4,
M-1154,"1178 Cottonwood Dr, Wiley, CO 81092",Resident 1154,A-20154,2025/09/15,150826,gal,,R5,
M-1155,"1185 Sand Creek Rd, Wiley, CO 81092",Resident 1155,A-20155,2025/09/15,348079,gal,,R6,
M-1156,"1192 Prairie View, Wiley, CO 81092",Resident 1156,A-20156,2025/09/15,736456,gal,,R1,
M-1157,"1199 School House Rd, Wiley, CO 81092",Resident 1157,A-20157,2025/09/15,435413,gal,,R2,
M-1158,"1206 Cemetery Rd, Wiley, CO 81092",Resident 1158,A-20158,2025/09/15,189719,gal,,R3,
M-1159,"1213 Grain Elevator Rd, Wiley, CO 81092",Resident 1159,A-20159,2025/09/15,376391,gal,,R4,
M-1160,"1220 Main St, Wiley, CO 81092",Resident 1160,A-20160,2025/09/15,150477,gal,,R5,
M-1161,"1227 County Rd 10, Wiley, CO 81092",Resident 1161,A-20161,2025/09/15,188870,gal,,R6,
M-1162,"1234 County Rd 14, Wiley, CO 81092",Resident 1162,A-20162,2025/09/15,335568,gal,,R1,
M-1163,"1241 Highway 287, Wiley, CO 81092",Resident 1163,A-20163,2025/09/15,289011,gal,,R2,
M-1164,"1248 Maple Ave, Wiley, CO 81092",Resident 1164,A-20164,2025/09/15,183208,gal,,R3,
M-1165,"1255 Oak St, Wiley, CO 81092",Resident 1165,A-20165,2025/09/15,334622,gal,,R4,
M-1166,"1262 Elm St, Wiley, CO 81092",Resident 1166,A-20166,2025/09/15,287234,gal,,R5,
M-1167,"1269 3rd Ave, Wiley, CO 81092",Resident 1167,A-20167,2025/09/15,245243,gal,,R6,
M-1168,"1276 5th St, Wiley, CO 81092",Resident 1168,A-20168,2025/09/15,526348,gal,,R1,
M-1169,"1283 Ranch Rd, Wiley, CO 81092",Resident 1169,A-20169,2025/09/15,214692,gal,,R2,
M-1170,"1290 Irrigation Ln, Wiley, CO 81092",Resident 1170,A-20170,2025/09/15,300316,gal,,R3,
M-1171,"1297 North Frontage, Wiley, CO 81092",Resident 1171,A-20171,2025/09/15,389869,gal,,R4,
M-1172,"1304 South Loop, Wiley, CO 81092",Resident 1172,A-20172,2025/09/15,327435,gal,,R5,
M-1173,"1311 Pioneer Rd, Wiley, CO 81092",Resident 1173,A-20173,2025/09/15,461697,gal,,R6,
M-1174,"1318 Cottonwood Dr, Wiley, CO 81092",Resident 1174,A-20174,2025/09/15,182556,gal,,R1,
M-1175,"1325 Sand Creek Rd, Wiley, CO 81092",Resident 1175,A-20175,2025/09/15,261042,gal,,R2,
M-1176,"1332 Prairie View, Wiley, CO 81092",Resident 1176,A-20176,2025/09/15,168662,gal,,R3,
M-1177,"1339 School House Rd, Wiley, CO 81092",Resident 1177,A-20177,2025/09/15,266557,gal,,R4,
M-1178,"1346 Cemetery Rd, Wiley, CO 81092",Resident 1178,A-20178,2025/09/15,394768,gal,,R5,
M-1179,"1353 Grain Elevator Rd, Wiley, CO 81092",Resident 1179,A-20179,2025/09/15,129866,gal,,R6,
M-1180,"1360 Main St, Wiley, CO 81092",Resident 1180,A-20180,2025/09/15,237375,gal,,R1,
M-1181,"1367 County Rd 10, Wiley, CO 81092",Resident 1181,A-20181,2025/09/15,348202,gal,,R2,
M-1182,"1374 County Rd 14, Wiley, CO 81092",Resident 1182,A-20182,2025/09/15,320717,gal,,R3,
M-1183,"1381 Highway 287, Wiley, CO 81092",Resident 1183,A-20183,2025/09/15,274626,gal,,R4,
M-1184,"1388 Maple Ave, Wiley, CO 81092",Resident 1184,A-20184,2025/09/15,235069,gal,,R5,
M-1185,"1395 Oak St, Wiley, CO 81092",Resident 1185,A-20185,2025/09/15,242221,gal,,R6,
M-1186,"1402 Elm St, Wiley, CO 81092",Resident 1186,A-20186,2025/09/15,175915,gal,,R1,
M-1187,"1409 3rd Ave, Wiley, CO 81092",Resident 1187,A-20187,2025/09/15,365113,gal,,R2,
M-1188,"1416 5th St, Wiley, CO 81092",Resident 1188,A-20188,2025/09/15,163007,gal,,R3,
M-1189,"1423 Ranch Rd, Wiley, CO 81092",Resident 1189,A-20189,2025/09/15,401676,gal,,R4,
M-1190,"1430 Irrigation Ln, Wiley, CO 81092",Resident 1190,A-20190,2025/09/15,222434,gal,,R5,
M-1191,"1437 North Frontage, Wiley, CO 81092",Resident 1191,A-20191,2025/09/15,204366,gal,,R6,
M-1192,"1444 South Loop, Wiley, CO 81092",Resident 1192,A-20192,2025/09/15,369701,gal,,R1,
M-1193,"1451 Pioneer Rd, Wiley, CO 81092",Resident 1193,A-20193,2025/09/15,356847,gal,,R2,
M-1194,"1458 Cottonwood Dr, Wiley, CO 81092",Resident 1194,A-20194,2025/09/15,263462,gal,,R3,
M-1195,"1465 Sand Creek Rd, Wiley, CO 81092",Resident 1195,A-20195,2025/09/15,268558,gal,,R4,
M-1196,"1472 Prairie View, Wiley, CO 81092",Resident 1196,A-20196,2025/09/15,265519,gal,,R5,
M-1197,"1479 School House Rd, Wiley, CO 81092",Resident 1197,A-20197,2025/09/15,95628,gal,,R6,
M-1198,"1486 Cemetery Rd, Wiley, CO 81092",Resident 1198,A-20198,2025/09/15,503008,gal,,R1,
M-1199,"1493 Grain Elevator Rd, Wiley, CO 81092",Resident 1199,A-20199,2025/09/15,225193,gal,,R2,
M-1200,"1500 Main St, Wiley, CO 81092",Resident 1200,A-20200,2025/09/15,349267,gal,,R3,
M-1201,"1507 County Rd 10, Wiley, CO 81092",Resident 1201,A-20201,2025/09/15,256637,gal,,R4,
M-1202,"1514 County Rd 14, Wiley, CO 81092",Resident 1202,A-20202,2025/09/15,241841,gal,,R5,
M-1203,"1521 Highway 287, Wiley, CO 81092",Resident 1203,A-20203,2025/09/15,162368,gal,,R6,
M-1204,"1528 Maple Ave, Wiley, CO 81092",Resident 1204,A-20204,2025/09/15,263493,gal,,R1,
M-1205,"1535 Oak St, Wiley, CO 81092",Resident 1205,A-20205,2025/09/15,296622,gal,,R2,
M-1206,"1542 Elm St, Wiley, CO 81092",Resident 1206,A-20206,2025/09/15,425689,gal,,R3,
M-1207,"1549 3rd Ave, Wiley, CO 81092",Resident 1207,A-20207,2025/09/15,381912,gal,,R4,
M-1208,"1556 5th St, Wiley, CO 81092",Resident 1208,A-20208,2025/09/15,358670,gal,,R5,
M-1209,"1563 Ranch Rd, Wiley, CO 81092",Resident 1209,A-20209,2025/09/15,372507,gal,,R6,
M-1210,"1570 Irrigation Ln, Wiley, CO 81092",Resident 1210,A-20210,2025/09/15,266521,gal,,R1,
M-1211,"1577 North Frontage, Wiley, CO 81092",Resident 1211,A-20211,2025/09/15,189365,gal,,R2,
M-1212,"1584 South Loop, Wiley, CO 81092",Resident 1212,A-20212,2025/09/15,205491,gal,,R3,
M-1213,"1591 Pioneer Rd, Wiley, CO 81092",Resident 1213,A-20213,2025/09/15,227978,gal,,R4,
M-1214,"1598 Cottonwood Dr, Wiley, CO 81092",Resident 1214,A-20214,2025/09/15,268477,gal,,R5,
M-1215,"1605 Sand Creek Rd, Wiley, CO 81092",Resident 1215,A-20215,2025/09/15,450502,gal,,R6,
M-1216,"1612 Prairie View, Wiley, CO 81092",Resident 1216,A-20216,2025/09/15,310324,gal,,R1,
M-1217,"1619 School House Rd, Wiley, CO 81092",Resident 1217,A-20217,2025/09/15,118357,gal,,R2,
M-1218,"1626 Cemetery Rd, Wiley, CO 81092",Resident 1218,A-20218,2025/09/15,152842,gal,,R3,
M-1219,"1633 Grain Elevator Rd, Wiley, CO 81092",Resident 1219,A-20219,2025/09/15,471650,gal,,R4,
M-1220,"1640 Main St, Wiley, CO 81092",Resident 1220,A-20220,2025/09/15,366880,gal,,R5,
M-1221,"1647 County Rd 10, Wiley, CO 81092",Resident 1221,A-20221,2025/09/15,329283,gal,,R6,
M-1222,"1654 County Rd 14, Wiley, CO 81092",Resident 1222,A-20222,2025/09/15,267339,gal,,R1,
M-1223,"1661 Highway 287, Wiley, CO 81092",Resident 1223,A-20223,2025/09/15,342495,gal,,R2,
M-1224,"1668 Maple Ave, Wiley, CO 81092",Resident 1224,A-20224,2025/09/15,467471,gal,,R3,
M-1225,"1675 Oak St, Wiley, CO 81092",Resident 1225,A-20225,2025/09/15,423077,gal,,R4,
M-1226,"1682 Elm St, Wiley, CO 81092",Resident 1226,A-20226,2025/09/15,193082,gal,,R5,
M-1227,"1689 3rd Ave, Wiley, CO 81092",Resident 1227,A-20227,2025/09/15,308742,gal,,R6,
M-1228,"1696 5th St, Wiley, CO 81092",Resident 1228,A-20228,2025/09/15,452750,gal,,R1,
M-1229,"1703 Ranch Rd, Wiley, CO 81092",Resident 1229,A-20229,2025/09/15,277271,gal,,R2,
M-1230,"1710 Irrigation Ln, Wiley, CO 81092",Resident 1230,A-20230,2025/09/15,307239,gal,,R3,
M-1231,"1717 North Frontage, Wiley, CO 81092",Resident 1231,A-20231,2025/09/15,189168,gal,,R4,
M-1232,"1724 South Loop, Wiley, CO 81092",Resident 1232,A-20232,2025/09/15,336592,gal,,R5,
M-1233,"1731 Pioneer Rd, Wiley, CO 81092",Resident 1233,A-20233,2025/09/15,169643,gal,,R6,
M-1234,"1738 Cottonwood Dr, Wiley, CO 81092",Resident 1234,A-20234,2025/09/15,392662,gal,,R1,
M-1235,"1745 Sand Creek Rd, Wiley, CO 81092",Resident 1235,A-20235,2025/09/15,415722,gal,,R2,
M-1236,"1752 Prairie View, Wiley, CO 81092",Resident 1236,A-20236,2025/09/15,268624,gal,,R3,
M-1237,"1759 School House Rd, Wiley, CO 81092",Resident 1237,A-20237,2025/09/15,354289,gal,,R4,
M-1238,"1766 Cemetery Rd, Wiley, CO 81092",Resident 1238,A-20238,2025/09/15,354841,gal,,R5,
M-1239,"1773 Grain Elevator Rd, Wiley, CO 81092",Resident 1239,A-20239,2025/09/15,170912,gal,,R6,
M-1240,"1780 Main St, Wiley, CO 81092",Resident 1240,A-20240,2025/09/15,497278,gal,,R1,
M-1241,"1787 County Rd 10, Wiley, CO 81092",Resident 1241,A-20241,2025/09/15,310641,gal,,R2,
M-1242,"1794 County Rd 14, Wiley, CO 81092",Resident 1242,A-20242,2025/09/15,424363,gal,,R3,
M-1243,"1801 Highway 287, Wiley, CO 81092",Resident 1243,A-20243,2025/09/15,276702,gal,,R4,
M-1244,"1808 Maple Ave, Wiley, CO 81092",Resident 1244,A-20244,2025/09/15,708956,gal,,R5,
M-1245,"1815 Oak St, Wiley, CO 81092",Resident 1245,A-20245,2025/09/15,154228,gal,,R6,
M-1246,"1822 Elm St, Wiley, CO 81092",Resident 1246,A-20246,2025/09/15,280884,gal,,R1,
M-1247,"1829 3rd Ave, Wiley, CO 81092",Resident 1247,A-20247,2025/09/15,351468,gal,,R2,
M-1248,"1836 5th St, Wiley, CO 81092",Resident 1248,A-20248,2025/09/15,318117,gal,,R3,
M-1249,"1843 Ranch Rd, Wiley, CO 81092",Resident 1249,A-20249,2025/09/15,498545,gal,,R4,
M-1250,"1850 Irrigation Ln, Wiley, CO 81092",Resident 1250,A-20250,2025/09/15,323387,gal,,R5,
M-1251,"1857 North Frontage, Wiley, CO 81092",Resident 1251,A-20251,2025/09/15,323925,gal,,R6,
M-1252,"1864 South Loop, Wiley, CO 81092",Resident 1252,A-20252,2025/09/15,323091,gal,,R1,
M-1253,"1871 Pioneer Rd, Wiley, CO 81092",Resident 1253,A-20253,2025/09/15,238872,gal,,R2,
M-1254,"1878 Cottonwood Dr, Wiley, CO 81092",Resident 1254,A-20254,2025/09/15,382785,gal,,R3,
M-1255,"1885 Sand Creek Rd, Wiley, CO 81092",Resident 1255,A-20255,2025/09/15,236561,gal,,R4,
M-1256,"1892 Prairie View, Wiley, CO 81092",Resident 1256,A-20256,2025/09/15,263185,gal,,R5,
M-1257,"1899 School House Rd, Wiley, CO 81092",Resident 1257,A-20257,2025/09/15,309517,gal,,R6,
M-1258,"1906 Cemetery Rd, Wiley, CO 81092",Resident 1258,A-20258,2025/09/15,458403,gal,,R1,
M-1259,"1913 Grain Elevator Rd, Wiley, CO 81092",Resident 1259,A-20259,2025/09/15,289324,gal,,R2,
M-1260,"1920 Main St, Wiley, CO 81092",Resident 1260,A-20260,2025/09/15,178496,gal,,R3,
M-1261,"1927 County Rd 10, Wiley, CO 81092",Resident 1261,A-20261,2025/09/15,443544,gal,,R4,
M-1262,"1934 County Rd 14, Wiley, CO 81092",Resident 1262,A-20262,2025/09/15,390863,gal,,R5,
M-1263,"1941 Highway 287, Wiley, CO 81092",Resident 1263,A-20263,2025/09/15,299920,gal,,R6,
M-1264,"1948 Maple Ave, Wiley, CO 81092",Resident 1264,A-20264,2025/09/15,322840,gal,,R1,
M-1265,"1955 Oak St, Wiley, CO 81092",Resident 1265,A-20265,2025/09/15,402707,gal,,R2,
M-1266,"1962 Elm St, Wiley, CO 81092",Resident 1266,A-20266,2025/09/15,164235,gal,,R3,
M-1267,"1969 3rd Ave, Wiley, CO 81092",Resident 1267,A-20267,2025/09/15,297859,gal,,R4,
M-1268,"1976 5th St, Wiley, CO 81092",Resident 1268,A-20268,2025/09/15,260018,gal,,R5,
M-1269,"1983 Ranch Rd, Wiley, CO 81092",Resident 1269,A-20269,2025/09/15,262466,gal,,R6,
M-1270,"1990 Irrigation Ln, Wiley, CO 81092",Resident 1270,A-20270,2025/09/15,324005,gal,,R1,
M-1271,"1997 North Frontage, Wiley, CO 81092",Resident 1271,A-20271,2025/09/15,476202,gal,,R2,
M-1272,"2004 South Loop, Wiley, CO 81092",Resident 1272,A-20272,2025/09/15,469039,gal,,R3,
M-1273,"2011 Pioneer Rd, Wiley, CO 81092",Resident 1273,A-20273,2025/09/15,493958,gal,,R4,
M-1274,"2018 Cottonwood Dr, Wiley, CO 81092",Resident 1274,A-20274,2025/09/15,306770,gal,,R5,
M-1275,"2025 Sand Creek Rd, Wiley, CO 81092",Resident 1275,A-20275,2025/09/15,356627,gal,,R6,
M-1276,"2032 Prairie View, Wiley, CO 81092",Resident 1276,A-20276,2025/09/15,375570,gal,,R1,
M-1277,"2039 School House Rd, Wiley, CO 81092",Resident 1277,A-20277,2025/09/15,363303,gal,,R2,
M-1278,"2046 Cemetery Rd, Wiley, CO 81092",Resident 1278,A-20278,2025/09/15,217104,gal,,R3,
M-1279,"2053 Grain Elevator Rd, Wiley, CO 81092",Resident 1279,A-20279,2025/09/15,362566,gal,,R4,
M-1280,"2060 Main St, Wiley, CO 81092",Resident 1280,A-20280,2025/09/15,342677,gal,,R5,
M-1281,"2067 County Rd 10, Wiley, CO 81092",Resident 1281,A-20281,2025/09/15,253502,gal,,R6,
M-1282,"2074 County Rd 14, Wiley, CO 81092",Resident 1282,A-20282,2025/09/15,482732,gal,,R1,
M-1283,"2081 Highway 287, Wiley, CO 81092",Resident 1283,A-20283,2025/09/15,169172,gal,,R2,
M-1284,"2088 Maple Ave, Wiley, CO 81092",Resident 1284,A-20284,2025/09/15,283301,gal,,R3,
M-1285,"2095 Oak St, Wiley, CO 81092",Resident 1285,A-20285,2025/09/15,405198,gal,,R4,
M-1286,"2102 Elm St, Wiley, CO 81092",Resident 1286,A-20286,2025/09/15,485100,gal,,R5,
M-1287,"2109 3rd Ave, Wiley, CO 81092",Resident 1287,A-20287,2025/09/15,503186,gal,,R6,
M-1288,"2116 5th St, Wiley, CO 81092",Resident 1288,A-20288,2025/09/15,407549,gal,,R1,
M-1289,"2123 Ranch Rd, Wiley, CO 81092",Resident 1289,A-20289,2025/09/15,340149,gal,,R2,
M-1290,"2130 Irrigation Ln, Wiley, CO 81092",Resident 1290,A-20290,2025/09/15,206394,gal,,R3,
M-1291,"2137 North Frontage, Wiley, CO 81092",Resident 1291,A-20291,2025/09/15,284476,gal,,R4,
M-1292,"2144 South Loop, Wiley, CO 81092",Resident 1292,A-20292,2025/09/15,255915,gal,,R5,
M-1293,"2151 Pioneer Rd, Wiley, CO 81092",Resident 1293,A-20293,2025/09/15,207150,gal,,R6,
M-1294,"2158 Cottonwood Dr, Wiley, CO 81092",Resident 1294,A-20294,2025/09/15,235468,gal,,R1,
M-1295,"2165 Sand Creek Rd, Wiley, CO 81092",Resident 1295,A-20295,2025/09/15,250300,gal,,R2,
M-1296,"2172 Prairie View, Wiley, CO 81092",Resident 1296,A-20296,2025/09/15,137499,gal,,R3,
M-1297,"2179 School House Rd, Wiley, CO 81092",Resident 1297,A-20297,2025/09/15,121091,gal,,R4,
M-1298,"2186 Cemetery Rd, Wiley, CO 81092",Resident 1298,A-20298,2025/09/15,239234,gal,,R5,
M-1299,"2193 Grain Elevator Rd, Wiley, CO 81092",Resident 1299,A-20299,2025/09/15,352480,gal,,R6,
M-1300,"2200 Main St, Wiley, CO 81092",Resident 1300,A-20300,2025/09/15,426245,gal,,R1,
M-1001,"107 County Rd 10, Wiley, CO 81092",Resident 1001,A-20001,2025/10/16,443640,gal,,R2,
M-1002,"114 County Rd 14, Wiley, CO 81092",Resident 1002,A-20002,2025/10/16,334852,gal,,R3,
M-1003,"121 Highway 287, Wiley, CO 81092",Resident 1003,A-20003,2025/10/16,161504,gal,,R4,
M-1004,"128 Maple Ave, Wiley, CO 81092",Resident 1004,A-20004,2025/10/16,404095,gal,,R5,
M-1005,"135 Oak St, Wiley, CO 81092",Resident 1005,A-20005,2025/10/16,216806,gal,,R6,
M-1006,"142 Elm St, Wiley, CO 81092",Resident 1006,A-20006,2025/10/16,262919,gal,,R1,
M-1007,"149 3rd Ave, Wiley, CO 81092",Resident 1007,A-20007,2025/10/16,357086,gal,,R2,
M-1008,"156 5th St, Wiley, CO 81092",Resident 1008,A-20008,2025/10/16,232828,gal,,R3,
M-1009,"163 Ranch Rd, Wiley, CO 81092",Resident 1009,A-20009,2025/10/16,218065,gal,,R4,
M-1010,"170 Irrigation Ln, Wiley, CO 81092",Resident 1010,A-20010,2025/10/16,329825,gal,,R5,
M-1011,"177 North Frontage, Wiley, CO 81092",Resident 1011,A-20011,2025/10/16,456882,gal,,R6,
M-1012,"184 South Loop, Wiley, CO 81092",Resident 1012,A-20012,2025/10/16,234430,gal,,R1,
M-1013,"191 Pioneer Rd, Wiley, CO 81092",Resident 1013,A-20013,2025/10/16,179592,gal,,R2,
M-1014,"198 Cottonwood Dr, Wiley, CO 81092",Resident 1014,A-20014,2025/10/16,438085,gal,,R3,
M-1015,"205 Sand Creek Rd, Wiley, CO 81092",Resident 1015,A-20015,2025/10/16,447057,gal,,R4,
M-1016,"212 Prairie View, Wiley, CO 81092",Resident 1016,A-20016,2025/10/16,147846,gal,,R5,
M-1017,"219 School House Rd, Wiley, CO 81092",Resident 1017,A-20017,2025/10/16,136032,gal,,R6,
M-1018,"226 Cemetery Rd, Wiley, CO 81092",Resident 1018,A-20018,2025/10/16,214189,gal,,R1,
M-1019,"233 Grain Elevator Rd, Wiley, CO 81092",Resident 1019,A-20019,2025/10/16,182915,gal,,R2,
M-1020,"240 Main St, Wiley, CO 81092",Resident 1020,A-20020,2025/10/16,322995,gal,,R3,
M-1021,"247 County Rd 10, Wiley, CO 81092",Resident 1021,A-20021,2025/10/16,370133,gal,,R4,
M-1022,"254 County Rd 14, Wiley, CO 81092",Resident 1022,A-20022,2025/10/16,400267,gal,,R5,
M-1023,"261 Highway 287, Wiley, CO 81092",Resident 1023,A-20023,2025/10/16,274682,gal,,R6,
M-1024,"268 Maple Ave, Wiley, CO 81092",Resident 1024,A-20024,2025/10/16,300801,gal,,R1,
M-1025,"275 Oak St, Wiley, CO 81092",Resident 1025,A-20025,2025/10/16,189713,gal,,R2,
M-1026,"282 Elm St, Wiley, CO 81092",Resident 1026,A-20026,2025/10/16,199263,gal,,R3,
M-1027,"289 3rd Ave, Wiley, CO 81092",Resident 1027,A-20027,2025/10/16,375928,gal,,R4,
M-1028,"296 5th St, Wiley, CO 81092",Resident 1028,A-20028,2025/10/16,170648,gal,,R5,
M-1029,"303 Ranch Rd, Wiley, CO 81092",Resident 1029,A-20029,2025/10/16,378459,gal,,R6,
M-1030,"310 Irrigation Ln, Wiley, CO 81092",Resident 1030,A-20030,2025/10/16,296464,gal,,R1,
M-1031,"317 North Frontage, Wiley, CO 81092",Resident 1031,A-20031,2025/10/16,379824,gal,,R2,
M-1032,"324 South Loop, Wiley, CO 81092",Resident 1032,A-20032,2025/10/16,262113,gal,,R3,
M-1033,"331 Pioneer Rd, Wiley, CO 81092",Resident 1033,A-20033,2025/10/16,668400,gal,,R4,
M-1034,"338 Cottonwood Dr, Wiley, CO 81092",Resident 1034,A-20034,2025/10/16,456887,gal,,R5,
M-1035,"345 Sand Creek Rd, Wiley, CO 81092",Resident 1035,A-20035,2025/10/16,467857,gal,,R6,
M-1036,"352 Prairie View, Wiley, CO 81092",Resident 1036,A-20036,2025/10/16,340845,gal,,R1,
M-1037,"359 School House Rd, Wiley, CO 81092",Resident 1037,A-20037,2025/10/16,267422,gal,,R2,
M-1038,"366 Cemetery Rd, Wiley, CO 81092",Resident 1038,A-20038,2025/10/16,204923,gal,,R3,
M-1039,"373 Grain Elevator Rd, Wiley, CO 81092",Resident 1039,A-20039,2025/10/16,328936,gal,,R4,
M-1040,"380 Main St, Wiley, CO 81092",Resident 1040,A-20040,2025/10/16,251661,gal,,R5,
M-1041,"387 County Rd 10, Wiley, CO 81092",Resident 1041,A-20041,2025/10/16,162186,gal,,R6,
M-1042,"394 County Rd 14, Wiley, CO 81092",Resident 1042,A-20042,2025/10/16,421515,gal,,R1,
M-1043,"401 Highway 287, Wiley, CO 81092",Resident 1043,A-20043,2025/10/16,388312,gal,,R2,
M-1044,"408 Maple Ave, Wiley, CO 81092",Resident 1044,A-20044,2025/10/16,143716,gal,,R3,
M-1045,"415 Oak St, Wiley, CO 81092",Resident 1045,A-20045,2025/10/16,350050,gal,,R4,
M-1046,"422 Elm St, Wiley, CO 81092",Resident 1046,A-20046,2025/10/16,156775,gal,,R5,
M-1047,"429 3rd Ave, Wiley, CO 81092",Resident 1047,A-20047,2025/10/16,124415,gal,,R6,
M-1048,"436 5th St, Wiley, CO 81092",Resident 1048,A-20048,2025/10/16,402302,gal,,R1,
M-1049,"443 Ranch Rd, Wiley, CO 81092",Resident 1049,A-20049,2025/10/16,382909,gal,,R2,
M-1050,"450 Irrigation Ln, Wiley, CO 81092",Resident 1050,A-20050,2025/10/16,360648,gal,,R3,
M-1051,"457 North Frontage, Wiley, CO 81092",Resident 1051,A-20051,2025/10/16,407398,gal,,R4,
M-1052,"464 South Loop, Wiley, CO 81092",Resident 1052,A-20052,2025/10/16,211892,gal,,R5,
M-1053,"471 Pioneer Rd, Wiley, CO 81092",Resident 1053,A-20053,2025/10/16,193282,gal,,R6,
M-1054,"478 Cottonwood Dr, Wiley, CO 81092",Resident 1054,A-20054,2025/10/16,386083,gal,,R1,
M-1055,"485 Sand Creek Rd, Wiley, CO 81092",Resident 1055,A-20055,2025/10/16,126676,gal,,R2,
M-1056,"492 Prairie View, Wiley, CO 81092",Resident 1056,A-20056,2025/10/16,275459,gal,,R3,
M-1057,"499 School House Rd, Wiley, CO 81092",Resident 1057,A-20057,2025/10/16,178747,gal,,R4,
M-1058,"506 Cemetery Rd, Wiley, CO 81092",Resident 1058,A-20058,2025/10/16,464598,gal,,R5,
M-1059,"513 Grain Elevator Rd, Wiley, CO 81092",Resident 1059,A-20059,2025/10/16,138417,gal,,R6,
M-1060,"520 Main St, Wiley, CO 81092",Resident 1060,A-20060,2025/10/16,258636,gal,,R1,
M-1061,"527 County Rd 10, Wiley, CO 81092",Resident 1061,A-20061,2025/10/16,306685,gal,,R2,
M-1062,"534 County Rd 14, Wiley, CO 81092",Resident 1062,A-20062,2025/10/16,216909,gal,,R3,
M-1063,"541 Highway 287, Wiley, CO 81092",Resident 1063,A-20063,2025/10/16,421850,gal,,R4,
M-1064,"548 Maple Ave, Wiley, CO 81092",Resident 1064,A-20064,2025/10/16,296426,gal,,R5,
M-1065,"555 Oak St, Wiley, CO 81092",Resident 1065,A-20065,2025/10/16,466810,gal,,R6,
M-1066,"562 Elm St, Wiley, CO 81092",Resident 1066,A-20066,2025/10/16,445475,gal,,R1,
M-1067,"569 3rd Ave, Wiley, CO 81092",Resident 1067,A-20067,2025/10/16,180955,gal,,R2,
M-1068,"576 5th St, Wiley, CO 81092",Resident 1068,A-20068,2025/10/16,433007,gal,,R3,
M-1069,"583 Ranch Rd, Wiley, CO 81092",Resident 1069,A-20069,2025/10/16,221855,gal,,R4,
M-1070,"590 Irrigation Ln, Wiley, CO 81092",Resident 1070,A-20070,2025/10/16,313969,gal,,R5,
M-1071,"597 North Frontage, Wiley, CO 81092",Resident 1071,A-20071,2025/10/16,435024,gal,,R6,
M-1072,"604 South Loop, Wiley, CO 81092",Resident 1072,A-20072,2025/10/16,479272,gal,,R1,
M-1073,"611 Pioneer Rd, Wiley, CO 81092",Resident 1073,A-20073,2025/10/16,411479,gal,,R2,
M-1074,"618 Cottonwood Dr, Wiley, CO 81092",Resident 1074,A-20074,2025/10/16,395922,gal,,R3,
M-1075,"625 Sand Creek Rd, Wiley, CO 81092",Resident 1075,A-20075,2025/10/16,261157,gal,,R4,
M-1076,"632 Prairie View, Wiley, CO 81092",New Occupant 1076,A-20076,2025/10/16,250666,gal,,R5,Ownership change
M-1077,"639 School House Rd, Wiley, CO 81092",Resident 1077,A-20077,2025/10/16,204647,gal,,R6,
M-1078,"646 Cemetery Rd, Wiley, CO 81092",Resident 1078,A-20078,2025/10/16,302650,gal,,R1,
M-1079,"653 Grain Elevator Rd, Wiley, CO 81092",Resident 1079,A-20079,2025/10/16,247734,gal,,R2,
M-1080,"660 Main St, Wiley, CO 81092",Resident 1080,A-20080,2025/10/16,280845,gal,,R3,
M-1081,"667 County Rd 10, Wiley, CO 81092",Resident 1081,A-20081,2025/10/16,375580,gal,,R4,
M-1082,"674 County Rd 14, Wiley, CO 81092",Resident 1082,A-20082,2025/10/16,198907,gal,,R5,
M-1083,"681 Highway 287, Wiley, CO 81092",Resident 1083,A-20083,2025/10/16,443106,gal,,R6,
M-1084,"688 Maple Ave, Wiley, CO 81092",Resident 1084,A-20084,2025/10/16,290165,gal,,R1,
M-1085,"695 Oak St, Wiley, CO 81092",Resident 1085,A-20085,2025/10/16,369964,gal,,R2,
M-1086,"702 Elm St, Wiley, CO 81092",Resident 1086,A-20086,2025/10/16,279384,gal,,R3,
M-1087,"709 3rd Ave, Wiley, CO 81092",Resident 1087,A-20087,2025/10/16,209054,gal,,R4,
M-1088,"716 5th St, Wiley, CO 81092",Resident 1088,A-20088,2025/10/16,122907,gal,,R5,
M-1089,"723 Ranch Rd, Wiley, CO 81092",Resident 1089,A-20089,2025/10/16,592801,gal,,R6,
M-1090,"730 Irrigation Ln, Wiley, CO 81092",Resident 1090,A-20090,2025/10/16,486068,gal,,R1,
M-1091,"737 North Frontage, Wiley, CO 81092",Resident 1091,A-20091,2025/10/16,458919,gal,,R2,
M-1092,"744 South Loop, Wiley, CO 81092",Resident 1092,A-20092,2025/10/16,161741,gal,,R3,
M-1093,"751 Pioneer Rd, Wiley, CO 81092",Resident 1093,A-20093,2025/10/16,195317,gal,,R4,
M-1094,"758 Cottonwood Dr, Wiley, CO 81092",Resident 1094,A-20094,2025/10/16,460719,gal,,R5,
M-1095,"765 Sand Creek Rd, Wiley, CO 81092",Resident 1095,A-20095,2025/10/16,229660,gal,,R6,
M-1096,"772 Prairie View, Wiley, CO 81092",Resident 1096,A-20096,2025/10/16,373514,gal,,R1,
M-1097,"779 School House Rd, Wiley, CO 81092",Resident 1097,A-20097,2025/10/16,282482,gal,,R2,
M-1098,"786 Cemetery Rd, Wiley, CO 81092",Resident 1098,A-20098,2025/10/16,204967,gal,,R3,
M-1099,"793 Grain Elevator Rd, Wiley, CO 81092",Resident 1099,A-20099,2025/10/16,303329,gal,,R4,
M-1100,"800 Main St, Wiley, CO 81092",Resident 1100,A-20100,2025/10/16,198302,gal,,R5,
M-1101,"807 County Rd 10, Wiley, CO 81092",Resident 1101,A-20101,2025/10/16,299478,gal,,R6,
M-1102,"814 County Rd 14, Wiley, CO 81092",Resident 1102,A-20102,2025/10/16,353067,gal,,R1,
M-1103,"821 Highway 287, Wiley, CO 81092",Resident 1103,A-20103,2025/10/16,266044,gal,,R2,
M-1104,"828 Maple Ave, Wiley, CO 81092",Resident 1104,A-20104,2025/10/16,252029,gal,,R3,
M-1105,"835 Oak St, Wiley, CO 81092",Resident 1105,A-20105,2025/10/16,357958,gal,,R4,
M-1106,"842 Elm St, Wiley, CO 81092",Resident 1106,A-20106,2025/10/16,471040,gal,,R5,
M-1107,"849 3rd Ave, Wiley, CO 81092",Resident 1107,A-20107,2025/10/16,251957,gal,,R6,
M-1108,"856 5th St, Wiley, CO 81092",Resident 1108,A-20108,2025/10/16,435231,gal,,R1,
M-1109,"863 Ranch Rd, Wiley, CO 81092",Resident 1109,A-20109,2025/10/16,434018,gal,,R2,
M-1110,"870 Irrigation Ln, Wiley, CO 81092",Resident 1110,A-20110,2025/10/16,405795,gal,,R3,
M-1111,"877 North Frontage, Wiley, CO 81092",Resident 1111,A-20111,2025/10/16,140311,gal,,R4,
M-1112,"884 South Loop, Wiley, CO 81092",Resident 1112,A-20112,2025/10/16,406591,gal,,R5,
M-1113,"891 Pioneer Rd, Wiley, CO 81092",Resident 1113,A-20113,2025/10/16,250443,gal,,R6,
M-1114,"898 Cottonwood Dr, Wiley, CO 81092",Resident 1114,A-20114,2025/10/16,458681,gal,,R1,
M-1115,"905 Sand Creek Rd, Wiley, CO 81092",Resident 1115,A-20115,2025/10/16,212458,gal,,R2,
M-1116,"912 Prairie View, Wiley, CO 81092",Resident 1116,A-20116,2025/10/16,247354,gal,,R3,
M-1117,"919 School House Rd, Wiley, CO 81092",Resident 1117,A-20117,2025/10/16,266756,gal,,R4,
M-1118,"926 Cemetery Rd, Wiley, CO 81092",Resident 1118,A-20118,2025/10/16,175259,gal,,R5,
M-1119,"933 Grain Elevator Rd, Wiley, CO 81092",Resident 1119,A-20119,2025/10/16,225729,gal,,R6,
M-1120,"940 Main St, Wiley, CO 81092",Resident 1120,A-20120,2025/10/16,437354,gal,,R1,
M-1121,"947 County Rd 10, Wiley, CO 81092",Resident 1121,A-20121,2025/10/16,215519,gal,,R2,
M-1122,"954 County Rd 14, Wiley, CO 81092",Resident 1122,A-20122,2025/10/16,314277,gal,,R3,
M-1123,"961 Highway 287, Wiley, CO 81092",Resident 1123,A-20123,2025/10/16,294665,gal,,R4,
M-1124,"968 Maple Ave, Wiley, CO 81092",Resident 1124,A-20124,2025/10/16,421171,gal,,R5,
M-1125,"975 Oak St, Wiley, CO 81092",Resident 1125,A-20125,2025/10/16,228962,gal,,R6,
M-1126,"982 Elm St, Wiley, CO 81092",Resident 1126,A-20126,2025/10/16,282976,gal,,R1,
M-1127,"989 3rd Ave, Wiley, CO 81092",Resident 1127,A-20127,2025/10/16,224805,gal,,R2,
M-1128,"996 5th St, Wiley, CO 81092",Resident 1128,A-20128,2025/10/16,518030,gal,,R3,
M-1129,"1003 Ranch Rd, Wiley, CO 81092",Resident 1129,A-20129,2025/10/16,295471,gal,,R4,
M-1130,"1010 Irrigation Ln, Wiley, CO 81092",Resident 1130,A-20130,2025/10/16,423263,gal,,R5,
M-1131,"1017 North Frontage, Wiley, CO 81092",Resident 1131,A-20131,2025/10/16,373700,gal,,R6,
M-1132,"1024 South Loop, Wiley, CO 81092",Resident 1132,A-20132,2025/10/16,311270,gal,,R1,
M-1133,"1031 Pioneer Rd, Wiley, CO 81092",Resident 1133,A-20133,2025/10/16,183488,gal,,R2,
M-1134,"1038 Cottonwood Dr, Wiley, CO 81092",Resident 1134,A-20134,2025/10/16,186981,gal,,R3,
M-1135,"1045 Sand Creek Rd, Wiley, CO 81092",Resident 1135,A-20135,2025/10/16,490876,gal,,R4,
M-1136,"1052 Prairie View, Wiley, CO 81092",Resident 1136,A-20136,2025/10/16,360517,gal,,R5,
M-1137,"1059 School House Rd, Wiley, CO 81092",Resident 1137,A-20137,2025/10/16,278697,gal,,R6,
M-1138,"1066 Cemetery Rd, Wiley, CO 81092",Resident 1138,A-20138,2025/10/16,138775,gal,,R1,
M-1139,"1073 Grain Elevator Rd, Wiley, CO 81092",Resident 1139,A-20139,2025/10/16,104435,gal,,R2,
M-1140,"1080 Main St, Wiley, CO 81092",Resident 1140,A-20140,2025/10/16,323578,gal,,R3,
M-1141,"1087 County Rd 10, Wiley, CO 81092",Resident 1141,A-20141,2025/10/16,217942,gal,,R4,
M-1142,"1094 County Rd 14, Wiley, CO 81092",Resident 1142,A-20142,2025/10/16,430637,gal,,R5,
M-1143,"1101 Highway 287, Wiley, CO 81092",Resident 1143,A-20143,2025/10/16,319510,gal,,R6,
M-1144,"1108 Maple Ave, Wiley, CO 81092",Resident 1144,A-20144,2025/10/16,174894,gal,,R1,
M-1145,"1115 Oak St, Wiley, CO 81092",Resident 1145,A-20145,2025/10/16,332247,gal,,R2,
M-1146,"1122 Elm St, Wiley, CO 81092",Resident 1146,A-20146,2025/10/16,392725,gal,,R3,
M-1147,"1129 3rd Ave, Wiley, CO 81092",Resident 1147,A-20147,2025/10/16,390884,gal,,R4,
M-1148,"1136 5th St, Wiley, CO 81092",Resident 1148,A-20148,2025/10/16,399609,gal,,R5,
M-1149,"1143 Ranch Rd, Wiley, CO 81092",Resident 1149,A-20149,2025/10/16,179723,gal,,R6,
M-1150,"1150 Irrigation Ln, Wiley, CO 81092",Resident 1150,A-20150,2025/10/16,200902,gal,,R1,
M-1151,"1157 North Frontage, Wiley, CO 81092",Resident 1151,A-20151,2025/10/16,203778,gal,,R2,
M-1152,"1164 South Loop, Wiley, CO 81092",Resident 1152,A-20152,2025/10/16,171841,gal,,R3,
M-1153,"1171 Pioneer Rd, Wiley, CO 81092",Resident 1153,A-20153,2025/10/16,423163,gal,,R4,
M-1154,"1178 Cottonwood Dr, Wiley, CO 81092",Resident 1154,A-20154,2025/10/16,156775,gal,,R5,
M-1155,"1185 Sand Creek Rd, Wiley, CO 81092",Resident 1155,A-20155,2025/10/16,355828,gal,,R6,
M-1156,"1192 Prairie View, Wiley, CO 81092",Resident 1156,A-20156,2025/10/16,758500,gal,,R1,
M-1157,"1199 School House Rd, Wiley, CO 81092",Resident 1157,A-20157,2025/10/16,442054,gal,,R2,
M-1158,"1206 Cemetery Rd, Wiley, CO 81092",Resident 1158,A-20158,2025/10/16,193697,gal,,R3,
M-1159,"1213 Grain Elevator Rd, Wiley, CO 81092",Resident 1159,A-20159,2025/10/16,382419,gal,,R4,
M-1160,"1220 Main St, Wiley, CO 81092",Resident 1160,A-20160,2025/10/16,153044,gal,,R5,
M-1161,"1227 County Rd 10, Wiley, CO 81092",Resident 1161,A-20161,2025/10/16,197007,gal,,R6,
M-1162,"1234 County Rd 14, Wiley, CO 81092",Resident 1162,A-20162,2025/10/16,342669,gal,,R1,
M-1163,"1241 Highway 287, Wiley, CO 81092",Resident 1163,A-20163,2025/10/16,292038,gal,,R2,
M-1164,"1248 Maple Ave, Wiley, CO 81092",Resident 1164,A-20164,2025/10/16,192067,gal,,R3,
M-1165,"1255 Oak St, Wiley, CO 81092",Resident 1165,A-20165,2025/10/16,341442,gal,,R4,
M-1166,"1262 Elm St, Wiley, CO 81092",Resident 1166,A-20166,2025/10/16,295899,gal,,R5,
M-1167,"1269 3rd Ave, Wiley, CO 81092",Resident 1167,A-20167,2025/10/16,249269,gal,,R6,
M-1168,"1276 5th St, Wiley, CO 81092",Resident 1168,A-20168,2025/10/16,534182,gal,,R1,
M-1169,"1283 Ranch Rd, Wiley, CO 81092",Resident 1169,A-20169,2025/10/16,221365,gal,,R2,
M-1170,"1290 Irrigation Ln, Wiley, CO 81092",Resident 1170,A-20170,2025/10/16,306005,gal,,R3,
M-1171,"1297 North Frontage, Wiley, CO 81092",Resident 1171,A-20171,2025/10/16,393364,gal,,R4,
M-1172,"1304 South Loop, Wiley, CO 81092",Resident 1172,A-20172,2025/10/16,331803,gal,,R5,
M-1173,"1311 Pioneer Rd, Wiley, CO 81092",Resident 1173,A-20173,2025/10/16,467530,gal,,R6,
M-1174,"1318 Cottonwood Dr, Wiley, CO 81092",Resident 1174,A-20174,2025/10/16,185743,gal,,R1,
M-1175,"1325 Sand Creek Rd, Wiley, CO 81092",Resident 1175,A-20175,2025/10/16,266316,gal,,R2,
M-1176,"1332 Prairie View, Wiley, CO 81092",Resident 1176,A-20176,2025/10/16,170915,gal,,R3,
M-1177,"1339 School House Rd, Wiley, CO 81092",Resident 1177,A-20177,2025/10/16,275402,gal,,R4,
M-1178,"1346 Cemetery Rd, Wiley, CO 81092",Resident 1178,A-20178,2025/10/16,403743,gal,,R5,
M-1179,"1353 Grain Elevator Rd, Wiley, CO 81092",Resident 1179,A-20179,2025/10/16,133973,gal,,R6,
M-1180,"1360 Main St, Wiley, CO 81092",Resident 1180,A-20180,2025/10/16,244062,gal,,R1,
M-1181,"1367 County Rd 10, Wiley, CO 81092",Resident 1181,A-20181,2025/10/16,356703,gal,,R2,
M-1182,"1374 County Rd 14, Wiley, CO 81092",Resident 1182,A-20182,2025/10/16,323979,gal,,R3,
M-1183,"1381 Highway 287, Wiley, CO 81092",Resident 1183,A-20183,2025/10/16,281929,gal,,R4,
M-1184,"1388 Maple Ave, Wiley, CO 81092",Resident 1184,A-20184,2025/10/16,238578,gal,,R5,
M-1185,"1395 Oak St, Wiley, CO 81092",Resident 1185,A-20185,2025/10/16,248763,gal,,R6,
M-1186,"1402 Elm St, Wiley, CO 81092",Resident 1186,A-20186,2025/10/16,181162,gal,,R1,
M-1187,"1409 3rd Ave, Wiley, CO 81092",Resident 1187,A-20187,2025/10/16,373477,gal,,R2,
M-1188,"1416 5th St, Wiley, CO 81092",Resident 1188,A-20188,2025/10/16,169016,gal,,R3,
M-1189,"1423 Ranch Rd, Wiley, CO 81092",Resident 1189,A-20189,2025/10/16,408987,gal,,R4,
M-1190,"1430 Irrigation Ln, Wiley, CO 81092",Resident 1190,A-20190,2025/10/16,226778,gal,,R5,
M-1191,"1437 North Frontage, Wiley, CO 81092",New Occupant 1191,A-20191,2025/10/16,207422,gal,,R6,Ownership change
M-1192,"1444 South Loop, Wiley, CO 81092",Resident 1192,A-20192,2025/10/16,374676,gal,,R1,
M-1193,"1451 Pioneer Rd, Wiley, CO 81092",Resident 1193,A-20193,2025/10/16,366254,gal,,R2,
M-1194,"1458 Cottonwood Dr, Wiley, CO 81092",Resident 1194,A-20194,2025/10/16,267225,gal,,R3,
M-1195,"1465 Sand Creek Rd, Wiley, CO 81092",Resident 1195,A-20195,2025/10/16,275702,gal,,R4,
M-1196,"1472 Prairie View, Wiley, CO 81092",Resident 1196,A-20196,2025/10/16,272809,gal,,R5,
M-1197,"1479 School House Rd, Wiley, CO 81092",Resident 1197,A-20197,2025/10/16,97775,gal,,R6,
M-1198,"1486 Cemetery Rd, Wiley, CO 81092",Resident 1198,A-20198,2025/10/16,509924,gal,,R1,
M-1199,"1493 Grain Elevator Rd, Wiley, CO 81092",Resident 1199,A-20199,2025/10/16,229964,gal,,R2,
M-1200,"1500 Main St, Wiley, CO 81092",Resident 1200,A-20200,2025/10/16,356276,gal,,R3,
M-1201,"1507 County Rd 10, Wiley, CO 81092",Resident 1201,A-20201,2025/10/16,259274,gal,,R4,
M-1202,"1514 County Rd 14, Wiley, CO 81092",Resident 1202,A-20202,2025/10/16,245362,gal,,R5,
M-1203,"1521 Highway 287, Wiley, CO 81092",Resident 1203,A-20203,2025/10/16,167189,gal,,R6,
M-1204,"1528 Maple Ave, Wiley, CO 81092",Resident 1204,A-20204,2025/10/16,268607,gal,,R1,
M-1205,"1535 Oak St, Wiley, CO 81092",Resident 1205,A-20205,2025/10/16,300292,gal,,R2,
M-1206,"1542 Elm St, Wiley, CO 81092",Resident 1206,A-20206,2025/10/16,428110,gal,,R3,
M-1207,"1549 3rd Ave, Wiley, CO 81092",Resident 1207,A-20207,2025/10/16,386413,gal,,R4,
M-1208,"1556 5th St, Wiley, CO 81092",Resident 1208,A-20208,2025/10/16,365747,gal,,R5,
M-1209,"1563 Ranch Rd, Wiley, CO 81092",Resident 1209,A-20209,2025/10/16,375153,gal,,R6,
M-1210,"1570 Irrigation Ln, Wiley, CO 81092",Resident 1210,A-20210,2025/10/16,269480,gal,,R1,
M-1211,"1577 North Frontage, Wiley, CO 81092",Resident 1211,A-20211,2025/10/16,196898,gal,,R2,
M-1212,"1584 South Loop, Wiley, CO 81092",Resident 1212,A-20212,2025/10/16,211175,gal,,R3,
M-1213,"1591 Pioneer Rd, Wiley, CO 81092",Resident 1213,A-20213,2025/10/16,230899,gal,,R4,
M-1214,"1598 Cottonwood Dr, Wiley, CO 81092",Resident 1214,A-20214,2025/10/16,276551,gal,,R5,
M-1215,"1605 Sand Creek Rd, Wiley, CO 81092",Resident 1215,A-20215,2025/10/16,457435,gal,,R6,
M-1216,"1612 Prairie View, Wiley, CO 81092",Resident 1216,A-20216,2025/10/16,318737,gal,,R1,
M-1217,"1619 School House Rd, Wiley, CO 81092",Resident 1217,A-20217,2025/10/16,121589,gal,,R2,
M-1218,"1626 Cemetery Rd, Wiley, CO 81092",Resident 1218,A-20218,2025/10/16,156195,gal,,R3,
M-1219,"1633 Grain Elevator Rd, Wiley, CO 81092",Resident 1219,A-20219,2025/10/16,479737,gal,,R4,
M-1220,"1640 Main St, Wiley, CO 81092",Resident 1220,A-20220,2025/10/16,372742,gal,,R5,
M-1221,"1647 County Rd 10, Wiley, CO 81092",Resident 1221,A-20221,2025/10/16,336694,gal,,R6,
M-1222,"1654 County Rd 14, Wiley, CO 81092",Resident 1222,A-20222,2025/10/16,270881,gal,,R1,
M-1223,"1661 Highway 287, Wiley, CO 81092",Resident 1223,A-20223,2025/10/16,346390,gal,,R2,
M-1224,"1668 Maple Ave, Wiley, CO 81092",Resident 1224,A-20224,2025/10/16,473392,gal,,R3,
M-1225,"1675 Oak St, Wiley, CO 81092",Resident 1225,A-20225,2025/10/16,429239,gal,,R4,
M-1226,"1682 Elm St, Wiley, CO 81092",Resident 1226,A-20226,2025/10/16,199197,gal,,R5,
M-1227,"1689 3rd Ave, Wiley, CO 81092",Resident 1227,A-20227,2025/10/16,312104,gal,,R6,
M-1228,"1696 5th St, Wiley, CO 81092",Resident 1228,A-20228,2025/10/16,458910,gal,,R1,
M-1229,"1703 Ranch Rd, Wiley, CO 81092",Resident 1229,A-20229,2025/10/16,285439,gal,,R2,
M-1230,"1710 Irrigation Ln, Wiley, CO 81092",Resident 1230,A-20230,2025/10/16,316012,gal,,R3,
M-1231,"1717 North Frontage, Wiley, CO 81092",Resident 1231,A-20231,2025/10/16,198168,gal,,R4,
M-1232,"1724 South Loop, Wiley, CO 81092",Resident 1232,A-20232,2025/10/16,340736,gal,,R5,
M-1233,"1731 Pioneer Rd, Wiley, CO 81092",Resident 1233,A-20233,2025/10/16,176636,gal,,R6,
M-1234,"1738 Cottonwood Dr, Wiley, CO 81092",Resident 1234,A-20234,2025/10/16,398024,gal,,R1,
M-1235,"1745 Sand Creek Rd, Wiley, CO 81092",Resident 1235,A-20235,2025/10/16,421986,gal,,R2,
M-1236,"1752 Prairie View, Wiley, CO 81092",Resident 1236,A-20236,2025/10/16,277174,gal,,R3,
M-1237,"1759 School House Rd, Wiley, CO 81092",Resident 1237,A-20237,2025/10/16,361789,gal,,R4,
M-1238,"1766 Cemetery Rd, Wiley, CO 81092",Resident 1238,A-20238,2025/10/16,359823,gal,,R5,
M-1239,"1773 Grain Elevator Rd, Wiley, CO 81092",Resident 1239,A-20239,2025/10/16,176626,gal,,R6,
M-1240,"1780 Main St, Wiley, CO 81092",Resident 1240,A-20240,2025/10/16,503227,gal,,R1,
M-1241,"1787 County Rd 10, Wiley, CO 81092",Resident 1241,A-20241,2025/10/16,316370,gal,,R2,
M-1242,"1794 County Rd 14, Wiley, CO 81092",Resident 1242,A-20242,2025/10/16,427115,gal,,R3,
M-1243,"1801 Highway 287, Wiley, CO 81092",Resident 1243,A-20243,2025/10/16,281230,gal,,R4,
M-1244,"1808 Maple Ave, Wiley, CO 81092",Resident 1244,A-20244,2025/10/16,729858,gal,,R5,
M-1245,"1815 Oak St, Wiley, CO 81092",Resident 1245,A-20245,2025/10/16,156799,gal,,R6,
M-1246,"1822 Elm St, Wiley, CO 81092",Resident 1246,A-20246,2025/10/16,286019,gal,,R1,
M-1247,"1829 3rd Ave, Wiley, CO 81092",Resident 1247,A-20247,2025/10/16,354012,gal,,R2,
M-1248,"1836 5th St, Wiley, CO 81092",Resident 1248,A-20248,2025/10/16,325333,gal,,R3,
M-1249,"1843 Ranch Rd, Wiley, CO 81092",Resident 1249,A-20249,2025/10/16,505332,gal,,R4,
M-1250,"1850 Irrigation Ln, Wiley, CO 81092",Resident 1250,A-20250,2025/10/16,327932,gal,,R5,
M-1251,"1857 North Frontage, Wiley, CO 81092",Resident 1251,A-20251,2025/10/16,331549,gal,,R6,
M-1252,"1864 South Loop, Wiley, CO 81092",Resident 1252,A-20252,2025/10/16,327119,gal,,R1,
M-1253,"1871 Pioneer Rd, Wiley, CO 81092",Resident 1253,A-20253,2025/10/16,241097,gal,,R2,
M-1254,"1878 Cottonwood Dr, Wiley, CO 81092",Resident 1254,A-20254,2025/10/16,385838,gal,,R3,
M-1255,"1885 Sand Creek Rd, Wiley, CO 81092",Resident 1255,A-20255,2025/10/16,243461,gal,,R4,
M-1256,"1892 Prairie View, Wiley, CO 81092",Resident 1256,A-20256,2025/10/16,271650,gal,,R5,
M-1257,"1899 School House Rd, Wiley, CO 81092",Resident 1257,A-20257,2025/10/16,312214,gal,,R6,
M-1258,"1906 Cemetery Rd, Wiley, CO 81092",Resident 1258,A-20258,2025/10/16,462350,gal,,R1,
M-1259,"1913 Grain Elevator Rd, Wiley, CO 81092",Resident 1259,A-20259,2025/10/16,292270,gal,,R2,
M-1260,"1920 Main St, Wiley, CO 81092",Resident 1260,A-20260,2025/10/16,180995,gal,,R3,
M-1261,"1927 County Rd 10, Wiley, CO 81092",Resident 1261,A-20261,2025/10/16,448473,gal,,R4,
M-1262,"1934 County Rd 14, Wiley, CO 81092",Resident 1262,A-20262,2025/10/16,393751,gal,,R5,
M-1263,"1941 Highway 287, Wiley, CO 81092",Resident 1263,A-20263,2025/10/16,305464,gal,,R6,
M-1264,"1948 Maple Ave, Wiley, CO 81092",Resident 1264,A-20264,2025/10/16,326729,gal,,R1,
M-1265,"1955 Oak St, Wiley, CO 81092",Resident 1265,A-20265,2025/10/16,407050,gal,,R2,
M-1266,"1962 Elm St, Wiley, CO 81092",Resident 1266,A-20266,2025/10/16,171464,gal,,R3,
M-1267,"1969 3rd Ave, Wiley, CO 81092",Resident 1267,A-20267,2025/10/16,304642,gal,,R4,
M-1268,"1976 5th St, Wiley, CO 81092",Resident 1268,A-20268,2025/10/16,263927,gal,,R5,
M-1269,"1983 Ranch Rd, Wiley, CO 81092",Resident 1269,A-20269,2025/10/16,268929,gal,,R6,
M-1270,"1990 Irrigation Ln, Wiley, CO 81092",Resident 1270,A-20270,2025/10/16,327399,gal,,R1,
M-1271,"1997 North Frontage, Wiley, CO 81092",Resident 1271,A-20271,2025/10/16,483241,gal,,R2,
M-1272,"2004 South Loop, Wiley, CO 81092",Resident 1272,A-20272,2025/10/16,475951,gal,,R3,
M-1273,"2011 Pioneer Rd, Wiley, CO 81092",Resident 1273,A-20273,2025/10/16,500135,gal,,R4,
M-1274,"2018 Cottonwood Dr, Wiley, CO 81092",Resident 1274,A-20274,2025/10/16,313442,gal,,R5,
M-1275,"2025 Sand Creek Rd, Wiley, CO 81092",Resident 1275,A-20275,2025/10/16,360756,gal,,R6,
M-1276,"2032 Prairie View, Wiley, CO 81092",Resident 1276,A-20276,2025/10/16,382049,gal,,R1,
M-1277,"2039 School House Rd, Wiley, CO 81092",Resident 1277,A-20277,2025/10/16,368194,gal,,R2,
M-1278,"2046 Cemetery Rd, Wiley, CO 81092",Resident 1278,A-20278,2025/10/16,221177,gal,,R3,
M-1279,"2053 Grain Elevator Rd, Wiley, CO 81092",Resident 1279,A-20279,2025/10/16,365928,gal,,R4,
M-1280,"2060 Main St, Wiley, CO 81092",Resident 1280,A-20280,2025/10/16,345847,gal,,R5,
M-1281,"2067 County Rd 10, Wiley, CO 81092",Resident 1281,A-20281,2025/10/16,260268,gal,,R6,
M-1282,"2074 County Rd 14, Wiley, CO 81092",Resident 1282,A-20282,2025/10/16,488314,gal,,R1,
M-1283,"2081 Highway 287, Wiley, CO 81092",Resident 1283,A-20283,2025/10/16,174198,gal,,R2,
M-1284,"2088 Maple Ave, Wiley, CO 81092",Resident 1284,A-20284,2025/10/16,288423,gal,,R3,
M-1285,"2095 Oak St, Wiley, CO 81092",Resident 1285,A-20285,2025/10/16,410915,gal,,R4,
M-1286,"2102 Elm St, Wiley, CO 81092",Resident 1286,A-20286,2025/10/16,491509,gal,,R5,
M-1287,"2109 3rd Ave, Wiley, CO 81092",Resident 1287,A-20287,2025/10/16,510627,gal,,R6,
M-1288,"2116 5th St, Wiley, CO 81092",Resident 1288,A-20288,2025/10/16,410156,gal,,R1,
M-1289,"2123 Ranch Rd, Wiley, CO 81092",Resident 1289,A-20289,2025/10/16,347286,gal,,R2,
M-1290,"2130 Irrigation Ln, Wiley, CO 81092",Resident 1290,A-20290,2025/10/16,214381,gal,,R3,
M-1291,"2137 North Frontage, Wiley, CO 81092",Resident 1291,A-20291,2025/10/16,292884,gal,,R4,
M-1292,"2144 South Loop, Wiley, CO 81092",Resident 1292,A-20292,2025/10/16,259188,gal,,R5,
M-1293,"2151 Pioneer Rd, Wiley, CO 81092",Resident 1293,A-20293,2025/10/16,210022,gal,,R6,
M-1294,"2158 Cottonwood Dr, Wiley, CO 81092",Resident 1294,A-20294,2025/10/16,240345,gal,,R1,
M-1295,"2165 Sand Creek Rd, Wiley, CO 81092",Resident 1295,A-20295,2025/10/16,257519,gal,,R2,
M-1296,"2172 Prairie View, Wiley, CO 81092",Resident 1296,A-20296,2025/10/16,142402,gal,,R3,
M-1297,"2179 School House Rd, Wiley, CO 81092",Resident 1297,A-20297,2025/10/16,124058,gal,,R4,
M-1298,"2186 Cemetery Rd, Wiley, CO 81092",Resident 1298,A-20298,2025/10/16,243500,gal,,R5,
M-1299,"2193 Grain Elevator Rd, Wiley, CO 81092",Resident 1299,A-20299,2025/10/16,356117,gal,,R6,
M-1300,"2200 Main St, Wiley, CO 81092",Resident 1300,A-20300,2025/10/16,430331,gal,,R1,
M-1001,"107 County Rd 10, Wiley, CO 81092",Resident 1001,A-20001,2025/11/12,449238,gal,,R2,
M-1002,"114 County Rd 14, Wiley, CO 81092",Resident 1002,A-20002,2025/11/12,337500,gal,,R3,
M-1003,"121 Highway 287, Wiley, CO 81092",Resident 1003,A-20003,2025/11/12,163241,gal,,R4,
M-1004,"128 Maple Ave, Wiley, CO 81092",Resident 1004,A-20004,2025/11/12,410078,gal,,R5,
M-1005,"135 Oak St, Wiley, CO 81092",Resident 1005,A-20005,2025/11/12,220414,gal,,R6,
M-1006,"142 Elm St, Wiley, CO 81092",Resident 1006,A-20006,2025/11/12,266463,gal,,R1,
M-1007,"149 3rd Ave, Wiley, CO 81092",Resident 1007,A-20007,2025/11/12,360166,gal,,R2,
M-1008,"156 5th St, Wiley, CO 81092",Resident 1008,A-20008,2025/11/12,235455,gal,,R3,
M-1009,"163 Ranch Rd, Wiley, CO 81092",Resident 1009,A-20009,2025/11/12,223591,gal,,R4,
M-1010,"170 Irrigation Ln, Wiley, CO 81092",Resident 1010,A-20010,2025/11/12,332356,gal,,R5,
M-1011,"177 North Frontage, Wiley, CO 81092",Resident 1011,A-20011,2025/11/12,462129,gal,,R6,
M-1012,"184 South Loop, Wiley, CO 81092",Resident 1012,A-20012,2025/11/12,241024,gal,,R1,
M-1013,"191 Pioneer Rd, Wiley, CO 81092",Resident 1013,A-20013,2025/11/12,184471,gal,,R2,
M-1014,"198 Cottonwood Dr, Wiley, CO 81092",Resident 1014,A-20014,2025/11/12,440144,gal,,R3,
M-1015,"205 Sand Creek Rd, Wiley, CO 81092",Resident 1015,A-20015,2025/11/12,452760,gal,,R4,
M-1016,"212 Prairie View, Wiley, CO 81092",Resident 1016,A-20016,2025/11/12,152019,gal,,R5,
M-1017,"219 School House Rd, Wiley, CO 81092",Resident 1017,A-20017,2025/11/12,137946,gal,,R6,
M-1018,"226 Cemetery Rd, Wiley, CO 81092",Resident 1018,A-20018,2025/11/12,215811,gal,,R1,
M-1019,"233 Grain Elevator Rd, Wiley, CO 81092",Resident 1019,A-20019,2025/11/12,184894,gal,,R2,
M-1020,"240 Main St, Wiley, CO 81092",Resident 1020,A-20020,2025/11/12,325721,gal,,R3,
M-1021,"247 County Rd 10, Wiley, CO 81092",Resident 1021,A-20021,2025/11/12,373324,gal,,R4,
M-1022,"254 County Rd 14, Wiley, CO 81092",Resident 1022,A-20022,2025/11/12,404669,gal,,R5,
M-1023,"261 Highway 287, Wiley, CO 81092",Resident 1023,A-20023,2025/11/12,279963,gal,,R6,
M-1024,"268 Maple Ave, Wiley, CO 81092",Resident 1024,A-20024,2025/11/12,302807,gal,,R1,
M-1025,"275 Oak St, Wiley, CO 81092",Resident 1025,A-20025,2025/11/12,194877,gal,,R2,
M-1026,"282 Elm St, Wiley, CO 81092",Resident 1026,A-20026,2025/11/12,201708,gal,,R3,
M-1027,"289 3rd Ave, Wiley, CO 81092",Resident 1027,A-20027,2025/11/12,382671,gal,,R4,
M-1028,"296 5th St, Wiley, CO 81092",Resident 1028,A-20028,2025/11/12,175846,gal,,R5,
M-1029,"303 Ranch Rd, Wiley, CO 81092",Resident 1029,A-20029,2025/11/12,384576,gal,,R6,
M-1030,"310 Irrigation Ln, Wiley, CO 81092",Resident 1030,A-20030,2025/11/12,301425,gal,,R1,
M-1031,"317 North Frontage, Wiley, CO 81092",Resident 1031,A-20031,2025/11/12,383937,gal,,R2,
M-1032,"324 South Loop, Wiley, CO 81092",Resident 1032,A-20032,2025/11/12,264737,gal,,R3,
M-1033,"331 Pioneer Rd, Wiley, CO 81092",Resident 1033,A-20033,2025/11/12,687990,gal,,R4,
M-1034,"338 Cottonwood Dr, Wiley, CO 81092",Resident 1034,A-20034,2025/11/12,461753,gal,,R5,
M-1035,"345 Sand Creek Rd, Wiley, CO 81092",Resident 1035,A-20035,2025/11/12,471263,gal,,R6,
M-1036,"352 Prairie View, Wiley, CO 81092",Resident 1036,A-20036,2025/11/12,342595,gal,,R1,
M-1037,"359 School House Rd, Wiley, CO 81092",Resident 1037,A-20037,2025/11/12,273842,gal,,R2,
M-1038,"366 Cemetery Rd, Wiley, CO 81092",Resident 1038,A-20038,2025/11/12,207809,gal,,R3,
M-1039,"373 Grain Elevator Rd, Wiley, CO 81092",Resident 1039,A-20039,2025/11/12,334071,gal,,R4,
M-1040,"380 Main St, Wiley, CO 81092",Resident 1040,A-20040,2025/11/12,255459,gal,,R5,
M-1041,"387 County Rd 10, Wiley, CO 81092",Resident 1041,A-20041,2025/11/12,166098,gal,,R6,
M-1042,"394 County Rd 14, Wiley, CO 81092",Resident 1042,A-20042,2025/11/12,424405,gal,,R1,
M-1043,"401 Highway 287, Wiley, CO 81092",Resident 1043,A-20043,2025/11/12,391193,gal,,R2,
M-1044,"408 Maple Ave, Wiley, CO 81092",Resident 1044,A-20044,2025/11/12,146837,gal,,R3,
M-1045,"415 Oak St, Wiley, CO 81092",Resident 1045,A-20045,2025/11/12,357033,gal,,R4,
M-1046,"422 Elm St, Wiley, CO 81092",Resident 1046,A-20046,2025/11/12,160267,gal,,R5,
M-1047,"429 3rd Ave, Wiley, CO 81092",Resident 1047,A-20047,2025/11/12,126980,gal,,R6,
M-1048,"436 5th St, Wiley, CO 81092",Resident 1048,A-20048,2025/11/12,404221,gal,,R1,
M-1049,"443 Ranch Rd, Wiley, CO 81092",Resident 1049,A-20049,2025/11/12,386793,gal,,R2,
M-1050,"450 Irrigation Ln, Wiley, CO 81092",Resident 1050,A-20050,2025/11/12,362675,gal,,R3,
M-1051,"457 North Frontage, Wiley, CO 81092",Resident 1051,A-20051,2025/11/12,411452,gal,,R4,
M-1052,"464 South Loop, Wiley, CO 81092",Resident 1052,A-20052,2025/11/12,215780,gal,,R5,
M-1053,"471 Pioneer Rd, Wiley, CO 81092",Resident 1053,A-20053,2025/11/12,198948,gal,,R6,
M-1054,"478 Cottonwood Dr, Wiley, CO 81092",Resident 1054,A-20054,2025/11/12,389450,gal,,R1,
M-1056,"492 Prairie View, Wiley, CO 81092",Resident 1056,A-20056,2025/11/12,282120,gal,,R3,
M-1057,"499 School House Rd, Wiley, CO 81092",Resident 1057,A-20057,2025/11/12,182786,gal,,R4,
M-1058,"506 Cemetery Rd, Wiley, CO 81092",Resident 1058,A-20058,2025/11/12,469475,gal,,R5,
M-1059,"513 Grain Elevator Rd, Wiley, CO 81092",Resident 1059,A-20059,2025/11/12,140890,gal,,R6,
M-1060,"520 Main St, Wiley, CO 81092",Resident 1060,A-20060,2025/11/12,263125,gal,,R1,
M-1061,"527 County Rd 10, Wiley, CO 81092",Resident 1061,A-20061,2025/11/12,308558,gal,,R2,
M-1062,"534 County Rd 14, Wiley, CO 81092",Resident 1062,A-20062,2025/11/12,221646,gal,,R3,
M-1063,"541 Highway 287, Wiley, CO 81092",Resident 1063,A-20063,2025/11/12,425164,gal,,R4,
M-1064,"548 Maple Ave, Wiley, CO 81092",Resident 1064,A-20064,2025/11/12,301737,gal,,R5,
M-1065,"555 Oak St, Wiley, CO 81092",Resident 1065,A-20065,2025/11/12,471552,gal,,R6,
M-1066,"562 Elm St, Wiley, CO 81092",Resident 1066,A-20066,2025/11/12,449262,gal,,R1,
M-1067,"569 3rd Ave, Wiley, CO 81092",Resident 1067,A-20067,2025/11/12,186230,gal,,R2,
M-1068,"576 5th St, Wiley, CO 81092",Resident 1068,A-20068,2025/11/12,435662,gal,,R3,
M-1069,"583 Ranch Rd, Wiley, CO 81092",Resident 1069,A-20069,2025/11/12,227177,gal,,R4,
M-1070,"590 Irrigation Ln, Wiley, CO 81092",Resident 1070,A-20070,2025/11/12,316167,gal,,R5,
M-1071,"597 North Frontage, Wiley, CO 81092",Resident 1071,A-20071,2025/11/12,436824,gal,,R6,
M-1072,"604 South Loop, Wiley, CO 81092",Resident 1072,A-20072,2025/11/12,485031,gal,,R1,
M-1073,"611 Pioneer Rd, Wiley, CO 81092",Resident 1073,A-20073,2025/11/12,414551,gal,,R2,
M-1074,"618 Cottonwood Dr, Wiley, CO 81092",Resident 1074,A-20074,2025/11/12,399550,gal,,R3,
M-1075,"625 Sand Creek Rd, Wiley, CO 81092",Resident 1075,A-20075,2025/11/12,263368,gal,,R4,
M-1076,"632 Prairie View, Wiley, CO 81092",New Occupant 1076,A-20076,2025/11/12,253385,gal,,R5,
M-1077,"639 School House Rd, Wiley, CO 81092",Resident 1077,A-20077,2025/11/12,207073,gal,,R6,
M-1078,"646 Cemetery Rd, Wiley, CO 81092",Resident 1078,A-20078,2025/11/12,306788,gal,,R1,
M-1079,"653 Grain Elevator Rd, Wiley, CO 81092",Resident 1079,A-20079,2025/11/12,251582,gal,,R2,
M-1080,"660 Main St, Wiley, CO 81092",Resident 1080,A-20080,2025/11/12,285258,gal,,R3,
M-1081,"667 County Rd 10, Wiley, CO 81092",Resident 1081,A-20081,2025/11/12,381449,gal,,R4,
M-1082,"674 County Rd 14, Wiley, CO 81092",Resident 1082,A-20082,2025/11/12,203304,gal,,R5,
M-1083,"681 Highway 287, Wiley, CO 81092",Resident 1083,A-20083,2025/11/12,446141,gal,,R6,
M-1084,"688 Maple Ave, Wiley, CO 81092",Resident 1084,A-20084,2025/11/12,293838,gal,,R1,
M-1085,"695 Oak St, Wiley, CO 81092",Resident 1085,A-20085,2025/11/12,373921,gal,,R2,
M-1086,"702 Elm St, Wiley, CO 81092",Resident 1086,A-20086,2025/11/12,282159,gal,,R3,
M-1087,"709 3rd Ave, Wiley, CO 81092",Resident 1087,A-20087,2025/11/12,214865,gal,,R4,
M-1088,"716 5th St, Wiley, CO 81092",Resident 1088,A-20088,2025/11/12,126685,gal,,R5,
M-1089,"723 Ranch Rd, Wiley, CO 81092",Resident 1089,A-20089,2025/11/12,606547,gal,,R6,
M-1090,"730 Irrigation Ln, Wiley, CO 81092",Resident 1090,A-20090,2025/11/12,490861,gal,,R1,
M-1091,"737 North Frontage, Wiley, CO 81092",Resident 1091,A-20091,2025/11/12,464574,gal,,R2,
M-1092,"744 South Loop, Wiley, CO 81092",Resident 1092,A-20092,2025/11/12,164457,gal,,R3,
M-1093,"751 Pioneer Rd, Wiley, CO 81092",Resident 1093,A-20093,2025/11/12,200443,gal,,R4,
M-1094,"758 Cottonwood Dr, Wiley, CO 81092",Resident 1094,A-20094,2025/11/12,466834,gal,,R5,
M-1095,"765 Sand Creek Rd, Wiley, CO 81092",Resident 1095,A-20095,2025/11/12,232510,gal,,R6,
M-1096,"772 Prairie View, Wiley, CO 81092",Resident 1096,A-20096,2025/11/12,376254,gal,,R1,
M-1097,"779 School House Rd, Wiley, CO 81092",Resident 1097,A-20097,2025/11/12,287252,gal,,R2,
M-1098,"786 Cemetery Rd, Wiley, CO 81092",Resident 1098,A-20098,2025/11/12,209520,gal,,R3,
M-1099,"793 Grain Elevator Rd, Wiley, CO 81092",Resident 1099,A-20099,2025/11/12,306142,gal,,R4,
M-1100,"800 Main St, Wiley, CO 81092",Resident 1100,A-20100,2025/11/12,203086,gal,,R5,
M-1101,"807 County Rd 10, Wiley, CO 81092",Resident 1101,A-20101,2025/11/12,305576,gal,,R6,
M-1102,"814 County Rd 14, Wiley, CO 81092",Resident 1102,A-20102,2025/11/12,357557,gal,,R1,
M-1103,"821 Highway 287, Wiley, CO 81092",Resident 1103,A-20103,2025/11/12,269356,gal,,R2,
M-1104,"828 Maple Ave, Wiley, CO 81092",Resident 1104,A-20104,2025/11/12,258411,gal,,R3,
M-1105,"835 Oak St, Wiley, CO 81092",Resident 1105,A-20105,2025/11/12,362145,gal,,R4,
M-1106,"842 Elm St, Wiley, CO 81092",Resident 1106,A-20106,2025/11/12,477246,gal,,R5,
M-1107,"849 3rd Ave, Wiley, CO 81092",Resident 1107,A-20107,2025/11/12,253851,gal,,R6,
M-1108,"856 5th St, Wiley, CO 81092",Resident 1108,A-20108,2025/11/12,438343,gal,,R1,
M-1109,"863 Ranch Rd, Wiley, CO 81092",Resident 1109,A-20109,2025/11/12,435940,gal,,R2,
M-1110,"870 Irrigation Ln, Wiley, CO 81092",Resident 1110,A-20110,2025/11/12,408856,gal,,R3,
M-1111,"877 North Frontage, Wiley, CO 81092",Resident 1111,A-20111,2025/11/12,144056,gal,,R4,
M-1112,"884 South Loop, Wiley, CO 81092",Resident 1112,A-20112,2025/11/12,409669,gal,,R5,
M-1113,"891 Pioneer Rd, Wiley, CO 81092",Resident 1113,A-20113,2025/11/12,252678,gal,,R6,
M-1114,"898 Cottonwood Dr, Wiley, CO 81092",Resident 1114,A-20114,2025/11/12,461457,gal,,R1,
M-1115,"905 Sand Creek Rd, Wiley, CO 81092",Resident 1115,A-20115,2025/11/12,217602,gal,,R2,
M-1116,"912 Prairie View, Wiley, CO 81092",Resident 1116,A-20116,2025/11/12,253094,gal,,R3,
M-1117,"919 School House Rd, Wiley, CO 81092",Resident 1117,A-20117,2025/11/12,269807,gal,,R4,
M-1118,"926 Cemetery Rd, Wiley, CO 81092",Resident 1118,A-20118,2025/11/12,178379,gal,,R5,
M-1119,"933 Grain Elevator Rd, Wiley, CO 81092",Resident 1119,A-20119,2025/11/12,231135,gal,,R6,
M-1120,"940 Main St, Wiley, CO 81092",Resident 1120,A-20120,2025/11/12,442388,gal,,R1,
M-1121,"947 County Rd 10, Wiley, CO 81092",Resident 1121,A-20121,2025/11/12,219741,gal,,R2,
M-1122,"954 County Rd 14, Wiley, CO 81092",Resident 1122,A-20122,2025/11/12,319085,gal,,R3,
M-1123,"961 Highway 287, Wiley, CO 81092",Resident 1123,A-20123,2025/11/12,298698,gal,,R4,
M-1124,"968 Maple Ave, Wiley, CO 81092",Resident 1124,A-20124,2025/11/12,423569,gal,,R5,
M-1125,"975 Oak St, Wiley, CO 81092",Resident 1125,A-20125,2025/11/12,232079,gal,,R6,
M-1126,"982 Elm St, Wiley, CO 81092",Resident 1126,A-20126,2025/11/12,285612,gal,,R1,
M-1127,"989 3rd Ave, Wiley, CO 81092",Resident 1127,A-20127,2025/11/12,228365,gal,,R2,
M-1128,"996 5th St, Wiley, CO 81092",Resident 1128,A-20128,2025/11/12,524811,gal,,R3,
M-1129,"1003 Ranch Rd, Wiley, CO 81092",Resident 1129,A-20129,2025/11/12,300792,gal,,R4,
M-1130,"1010 Irrigation Ln, Wiley, CO 81092",Resident 1130,A-20130,2025/11/12,428196,gal,,R5,
M-1131,"1017 North Frontage, Wiley, CO 81092",Resident 1131,A-20131,2025/11/12,377088,gal,,R6,
M-1132,"1024 South Loop, Wiley, CO 81092",Resident 1132,A-20132,2025/11/12,318243,gal,,R1,
M-1133,"1031 Pioneer Rd, Wiley, CO 81092",Resident 1133,A-20133,2025/11/12,188787,gal,,R2,
M-1134,"1038 Cottonwood Dr, Wiley, CO 81092",Resident 1134,A-20134,2025/11/12,191050,gal,,R3,
M-1135,"1045 Sand Creek Rd, Wiley, CO 81092",Resident 1135,A-20135,2025/11/12,496557,gal,,R4,
M-1136,"1052 Prairie View, Wiley, CO 81092",Resident 1136,A-20136,2025/11/12,364514,gal,,R5,
M-1137,"1059 School House Rd, Wiley, CO 81092",Resident 1137,A-20137,2025/11/12,282852,gal,,R6,
M-1138,"1066 Cemetery Rd, Wiley, CO 81092",Resident 1138,A-20138,2025/11/12,142073,gal,,R1,
M-1139,"1073 Grain Elevator Rd, Wiley, CO 81092",Resident 1139,A-20139,2025/11/12,106784,gal,,R2,
M-1140,"1080 Main St, Wiley, CO 81092",Resident 1140,A-20140,2025/11/12,328681,gal,,R3,
M-1141,"1087 County Rd 10, Wiley, CO 81092",Resident 1141,A-20141,2025/11/12,222364,gal,,R4,
M-1142,"1094 County Rd 14, Wiley, CO 81092",Resident 1142,A-20142,2025/11/12,432868,gal,,R5,
M-1143,"1101 Highway 287, Wiley, CO 81092",Resident 1143,A-20143,2025/11/12,325252,gal,,R6,
M-1144,"1108 Maple Ave, Wiley, CO 81092",Resident 1144,A-20144,2025/11/12,176940,gal,,R1,
M-1145,"1115 Oak St, Wiley, CO 81092",Resident 1145,A-20145,2025/11/12,334779,gal,,R2,
M-1146,"1122 Elm St, Wiley, CO 81092",Resident 1146,A-20146,2025/11/12,395615,gal,,R3,
M-1147,"1129 3rd Ave, Wiley, CO 81092",Resident 1147,A-20147,2025/11/12,396147,gal,,R4,
M-1148,"1136 5th St, Wiley, CO 81092",Resident 1148,A-20148,2025/11/12,402612,gal,,R5,
M-1149,"1143 Ranch Rd, Wiley, CO 81092",Resident 1149,A-20149,2025/11/12,185169,gal,,R6,
M-1150,"1150 Irrigation Ln, Wiley, CO 81092",Resident 1150,A-20150,2025/11/12,204548,gal,,R1,
M-1151,"1157 North Frontage, Wiley, CO 81092",Resident 1151,A-20151,2025/11/12,209862,gal,,R2,
M-1152,"1164 South Loop, Wiley, CO 81092",Resident 1152,A-20152,2025/11/12,173958,gal,,R3,
M-1153,"1171 Pioneer Rd, Wiley, CO 81092",Resident 1153,A-20153,2025/11/12,427589,gal,,R4,
M-1154,"1178 Cottonwood Dr, Wiley, CO 81092",Resident 1154,A-20154,2025/11/12,160854,gal,,R5,
M-1155,"1185 Sand Creek Rd, Wiley, CO 81092",Resident 1155,A-20155,2025/11/12,360962,gal,,R6,
M-1156,"1192 Prairie View, Wiley, CO 81092",Resident 1156,A-20156,2025/11/12,778300,gal,,R1,
M-1157,"1199 School House Rd, Wiley, CO 81092",Resident 1157,A-20157,2025/11/12,447490,gal,,R2,
M-1158,"1206 Cemetery Rd, Wiley, CO 81092",Resident 1158,A-20158,2025/11/12,197132,gal,,R3,
M-1159,"1213 Grain Elevator Rd, Wiley, CO 81092",Resident 1159,A-20159,2025/11/12,387778,gal,,R4,
M-1160,"1220 Main St, Wiley, CO 81092",Resident 1160,A-20160,2025/11/12,154668,gal,,R5,
M-1161,"1227 County Rd 10, Wiley, CO 81092",Resident 1161,A-20161,2025/11/12,202016,gal,,R6,
M-1162,"1234 County Rd 14, Wiley, CO 81092",Resident 1162,A-20162,2025/11/12,348589,gal,,R1,
M-1163,"1241 Highway 287, Wiley, CO 81092",Resident 1163,A-20163,2025/11/12,294389,gal,,R2,
M-1164,"1248 Maple Ave, Wiley, CO 81092",Resident 1164,A-20164,2025/11/12,197445,gal,,R3,
M-1165,"1255 Oak St, Wiley, CO 81092",Resident 1165,A-20165,2025/11/12,346319,gal,,R4,
M-1166,"1262 Elm St, Wiley, CO 81092",Resident 1166,A-20166,2025/11/12,303009,gal,,R5,
M-1167,"1269 3rd Ave, Wiley, CO 81092",Resident 1167,A-20167,2025/11/12,252277,gal,,R6,
M-1168,"1276 5th St, Wiley, CO 81092",Resident 1168,A-20168,2025/11/12,540176,gal,,R1,
M-1169,"1283 Ranch Rd, Wiley, CO 81092",Resident 1169,A-20169,2025/11/12,226302,gal,,R2,
M-1171,"1297 North Frontage, Wiley, CO 81092",Resident 1171,A-20171,2025/11/12,395898,gal,,R4,
M-1172,"1304 South Loop, Wiley, CO 81092",Resident 1172,A-20172,2025/11/12,335543,gal,,R5,
M-1173,"1311 Pioneer Rd, Wiley, CO 81092",Resident 1173,A-20173,2025/11/12,472386,gal,,R6,
M-1174,"1318 Cottonwood Dr, Wiley, CO 81092",Resident 1174,A-20174,2025/11/12,188320,gal,,R1,
M-1175,"1325 Sand Creek Rd, Wiley, CO 81092",Resident 1175,A-20175,2025/11/12,270120,gal,,R2,
M-1176,"1332 Prairie View, Wiley, CO 81092",Resident 1176,A-20176,2025/11/12,172575,gal,,R3,
M-1177,"1339 School House Rd, Wiley, CO 81092",Resident 1177,A-20177,2025/11/12,281488,gal,,R4,
M-1178,"1346 Cemetery Rd, Wiley, CO 81092",Resident 1178,A-20178,2025/11/12,409250,gal,,R5,
M-1179,"1353 Grain Elevator Rd, Wiley, CO 81092",Resident 1179,A-20179,2025/11/12,137656,gal,,R6,
M-1180,"1360 Main St, Wiley, CO 81092",Resident 1180,A-20180,2025/11/12,249116,gal,,R1,
M-1181,"1367 County Rd 10, Wiley, CO 81092",Resident 1181,A-20181,2025/11/12,363078,gal,,R2,
M-1182,"1374 County Rd 14, Wiley, CO 81092",Resident 1182,A-20182,2025/11/12,326953,gal,,R3,
M-1183,"1381 Highway 287, Wiley, CO 81092",Resident 1183,A-20183,2025/11/12,286187,gal,,R4,
M-1184,"1388 Maple Ave, Wiley, CO 81092",Resident 1184,A-20184,2025/11/12,241138,gal,,R5,
M-1185,"1395 Oak St, Wiley, CO 81092",Resident 1185,A-20185,2025/11/12,254785,gal,,R6,
M-1186,"1402 Elm St, Wiley, CO 81092",Resident 1186,A-20186,2025/11/12,185102,gal,,R1,
M-1187,"1409 3rd Ave, Wiley, CO 81092",Resident 1187,A-20187,2025/11/12,379348,gal,,R2,
M-1188,"1416 5th St, Wiley, CO 81092",Resident 1188,A-20188,2025/11/12,173259,gal,,R3,
M-1189,"1423 Ranch Rd, Wiley, CO 81092",Resident 1189,A-20189,2025/11/12,414741,gal,,R4,
M-1190,"1430 Irrigation Ln, Wiley, CO 81092",Resident 1190,A-20190,2025/11/12,229614,gal,,R5,
M-1191,"1437 North Frontage, Wiley, CO 81092",New Occupant 1191,A-20191,2025/11/12,210176,gal,,R6,
M-1192,"1444 South Loop, Wiley, CO 81092",Resident 1192,A-20192,2025/11/12,378649,gal,,R1,
M-1193,"1451 Pioneer Rd, Wiley, CO 81092",Resident 1193,A-20193,2025/11/12,371646,gal,,R2,
M-1194,"1458 Cottonwood Dr, Wiley, CO 81092",Resident 1194,A-20194,2025/11/12,270209,gal,,R3,
M-1195,"1465 Sand Creek Rd, Wiley, CO 81092",Resident 1195,A-20195,2025/11/12,280944,gal,,R4,
M-1196,"1472 Prairie View, Wiley, CO 81092",Resident 1196,A-20196,2025/11/12,277855,gal,,R5,
M-1197,"1479 School House Rd, Wiley, CO 81092",Resident 1197,A-20197,2025/11/12,99223,gal,,R6,
M-1198,"1486 Cemetery Rd, Wiley, CO 81092",Resident 1198,A-20198,2025/11/12,515200,gal,,R1,
M-1199,"1493 Grain Elevator Rd, Wiley, CO 81092",Resident 1199,A-20199,2025/11/12,233109,gal,,R2,
M-1200,"1500 Main St, Wiley, CO 81092",Resident 1200,A-20200,2025/11/12,360956,gal,,R3,
M-1201,"1507 County Rd 10, Wiley, CO 81092",Resident 1201,A-20201,2025/11/12,261127,gal,,R4,
M-1202,"1514 County Rd 14, Wiley, CO 81092",Resident 1202,A-20202,2025/11/12,247567,gal,,R5,
M-1203,"1521 Highway 287, Wiley, CO 81092",Resident 1203,A-20203,2025/11/12,171159,gal,,R6,
M-1204,"1528 Maple Ave, Wiley, CO 81092",Resident 1204,A-20204,2025/11/12,271946,gal,,R1,
M-1205,"1535 Oak St, Wiley, CO 81092",Resident 1205,A-20205,2025/11/12,303779,gal,,R2,
M-1206,"1542 Elm St, Wiley, CO 81092",Resident 1206,A-20206,2025/11/12,430007,gal,,R3,
M-1207,"1549 3rd Ave, Wiley, CO 81092",Resident 1207,A-20207,2025/11/12,389254,gal,,R4,
M-1208,"1556 5th St, Wiley, CO 81092",Resident 1208,A-20208,2025/11/12,370538,gal,,R5,
M-1209,"1563 Ranch Rd, Wiley, CO 81092",Resident 1209,A-20209,2025/11/12,377170,gal,,R6,
M-1210,"1570 Irrigation Ln, Wiley, CO 81092",Resident 1210,A-20210,2025/11/12,271617,gal,,R1,
M-1211,"1577 North Frontage, Wiley, CO 81092",Resident 1211,A-20211,2025/11/12,202339,gal,,R2,
M-1212,"1584 South Loop, Wiley, CO 81092",Resident 1212,A-20212,2025/11/12,215323,gal,,R3,
M-1213,"1591 Pioneer Rd, Wiley, CO 81092",Resident 1213,A-20213,2025/11/12,232832,gal,,R4,
M-1214,"1598 Cottonwood Dr, Wiley, CO 81092",Resident 1214,A-20214,2025/11/12,281954,gal,,R5,
M-1215,"1605 Sand Creek Rd, Wiley, CO 81092",Resident 1215,A-20215,2025/11/12,462538,gal,,R6,
M-1216,"1612 Prairie View, Wiley, CO 81092",Resident 1216,A-20216,2025/11/12,325118,gal,,R1,
M-1217,"1619 School House Rd, Wiley, CO 81092",Resident 1217,A-20217,2025/11/12,123798,gal,,R2,
M-1218,"1626 Cemetery Rd, Wiley, CO 81092",Resident 1218,A-20218,2025/11/12,158523,gal,,R3,
M-1219,"1633 Grain Elevator Rd, Wiley, CO 81092",Resident 1219,A-20219,2025/11/12,485129,gal,,R4,
M-1220,"1640 Main St, Wiley, CO 81092",Resident 1220,A-20220,2025/11/12,376820,gal,,R5,
M-1221,"1647 County Rd 10, Wiley, CO 81092",Resident 1221,A-20221,2025/11/12,342029,gal,,R6,
M-1222,"1654 County Rd 14, Wiley, CO 81092",Resident 1222,A-20222,2025/11/12,273371,gal,,R1,
M-1223,"1661 Highway 287, Wiley, CO 81092",Resident 1223,A-20223,2025/11/12,349417,gal,,R2,
M-1224,"1668 Maple Ave, Wiley, CO 81092",Resident 1224,A-20224,2025/11/12,477654,gal,,R3,
M-1225,"1675 Oak St, Wiley, CO 81092",Resident 1225,A-20225,2025/11/12,434798,gal,,R4,
M-1226,"1682 Elm St, Wiley, CO 81092",Resident 1226,A-20226,2025/11/12,203240,gal,,R5,
M-1227,"1689 3rd Ave, Wiley, CO 81092",Resident 1227,A-20227,2025/11/12,315005,gal,,R6,
M-1228,"1696 5th St, Wiley, CO 81092",Resident 1228,A-20228,2025/11/12,463321,gal,,R1,
M-1229,"1703 Ranch Rd, Wiley, CO 81092",Resident 1229,A-20229,2025/11/12,291674,gal,,R2,
M-1230,"1710 Irrigation Ln, Wiley, CO 81092",Resident 1230,A-20230,2025/11/12,322469,gal,,R3,
M-1231,"1717 North Frontage, Wiley, CO 81092",Resident 1231,A-20231,2025/11/12,203360,gal,,R4,
M-1232,"1724 South Loop, Wiley, CO 81092",Resident 1232,A-20232,2025/11/12,343235,gal,,R5,
M-1233,"1731 Pioneer Rd, Wiley, CO 81092",Resident 1233,A-20233,2025/11/12,182532,gal,,R6,
M-1234,"1738 Cottonwood Dr, Wiley, CO 81092",Resident 1234,A-20234,2025/11/12,401245,gal,,R1,
M-1235,"1745 Sand Creek Rd, Wiley, CO 81092",Resident 1235,A-20235,2025/11/12,426205,gal,,R2,
M-1236,"1752 Prairie View, Wiley, CO 81092",Resident 1236,A-20236,2025/11/12,283111,gal,,R3,
M-1237,"1759 School House Rd, Wiley, CO 81092",Resident 1237,A-20237,2025/11/12,368000,gal,,R4,
M-1238,"1766 Cemetery Rd, Wiley, CO 81092",Resident 1238,A-20238,2025/11/12,364003,gal,,R5,
M-1239,"1773 Grain Elevator Rd, Wiley, CO 81092",Resident 1239,A-20239,2025/11/12,181118,gal,,R6,
M-1240,"1780 Main St, Wiley, CO 81092",Resident 1240,A-20240,2025/11/12,507784,gal,,R1,
M-1241,"1787 County Rd 10, Wiley, CO 81092",Resident 1241,A-20241,2025/11/12,321214,gal,,R2,
M-1242,"1794 County Rd 14, Wiley, CO 81092",Resident 1242,A-20242,2025/11/12,429661,gal,,R3,
M-1243,"1801 Highway 287, Wiley, CO 81092",Resident 1243,A-20243,2025/11/12,284565,gal,,R4,
M-1244,"1808 Maple Ave, Wiley, CO 81092",Resident 1244,A-20244,2025/11/12,746282,gal,,R5,
M-1245,"1815 Oak St, Wiley, CO 81092",Resident 1245,A-20245,2025/11/12,159132,gal,,R6,
M-1246,"1822 Elm St, Wiley, CO 81092",Resident 1246,A-20246,2025/11/12,290031,gal,,R1,
M-1247,"1829 3rd Ave, Wiley, CO 81092",Resident 1247,A-20247,2025/11/12,355772,gal,,R2,
M-1248,"1836 5th St, Wiley, CO 81092",Resident 1248,A-20248,2025/11/12,330015,gal,,R3,
M-1249,"1843 Ranch Rd, Wiley, CO 81092",Resident 1249,A-20249,2025/11/12,510858,gal,,R4,
M-1250,"1850 Irrigation Ln, Wiley, CO 81092",Resident 1250,A-20250,2025/11/12,331381,gal,,R5,
M-1251,"1857 North Frontage, Wiley, CO 81092",Resident 1251,A-20251,2025/11/12,336763,gal,,R6,
M-1252,"1864 South Loop, Wiley, CO 81092",Resident 1252,A-20252,2025/11/12,330081,gal,,R1,
M-1253,"1871 Pioneer Rd, Wiley, CO 81092",Resident 1253,A-20253,2025/11/12,242884,gal,,R2,
M-1254,"1878 Cottonwood Dr, Wiley, CO 81092",Resident 1254,A-20254,2025/11/12,388055,gal,,R3,
M-1255,"1885 Sand Creek Rd, Wiley, CO 81092",Resident 1255,A-20255,2025/11/12,249397,gal,,R4,
M-1256,"1892 Prairie View, Wiley, CO 81092",Resident 1256,A-20256,2025/11/12,276731,gal,,R5,
M-1257,"1899 School House Rd, Wiley, CO 81092",Resident 1257,A-20257,2025/11/12,314058,gal,,R6,
M-1258,"1906 Cemetery Rd, Wiley, CO 81092",Resident 1258,A-20258,2025/11/12,465737,gal,,R1,
M-1259,"1913 Grain Elevator Rd, Wiley, CO 81092",Resident 1259,A-20259,2025/11/12,294406,gal,,R2,
M-1260,"1920 Main St, Wiley, CO 81092",Resident 1260,A-20260,2025/11/12,183065,gal,,R3,
M-1261,"1927 County Rd 10, Wiley, CO 81092",Resident 1261,A-20261,2025/11/12,452033,gal,,R4,
M-1262,"1934 County Rd 14, Wiley, CO 81092",Resident 1262,A-20262,2025/11/12,395960,gal,,R5,
M-1263,"1941 Highway 287, Wiley, CO 81092",Resident 1263,A-20263,2025/11/12,310510,gal,,R6,
M-1264,"1948 Maple Ave, Wiley, CO 81092",Resident 1264,A-20264,2025/11/12,330110,gal,,R1,
M-1265,"1955 Oak St, Wiley, CO 81092",Resident 1265,A-20265,2025/11/12,410796,gal,,R2,
M-1266,"1962 Elm St, Wiley, CO 81092",Resident 1266,A-20266,2025/11/12,177143,gal,,R3,
M-1267,"1969 3rd Ave, Wiley, CO 81092",Resident 1267,A-20267,2025/11/12,308621,gal,,R4,
M-1268,"1976 5th St, Wiley, CO 81092",Resident 1268,A-20268,2025/11/12,266871,gal,,R5,
M-1269,"1983 Ranch Rd, Wiley, CO 81092",Resident 1269,A-20269,2025/11/12,273670,gal,,R6,
M-1270,"1990 Irrigation Ln, Wiley, CO 81092",Resident 1270,A-20270,2025/11/12,329832,gal,,R1,
M-1271,"1997 North Frontage, Wiley, CO 81092",Resident 1271,A-20271,2025/11/12,488732,gal,,R2,
M-1272,"2004 South Loop, Wiley, CO 81092",Resident 1272,A-20272,2025/11/12,481523,gal,,R3,
M-1273,"2011 Pioneer Rd, Wiley, CO 81092",Resident 1273,A-20273,2025/11/12,505487,gal,,R4,
M-1274,"2018 Cottonwood Dr, Wiley, CO 81092",Resident 1274,A-20274,2025/11/12,317486,gal,,R5,
M-1275,"2025 Sand Creek Rd, Wiley, CO 81092",Resident 1275,A-20275,2025/11/12,363524,gal,,R6,
M-1276,"2032 Prairie View, Wiley, CO 81092",Resident 1276,A-20276,2025/11/12,387038,gal,,R1,
M-1277,"2039 School House Rd, Wiley, CO 81092",Resident 1277,A-20277,2025/11/12,372714,gal,,R2,
M-1278,"2046 Cemetery Rd, Wiley, CO 81092",Resident 1278,A-20278,2025/11/12,223848,gal,,R3,
M-1279,"2053 Grain Elevator Rd, Wiley, CO 81092",Resident 1279,A-20279,2025/11/12,368256,gal,,R4,
M-1280,"2060 Main St, Wiley, CO 81092",Resident 1280,A-20280,2025/11/12,348289,gal,,R5,
M-1281,"2067 County Rd 10, Wiley, CO 81092",Resident 1281,A-20281,2025/11/12,266022,gal,,R6,
M-1282,"2074 County Rd 14, Wiley, CO 81092",Resident 1282,A-20282,2025/11/12,492484,gal,,R1,
M-1283,"2081 Highway 287, Wiley, CO 81092",Resident 1283,A-20283,2025/11/12,177925,gal,,R2,
M-1284,"2088 Maple Ave, Wiley, CO 81092",Resident 1284,A-20284,2025/11/12,292828,gal,,R3,
M-1285,"2095 Oak St, Wiley, CO 81092",Resident 1285,A-20285,2025/11/12,415150,gal,,R4,
M-1286,"2102 Elm St, Wiley, CO 81092",Resident 1286,A-20286,2025/11/12,496670,gal,,R5,
M-1287,"2109 3rd Ave, Wiley, CO 81092",Resident 1287,A-20287,2025/11/12,516542,gal,,R6,
M-1289,"2123 Ranch Rd, Wiley, CO 81092",Resident 1289,A-20289,2025/11/12,352796,gal,,R2,
M-1290,"2130 Irrigation Ln, Wiley, CO 81092",Resident 1290,A-20290,2025/11/12,220579,gal,,R3,
M-1291,"2137 North Frontage, Wiley, CO 81092",Resident 1291,A-20291,2025/11/12,298657,gal,,R4,
M-1292,"2144 South Loop, Wiley, CO 81092",Resident 1292,A-20292,2025/11/12,261634,gal,,R5,
M-1293,"2151 Pioneer Rd, Wiley, CO 81092",Resident 1293,A-20293,2025/11/12,212004,gal,,R6,
M-1294,"2158 Cottonwood Dr, Wiley, CO 81092",Resident 1294,A-20294,2025/11/12,244823,gal,,R1,
M-1295,"2165 Sand Creek Rd, Wiley, CO 81092",Resident 1295,A-20295,2025/11/12,263724,gal,,R2,
M-1296,"2172 Prairie View, Wiley, CO 81092",Resident 1296,A-20296,2025/11/12,145840,gal,,R3,
M-1297,"2179 School House Rd, Wiley, CO 81092",Resident 1297,A-20297,2025/11/12,126492,gal,,R4,
M-1298,"2186 Cemetery Rd, Wiley, CO 81092",Resident 1298,A-20298,2025/11/12,246274,gal,,R5,
M-1299,"2193 Grain Elevator Rd, Wiley, CO 81092",Resident 1299,A-20299,2025/11/12,359309,gal,,R6,
M-1300,"2200 Main St, Wiley, CO 81092",Resident 1300,A-20300,2025/11/12,433212,gal,,R1,
M-1001,"107 County Rd 10, Wiley, CO 81092",Resident 1001,A-20001,2025/12/13,454794,gal,,R2,
M-1002,"114 County Rd 14, Wiley, CO 81092",Resident 1002,A-20002,2025/12/13,339898,gal,,R3,
M-1003,"121 Highway 287, Wiley, CO 81092",Resident 1003,A-20003,2025/12/13,165023,gal,,R4,
M-1004,"128 Maple Ave, Wiley, CO 81092",Resident 1004,A-20004,2025/12/13,416386,gal,,R5,
M-1005,"135 Oak St, Wiley, CO 81092",Resident 1005,A-20005,2025/12/13,224076,gal,,R6,
M-1006,"142 Elm St, Wiley, CO 81092",Resident 1006,A-20006,2025/12/13,269311,gal,,R1,
M-1007,"149 3rd Ave, Wiley, CO 81092",Resident 1007,A-20007,2025/12/13,363600,gal,,R2,
M-1008,"156 5th St, Wiley, CO 81092",Resident 1008,A-20008,2025/12/13,237638,gal,,R3,
M-1009,"163 Ranch Rd, Wiley, CO 81092",Resident 1009,A-20009,2025/12/13,229040,gal,,R4,
M-1010,"170 Irrigation Ln, Wiley, CO 81092",Resident 1010,A-20010,2025/12/13,334850,gal,,R5,
M-1011,"177 North Frontage, Wiley, CO 81092",Resident 1011,A-20011,2025/12/13,468408,gal,,R6,
M-1012,"184 South Loop, Wiley, CO 81092",Resident 1012,A-20012,2025/12/13,246999,gal,,R1,
M-1013,"191 Pioneer Rd, Wiley, CO 81092",Resident 1013,A-20013,2025/12/13,189462,gal,,R2,
M-1014,"198 Cottonwood Dr, Wiley, CO 81092",Resident 1014,A-20014,2025/12/13,442432,gal,,R3,
M-1015,"205 Sand Creek Rd, Wiley, CO 81092",Resident 1015,A-20015,2025/12/13,457389,gal,,R4,
M-1016,"212 Prairie View, Wiley, CO 81092",Resident 1016,A-20016,2025/12/13,156664,gal,,R5,
M-1017,"219 School House Rd, Wiley, CO 81092",Resident 1017,A-20017,2025/12/13,140005,gal,,R6,
M-1018,"226 Cemetery Rd, Wiley, CO 81092",Resident 1018,A-20018,2025/12/13,217865,gal,,R1,
M-1019,"233 Grain Elevator Rd, Wiley, CO 81092",Resident 1019,A-20019,2025/12/13,187210,gal,,R2,
M-1020,"240 Main St, Wiley, CO 81092",Resident 1020,A-20020,2025/12/13,328265,gal,,R3,
M-1021,"247 County Rd 10, Wiley, CO 81092",Resident 1021,A-20021,2025/12/13,376076,gal,,R4,
M-1022,"254 County Rd 14, Wiley, CO 81092",Resident 1022,A-20022,2025/12/13,408922,gal,,R5,
M-1023,"261 Highway 287, Wiley, CO 81092",Resident 1023,A-20023,2025/12/13,285361,gal,,R6,
M-1024,"268 Maple Ave, Wiley, CO 81092",Resident 1024,A-20024,2025/12/13,304559,gal,,R1,
M-1025,"275 Oak St, Wiley, CO 81092",Resident 1025,A-20025,2025/12/13,200093,gal,,R2,
M-1026,"282 Elm St, Wiley, CO 81092",Resident 1026,A-20026,2025/12/13,204316,gal,,R3,
M-1027,"289 3rd Ave, Wiley, CO 81092",Resident 1027,A-20027,2025/12/13,389049,gal,,R4,
M-1028,"296 5th St, Wiley, CO 81092",Resident 1028,A-20028,2025/12/13,181177,gal,,R5,
M-1029,"303 Ranch Rd, Wiley, CO 81092",Resident 1029,A-20029,2025/12/13,390660,gal,,R6,
M-1030,"310 Irrigation Ln, Wiley, CO 81092",Resident 1030,A-20030,2025/12/13,307042,gal,,R1,
M-1031,"317 North Frontage, Wiley, CO 81092",Resident 1031,A-20031,2025/12/13,387916,gal,,R2,
M-1032,"324 South Loop, Wiley, CO 81092",Resident 1032,A-20032,2025/12/13,268140,gal,,R3,
M-1033,"331 Pioneer Rd, Wiley, CO 81092",Resident 1033,A-20033,2025/12/13,706636,gal,,R4,
M-1034,"338 Cottonwood Dr, Wiley, CO 81092",Resident 1034,A-20034,2025/12/13,467786,gal,,R5,
M-1035,"345 Sand Creek Rd, Wiley, CO 81092",Resident 1035,A-20035,2025/12/13,474464,gal,,R6,
M-1036,"352 Prairie View, Wiley, CO 81092",Resident 1036,A-20036,2025/12/13,344076,gal,,R1,
M-1037,"359 School House Rd, Wiley, CO 81092",Resident 1037,A-20037,2025/12/13,279222,gal,,R2,
M-1038,"366 Cemetery Rd, Wiley, CO 81092",Resident 1038,A-20038,2025/12/13,210823,gal,,R3,
M-1039,"373 Grain Elevator Rd, Wiley, CO 81092",Resident 1039,A-20039,2025/12/13,339839,gal,,R4,
M-1040,"380 Main St, Wiley, CO 81092",Resident 1040,A-20040,2025/12/13,259231,gal,,R5,
M-1041,"387 County Rd 10, Wiley, CO 81092",Resident 1041,A-20041,2025/12/13,169607,gal,,R6,
M-1042,"394 County Rd 14, Wiley, CO 81092",Resident 1042,A-20042,2025/12/13,427630,gal,,R1,
M-1043,"401 Highway 287, Wiley, CO 81092",Resident 1043,A-20043,2025/12/13,393835,gal,,R2,
M-1044,"408 Maple Ave, Wiley, CO 81092",Resident 1044,A-20044,2025/12/13,149410,gal,,R3,
M-1045,"415 Oak St, Wiley, CO 81092",Resident 1045,A-20045,2025/12/13,363760,gal,,R4,
M-1046,"422 Elm St, Wiley, CO 81092",Resident 1046,A-20046,2025/12/13,164342,gal,,R5,
M-1047,"429 3rd Ave, Wiley, CO 81092",Resident 1047,A-20047,2025/12/13,129161,gal,,R6,
M-1048,"436 5th St, Wiley, CO 81092",Resident 1048,A-20048,2025/12/13,406680,gal,,R1,
M-1049,"443 Ranch Rd, Wiley, CO 81092",Resident 1049,A-20049,2025/12/13,391214,gal,,R2,
M-1050,"450 Irrigation Ln, Wiley, CO 81092",Resident 1050,A-20050,2025/12/13,364740,gal,,R3,
M-1051,"457 North Frontage, Wiley, CO 81092",Resident 1051,A-20051,2025/12/13,415540,gal,,R4,
M-1052,"464 South Loop, Wiley, CO 81092",Resident 1052,A-20052,2025/12/13,219423,gal,,R5,
M-1053,"471 Pioneer Rd, Wiley, CO 81092",Resident 1053,A-20053,2025/12/13,204014,gal,,R6,
M-1054,"478 Cottonwood Dr, Wiley, CO 81092",Resident 1054,A-20054,2025/12/13,392609,gal,,R1,
M-1055,"485 Sand Creek Rd, Wiley, CO 81092",Resident 1055,A-20055,2025/12/13,128524,gal,,R2,
M-1056,"492 Prairie View, Wiley, CO 81092",Resident 1056,A-20056,2025/12/13,288335,gal,,R3,
M-1057,"499 School House Rd, Wiley, CO 81092",Resident 1057,A-20057,2025/12/13,187476,gal,,R4,
M-1058,"506 Cemetery Rd, Wiley, CO 81092",Resident 1058,A-20058,2025/12/13,474381,gal,,R5,
M-1059,"513 Grain Elevator Rd, Wiley, CO 81092",Resident 1059,A-20059,2025/12/13,143080,gal,,R6,
M-1060,"520 Main St, Wiley, CO 81092",Resident 1060,A-20060,2025/12/13,266962,gal,,R1,
M-1061,"527 County Rd 10, Wiley, CO 81092",Resident 1061,A-20061,2025/12/13,310963,gal,,R2,
M-1062,"534 County Rd 14, Wiley, CO 81092",Resident 1062,A-20062,2025/12/13,227201,gal,,R3,
M-1063,"541 Highway 287, Wiley, CO 81092",Resident 1063,A-20063,2025/12/13,428256,gal,,R4,
M-1064,"548 Maple Ave, Wiley, CO 81092",Resident 1064,A-20064,2025/12/13,308071,gal,,R5,
M-1065,"555 Oak St, Wiley, CO 81092",Resident 1065,A-20065,2025/12/13,477279,gal,,R6,
M-1066,"562 Elm St, Wiley, CO 81092",Resident 1066,A-20066,2025/12/13,452708,gal,,R1,
M-1067,"569 3rd Ave, Wiley, CO 81092",Resident 1067,A-20067,2025/12/13,190759,gal,,R2,
M-1068,"576 5th St, Wiley, CO 81092",Resident 1068,A-20068,2025/12/13,438081,gal,,R3,
M-1069,"583 Ranch Rd, Wiley, CO 81092",Resident 1069,A-20069,2025/12/13,233552,gal,,R4,
M-1070,"590 Irrigation Ln, Wiley, CO 81092",Resident 1070,A-20070,2025/12/13,318235,gal,,R5,
M-1071,"597 North Frontage, Wiley, CO 81092",Resident 1071,A-20071,2025/12/13,438718,gal,,R6,
M-1072,"604 South Loop, Wiley, CO 81092",Resident 1072,A-20072,2025/12/13,491583,gal,,R1,
M-1073,"611 Pioneer Rd, Wiley, CO 81092",Resident 1073,A-20073,2025/12/13,417220,gal,,R2,
M-1074,"618 Cottonwood Dr, Wiley, CO 81092",Resident 1074,A-20074,2025/12/13,403123,gal,,R3,
M-1075,"625 Sand Creek Rd, Wiley, CO 81092",Resident 1075,A-20075,2025/12/13,265453,gal,,R4,
M-1076,"632 Prairie View, Wiley, CO 81092",New Occupant 1076,A-20076,2025/12/13,256424,gal,,R5,
M-1077,"639 School House Rd, Wiley, CO 81092",Resident 1077,A-20077,2025/12/13,209540,gal,,R6,
M-1078,"646 Cemetery Rd, Wiley, CO 81092",Resident 1078,A-20078,2025/12/13,310897,gal,,R1,
M-1079,"653 Grain Elevator Rd, Wiley, CO 81092",Resident 1079,A-20079,2025/12/13,254864,gal,,R2,
M-1080,"660 Main St, Wiley, CO 81092",Resident 1080,A-20080,2025/12/13,289267,gal,,R3,
M-1081,"667 County Rd 10, Wiley, CO 81092",Resident 1081,A-20081,2025/12/13,387019,gal,,R4,
M-1082,"674 County Rd 14, Wiley, CO 81092",Resident 1082,A-20082,2025/12/13,207255,gal,,R5,
M-1083,"681 Highway 287, Wiley, CO 81092",Resident 1083,A-20083,2025/12/13,448750,gal,,R6,
M-1084,"688 Maple Ave, Wiley, CO 81092",Resident 1084,A-20084,2025/12/13,297591,gal,,R1,
M-1085,"695 Oak St, Wiley, CO 81092",Resident 1085,A-20085,2025/12/13,377392,gal,,R2,
M-1086,"702 Elm St, Wiley, CO 81092",Resident 1086,A-20086,2025/12/13,285188,gal,,R3,
M-1087,"709 3rd Ave, Wiley, CO 81092",Resident 1087,A-20087,2025/12/13,220767,gal,,R4,
M-1088,"716 5th St, Wiley, CO 81092",Resident 1088,A-20088,2025/12/13,130317,gal,,R5,
M-1089,"723 Ranch Rd, Wiley, CO 81092",Resident 1089,A-20089,2025/12/13,619788,gal,,R6,
M-1090,"730 Irrigation Ln, Wiley, CO 81092",Resident 1090,A-20090,2025/12/13,496256,gal,,R1,
M-1091,"737 North Frontage, Wiley, CO 81092",Resident 1091,A-20091,2025/12/13,469976,gal,,R2,
M-1092,"744 South Loop, Wiley, CO 81092",Resident 1092,A-20092,2025/12/13,167195,gal,,R3,
M-1093,"751 Pioneer Rd, Wiley, CO 81092",Resident 1093,A-20093,2025/12/13,205177,gal,,R4,
M-1094,"758 Cottonwood Dr, Wiley, CO 81092",Resident 1094,A-20094,2025/12/13,473843,gal,,R5,
M-1095,"765 Sand Creek Rd, Wiley, CO 81092",Resident 1095,A-20095,2025/12/13,235728,gal,,R6,
M-1096,"772 Prairie View, Wiley, CO 81092",Resident 1096,A-20096,2025/12/13,379070,gal,,R1,
M-1097,"779 School House Rd, Wiley, CO 81092",Resident 1097,A-20097,2025/12/13,291220,gal,,R2,
M-1098,"786 Cemetery Rd, Wiley, CO 81092",Resident 1098,A-20098,2025/12/13,213478,gal,,R3,
M-1099,"793 Grain Elevator Rd, Wiley, CO 81092",Resident 1099,A-20099,2025/12/13,309639,gal,,R4,
M-1100,"800 Main St, Wiley, CO 81092",Resident 1100,A-20100,2025/12/13,208068,gal,,R5,
M-1101,"807 County Rd 10, Wiley, CO 81092",Resident 1101,A-20101,2025/12/13,305576,gal,,R6,
M-1102,"814 County Rd 14, Wiley, CO 81092",Resident 1102,A-20102,2025/12/13,363364,gal,,R1,
M-1103,"821 Highway 287, Wiley, CO 81092",Resident 1103,A-20103,2025/12/13,272790,gal,,R2,
M-1104,"828 Maple Ave, Wiley, CO 81092",Resident 1104,A-20104,2025/12/13,264756,gal,,R3,
M-1105,"835 Oak St, Wiley, CO 81092",Resident 1105,A-20105,2025/12/13,365748,gal,,R4,
M-1106,"842 Elm St, Wiley, CO 81092",Resident 1106,A-20106,2025/12/13,482810,gal,,R5,
M-1107,"849 3rd Ave, Wiley, CO 81092",Resident 1107,A-20107,2025/12/13,256077,gal,,R6,
M-1108,"856 5th St, Wiley, CO 81092",Resident 1108,A-20108,2025/12/13,441022,gal,,R1,
M-1109,"863 Ranch Rd, Wiley, CO 81092",Resident 1109,A-20109,2025/12/13,437771,gal,,R2,
M-1110,"870 Irrigation Ln, Wiley, CO 81092",Resident 1110,A-20110,2025/12/13,412704,gal,,R3,
M-1111,"877 North Frontage, Wiley, CO 81092",Resident 1111,A-20111,2025/12/13,148738,gal,,R4,
M-1112,"884 South Loop, Wiley, CO 81092",Resident 1112,A-20112,2025/12/13,412546,gal,,R5,
M-1113,"891 Pioneer Rd, Wiley, CO 81092",Resident 1113,A-20113,2025/12/13,254816,gal,,R6,
M-1114,"898 Cottonwood Dr, Wiley, CO 81092",Resident 1114,A-20114,2025/12/13,464666,gal,,R1,
M-1115,"905 Sand Creek Rd, Wiley, CO 81092",Resident 1115,A-20115,2025/12/13,222447,gal,,R2,
M-1116,"912 Prairie View, Wiley, CO 81092",Resident 1116,A-20116,2025/12/13,258341,gal,,R3,
M-1117,"919 School House Rd, Wiley, CO 81092",Resident 1117,A-20117,2025/12/13,273221,gal,,R4,
M-1118,"926 Cemetery Rd, Wiley, CO 81092",Resident 1118,A-20118,2025/12/13,181581,gal,,R5,
M-1119,"933 Grain Elevator Rd, Wiley, CO 81092",Resident 1119,A-20119,2025/12/13,236758,gal,,R6,
M-1120,"940 Main St, Wiley, CO 81092",Resident 1120,A-20120,2025/12/13,447122,gal,,R1,
M-1121,"947 County Rd 10, Wiley, CO 81092",Resident 1121,A-20121,2025/12/13,223784,gal,,R2,
M-1122,"954 County Rd 14, Wiley, CO 81092",Resident 1122,A-20122,2025/12/13,325077,gal,,R3,
M-1123,"961 Highway 287, Wiley, CO 81092",Resident 1123,A-20123,2025/12/13,303060,gal,,R4,
M-1124,"968 Maple Ave, Wiley, CO 81092",Resident 1124,A-20124,2025/12/13,426445,gal,,R5,
M-1125,"975 Oak St, Wiley, CO 81092",Resident 1125,A-20125,2025/12/13,235648,gal,,R6,
M-1126,"982 Elm St, Wiley, CO 81092",Resident 1126,A-20126,2025/12/13,287960,gal,,R1,
M-1127,"989 3rd Ave, Wiley, CO 81092",Resident 1127,A-20127,2025/12/13,231088,gal,,R2,
M-1128,"996 5th St, Wiley, CO 81092",Resident 1128,A-20128,2025/12/13,531827,gal,,R3,
M-1129,"1003 Ranch Rd, Wiley, CO 81092",Resident 1129,A-20129,2025/12/13,306272,gal,,R4,
M-1130,"1010 Irrigation Ln, Wiley, CO 81092",Resident 1130,A-20130,2025/12/13,433495,gal,,R5,
M-1131,"1017 North Frontage, Wiley, CO 81092",Resident 1131,A-20131,2025/12/13,380414,gal,,R6,
M-1132,"1024 South Loop, Wiley, CO 81092",Resident 1132,A-20132,2025/12/13,323661,gal,,R1,
M-1133,"1031 Pioneer Rd, Wiley, CO 81092",Resident 1133,A-20133,2025/12/13,193985,gal,,R2,
M-1134,"1038 Cottonwood Dr, Wiley, CO 81092",Resident 1134,A-20134,2025/12/13,194906,gal,,R3,
M-1135,"1045 Sand Creek Rd, Wiley, CO 81092",Resident 1135,A-20135,2025/12/13,501087,gal,,R4,
M-1136,"1052 Prairie View, Wiley, CO 81092",Resident 1136,A-20136,2025/12/13,369220,gal,,R5,
M-1137,"1059 School House Rd, Wiley, CO 81092",Resident 1137,A-20137,2025/12/13,287084,gal,,R6,
M-1138,"1066 Cemetery Rd, Wiley, CO 81092",Resident 1138,A-20138,2025/12/13,145181,gal,,R1,
M-1139,"1073 Grain Elevator Rd, Wiley, CO 81092",Resident 1139,A-20139,2025/12/13,109123,gal,,R2,
M-1140,"1080 Main St, Wiley, CO 81092",Resident 1140,A-20140,2025/12/13,332862,gal,,R3,
M-1141,"1087 County Rd 10, Wiley, CO 81092",Resident 1141,A-20141,2025/12/13,227053,gal,,R4,
M-1142,"1094 County Rd 14, Wiley, CO 81092",Resident 1142,A-20142,2025/12/13,435308,gal,,R5,
M-1143,"1101 Highway 287, Wiley, CO 81092",Resident 1143,A-20143,2025/12/13,331125,gal,,R6,
M-1144,"1108 Maple Ave, Wiley, CO 81092",Resident 1144,A-20144,2025/12/13,178665,gal,,R1,
M-1145,"1115 Oak St, Wiley, CO 81092",Resident 1145,A-20145,2025/12/13,336949,gal,,R2,
M-1146,"1122 Elm St, Wiley, CO 81092",Resident 1146,A-20146,2025/12/13,398481,gal,,R3,
M-1147,"1129 3rd Ave, Wiley, CO 81092",Resident 1147,A-20147,2025/12/13,400849,gal,,R4,
M-1148,"1136 5th St, Wiley, CO 81092",Resident 1148,A-20148,2025/12/13,404937,gal,,R5,
M-1149,"1143 Ranch Rd, Wiley, CO 81092",Resident 1149,A-20149,2025/12/13,190430,gal,,R6,
M-1150,"1150 Irrigation Ln, Wiley, CO 81092",Resident 1150,A-20150,2025/12/13,208908,gal,,R1,
M-1151,"1157 North Frontage, Wiley, CO 81092",Resident 1151,A-20151,2025/12/13,214619,gal,,R2,
M-1152,"1164 South Loop, Wiley, CO 81092",Resident 1152,A-20152,2025/12/13,175965,gal,,R3,
M-1153,"1171 Pioneer Rd, Wiley, CO 81092",Resident 1153,A-20153,2025/12/13,431973,gal,,R4,
M-1154,"1178 Cottonwood Dr, Wiley, CO 81092",Resident 1154,A-20154,2025/12/13,164562,gal,,R5,
M-1155,"1185 Sand Creek Rd, Wiley, CO 81092",Resident 1155,A-20155,2025/12/13,366592,gal,,R6,
M-1156,"1192 Prairie View, Wiley, CO 81092",Resident 1156,A-20156,2025/12/13,797463,gal,,R1,
M-1157,"1199 School House Rd, Wiley, CO 81092",Resident 1157,A-20157,2025/12/13,452830,gal,,R2,
M-1158,"1206 Cemetery Rd, Wiley, CO 81092",Resident 1158,A-20158,2025/12/13,200673,gal,,R3,
M-1159,"1213 Grain Elevator Rd, Wiley, CO 81092",Resident 1159,A-20159,2025/12/13,392588,gal,,R4,
M-1160,"1220 Main St, Wiley, CO 81092",Resident 1160,A-20160,2025/12/13,156173,gal,,R5,
M-1161,"1227 County Rd 10, Wiley, CO 81092",Resident 1161,A-20161,2025/12/13,207224,gal,,R6,
M-1162,"1234 County Rd 14, Wiley, CO 81092",Resident 1162,A-20162,2025/12/13,355458,gal,,R1,
M-1163,"1241 Highway 287, Wiley, CO 81092",Resident 1163,A-20163,2025/12/13,296498,gal,,R2,
M-1164,"1248 Maple Ave, Wiley, CO 81092",Resident 1164,A-20164,2025/12/13,203275,gal,,R3,
M-1165,"1255 Oak St, Wiley, CO 81092",Resident 1165,A-20165,2025/12/13,352000,gal,,R4,
M-1166,"1262 Elm St, Wiley, CO 81092",Resident 1166,A-20166,2025/12/13,309780,gal,,R5,
M-1167,"1269 3rd Ave, Wiley, CO 81092",Resident 1167,A-20167,2025/12/13,255307,gal,,R6,
M-1168,"1276 5th St, Wiley, CO 81092",Resident 1168,A-20168,2025/12/13,546433,gal,,R1,
M-1169,"1283 Ranch Rd, Wiley, CO 81092",Resident 1169,A-20169,2025/12/13,232120,gal,,R2,
M-1170,"1290 Irrigation Ln, Wiley, CO 81092",Resident 1170,A-20170,2025/12/13,309420,gal,,R3,
M-1171,"1297 North Frontage, Wiley, CO 81092",Resident 1171,A-20171,2025/12/13,398396,gal,,R4,
M-1172,"1304 South Loop, Wiley, CO 81092",Resident 1172,A-20172,2025/12/13,338835,gal,,R5,
M-1173,"1311 Pioneer Rd, Wiley, CO 81092",Resident 1173,A-20173,2025/12/13,476891,gal,,R6,
M-1174,"1318 Cottonwood Dr, Wiley, CO 81092",Resident 1174,A-20174,2025/12/13,191142,gal,,R1,
M-1175,"1325 Sand Creek Rd, Wiley, CO 81092",Resident 1175,A-20175,2025/12/13,274045,gal,,R2,
M-1176,"1332 Prairie View, Wiley, CO 81092",Resident 1176,A-20176,2025/12/13,174078,gal,,R3,
M-1177,"1339 School House Rd, Wiley, CO 81092",Resident 1177,A-20177,2025/12/13,287389,gal,,R4,
M-1178,"1346 Cemetery Rd, Wiley, CO 81092",Resident 1178,A-20178,2025/12/13,414959,gal,,R5,
M-1179,"1353 Grain Elevator Rd, Wiley, CO 81092",Resident 1179,A-20179,2025/12/13,141165,gal,,R6,
M-1180,"1360 Main St, Wiley, CO 81092",Resident 1180,A-20180,2025/12/13,254198,gal,,R1,
M-1181,"1367 County Rd 10, Wiley, CO 81092",Resident 1181,A-20181,2025/12/13,369470,gal,,R2,
M-1182,"1374 County Rd 14, Wiley, CO 81092",Resident 1182,A-20182,2025/12/13,329601,gal,,R3,
M-1183,"1381 Highway 287, Wiley, CO 81092",Resident 1183,A-20183,2025/12/13,291249,gal,,R4,
M-1184,"1388 Maple Ave, Wiley, CO 81092",Resident 1184,A-20184,2025/12/13,243423,gal,,R5,
M-1185,"1395 Oak St, Wiley, CO 81092",Resident 1185,A-20185,2025/12/13,259691,gal,,R6,
M-1186,"1402 Elm St, Wiley, CO 81092",Resident 1186,A-20186,2025/12/13,188971,gal,,R1,
M-1187,"1409 3rd Ave, Wiley, CO 81092",Resident 1187,A-20187,2025/12/13,384107,gal,,R2,
M-1188,"1416 5th St, Wiley, CO 81092",Resident 1188,A-20188,2025/12/13,178638,gal,,R3,
M-1189,"1423 Ranch Rd, Wiley, CO 81092",Resident 1189,A-20189,2025/12/13,420049,gal,,R4,
M-1190,"1430 Irrigation Ln, Wiley, CO 81092",Resident 1190,A-20190,2025/12/13,232639,gal,,R5,
M-1191,"1437 North Frontage, Wiley, CO 81092",New Occupant 1191,A-20191,2025/12/13,213123,gal,,R6,
M-1192,"1444 South Loop, Wiley, CO 81092",Resident 1192,A-20192,2025/12/13,382812,gal,,R1,
M-1193,"1451 Pioneer Rd, Wiley, CO 81092",Resident 1193,A-20193,2025/12/13,377108,gal,,R2,
M-1194,"1458 Cottonwood Dr, Wiley, CO 81092",Resident 1194,A-20194,2025/12/13,273182,gal,,R3,
M-1195,"1465 Sand Creek Rd, Wiley, CO 81092",Resident 1195,A-20195,2025/12/13,286112,gal,,R4,
M-1196,"1472 Prairie View, Wiley, CO 81092",Resident 1196,A-20196,2025/12/13,283434,gal,,R5,
M-1197,"1479 School House Rd, Wiley, CO 81092",Resident 1197,A-20197,2025/12/13,100842,gal,,R6,
M-1198,"1486 Cemetery Rd, Wiley, CO 81092",Resident 1198,A-20198,2025/12/13,521197,gal,,R1,
M-1199,"1493 Grain Elevator Rd, Wiley, CO 81092",Resident 1199,A-20199,2025/12/13,237141,gal,,R2,
M-1200,"1500 Main St, Wiley, CO 81092",Resident 1200,A-20200,2025/12/13,365377,gal,,R3,
M-1201,"1507 County Rd 10, Wiley, CO 81092",Resident 1201,A-20201,2025/12/13,262772,gal,,R4,
M-1202,"1514 County Rd 14, Wiley, CO 81092",Resident 1202,A-20202,2025/12/13,249622,gal,,R5,
M-1203,"1521 Highway 287, Wiley, CO 81092",Resident 1203,A-20203,2025/12/13,175218,gal,,R6,
M-1204,"1528 Maple Ave, Wiley, CO 81092",Resident 1204,A-20204,2025/12/13,275369,gal,,R1,
M-1205,"1535 Oak St, Wiley, CO 81092",Resident 1205,A-20205,2025/12/13,307155,gal,,R2,
M-1206,"1542 Elm St, Wiley, CO 81092",Resident 1206,A-20206,2025/12/13,432162,gal,,R3,
M-1207,"1549 3rd Ave, Wiley, CO 81092",Resident 1207,A-20207,2025/12/13,392603,gal,,R4,
M-1208,"1556 5th St, Wiley, CO 81092",Resident 1208,A-20208,2025/12/13,375809,gal,,R5,
M-1209,"1563 Ranch Rd, Wiley, CO 81092",Resident 1209,A-20209,2025/12/13,379108,gal,,R6,
M-1210,"1570 Irrigation Ln, Wiley, CO 81092",Resident 1210,A-20210,2025/12/13,273686,gal,,R1,
M-1211,"1577 North Frontage, Wiley, CO 81092",Resident 1211,A-20211,2025/12/13,208836,gal,,R2,
M-1212,"1584 South Loop, Wiley, CO 81092",Resident 1212,A-20212,2025/12/13,219513,gal,,R3,
M-1213,"1591 Pioneer Rd, Wiley, CO 81092",Resident 1213,A-20213,2025/12/13,234936,gal,,R4,
M-1214,"1598 Cottonwood Dr, Wiley, CO 81092",Resident 1214,A-20214,2025/12/13,288604,gal,,R5,
M-1215,"1605 Sand Creek Rd, Wiley, CO 81092",Resident 1215,A-20215,2025/12/13,467950,gal,,R6,
M-1216,"1612 Prairie View, Wiley, CO 81092",Resident 1216,A-20216,2025/12/13,330542,gal,,R1,
M-1217,"1619 School House Rd, Wiley, CO 81092",Resident 1217,A-20217,2025/12/13,125928,gal,,R2,
M-1218,"1626 Cemetery Rd, Wiley, CO 81092",Resident 1218,A-20218,2025/12/13,160671,gal,,R3,
M-1219,"1633 Grain Elevator Rd, Wiley, CO 81092",Resident 1219,A-20219,2025/12/13,490739,gal,,R4,
M-1220,"1640 Main St, Wiley, CO 81092",Resident 1220,A-20220,2025/12/13,381005,gal,,R5,
M-1221,"1647 County Rd 10, Wiley, CO 81092",Resident 1221,A-20221,2025/12/13,346729,gal,,R6,
M-1222,"1654 County Rd 14, Wiley, CO 81092",Resident 1222,A-20222,2025/12/13,275789,gal,,R1,
M-1223,"1661 Highway 287, Wiley, CO 81092",Resident 1223,A-20223,2025/12/13,352226,gal,,R2,
M-1224,"1668 Maple Ave, Wiley, CO 81092",Resident 1224,A-20224,2025/12/13,481946,gal,,R3,
M-1225,"1675 Oak St, Wiley, CO 81092",Resident 1225,A-20225,2025/12/13,440882,gal,,R4,
M-1226,"1682 Elm St, Wiley, CO 81092",Resident 1226,A-20226,2025/12/13,207689,gal,,R5,
M-1227,"1689 3rd Ave, Wiley, CO 81092",Resident 1227,A-20227,2025/12/13,318253,gal,,R6,
M-1228,"1696 5th St, Wiley, CO 81092",Resident 1228,A-20228,2025/12/13,468954,gal,,R1,
M-1229,"1703 Ranch Rd, Wiley, CO 81092",Resident 1229,A-20229,2025/12/13,298224,gal,,R2,
M-1230,"1710 Irrigation Ln, Wiley, CO 81092",Resident 1230,A-20230,2025/12/13,328986,gal,,R3,
M-1231,"1717 North Frontage, Wiley, CO 81092",Resident 1231,A-20231,2025/12/13,208576,gal,,R4,
M-1232,"1724 South Loop, Wiley, CO 81092",Resident 1232,A-20232,2025/12/13,346428,gal,,R5,
M-1233,"1731 Pioneer Rd, Wiley, CO 81092",Resident 1233,A-20233,2025/12/13,187892,gal,,R6,
M-1234,"1738 Cottonwood Dr, Wiley, CO 81092",Resident 1234,A-20234,2025/12/13,404977,gal,,R1,
M-1235,"1745 Sand Creek Rd, Wiley, CO 81092",Resident 1235,A-20235,2025/12/13,430797,gal,,R2,
M-1236,"1752 Prairie View, Wiley, CO 81092",Resident 1236,A-20236,2025/12/13,289001,gal,,R3,
M-1237,"1759 School House Rd, Wiley, CO 81092",Resident 1237,A-20237,2025/12/13,374433,gal,,R4,
M-1238,"1766 Cemetery Rd, Wiley, CO 81092",Resident 1238,A-20238,2025/12/13,368415,gal,,R5,
M-1239,"1773 Grain Elevator Rd, Wiley, CO 81092",Resident 1239,A-20239,2025/12/13,185713,gal,,R6,
M-1240,"1780 Main St, Wiley, CO 81092",Resident 1240,A-20240,2025/12/13,512255,gal,,R1,
M-1241,"1787 County Rd 10, Wiley, CO 81092",Resident 1241,A-20241,2025/12/13,325593,gal,,R2,
M-1242,"1794 County Rd 14, Wiley, CO 81092",Resident 1242,A-20242,2025/12/13,432367,gal,,R3,
M-1243,"1801 Highway 287, Wiley, CO 81092",Resident 1243,A-20243,2025/12/13,287869,gal,,R4,
M-1244,"1808 Maple Ave, Wiley, CO 81092",Resident 1244,A-20244,2025/12/13,764604,gal,,R5,
M-1245,"1815 Oak St, Wiley, CO 81092",Resident 1245,A-20245,2025/12/13,161037,gal,,R6,
M-1246,"1822 Elm St, Wiley, CO 81092",Resident 1246,A-20246,2025/12/13,293676,gal,,R1,
M-1247,"1829 3rd Ave, Wiley, CO 81092",Resident 1247,A-20247,2025/12/13,357766,gal,,R2,
M-1248,"1836 5th St, Wiley, CO 81092",Resident 1248,A-20248,2025/12/13,335705,gal,,R3,
M-1249,"1843 Ranch Rd, Wiley, CO 81092",Resident 1249,A-20249,2025/12/13,515643,gal,,R4,
M-1250,"1850 Irrigation Ln, Wiley, CO 81092",Resident 1250,A-20250,2025/12/13,334134,gal,,R5,
M-1251,"1857 North Frontage, Wiley, CO 81092",Resident 1251,A-20251,2025/12/13,341355,gal,,R6,
M-1252,"1864 South Loop, Wiley, CO 81092",Resident 1252,A-20252,2025/12/13,333333,gal,,R1,
M-1253,"1871 Pioneer Rd, Wiley, CO 81092",Resident 1253,A-20253,2025/12/13,244517,gal,,R2,
M-1254,"1878 Cottonwood Dr, Wiley, CO 81092",Resident 1254,A-20254,2025/12/13,390036,gal,,R3,
M-1255,"1885 Sand Creek Rd, Wiley, CO 81092",Resident 1255,A-20255,2025/12/13,254603,gal,,R4,
M-1256,"1892 Prairie View, Wiley, CO 81092",Resident 1256,A-20256,2025/12/13,283013,gal,,R5,
M-1257,"1899 School House Rd, Wiley, CO 81092",Resident 1257,A-20257,2025/12/13,315927,gal,,R6,
M-1258,"1906 Cemetery Rd, Wiley, CO 81092",Resident 1258,A-20258,2025/12/13,468738,gal,,R1,
M-1259,"1913 Grain Elevator Rd, Wiley, CO 81092",Resident 1259,A-20259,2025/12/13,296464,gal,,R2,
M-1260,"1920 Main St, Wiley, CO 81092",Resident 1260,A-20260,2025/12/13,185144,gal,,R3,
M-1261,"1927 County Rd 10, Wiley, CO 81092",Resident 1261,A-20261,2025/12/13,455834,gal,,R4,
M-1262,"1934 County Rd 14, Wiley, CO 81092",Resident 1262,A-20262,2025/12/13,397843,gal,,R5,
M-1263,"1941 Highway 287, Wiley, CO 81092",Resident 1263,A-20263,2025/12/13,315306,gal,,R6,
M-1264,"1948 Maple Ave, Wiley, CO 81092",Resident 1264,A-20264,2025/12/13,332889,gal,,R1,
M-1265,"1955 Oak St, Wiley, CO 81092",Resident 1265,A-20265,2025/12/13,414427,gal,,R2,
M-1266,"1962 Elm St, Wiley, CO 81092",Resident 1266,A-20266,2025/12/13,182416,gal,,R3,
M-1267,"1969 3rd Ave, Wiley, CO 81092",Resident 1267,A-20267,2025/12/13,313452,gal,,R4,
M-1268,"1976 5th St, Wiley, CO 81092",Resident 1268,A-20268,2025/12/13,270204,gal,,R5,
M-1269,"1983 Ranch Rd, Wiley, CO 81092",Resident 1269,A-20269,2025/12/13,278953,gal,,R6,
M-1270,"1990 Irrigation Ln, Wiley, CO 81092",Resident 1270,A-20270,2025/12/13,332001,gal,,R1,
M-1271,"1997 North Frontage, Wiley, CO 81092",Resident 1271,A-20271,2025/12/13,494044,gal,,R2,
M-1272,"2004 South Loop, Wiley, CO 81092",Resident 1272,A-20272,2025/12/13,486791,gal,,R3,
M-1273,"2011 Pioneer Rd, Wiley, CO 81092",Resident 1273,A-20273,2025/12/13,510288,gal,,R4,
M-1274,"2018 Cottonwood Dr, Wiley, CO 81092",Resident 1274,A-20274,2025/12/13,321966,gal,,R5,
M-1275,"2025 Sand Creek Rd, Wiley, CO 81092",Resident 1275,A-20275,2025/12/13,367040,gal,,R6,
M-1276,"2032 Prairie View, Wiley, CO 81092",Resident 1276,A-20276,2025/12/13,391113,gal,,R1,
M-1277,"2039 School House Rd, Wiley, CO 81092",Resident 1277,A-20277,2025/12/13,377039,gal,,R2,
M-1278,"2046 Cemetery Rd, Wiley, CO 81092",Resident 1278,A-20278,2025/12/13,227033,gal,,R3,
M-1279,"2053 Grain Elevator Rd, Wiley, CO 81092",Resident 1279,A-20279,2025/12/13,370595,gal,,R4,
M-1280,"2060 Main St, Wiley, CO 81092",Resident 1280,A-20280,2025/12/13,350377,gal,,R5,
M-1281,"2067 County Rd 10, Wiley, CO 81092",Resident 1281,A-20281,2025/12/13,272062,gal,,R6,
M-1282,"2074 County Rd 14, Wiley, CO 81092",Resident 1282,A-20282,2025/12/13,497303,gal,,R1,
M-1283,"2081 Highway 287, Wiley, CO 81092",Resident 1283,A-20283,2025/12/13,181837,gal,,R2,
M-1284,"2088 Maple Ave, Wiley, CO 81092",Resident 1284,A-20284,2025/12/13,297099,gal,,R3,
M-1285,"2095 Oak St, Wiley, CO 81092",Resident 1285,A-20285,2025/12/13,419876,gal,,R4,
M-1286,"2102 Elm St, Wiley, CO 81092",Resident 1286,A-20286,2025/12/13,501176,gal,,R5,
M-1287,"2109 3rd Ave, Wiley, CO 81092",Resident 1287,A-20287,2025/12/13,522553,gal,,R6,
M-1288,"2116 5th St, Wiley, CO 81092",Resident 1288,A-20288,2025/12/13,412342,gal,,R1,
M-1289,"2123 Ranch Rd, Wiley, CO 81092",Resident 1289,A-20289,2025/12/13,359070,gal,,R2,
M-1290,"2130 Irrigation Ln, Wiley, CO 81092",Resident 1290,A-20290,2025/12/13,226728,gal,,R3,
M-1291,"2137 North Frontage, Wiley, CO 81092",Resident 1291,A-20291,2025/12/13,304344,gal,,R4,
M-1292,"2144 South Loop, Wiley, CO 81092",Resident 1292,A-20292,2025/12/13,263552,gal,,R5,
M-1293,"2151 Pioneer Rd, Wiley, CO 81092",Resident 1293,A-20293,2025/12/13,214301,gal,,R6,
M-1294,"2158 Cottonwood Dr, Wiley, CO 81092",Resident 1294,A-20294,2025/12/13,249339,gal,,R1,
M-1295,"2165 Sand Creek Rd, Wiley, CO 81092",Resident 1295,A-20295,2025/12/13,269814,gal,,R2,
M-1296,"2172 Prairie View, Wiley, CO 81092",Resident 1296,A-20296,2025/12/13,149649,gal,,R3,
M-1297,"2179 School House Rd, Wiley, CO 81092",Resident 1297,A-20297,2025/12/13,129116,gal,,R4,
M-1298,"2186 Cemetery Rd, Wiley, CO 81092",Resident 1298,A-20298,2025/12/13,249316,gal,,R5,
M-1299,"2193 Grain Elevator Rd, Wiley, CO 81092",Resident 1299,A-20299,2025/12/13,362289,gal,,R6,
M-1300,"2200 Main St, Wiley, CO 81092",Resident 1300,A-20300,2025/12/13,435946,gal,,R1,
M-1001,"107 County Rd 10, Wiley, CO 81092",Resident 1001,A-20001,2026/01/14,460593,gal,,R2,
M-1002,"114 County Rd 14, Wiley, CO 81092",Resident 1002,A-20002,2026/01/14,342553,gal,,R3,
M-1003,"121 Highway 287, Wiley, CO 81092",Resident 1003,A-20003,2026/01/14,166604,gal,,R4,
M-1004,"128 Maple Ave, Wiley, CO 81092",Resident 1004,A-20004,2026/01/14,422655,gal,,R5,
M-1005,"135 Oak St, Wiley, CO 81092",Resident 1005,A-20005,2026/01/14,227877,gal,,R6,
M-1006,"142 Elm St, Wiley, CO 81092",Resident 1006,A-20006,2026/01/14,272068,gal,,R1,
M-1007,"149 3rd Ave, Wiley, CO 81092",Resident 1007,A-20007,2026/01/14,366584,gal,,R2,
M-1008,"156 5th St, Wiley, CO 81092",Resident 1008,A-20008,2026/01/14,240345,gal,,R3,
M-1009,"163 Ranch Rd, Wiley, CO 81092",Resident 1009,A-20009,2026/01/14,235488,gal,,R4,
M-1010,"170 Irrigation Ln, Wiley, CO 81092",Resident 1010,A-20010,2026/01/14,336908,gal,,R5,
M-1011,"177 North Frontage, Wiley, CO 81092",Resident 1011,A-20011,2026/01/14,473412,gal,,R6,
M-1012,"184 South Loop, Wiley, CO 81092",Resident 1012,A-20012,2026/01/14,252983,gal,,R1,
M-1013,"191 Pioneer Rd, Wiley, CO 81092",Resident 1013,A-20013,2026/01/14,193998,gal,,R2,
M-1014,"198 Cottonwood Dr, Wiley, CO 81092",Resident 1014,A-20014,2026/01/14,444744,gal,,R3,
M-1015,"205 Sand Creek Rd, Wiley, CO 81092",Resident 1015,A-20015,2026/01/14,463294,gal,,R4,
M-1016,"212 Prairie View, Wiley, CO 81092",Resident 1016,A-20016,2026/01/14,161072,gal,,R5,
M-1017,"219 School House Rd, Wiley, CO 81092",Resident 1017,A-20017,2026/01/14,141772,gal,,R6,
M-1018,"226 Cemetery Rd, Wiley, CO 81092",Resident 1018,A-20018,2026/01/14,219469,gal,,R1,
M-1019,"233 Grain Elevator Rd, Wiley, CO 81092",Resident 1019,A-20019,2026/01/14,189523,gal,,R2,
M-1020,"240 Main St, Wiley, CO 81092",Resident 1020,A-20020,2026/01/14,331469,gal,,R3,
M-1021,"247 County Rd 10, Wiley, CO 81092",Resident 1021,A-20021,2026/01/14,378822,gal,,R4,
M-1022,"254 County Rd 14, Wiley, CO 81092",Resident 1022,A-20022,2026/01/14,413238,gal,,R5,
M-1023,"261 Highway 287, Wiley, CO 81092",Resident 1023,A-20023,2026/01/14,291061,gal,,R6,
M-1024,"268 Maple Ave, Wiley, CO 81092",Resident 1024,A-20024,2026/01/14,306422,gal,,R1,
M-1025,"275 Oak St, Wiley, CO 81092",Resident 1025,A-20025,2026/01/14,205174,gal,,R2,
M-1026,"282 Elm St, Wiley, CO 81092",Resident 1026,A-20026,2026/01/14,206810,gal,,R3,
M-1027,"289 3rd Ave, Wiley, CO 81092",Resident 1027,A-20027,2026/01/14,395171,gal,,R4,
M-1028,"296 5th St, Wiley, CO 81092",Resident 1028,A-20028,2026/01/14,186493,gal,,R5,
M-1029,"303 Ranch Rd, Wiley, CO 81092",Resident 1029,A-20029,2026/01/14,396679,gal,,R6,
M-1030,"310 Irrigation Ln, Wiley, CO 81092",Resident 1030,A-20030,2026/01/14,312541,gal,,R1,
M-1031,"317 North Frontage, Wiley, CO 81092",Resident 1031,A-20031,2026/01/14,392078,gal,,R2,
M-1032,"324 South Loop, Wiley, CO 81092",Resident 1032,A-20032,2026/01/14,271590,gal,,R3,
M-1033,"331 Pioneer Rd, Wiley, CO 81092",Resident 1033,A-20033,2026/01/14,723013,gal,,R4,
M-1034,"338 Cottonwood Dr, Wiley, CO 81092",Resident 1034,A-20034,2026/01/14,472354,gal,,R5,
M-1035,"345 Sand Creek Rd, Wiley, CO 81092",Resident 1035,A-20035,2026/01/14,478112,gal,,R6,
M-1036,"352 Prairie View, Wiley, CO 81092",Resident 1036,A-20036,2026/01/14,345533,gal,,R1,
M-1037,"359 School House Rd, Wiley, CO 81092",Resident 1037,A-20037,2026/01/14,284810,gal,,R2,
M-1038,"366 Cemetery Rd, Wiley, CO 81092",Resident 1038,A-20038,2026/01/14,213695,gal,,R3,
M-1039,"373 Grain Elevator Rd, Wiley, CO 81092",Resident 1039,A-20039,2026/01/14,346076,gal,,R4,
M-1040,"380 Main St, Wiley, CO 81092",Resident 1040,A-20040,2026/01/14,263424,gal,,R5,
M-1041,"387 County Rd 10, Wiley, CO 81092",Resident 1041,A-20041,2026/01/14,173547,gal,,R6,
M-1042,"394 County Rd 14, Wiley, CO 81092",Resident 1042,A-20042,2026/01/14,431363,gal,,R1,
M-1043,"401 Highway 287, Wiley, CO 81092",Resident 1043,A-20043,2026/01/14,396165,gal,,R2,
M-1044,"408 Maple Ave, Wiley, CO 81092",Resident 1044,A-20044,2026/01/14,152453,gal,,R3,
M-1045,"415 Oak St, Wiley, CO 81092",Resident 1045,A-20045,2026/01/14,370908,gal,,R4,
M-1046,"422 Elm St, Wiley, CO 81092",Resident 1046,A-20046,2026/01/14,167543,gal,,R5,
M-1047,"429 3rd Ave, Wiley, CO 81092",Resident 1047,A-20047,2026/01/14,131193,gal,,R6,
M-1048,"436 5th St, Wiley, CO 81092",Resident 1048,A-20048,2026/01/14,409001,gal,,R1,
M-1049,"443 Ranch Rd, Wiley, CO 81092",Resident 1049,A-20049,2026/01/14,395163,gal,,R2,
M-1050,"450 Irrigation Ln, Wiley, CO 81092",Resident 1050,A-20050,2026/01/14,367265,gal,,R3,
M-1051,"457 North Frontage, Wiley, CO 81092",Resident 1051,A-20051,2026/01/14,418869,gal,,R4,
M-1052,"464 South Loop, Wiley, CO 81092",Resident 1052,A-20052,2026/01/14,223412,gal,,R5,
M-1053,"471 Pioneer Rd, Wiley, CO 81092",Resident 1053,A-20053,2026/01/14,208778,gal,,R6,
M-1054,"478 Cottonwood Dr, Wiley, CO 81092",Resident 1054,A-20054,2026/01/14,395561,gal,,R1,
M-1055,"485 Sand Creek Rd, Wiley, CO 81092",Resident 1055,A-20055,2026/01/14,130181,gal,,R2,
M-1056,"492 Prairie View, Wiley, CO 81092",Resident 1056,A-20056,2026/01/14,294113,gal,,R3,
M-1057,"499 School House Rd, Wiley, CO 81092",Resident 1057,A-20057,2026/01/14,192342,gal,,R4,
M-1058,"506 Cemetery Rd, Wiley, CO 81092",Resident 1058,A-20058,2026/01/14,479260,gal,,R5,
M-1059,"513 Grain Elevator Rd, Wiley, CO 81092",Resident 1059,A-20059,2026/01/14,145257,gal,,R6,
M-1060,"520 Main St, Wiley, CO 81092",Resident 1060,A-20060,2026/01/14,271045,gal,,R1,
M-1061,"527 County Rd 10, Wiley, CO 81092",Resident 1061,A-20061,2026/01/14,313300,gal,,R2,
M-1062,"534 County Rd 14, Wiley, CO 81092",Resident 1062,A-20062,2026/01/14,231647,gal,,R3,
M-1063,"541 Highway 287, Wiley, CO 81092",Resident 1063,A-20063,2026/01/14,431703,gal,,R4,
M-1064,"548 Maple Ave, Wiley, CO 81092",Resident 1064,A-20064,2026/01/14,314077,gal,,R5,
M-1065,"555 Oak St, Wiley, CO 81092",Resident 1065,A-20065,2026/01/14,482271,gal,,R6,
M-1066,"562 Elm St, Wiley, CO 81092",Resident 1066,A-20066,2026/01/14,456933,gal,,R1,
M-1067,"569 3rd Ave, Wiley, CO 81092",Resident 1067,A-20067,2026/01/14,195840,gal,,R2,
M-1068,"576 5th St, Wiley, CO 81092",Resident 1068,A-20068,2026/01/14,441176,gal,,R3,
M-1069,"583 Ranch Rd, Wiley, CO 81092",Resident 1069,A-20069,2026/01/14,240395,gal,,R4,
M-1070,"590 Irrigation Ln, Wiley, CO 81092",Resident 1070,A-20070,2026/01/14,320422,gal,,R5,
M-1071,"597 North Frontage, Wiley, CO 81092",Resident 1071,A-20071,2026/01/14,440547,gal,,R6,
M-1072,"604 South Loop, Wiley, CO 81092",Resident 1072,A-20072,2026/01/14,498111,gal,,R1,
M-1073,"611 Pioneer Rd, Wiley, CO 81092",Resident 1073,A-20073,2026/01/14,420338,gal,,R2,
M-1074,"618 Cottonwood Dr, Wiley, CO 81092",Resident 1074,A-20074,2026/01/14,406177,gal,,R3,
M-1075,"625 Sand Creek Rd, Wiley, CO 81092",Resident 1075,A-20075,2026/01/14,267808,gal,,R4,
M-1076,"632 Prairie View, Wiley, CO 81092",New Occupant 1076,A-20076,2026/01/14,259775,gal,,R5,
M-1077,"639 School House Rd, Wiley, CO 81092",Resident 1077,A-20077,2026/01/14,211990,gal,,R6,
M-1078,"646 Cemetery Rd, Wiley, CO 81092",Resident 1078,A-20078,2026/01/14,314993,gal,,R1,
M-1079,"653 Grain Elevator Rd, Wiley, CO 81092",Resident 1079,A-20079,2026/01/14,258056,gal,,R2,
M-1080,"660 Main St, Wiley, CO 81092",Resident 1080,A-20080,2026/01/14,293197,gal,,R3,
M-1081,"667 County Rd 10, Wiley, CO 81092",Resident 1081,A-20081,2026/01/14,391976,gal,,R4,
M-1082,"674 County Rd 14, Wiley, CO 81092",Resident 1082,A-20082,2026/01/14,211046,gal,,R5,
M-1083,"681 Highway 287, Wiley, CO 81092",Resident 1083,A-20083,2026/01/14,451554,gal,,R6,
M-1084,"688 Maple Ave, Wiley, CO 81092",Resident 1084,A-20084,2026/01/14,301577,gal,,R1,
M-1085,"695 Oak St, Wiley, CO 81092",Resident 1085,A-20085,2026/01/14,381153,gal,,R2,
M-1086,"702 Elm St, Wiley, CO 81092",Resident 1086,A-20086,2026/01/14,288500,gal,,R3,
M-1087,"709 3rd Ave, Wiley, CO 81092",Resident 1087,A-20087,2026/01/14,225739,gal,,R4,
M-1088,"716 5th St, Wiley, CO 81092",Resident 1088,A-20088,2026/01/14,133212,gal,,R5,
M-1089,"723 Ranch Rd, Wiley, CO 81092",Resident 1089,A-20089,2026/01/14,635662,gal,,R6,
M-1090,"730 Irrigation Ln, Wiley, CO 81092",Resident 1090,A-20090,2026/01/14,501830,gal,,R1,
M-1091,"737 North Frontage, Wiley, CO 81092",Resident 1091,A-20091,2026/01/14,475989,gal,,R2,
M-1092,"744 South Loop, Wiley, CO 81092",Resident 1092,A-20092,2026/01/14,169503,gal,,R3,
M-1093,"751 Pioneer Rd, Wiley, CO 81092",Resident 1093,A-20093,2026/01/14,210088,gal,,R4,
M-1094,"758 Cottonwood Dr, Wiley, CO 81092",Resident 1094,A-20094,2026/01/14,479064,gal,,R5,
M-1095,"765 Sand Creek Rd, Wiley, CO 81092",Resident 1095,A-20095,2026/01/14,238578,gal,,R6,
M-1096,"772 Prairie View, Wiley, CO 81092",Resident 1096,A-20096,2026/01/14,381396,gal,,R1,
M-1097,"779 School House Rd, Wiley, CO 81092",Resident 1097,A-20097,2026/01/14,295913,gal,,R2,
M-1098,"786 Cemetery Rd, Wiley, CO 81092",Resident 1098,A-20098,2026/01/14,217921,gal,,R3,
M-1099,"793 Grain Elevator Rd, Wiley, CO 81092",Resident 1099,A-20099,2026/01/14,312864,gal,,R4,
M-1100,"800 Main St, Wiley, CO 81092",Resident 1100,A-20100,2026/01/14,214164,gal,,R5,
M-1101,"807 County Rd 10, Wiley, CO 81092",Resident 1101,A-20101,2026/01/14,311934,gal,,R6,
M-1102,"814 County Rd 14, Wiley, CO 81092",Resident 1102,A-20102,2026/01/14,368728,gal,,R1,
M-1103,"821 Highway 287, Wiley, CO 81092",Resident 1103,A-20103,2026/01/14,275524,gal,,R2,
M-1104,"828 Maple Ave, Wiley, CO 81092",Resident 1104,A-20104,2026/01/14,270857,gal,,R3,
M-1105,"835 Oak St, Wiley, CO 81092",Resident 1105,A-20105,2026/01/14,369415,gal,,R4,
M-1106,"842 Elm St, Wiley, CO 81092",Resident 1106,A-20106,2026/01/14,489012,gal,,R5,
M-1107,"849 3rd Ave, Wiley, CO 81092",Resident 1107,A-20107,2026/01/14,258332,gal,,R6,
M-1108,"856 5th St, Wiley, CO 81092",Resident 1108,A-20108,2026/01/14,444180,gal,,R1,
M-1109,"863 Ranch Rd, Wiley, CO 81092",Resident 1109,A-20109,2026/01/14,439361,gal,,R2,
M-1110,"870 Irrigation Ln, Wiley, CO 81092",Resident 1110,A-20110,2026/01/14,415947,gal,,R3,
M-1111,"877 North Frontage, Wiley, CO 81092",Resident 1111,A-20111,2026/01/14,152852,gal,,R4,
M-1112,"884 South Loop, Wiley, CO 81092",Resident 1112,A-20112,2026/01/14,416285,gal,,R5,
M-1113,"891 Pioneer Rd, Wiley, CO 81092",Resident 1113,A-20113,2026/01/14,256950,gal,,R6,
M-1114,"898 Cottonwood Dr, Wiley, CO 81092",Resident 1114,A-20114,2026/01/14,467861,gal,,R1,
M-1115,"905 Sand Creek Rd, Wiley, CO 81092",Resident 1115,A-20115,2026/01/14,227347,gal,,R2,
M-1116,"912 Prairie View, Wiley, CO 81092",Resident 1116,A-20116,2026/01/14,263500,gal,,R3,
M-1117,"919 School House Rd, Wiley, CO 81092",Resident 1117,A-20117,2026/01/14,276519,gal,,R4,
M-1118,"926 Cemetery Rd, Wiley, CO 81092",Resident 1118,A-20118,2026/01/14,184197,gal,,R5,
M-1119,"933 Grain Elevator Rd, Wiley, CO 81092",Resident 1119,A-20119,2026/01/14,242486,gal,,R6,
M-1120,"940 Main St, Wiley, CO 81092",Resident 1120,A-20120,2026/01/14,451266,gal,,R1,
M-1121,"947 County Rd 10, Wiley, CO 81092",Resident 1121,A-20121,2026/01/14,227695,gal,,R2,
M-1122,"954 County Rd 14, Wiley, CO 81092",Resident 1122,A-20122,2026/01/14,331115,gal,,R3,
M-1123,"961 Highway 287, Wiley, CO 81092",Resident 1123,A-20123,2026/01/14,307581,gal,,R4,
M-1124,"968 Maple Ave, Wiley, CO 81092",Resident 1124,A-20124,2026/01/14,428759,gal,,R5,
M-1125,"975 Oak St, Wiley, CO 81092",Resident 1125,A-20125,2026/01/14,239190,gal,,R6,
M-1126,"982 Elm St, Wiley, CO 81092",Resident 1126,A-20126,2026/01/14,290587,gal,,R1,
M-1127,"989 3rd Ave, Wiley, CO 81092",Resident 1127,A-20127,2026/01/14,234040,gal,,R2,
M-1128,"996 5th St, Wiley, CO 81092",Resident 1128,A-20128,2026/01/14,537481,gal,,R3,
M-1129,"1003 Ranch Rd, Wiley, CO 81092",Resident 1129,A-20129,2026/01/14,311824,gal,,R4,
M-1130,"1010 Irrigation Ln, Wiley, CO 81092",Resident 1130,A-20130,2026/01/14,438731,gal,,R5,
M-1131,"1017 North Frontage, Wiley, CO 81092",Resident 1131,A-20131,2026/01/14,384136,gal,,R6,
M-1132,"1024 South Loop, Wiley, CO 81092",Resident 1132,A-20132,2026/01/14,329852,gal,,R1,
M-1133,"1031 Pioneer Rd, Wiley, CO 81092",Resident 1133,A-20133,2026/01/14,198717,gal,,R2,
M-1134,"1038 Cottonwood Dr, Wiley, CO 81092",Resident 1134,A-20134,2026/01/14,199406,gal,,R3,
M-1135,"1045 Sand Creek Rd, Wiley, CO 81092",Resident 1135,A-20135,2026/01/14,505604,gal,,R4,
M-1136,"1052 Prairie View, Wiley, CO 81092",Resident 1136,A-20136,2026/01/14,373501,gal,,R5,
M-1137,"1059 School House Rd, Wiley, CO 81092",Resident 1137,A-20137,2026/01/14,290707,gal,,R6,
M-1138,"1066 Cemetery Rd, Wiley, CO 81092",Resident 1138,A-20138,2026/01/14,148119,gal,,R1,
M-1139,"1073 Grain Elevator Rd, Wiley, CO 81092",Resident 1139,A-20139,2026/01/14,111498,gal,,R2,
M-1140,"1080 Main St, Wiley, CO 81092",Resident 1140,A-20140,2026/01/14,338080,gal,,R3,
M-1141,"1087 County Rd 10, Wiley, CO 81092",Resident 1141,A-20141,2026/01/14,232097,gal,,R4,
M-1142,"1094 County Rd 14, Wiley, CO 81092",Resident 1142,A-20142,2026/01/14,437213,gal,,R5,
M-1143,"1101 Highway 287, Wiley, CO 81092",Resident 1143,A-20143,2026/01/14,337872,gal,,R6,
M-1144,"1108 Maple Ave, Wiley, CO 81092",Resident 1144,A-20144,2026/01/14,180850,gal,,R1,
M-1145,"1115 Oak St, Wiley, CO 81092",Resident 1145,A-20145,2026/01/14,339046,gal,,R2,
M-1146,"1122 Elm St, Wiley, CO 81092",Resident 1146,A-20146,2026/01/14,401291,gal,,R3,
M-1147,"1129 3rd Ave, Wiley, CO 81092",Resident 1147,A-20147,2026/01/14,406329,gal,,R4,
M-1148,"1136 5th St, Wiley, CO 81092",Resident 1148,A-20148,2026/01/14,407266,gal,,R5,
M-1149,"1143 Ranch Rd, Wiley, CO 81092",Resident 1149,A-20149,2026/01/14,196951,gal,,R6,
M-1150,"1150 Irrigation Ln, Wiley, CO 81092",Resident 1150,A-20150,2026/01/14,213433,gal,,R1,
M-1151,"1157 North Frontage, Wiley, CO 81092",Resident 1151,A-20151,2026/01/14,220080,gal,,R2,
M-1152,"1164 South Loop, Wiley, CO 81092",Resident 1152,A-20152,2026/01/14,177898,gal,,R3,
M-1153,"1171 Pioneer Rd, Wiley, CO 81092",Resident 1153,A-20153,2026/01/14,435624,gal,,R4,
M-1154,"1178 Cottonwood Dr, Wiley, CO 81092",Resident 1154,A-20154,2026/01/14,168768,gal,,R5,
M-1155,"1185 Sand Creek Rd, Wiley, CO 81092",Resident 1155,A-20155,2026/01/14,371625,gal,,R6,
M-1156,"1192 Prairie View, Wiley, CO 81092",Resident 1156,A-20156,2026/01/14,818325,gal,,R1,
M-1157,"1199 School House Rd, Wiley, CO 81092",Resident 1157,A-20157,2026/01/14,457474,gal,,R2,
M-1158,"1206 Cemetery Rd, Wiley, CO 81092",Resident 1158,A-20158,2026/01/14,203482,gal,,R3,
M-1159,"1213 Grain Elevator Rd, Wiley, CO 81092",Resident 1159,A-20159,2026/01/14,397997,gal,,R4,
M-1160,"1220 Main St, Wiley, CO 81092",Resident 1160,A-20160,2026/01/14,158084,gal,,R5,
M-1161,"1227 County Rd 10, Wiley, CO 81092",Resident 1161,A-20161,2026/01/14,212835,gal,,R6,
M-1162,"1234 County Rd 14, Wiley, CO 81092",Resident 1162,A-20162,2026/01/14,361026,gal,,R1,
M-1163,"1241 Highway 287, Wiley, CO 81092",Resident 1163,A-20163,2026/01/14,298831,gal,,R2,
M-1164,"1248 Maple Ave, Wiley, CO 81092",Resident 1164,A-20164,2026/01/14,209085,gal,,R3,
M-1165,"1255 Oak St, Wiley, CO 81092",Resident 1165,A-20165,2026/01/14,357528,gal,,R4,
M-1166,"1262 Elm St, Wiley, CO 81092",Resident 1166,A-20166,2026/01/14,315376,gal,,R5,
M-1167,"1269 3rd Ave, Wiley, CO 81092",Resident 1167,A-20167,2026/01/14,259017,gal,,R6,
M-1168,"1276 5th St, Wiley, CO 81092",Resident 1168,A-20168,2026/01/14,552718,gal,,R1,
M-1169,"1283 Ranch Rd, Wiley, CO 81092",Resident 1169,A-20169,2026/01/14,237518,gal,,R2,
M-1170,"1290 Irrigation Ln, Wiley, CO 81092",Resident 1170,A-20170,2026/01/14,312751,gal,,R3,
M-1171,"1297 North Frontage, Wiley, CO 81092",Resident 1171,A-20171,2026/01/14,400884,gal,,R4,
M-1172,"1304 South Loop, Wiley, CO 81092",Resident 1172,A-20172,2026/01/14,342424,gal,,R5,
M-1173,"1311 Pioneer Rd, Wiley, CO 81092",Resident 1173,A-20173,2026/01/14,481828,gal,,R6,
M-1174,"1318 Cottonwood Dr, Wiley, CO 81092",Resident 1174,A-20174,2026/01/14,193529,gal,,R1,
M-1175,"1325 Sand Creek Rd, Wiley, CO 81092",Resident 1175,A-20175,2026/01/14,277985,gal,,R2,
M-1176,"1332 Prairie View, Wiley, CO 81092",Resident 1176,A-20176,2026/01/14,175843,gal,,R3,
M-1177,"1339 School House Rd, Wiley, CO 81092",Resident 1177,A-20177,2026/01/14,292671,gal,,R4,
M-1178,"1346 Cemetery Rd, Wiley, CO 81092",Resident 1178,A-20178,2026/01/14,420368,gal,,R5,
M-1179,"1353 Grain Elevator Rd, Wiley, CO 81092",Resident 1179,A-20179,2026/01/14,144777,gal,,R6,
M-1180,"1360 Main St, Wiley, CO 81092",Resident 1180,A-20180,2026/01/14,258864,gal,,R1,
M-1181,"1367 County Rd 10, Wiley, CO 81092",Resident 1181,A-20181,2026/01/14,375176,gal,,R2,
M-1182,"1374 County Rd 14, Wiley, CO 81092",Resident 1182,A-20182,2026/01/14,332219,gal,,R3,
M-1183,"1381 Highway 287, Wiley, CO 81092",Resident 1183,A-20183,2026/01/14,296570,gal,,R4,
M-1184,"1388 Maple Ave, Wiley, CO 81092",Resident 1184,A-20184,2026/01/14,245797,gal,,R5,
M-1185,"1395 Oak St, Wiley, CO 81092",Resident 1185,A-20185,2026/01/14,265659,gal,,R6,
M-1186,"1402 Elm St, Wiley, CO 81092",Resident 1186,A-20186,2026/01/14,192598,gal,,R1,
M-1187,"1409 3rd Ave, Wiley, CO 81092",Resident 1187,A-20187,2026/01/14,389869,gal,,R2,
M-1188,"1416 5th St, Wiley, CO 81092",Resident 1188,A-20188,2026/01/14,182934,gal,,R3,
M-1189,"1423 Ranch Rd, Wiley, CO 81092",Resident 1189,A-20189,2026/01/14,426200,gal,,R4,
M-1190,"1430 Irrigation Ln, Wiley, CO 81092",Resident 1190,A-20190,2026/01/14,235816,gal,,R5,
M-1191,"1437 North Frontage, Wiley, CO 81092",New Occupant 1191,A-20191,2026/01/14,215390,gal,,R6,
M-1192,"1444 South Loop, Wiley, CO 81092",Resident 1192,A-20192,2026/01/14,387181,gal,,R1,
M-1193,"1451 Pioneer Rd, Wiley, CO 81092",Resident 1193,A-20193,2026/01/14,383422,gal,,R2,
M-1194,"1458 Cottonwood Dr, Wiley, CO 81092",Resident 1194,A-20194,2026/01/14,276217,gal,,R3,
M-1195,"1465 Sand Creek Rd, Wiley, CO 81092",Resident 1195,A-20195,2026/01/14,291211,gal,,R4,
M-1196,"1472 Prairie View, Wiley, CO 81092",Resident 1196,A-20196,2026/01/14,288838,gal,,R5,
M-1197,"1479 School House Rd, Wiley, CO 81092",Resident 1197,A-20197,2026/01/14,102385,gal,,R6,
M-1198,"1486 Cemetery Rd, Wiley, CO 81092",Resident 1198,A-20198,2026/01/14,526894,gal,,R1,
M-1199,"1493 Grain Elevator Rd, Wiley, CO 81092",Resident 1199,A-20199,2026/01/14,241040,gal,,R2,
M-1200,"1500 Main St, Wiley, CO 81092",Resident 1200,A-20200,2026/01/14,369674,gal,,R3,
M-1201,"1507 County Rd 10, Wiley, CO 81092",Resident 1201,A-20201,2026/01/14,264449,gal,,R4,
M-1202,"1514 County Rd 14, Wiley, CO 81092",Resident 1202,A-20202,2026/01/14,252014,gal,,R5,
M-1203,"1521 Highway 287, Wiley, CO 81092",Resident 1203,A-20203,2026/01/14,179553,gal,,R6,
M-1204,"1528 Maple Ave, Wiley, CO 81092",Resident 1204,A-20204,2026/01/14,279005,gal,,R1,
M-1205,"1535 Oak St, Wiley, CO 81092",Resident 1205,A-20205,2026/01/14,309947,gal,,R2,
M-1206,"1542 Elm St, Wiley, CO 81092",Resident 1206,A-20206,2026/01/14,434211,gal,,R3,
M-1207,"1549 3rd Ave, Wiley, CO 81092",Resident 1207,A-20207,2026/01/14,395268,gal,,R4,
M-1208,"1556 5th St, Wiley, CO 81092",Resident 1208,A-20208,2026/01/14,381684,gal,,R5,
M-1209,"1563 Ranch Rd, Wiley, CO 81092",Resident 1209,A-20209,2026/01/14,380947,gal,,R6,
M-1210,"1570 Irrigation Ln, Wiley, CO 81092",Resident 1210,A-20210,2026/01/14,275842,gal,,R1,
M-1211,"1577 North Frontage, Wiley, CO 81092",Resident 1211,A-20211,2026/01/14,215477,gal,,R2,
M-1212,"1584 South Loop, Wiley, CO 81092",Resident 1212,A-20212,2026/01/14,223500,gal,,R3,
M-1213,"1591 Pioneer Rd, Wiley, CO 81092",Resident 1213,A-20213,2026/01/14,237029,gal,,R4,
M-1214,"1598 Cottonwood Dr, Wiley, CO 81092",Resident 1214,A-20214,2026/01/14,294887,gal,,R5,
M-1215,"1605 Sand Creek Rd, Wiley, CO 81092",Resident 1215,A-20215,2026/01/14,473312,gal,,R6,
M-1216,"1612 Prairie View, Wiley, CO 81092",Resident 1216,A-20216,2026/01/14,337509,gal,,R1,
M-1217,"1619 School House Rd, Wiley, CO 81092",Resident 1217,A-20217,2026/01/14,128315,gal,,R2,
M-1218,"1626 Cemetery Rd, Wiley, CO 81092",Resident 1218,A-20218,2026/01/14,162919,gal,,R3,
M-1219,"1633 Grain Elevator Rd, Wiley, CO 81092",Resident 1219,A-20219,2026/01/14,496542,gal,,R4,
M-1220,"1640 Main St, Wiley, CO 81092",Resident 1220,A-20220,2026/01/14,384906,gal,,R5,
M-1221,"1647 County Rd 10, Wiley, CO 81092",Resident 1221,A-20221,2026/01/14,352105,gal,,R6,
M-1222,"1654 County Rd 14, Wiley, CO 81092",Resident 1222,A-20222,2026/01/14,278812,gal,,R1,
M-1223,"1661 Highway 287, Wiley, CO 81092",Resident 1223,A-20223,2026/01/14,355143,gal,,R2,
M-1224,"1668 Maple Ave, Wiley, CO 81092",Resident 1224,A-20224,2026/01/14,486537,gal,,R3,
M-1225,"1675 Oak St, Wiley, CO 81092",Resident 1225,A-20225,2026/01/14,446496,gal,,R4,
M-1226,"1682 Elm St, Wiley, CO 81092",Resident 1226,A-20226,2026/01/14,211416,gal,,R5,
M-1227,"1689 3rd Ave, Wiley, CO 81092",Resident 1227,A-20227,2026/01/14,321186,gal,,R6,
M-1228,"1696 5th St, Wiley, CO 81092",Resident 1228,A-20228,2026/01/14,473626,gal,,R1,
M-1229,"1703 Ranch Rd, Wiley, CO 81092",Resident 1229,A-20229,2026/01/14,304897,gal,,R2,
M-1230,"1710 Irrigation Ln, Wiley, CO 81092",Resident 1230,A-20230,2026/01/14,335778,gal,,R3,
M-1231,"1717 North Frontage, Wiley, CO 81092",Resident 1231,A-20231,2026/01/14,214901,gal,,R4,
M-1232,"1724 South Loop, Wiley, CO 81092",Resident 1232,A-20232,2026/01/14,348901,gal,,R5,
M-1233,"1731 Pioneer Rd, Wiley, CO 81092",Resident 1233,A-20233,2026/01/14,193840,gal,,R6,
M-1234,"1738 Cottonwood Dr, Wiley, CO 81092",Resident 1234,A-20234,2026/01/14,408832,gal,,R1,
M-1235,"1745 Sand Creek Rd, Wiley, CO 81092",Resident 1235,A-20235,2026/01/14,435358,gal,,R2,
M-1236,"1752 Prairie View, Wiley, CO 81092",Resident 1236,A-20236,2026/01/14,294613,gal,,R3,
M-1237,"1759 School House Rd, Wiley, CO 81092",Resident 1237,A-20237,2026/01/14,380565,gal,,R4,
M-1238,"1766 Cemetery Rd, Wiley, CO 81092",Resident 1238,A-20238,2026/01/14,372205,gal,,R5,
M-1239,"1773 Grain Elevator Rd, Wiley, CO 81092",Resident 1239,A-20239,2026/01/14,190007,gal,,R6,
M-1240,"1780 Main St, Wiley, CO 81092",Resident 1240,A-20240,2026/01/14,517277,gal,,R1,
M-1241,"1787 County Rd 10, Wiley, CO 81092",Resident 1241,A-20241,2026/01/14,330494,gal,,R2,
M-1242,"1794 County Rd 14, Wiley, CO 81092",Resident 1242,A-20242,2026/01/14,434452,gal,,R3,
M-1243,"1801 Highway 287, Wiley, CO 81092",Resident 1243,A-20243,2026/01/14,291415,gal,,R4,
M-1244,"1808 Maple Ave, Wiley, CO 81092",Resident 1244,A-20244,2026/01/14,780049,gal,,R5,
M-1245,"1815 Oak St, Wiley, CO 81092",Resident 1245,A-20245,2026/01/14,162793,gal,,R6,
M-1246,"1822 Elm St, Wiley, CO 81092",Resident 1246,A-20246,2026/01/14,297319,gal,,R1,
M-1247,"1829 3rd Ave, Wiley, CO 81092",Resident 1247,A-20247,2026/01/14,359422,gal,,R2,
M-1248,"1836 5th St, Wiley, CO 81092",Resident 1248,A-20248,2026/01/14,341673,gal,,R3,
M-1249,"1843 Ranch Rd, Wiley, CO 81092",Resident 1249,A-20249,2026/01/14,520760,gal,,R4,
M-1250,"1850 Irrigation Ln, Wiley, CO 81092",Resident 1250,A-20250,2026/01/14,337468,gal,,R5,
M-1251,"1857 North Frontage, Wiley, CO 81092",Resident 1251,A-20251,2026/01/14,347074,gal,,R6,
M-1252,"1864 South Loop, Wiley, CO 81092",Resident 1252,A-20252,2026/01/14,335958,gal,,R1,
M-1253,"1871 Pioneer Rd, Wiley, CO 81092",Resident 1253,A-20253,2026/01/14,246403,gal,,R2,
M-1254,"1878 Cottonwood Dr, Wiley, CO 81092",Resident 1254,A-20254,2026/01/14,392269,gal,,R3,
M-1255,"1885 Sand Creek Rd, Wiley, CO 81092",Resident 1255,A-20255,2026/01/14,259800,gal,,R4,
M-1256,"1892 Prairie View, Wiley, CO 81092",Resident 1256,A-20256,2026/01/14,289278,gal,,R5,
M-1257,"1899 School House Rd, Wiley, CO 81092",Resident 1257,A-20257,2026/01/14,318043,gal,,R6,
M-1258,"1906 Cemetery Rd, Wiley, CO 81092",Resident 1258,A-20258,2026/01/14,472149,gal,,R1,
M-1259,"1913 Grain Elevator Rd, Wiley, CO 81092",Resident 1259,A-20259,2026/01/14,298287,gal,,R2,
M-1260,"1920 Main St, Wiley, CO 81092",Resident 1260,A-20260,2026/01/14,186912,gal,,R3,
M-1261,"1927 County Rd 10, Wiley, CO 81092",Resident 1261,A-20261,2026/01/14,459645,gal,,R4,
M-1262,"1934 County Rd 14, Wiley, CO 81092",Resident 1262,A-20262,2026/01/14,399843,gal,,R5,
M-1263,"1941 Highway 287, Wiley, CO 81092",Resident 1263,A-20263,2026/01/14,319645,gal,,R6,
M-1264,"1948 Maple Ave, Wiley, CO 81092",Resident 1264,A-20264,2026/01/14,336055,gal,,R1,
M-1265,"1955 Oak St, Wiley, CO 81092",Resident 1265,A-20265,2026/01/14,417351,gal,,R2,
M-1266,"1962 Elm St, Wiley, CO 81092",Resident 1266,A-20266,2026/01/14,188537,gal,,R3,
M-1267,"1969 3rd Ave, Wiley, CO 81092",Resident 1267,A-20267,2026/01/14,317673,gal,,R4,
M-1268,"1976 5th St, Wiley, CO 81092",Resident 1268,A-20268,2026/01/14,273598,gal,,R5,
M-1269,"1983 Ranch Rd, Wiley, CO 81092",Resident 1269,A-20269,2026/01/14,283526,gal,,R6,
M-1270,"1990 Irrigation Ln, Wiley, CO 81092",Resident 1270,A-20270,2026/01/14,334177,gal,,R1,
M-1271,"1997 North Frontage, Wiley, CO 81092",Resident 1271,A-20271,2026/01/14,500098,gal,,R2,
M-1272,"2004 South Loop, Wiley, CO 81092",Resident 1272,A-20272,2026/01/14,492628,gal,,R3,
M-1273,"2011 Pioneer Rd, Wiley, CO 81092",Resident 1273,A-20273,2026/01/14,515602,gal,,R4,
M-1274,"2018 Cottonwood Dr, Wiley, CO 81092",Resident 1274,A-20274,2026/01/14,327147,gal,,R5,
M-1275,"2025 Sand Creek Rd, Wiley, CO 81092",Resident 1275,A-20275,2026/01/14,369908,gal,,R6,
M-1276,"2032 Prairie View, Wiley, CO 81092",Resident 1276,A-20276,2026/01/14,396003,gal,,R1,
M-1277,"2039 School House Rd, Wiley, CO 81092",Resident 1277,A-20277,2026/01/14,380847,gal,,R2,
M-1278,"2046 Cemetery Rd, Wiley, CO 81092",Resident 1278,A-20278,2026/01/14,229727,gal,,R3,
M-1279,"2053 Grain Elevator Rd, Wiley, CO 81092",Resident 1279,A-20279,2026/01/14,372668,gal,,R4,
M-1280,"2060 Main St, Wiley, CO 81092",Resident 1280,A-20280,2026/01/14,352743,gal,,R5,
M-1281,"2067 County Rd 10, Wiley, CO 81092",Resident 1281,A-20281,2026/01/14,277379,gal,,R6,
M-1282,"2074 County Rd 14, Wiley, CO 81092",Resident 1282,A-20282,2026/01/14,501038,gal,,R1,
M-1283,"2081 Highway 287, Wiley, CO 81092",Resident 1283,A-20283,2026/01/14,185485,gal,,R2,
M-1284,"2088 Maple Ave, Wiley, CO 81092",Resident 1284,A-20284,2026/01/14,301333,gal,,R3,
M-1285,"2095 Oak St, Wiley, CO 81092",Resident 1285,A-20285,2026/01/14,424084,gal,,R4,
M-1286,"2102 Elm St, Wiley, CO 81092",Resident 1286,A-20286,2026/01/14,505183,gal,,R5,
M-1287,"2109 3rd Ave, Wiley, CO 81092",Resident 1287,A-20287,2026/01/14,529067,gal,,R6,
M-1288,"2116 5th St, Wiley, CO 81092",Resident 1288,A-20288,2026/01/14,414430,gal,,R1,
M-1289,"2123 Ranch Rd, Wiley, CO 81092",Resident 1289,A-20289,2026/01/14,364914,gal,,R2,
M-1290,"2130 Irrigation Ln, Wiley, CO 81092",Resident 1290,A-20290,2026/01/14,232039,gal,,R3,
M-1291,"2137 North Frontage, Wiley, CO 81092",Resident 1291,A-20291,2026/01/14,310167,gal,,R4,
M-1292,"2144 South Loop, Wiley, CO 81092",Resident 1292,A-20292,2026/01/14,266009,gal,,R5,
M-1293,"2151 Pioneer Rd, Wiley, CO 81092",Resident 1293,A-20293,2026/01/14,216593,gal,,R6,
M-1294,"2158 Cottonwood Dr, Wiley, CO 81092",Resident 1294,A-20294,2026/01/14,253844,gal,,R1,
M-1295,"2165 Sand Creek Rd, Wiley, CO 81092",Resident 1295,A-20295,2026/01/14,276747,gal,,R2,
M-1296,"2172 Prairie View, Wiley, CO 81092",Resident 1296,A-20296,2026/01/14,152896,gal,,R3,
M-1297,"2179 School House Rd, Wiley, CO 81092",Resident 1297,A-20297,2026/01/14,131710,gal,,R4,
M-1298,"2186 Cemetery Rd, Wiley, CO 81092",Resident 1298,A-20298,2026/01/14,252452,gal,,R5,
M-1299,"2193 Grain Elevator Rd, Wiley, CO 81092",Resident 1299,A-20299,2026/01/14,364759,gal,,R6,
M-1300,"2200 Main St, Wiley, CO 81092",Resident 1300,A-20300,2026/01/14,439100,gal,,R1,
M-1001,"107 County Rd 10, Wiley, CO 81092",Resident 1001,A-20001,2026/02/15,465817,gal,,R2,
M-1002,"114 County Rd 14, Wiley, CO 81092",Resident 1002,A-20002,2026/02/15,345206,gal,,R3,
M-1003,"121 Highway 287, Wiley, CO 81092",Resident 1003,A-20003,2026/02/15,168195,gal,,R4,
M-1004,"128 Maple Ave, Wiley, CO 81092",Resident 1004,A-20004,2026/02/15,428443,gal,,R5,
M-1005,"135 Oak St, Wiley, CO 81092",Resident 1005,A-20005,2026/02/15,231414,gal,,R6,
M-1006,"142 Elm St, Wiley, CO 81092",Resident 1006,A-20006,2026/02/15,275219,gal,,R1,
M-1007,"149 3rd Ave, Wiley, CO 81092",Resident 1007,A-20007,2026/02/15,369944,gal,,R2,
M-1008,"156 5th St, Wiley, CO 81092",Resident 1008,A-20008,2026/02/15,242867,gal,,R3,
M-1009,"163 Ranch Rd, Wiley, CO 81092",Resident 1009,A-20009,2026/02/15,241898,gal,,R4,
M-1010,"170 Irrigation Ln, Wiley, CO 81092",Resident 1010,A-20010,2026/02/15,339045,gal,,R5,
M-1011,"177 North Frontage, Wiley, CO 81092",Resident 1011,A-20011,2026/02/15,480037,gal,,R6,
M-1012,"184 South Loop, Wiley, CO 81092",Resident 1012,A-20012,2026/02/15,259260,gal,,R1,
M-1013,"191 Pioneer Rd, Wiley, CO 81092",Resident 1013,A-20013,2026/02/15,198446,gal,,R2,
M-1014,"198 Cottonwood Dr, Wiley, CO 81092",Resident 1014,A-20014,2026/02/15,446827,gal,,R3,
M-1015,"205 Sand Creek Rd, Wiley, CO 81092",Resident 1015,A-20015,2026/02/15,468482,gal,,R4,
M-1016,"212 Prairie View, Wiley, CO 81092",Resident 1016,A-20016,2026/02/15,165498,gal,,R5,
M-1017,"219 School House Rd, Wiley, CO 81092",Resident 1017,A-20017,2026/02/15,143501,gal,,R6,
M-1018,"226 Cemetery Rd, Wiley, CO 81092",Resident 1018,A-20018,2026/02/15,221061,gal,,R1,
M-1019,"233 Grain Elevator Rd, Wiley, CO 81092",Resident 1019,A-20019,2026/02/15,191996,gal,,R2,
M-1020,"240 Main St, Wiley, CO 81092",Resident 1020,A-20020,2026/02/15,334221,gal,,R3,
M-1021,"247 County Rd 10, Wiley, CO 81092",Resident 1021,A-20021,2026/02/15,382314,gal,,R4,
M-1022,"254 County Rd 14, Wiley, CO 81092",Resident 1022,A-20022,2026/02/15,418198,gal,TAMPER,R5,
M-1023,"261 Highway 287, Wiley, CO 81092",Resident 1023,A-20023,2026/02/15,296535,gal,,R6,
M-1024,"268 Maple Ave, Wiley, CO 81092",Resident 1024,A-20024,2026/02/15,308319,gal,,R1,
M-1025,"275 Oak St, Wiley, CO 81092",Resident 1025,A-20025,2026/02/15,210710,gal,,R2,
M-1026,"282 Elm St, Wiley, CO 81092",Resident 1026,A-20026,2026/02/15,209669,gal,,R3,
M-1027,"289 3rd Ave, Wiley, CO 81092",Resident 1027,A-20027,2026/02/15,401520,gal,,R4,
M-1028,"296 5th St, Wiley, CO 81092",Resident 1028,A-20028,2026/02/15,192186,gal,,R5,
M-1029,"303 Ranch Rd, Wiley, CO 81092",Resident 1029,A-20029,2026/02/15,402724,gal,,R6,
M-1030,"310 Irrigation Ln, Wiley, CO 81092",Resident 1030,A-20030,2026/02/15,317476,gal,,R1,
M-1031,"317 North Frontage, Wiley, CO 81092",Resident 1031,A-20031,2026/02/15,396390,gal,,R2,
M-1032,"324 South Loop, Wiley, CO 81092",Resident 1032,A-20032,2026/02/15,274952,gal,,R3,
M-1033,"331 Pioneer Rd, Wiley, CO 81092",Resident 1033,A-20033,2026/02/15,740928,gal,,R4,
M-1034,"338 Cottonwood Dr, Wiley, CO 81092",Resident 1034,A-20034,2026/02/15,478081,gal,,R5,
M-1035,"345 Sand Creek Rd, Wiley, CO 81092",Resident 1035,A-20035,2026/02/15,481195,gal,,R6,
M-1036,"352 Prairie View, Wiley, CO 81092",Resident 1036,A-20036,2026/02/15,347157,gal,,R1,
M-1037,"359 School House Rd, Wiley, CO 81092",Resident 1037,A-20037,2026/02/15,290720,gal,,R2,
M-1038,"366 Cemetery Rd, Wiley, CO 81092",Resident 1038,A-20038,2026/02/15,216597,gal,,R3,
M-1039,"373 Grain Elevator Rd, Wiley, CO 81092",Resident 1039,A-20039,2026/02/15,351388,gal,,R4,
M-1040,"380 Main St, Wiley, CO 81092",Resident 1040,A-20040,2026/02/15,267395,gal,,R5,
M-1041,"387 County Rd 10, Wiley, CO 81092",Resident 1041,A-20041,2026/02/15,177799,gal,,R6,
M-1042,"394 County Rd 14, Wiley, CO 81092",Resident 1042,A-20042,2026/02/15,434839,gal,,R1,
M-1043,"401 Highway 287, Wiley, CO 81092",Resident 1043,A-20043,2026/02/15,398504,gal,,R2,
M-1044,"408 Maple Ave, Wiley, CO 81092",Resident 1044,A-20044,2026/02/15,155456,gal,,R3,
M-1045,"415 Oak St, Wiley, CO 81092",Resident 1045,A-20045,2026/02/15,376644,gal,,R4,
M-1046,"422 Elm St, Wiley, CO 81092",Resident 1046,A-20046,2026/02/15,170898,gal,,R5,
M-1047,"429 3rd Ave, Wiley, CO 81092",Resident 1047,A-20047,2026/02/15,133612,gal,,R6,
M-1048,"436 5th St, Wiley, CO 81092",Resident 1048,A-20048,2026/02/15,411489,gal,,R1,
M-1049,"443 Ranch Rd, Wiley, CO 81092",Resident 1049,A-20049,2026/02/15,399498,gal,,R2,
M-1050,"450 Irrigation Ln, Wiley, CO 81092",Resident 1050,A-20050,2026/02/15,369280,gal,,R3,
M-1051,"457 North Frontage, Wiley, CO 81092",Resident 1051,A-20051,2026/02/15,422280,gal,,R4,
M-1052,"464 South Loop, Wiley, CO 81092",Resident 1052,A-20052,2026/02/15,227732,gal,,R5,
M-1053,"471 Pioneer Rd, Wiley, CO 81092",Resident 1053,A-20053,2026/02/15,214256,gal,,R6,
M-1054,"478 Cottonwood Dr, Wiley, CO 81092",Resident 1054,A-20054,2026/02/15,398777,gal,,R1,
M-1055,"485 Sand Creek Rd, Wiley, CO 81092",Resident 1055,A-20055,2026/02/15,132022,gal,,R2,
M-1056,"492 Prairie View, Wiley, CO 81092",Resident 1056,A-20056,2026/02/15,299703,gal,,R3,
M-1057,"499 School House Rd, Wiley, CO 81092",Resident 1057,A-20057,2026/02/15,197092,gal,,R4,
M-1058,"506 Cemetery Rd, Wiley, CO 81092",Resident 1058,A-20058,2026/02/15,484449,gal,,R5,
M-1059,"513 Grain Elevator Rd, Wiley, CO 81092",Resident 1059,A-20059,2026/02/15,148020,gal,,R6,
M-1060,"520 Main St, Wiley, CO 81092",Resident 1060,A-20060,2026/02/15,274600,gal,,R1,
M-1061,"527 County Rd 10, Wiley, CO 81092",Resident 1061,A-20061,2026/02/15,315400,gal,,R2,
M-1062,"534 County Rd 14, Wiley, CO 81092",Resident 1062,A-20062,2026/02/15,237407,gal,,R3,
M-1063,"541 Highway 287, Wiley, CO 81092",Resident 1063,A-20063,2026/02/15,435188,gal,,R4,
M-1064,"548 Maple Ave, Wiley, CO 81092",Resident 1064,A-20064,2026/02/15,318962,gal,,R5,
M-1065,"555 Oak St, Wiley, CO 81092",Resident 1065,A-20065,2026/02/15,486943,gal,,R6,
M-1066,"562 Elm St, Wiley, CO 81092",Resident 1066,A-20066,2026/02/15,461305,gal,,R1,
M-1067,"569 3rd Ave, Wiley, CO 81092",Resident 1067,A-20067,2026/02/15,201455,gal,,R2,
M-1068,"576 5th St, Wiley, CO 81092",Resident 1068,A-20068,2026/02/15,444387,gal,,R3,
M-1069,"583 Ranch Rd, Wiley, CO 81092",Resident 1069,A-20069,2026/02/15,247140,gal,,R4,
M-1070,"590 Irrigation Ln, Wiley, CO 81092",Resident 1070,A-20070,2026/02/15,322284,gal,,R5,
M-1071,"597 North Frontage, Wiley, CO 81092",Resident 1071,A-20071,2026/02/15,442750,gal,,R6,
M-1072,"604 South Loop, Wiley, CO 81092",Resident 1072,A-20072,2026/02/15,503902,gal,,R1,
M-1073,"611 Pioneer Rd, Wiley, CO 81092",Resident 1073,A-20073,2026/02/15,423394,gal,,R2,
M-1074,"618 Cottonwood Dr, Wiley, CO 81092",Resident 1074,A-20074,2026/02/15,409755,gal,,R3,
M-1075,"625 Sand Creek Rd, Wiley, CO 81092",Resident 1075,A-20075,2026/02/15,269816,gal,,R4,
M-1076,"632 Prairie View, Wiley, CO 81092",New Occupant 1076,A-20076,2026/02/15,263221,gal,,R5,
M-1077,"639 School House Rd, Wiley, CO 81092",Resident 1077,A-20077,2026/02/15,214580,gal,,R6,
M-1078,"646 Cemetery Rd, Wiley, CO 81092",Resident 1078,A-20078,2026/02/15,319281,gal,,R1,
M-1079,"653 Grain Elevator Rd, Wiley, CO 81092",Resident 1079,A-20079,2026/02/15,261911,gal,,R2,
M-1080,"660 Main St, Wiley, CO 81092",Resident 1080,A-20080,2026/02/15,297854,gal,,R3,
M-1081,"667 County Rd 10, Wiley, CO 81092",Resident 1081,A-20081,2026/02/15,398030,gal,,R4,
M-1082,"674 County Rd 14, Wiley, CO 81092",Resident 1082,A-20082,2026/02/15,215203,gal,,R5,
M-1083,"681 Highway 287, Wiley, CO 81092",Resident 1083,A-20083,2026/02/15,454538,gal,,R6,
M-1084,"688 Maple Ave, Wiley, CO 81092",Resident 1084,A-20084,2026/02/15,305311,gal,,R1,
M-1085,"695 Oak St, Wiley, CO 81092",Resident 1085,A-20085,2026/02/15,384539,gal,,R2,
M-1086,"702 Elm St, Wiley, CO 81092",Resident 1086,A-20086,2026/02/15,291418,gal,,R3,
M-1087,"709 3rd Ave, Wiley, CO 81092",Resident 1087,A-20087,2026/02/15,230710,gal,,R4,
M-1088,"716 5th St, Wiley, CO 81092",Resident 1088,A-20088,2026/02/15,136677,gal,,R5,
M-1089,"723 Ranch Rd, Wiley, CO 81092",Resident 1089,A-20089,2026/02/15,648386,gal,,R6,
M-1090,"730 Irrigation Ln, Wiley, CO 81092",Resident 1090,A-20090,2026/02/15,506453,gal,,R1,
M-1091,"737 North Frontage, Wiley, CO 81092",Resident 1091,A-20091,2026/02/15,481735,gal,,R2,
M-1092,"744 South Loop, Wiley, CO 81092",Resident 1092,A-20092,2026/02/15,171977,gal,,R3,
M-1093,"751 Pioneer Rd, Wiley, CO 81092",Resident 1093,A-20093,2026/02/15,214808,gal,,R4,
M-1094,"758 Cottonwood Dr, Wiley, CO 81092",Resident 1094,A-20094,2026/02/15,484874,gal,,R5,
M-1095,"765 Sand Creek Rd, Wiley, CO 81092",Resident 1095,A-20095,2026/02/15,241834,gal,,R6,
M-1096,"772 Prairie View, Wiley, CO 81092",Resident 1096,A-20096,2026/02/15,383806,gal,,R1,
M-1097,"779 School House Rd, Wiley, CO 81092",Resident 1097,A-20097,2026/02/15,300438,gal,,R2,
M-1098,"786 Cemetery Rd, Wiley, CO 81092",Resident 1098,A-20098,2026/02/15,222237,gal,,R3,
M-1099,"793 Grain Elevator Rd, Wiley, CO 81092",Resident 1099,A-20099,2026/02/15,316437,gal,,R4,
M-1100,"800 Main St, Wiley, CO 81092",Resident 1100,A-20100,2026/02/15,219235,gal,,R5,
M-1101,"807 County Rd 10, Wiley, CO 81092",Resident 1101,A-20101,2026/02/15,317077,gal,,R6,
M-1102,"814 County Rd 14, Wiley, CO 81092",Resident 1102,A-20102,2026/02/15,374331,gal,,R1,
M-1103,"821 Highway 287, Wiley, CO 81092",Resident 1103,A-20103,2026/02/15,278682,gal,,R2,
M-1104,"828 Maple Ave, Wiley, CO 81092",Resident 1104,A-20104,2026/02/15,277516,gal,,R3,
M-1105,"835 Oak St, Wiley, CO 81092",Resident 1105,A-20105,2026/02/15,373576,gal,,R4,
M-1106,"842 Elm St, Wiley, CO 81092",Resident 1106,A-20106,2026/02/15,495180,gal,,R5,
M-1107,"849 3rd Ave, Wiley, CO 81092",Resident 1107,A-20107,2026/02/15,260319,gal,,R6,
M-1108,"856 5th St, Wiley, CO 81092",Resident 1108,A-20108,2026/02/15,447331,gal,,R1,
M-1109,"863 Ranch Rd, Wiley, CO 81092",Resident 1109,A-20109,2026/02/15,441213,gal,,R2,
M-1110,"870 Irrigation Ln, Wiley, CO 81092",Resident 1110,A-20110,2026/02/15,419057,gal,,R3,
M-1111,"877 North Frontage, Wiley, CO 81092",Resident 1111,A-20111,2026/02/15,157172,gal,,R4,
M-1112,"884 South Loop, Wiley, CO 81092",Resident 1112,A-20112,2026/02/15,419478,gal,,R5,
M-1113,"891 Pioneer Rd, Wiley, CO 81092",Resident 1113,A-20113,2026/02/15,259139,gal,,R6,
M-1114,"898 Cottonwood Dr, Wiley, CO 81092",Resident 1114,A-20114,2026/02/15,470743,gal,,R1,
M-1115,"905 Sand Creek Rd, Wiley, CO 81092",Resident 1115,A-20115,2026/02/15,232306,gal,,R2,
M-1116,"912 Prairie View, Wiley, CO 81092",Resident 1116,A-20116,2026/02/15,268673,gal,,R3,
M-1117,"919 School House Rd, Wiley, CO 81092",Resident 1117,A-20117,2026/02/15,279935,gal,,R4,
M-1118,"926 Cemetery Rd, Wiley, CO 81092",Resident 1118,A-20118,2026/02/15,186982,gal,,R5,
M-1119,"933 Grain Elevator Rd, Wiley, CO 81092",Resident 1119,A-20119,2026/02/15,248070,gal,,R6,
M-1120,"940 Main St, Wiley, CO 81092",Resident 1120,A-20120,2026/02/15,456069,gal,,R1,
M-1121,"947 County Rd 10, Wiley, CO 81092",Resident 1121,A-20121,2026/02/15,231427,gal,,R2,
M-1122,"954 County Rd 14, Wiley, CO 81092",Resident 1122,A-20122,2026/02/15,337365,gal,,R3,
M-1123,"961 Highway 287, Wiley, CO 81092",Resident 1123,A-20123,2026/02/15,312373,gal,,R4,
M-1124,"968 Maple Ave, Wiley, CO 81092",Resident 1124,A-20124,2026/02/15,431222,gal,,R5,
M-1125,"975 Oak St, Wiley, CO 81092",Resident 1125,A-20125,2026/02/15,242410,gal,,R6,
M-1126,"982 Elm St, Wiley, CO 81092",Resident 1126,A-20126,2026/02/15,292841,gal,,R1,
M-1127,"989 3rd Ave, Wiley, CO 81092",Resident 1127,A-20127,2026/02/15,237421,gal,,R2,
M-1128,"996 5th St, Wiley, CO 81092",Resident 1128,A-20128,2026/02/15,544450,gal,,R3,
M-1129,"1003 Ranch Rd, Wiley, CO 81092",Resident 1129,A-20129,2026/02/15,317272,gal,,R4,
M-1130,"1010 Irrigation Ln, Wiley, CO 81092",Resident 1130,A-20130,2026/02/15,443564,gal,,R5,
M-1131,"1017 North Frontage, Wiley, CO 81092",Resident 1131,A-20131,2026/02/15,387728,gal,,R6,
M-1132,"1024 South Loop, Wiley, CO 81092",Resident 1132,A-20132,2026/02/15,336274,gal,,R1,
M-1133,"1031 Pioneer Rd, Wiley, CO 81092",Resident 1133,A-20133,2026/02/15,203397,gal,,R2,
M-1134,"1038 Cottonwood Dr, Wiley, CO 81092",Resident 1134,A-20134,2026/02/15,203434,gal,,R3,
M-1135,"1045 Sand Creek Rd, Wiley, CO 81092",Resident 1135,A-20135,2026/02/15,511606,gal,,R4,
M-1136,"1052 Prairie View, Wiley, CO 81092",Resident 1136,A-20136,2026/02/15,377635,gal,,R5,
M-1137,"1059 School House Rd, Wiley, CO 81092",Resident 1137,A-20137,2026/02/15,294389,gal,,R6,
M-1138,"1066 Cemetery Rd, Wiley, CO 81092",Resident 1138,A-20138,2026/02/15,151505,gal,,R1,
M-1139,"1073 Grain Elevator Rd, Wiley, CO 81092",Resident 1139,A-20139,2026/02/15,114065,gal,,R2,
M-1140,"1080 Main St, Wiley, CO 81092",Resident 1140,A-20140,2026/02/15,342682,gal,LOW_BATTERY,R3,
M-1141,"1087 County Rd 10, Wiley, CO 81092",Resident 1141,A-20141,2026/02/15,236651,gal,,R4,
M-1142,"1094 County Rd 14, Wiley, CO 81092",Resident 1142,A-20142,2026/02/15,439695,gal,,R5,
M-1143,"1101 Highway 287, Wiley, CO 81092",Resident 1143,A-20143,2026/02/15,344003,gal,,R6,
M-1144,"1108 Maple Ave, Wiley, CO 81092",Resident 1144,A-20144,2026/02/15,182821,gal,,R1,
M-1145,"1115 Oak St, Wiley, CO 81092",Resident 1145,A-20145,2026/02/15,341516,gal,,R2,
M-1146,"1122 Elm St, Wiley, CO 81092",Resident 1146,A-20146,2026/02/15,404078,gal,,R3,
M-1147,"1129 3rd Ave, Wiley, CO 81092",Resident 1147,A-20147,2026/02/15,411234,gal,,R4,
M-1148,"1136 5th St, Wiley, CO 81092",Resident 1148,A-20148,2026/02/15,409650,gal,,R5,
M-1149,"1143 Ranch Rd, Wiley, CO 81092",Resident 1149,A-20149,2026/02/15,202574,gal,,R6,
M-1150,"1150 Irrigation Ln, Wiley, CO 81092",Resident 1150,A-20150,2026/02/15,217745,gal,,R1,
M-1151,"1157 North Frontage, Wiley, CO 81092",Resident 1151,A-20151,2026/02/15,224664,gal,,R2,
M-1152,"1164 South Loop, Wiley, CO 81092",Resident 1152,A-20152,2026/02/15,180137,gal,,R3,
M-1153,"1171 Pioneer Rd, Wiley, CO 81092",Resident 1153,A-20153,2026/02/15,440040,gal,,R4,
M-1154,"1178 Cottonwood Dr, Wiley, CO 81092",Resident 1154,A-20154,2026/02/15,172527,gal,,R5,
M-1155,"1185 Sand Creek Rd, Wiley, CO 81092",Resident 1155,A-20155,2026/02/15,377030,gal,,R6,
M-1156,"1192 Prairie View, Wiley, CO 81092",Resident 1156,A-20156,2026/02/15,837364,gal,,R1,
M-1157,"1199 School House Rd, Wiley, CO 81092",Resident 1157,A-20157,2026/02/15,461678,gal,,R2,
M-1158,"1206 Cemetery Rd, Wiley, CO 81092",Resident 1158,A-20158,2026/02/15,206199,gal,,R3,
M-1159,"1213 Grain Elevator Rd, Wiley, CO 81092",Resident 1159,A-20159,2026/02/15,402686,gal,,R4,
M-1160,"1220 Main St, Wiley, CO 81092",Resident 1160,A-20160,2026/02/15,160039,gal,,R5,
M-1161,"1227 County Rd 10, Wiley, CO 81092",Resident 1161,A-20161,2026/02/15,219248,gal,,R6,
M-1162,"1234 County Rd 14, Wiley, CO 81092",Resident 1162,A-20162,2026/02/15,367053,gal,,R1,
M-1163,"1241 Highway 287, Wiley, CO 81092",Resident 1163,A-20163,2026/02/15,301293,gal,,R2,
M-1164,"1248 Maple Ave, Wiley, CO 81092",Resident 1164,A-20164,2026/02/15,215610,gal,,R3,
M-1165,"1255 Oak St, Wiley, CO 81092",Resident 1165,A-20165,2026/02/15,362353,gal,,R4,
M-1166,"1262 Elm St, Wiley, CO 81092",Resident 1166,A-20166,2026/02/15,321624,gal,,R5,
M-1167,"1269 3rd Ave, Wiley, CO 81092",Resident 1167,A-20167,2026/02/15,262491,gal,,R6,
M-1168,"1276 5th St, Wiley, CO 81092",Resident 1168,A-20168,2026/02/15,558602,gal,,R1,
M-1169,"1283 Ranch Rd, Wiley, CO 81092",Resident 1169,A-20169,2026/02/15,242467,gal,,R2,
M-1170,"1290 Irrigation Ln, Wiley, CO 81092",Resident 1170,A-20170,2026/02/15,316240,gal,,R3,
M-1171,"1297 North Frontage, Wiley, CO 81092",Resident 1171,A-20171,2026/02/15,403564,gal,,R4,
M-1172,"1304 South Loop, Wiley, CO 81092",Resident 1172,A-20172,2026/02/15,345428,gal,,R5,
M-1173,"1311 Pioneer Rd, Wiley, CO 81092",Resident 1173,A-20173,2026/02/15,486467,gal,,R6,
M-1174,"1318 Cottonwood Dr, Wiley, CO 81092",Resident 1174,A-20174,2026/02/15,196213,gal,,R1,
M-1175,"1325 Sand Creek Rd, Wiley, CO 81092",Resident 1175,A-20175,2026/02/15,282509,gal,,R2,
M-1176,"1332 Prairie View, Wiley, CO 81092",Resident 1176,A-20176,2026/02/15,177696,gal,,R3,
M-1177,"1339 School House Rd, Wiley, CO 81092",Resident 1177,A-20177,2026/02/15,298990,gal,,R4,
M-1178,"1346 Cemetery Rd, Wiley, CO 81092",Resident 1178,A-20178,2026/02/15,426395,gal,,R5,
M-1179,"1353 Grain Elevator Rd, Wiley, CO 81092",Resident 1179,A-20179,2026/02/15,148235,gal,,R6,
M-1180,"1360 Main St, Wiley, CO 81092",Resident 1180,A-20180,2026/02/15,263049,gal,,R1,
M-1181,"1367 County Rd 10, Wiley, CO 81092",Resident 1181,A-20181,2026/02/15,381530,gal,,R2,
M-1182,"1374 County Rd 14, Wiley, CO 81092",Resident 1182,A-20182,2026/02/15,335028,gal,,R3,
M-1183,"1381 Highway 287, Wiley, CO 81092",Resident 1183,A-20183,2026/02/15,301832,gal,,R4,
M-1184,"1388 Maple Ave, Wiley, CO 81092",Resident 1184,A-20184,2026/02/15,247867,gal,,R5,
M-1185,"1395 Oak St, Wiley, CO 81092",Resident 1185,A-20185,2026/02/15,270423,gal,,R6,
M-1186,"1402 Elm St, Wiley, CO 81092",Resident 1186,A-20186,2026/02/15,195892,gal,,R1,
M-1187,"1409 3rd Ave, Wiley, CO 81092",Resident 1187,A-20187,2026/02/15,396077,gal,,R2,
M-1188,"1416 5th St, Wiley, CO 81092",Resident 1188,A-20188,2026/02/15,187181,gal,,R3,
M-1189,"1423 Ranch Rd, Wiley, CO 81092",Resident 1189,A-20189,2026/02/15,431046,gal,,R4,
M-1190,"1430 Irrigation Ln, Wiley, CO 81092",Resident 1190,A-20190,2026/02/15,238491,gal,,R5,
M-1191,"1437 North Frontage, Wiley, CO 81092",New Occupant 1191,A-20191,2026/02/15,217916,gal,,R6,
M-1192,"1444 South Loop, Wiley, CO 81092",Resident 1192,A-20192,2026/02/15,391616,gal,,R1,
M-1193,"1451 Pioneer Rd, Wiley, CO 81092",Resident 1193,A-20193,2026/02/15,389482,gal,,R2,
M-1194,"1458 Cottonwood Dr, Wiley, CO 81092",Resident 1194,A-20194,2026/02/15,278692,gal,,R3,
M-1195,"1465 Sand Creek Rd, Wiley, CO 81092",Resident 1195,A-20195,2026/02/15,296218,gal,,R4,
M-1196,"1472 Prairie View, Wiley, CO 81092",Resident 1196,A-20196,2026/02/15,294388,gal,,R5,
M-1197,"1479 School House Rd, Wiley, CO 81092",Resident 1197,A-20197,2026/02/15,104044,gal,,R6,
M-1198,"1486 Cemetery Rd, Wiley, CO 81092",Resident 1198,A-20198,2026/02/15,532649,gal,,R1,
M-1199,"1493 Grain Elevator Rd, Wiley, CO 81092",Resident 1199,A-20199,2026/02/15,244335,gal,,R2,
M-1200,"1500 Main St, Wiley, CO 81092",Resident 1200,A-20200,2026/02/15,373759,gal,,R3,
M-1201,"1507 County Rd 10, Wiley, CO 81092",Resident 1201,A-20201,2026/02/15,266352,gal,,R4,
M-1202,"1514 County Rd 14, Wiley, CO 81092",Resident 1202,A-20202,2026/02/15,254381,gal,,R5,
M-1203,"1521 Highway 287, Wiley, CO 81092",Resident 1203,A-20203,2026/02/15,183866,gal,,R6,
M-1204,"1528 Maple Ave, Wiley, CO 81092",Resident 1204,A-20204,2026/02/15,282891,gal,,R1,
M-1205,"1535 Oak St, Wiley, CO 81092",Resident 1205,A-20205,2026/02/15,313240,gal,,R2,
M-1206,"1542 Elm St, Wiley, CO 81092",Resident 1206,A-20206,2026/02/15,436096,gal,,R3,
M-1207,"1549 3rd Ave, Wiley, CO 81092",Resident 1207,A-20207,2026/02/15,398571,gal,,R4,
M-1208,"1556 5th St, Wiley, CO 81092",Resident 1208,A-20208,2026/02/15,387109,gal,,R5,
M-1209,"1563 Ranch Rd, Wiley, CO 81092",Resident 1209,A-20209,2026/02/15,382822,gal,,R6,
M-1210,"1570 Irrigation Ln, Wiley, CO 81092",Resident 1210,A-20210,2026/02/15,278069,gal,,R1,
M-1211,"1577 North Frontage, Wiley, CO 81092",Resident 1211,A-20211,2026/02/15,222219,gal,,R2,
M-1212,"1584 South Loop, Wiley, CO 81092",Resident 1212,A-20212,2026/02/15,227458,gal,,R3,
M-1213,"1591 Pioneer Rd, Wiley, CO 81092",Resident 1213,A-20213,2026/02/15,239114,gal,,R4,
M-1214,"1598 Cottonwood Dr, Wiley, CO 81092",Resident 1214,A-20214,2026/02/15,300968,gal,,R5,
M-1215,"1605 Sand Creek Rd, Wiley, CO 81092",Resident 1215,A-20215,2026/02/15,478211,gal,,R6,
M-1216,"1612 Prairie View, Wiley, CO 81092",Resident 1216,A-20216,2026/02/15,343559,gal,,R1,
M-1217,"1619 School House Rd, Wiley, CO 81092",Resident 1217,A-20217,2026/02/15,131036,gal,,R2,
M-1218,"1626 Cemetery Rd, Wiley, CO 81092",Resident 1218,A-20218,2026/02/15,165066,gal,,R3,
M-1219,"1633 Grain Elevator Rd, Wiley, CO 81092",Resident 1219,A-20219,2026/02/15,501653,gal,,R4,
M-1220,"1640 Main St, Wiley, CO 81092",Resident 1220,A-20220,2026/02/15,389093,gal,,R5,
M-1221,"1647 County Rd 10, Wiley, CO 81092",Resident 1221,A-20221,2026/02/15,356662,gal,,R6,
M-1222,"1654 County Rd 14, Wiley, CO 81092",Resident 1222,A-20222,2026/02/15,281793,gal,,R1,
M-1223,"1661 Highway 287, Wiley, CO 81092",Resident 1223,A-20223,2026/02/15,358532,gal,,R2,
M-1224,"1668 Maple Ave, Wiley, CO 81092",Resident 1224,A-20224,2026/02/15,491914,gal,,R3,
M-1225,"1675 Oak St, Wiley, CO 81092",Resident 1225,A-20225,2026/02/15,451914,gal,,R4,
M-1226,"1682 Elm St, Wiley, CO 81092",Resident 1226,A-20226,2026/02/15,215706,gal,,R5,
M-1227,"1689 3rd Ave, Wiley, CO 81092",Resident 1227,A-20227,2026/02/15,324182,gal,,R6,
M-1228,"1696 5th St, Wiley, CO 81092",Resident 1228,A-20228,2026/02/15,478970,gal,,R1,
M-1229,"1703 Ranch Rd, Wiley, CO 81092",Resident 1229,A-20229,2026/02/15,310458,gal,,R2,
M-1230,"1710 Irrigation Ln, Wiley, CO 81092",Resident 1230,A-20230,2026/02/15,341839,gal,,R3,
M-1231,"1717 North Frontage, Wiley, CO 81092",Resident 1231,A-20231,2026/02/15,220040,gal,,R4,
M-1232,"1724 South Loop, Wiley, CO 81092",Resident 1232,A-20232,2026/02/15,352062,gal,,R5,
M-1233,"1731 Pioneer Rd, Wiley, CO 81092",Resident 1233,A-20233,2026/02/15,200635,gal,,R6,
M-1234,"1738 Cottonwood Dr, Wiley, CO 81092",Resident 1234,A-20234,2026/02/15,412374,gal,,R1,
M-1235,"1745 Sand Creek Rd, Wiley, CO 81092",Resident 1235,A-20235,2026/02/15,439227,gal,,R2,
M-1236,"1752 Prairie View, Wiley, CO 81092",Resident 1236,A-20236,2026/02/15,300151,gal,,R3,
M-1237,"1759 School House Rd, Wiley, CO 81092",Resident 1237,A-20237,2026/02/15,386743,gal,,R4,
M-1238,"1766 Cemetery Rd, Wiley, CO 81092",Resident 1238,A-20238,2026/02/15,376610,gal,,R5,
M-1239,"1773 Grain Elevator Rd, Wiley, CO 81092",Resident 1239,A-20239,2026/02/15,194475,gal,,R6,
M-1240,"1780 Main St, Wiley, CO 81092",Resident 1240,A-20240,2026/02/15,522488,gal,,R1,
M-1241,"1787 County Rd 10, Wiley, CO 81092",Resident 1241,A-20241,2026/02/15,334707,gal,,R2,
M-1242,"1794 County Rd 14, Wiley, CO 81092",Resident 1242,A-20242,2026/02/15,436995,gal,,R3,
M-1243,"1801 Highway 287, Wiley, CO 81092",Resident 1243,A-20243,2026/02/15,294138,gal,,R4,
M-1244,"1808 Maple Ave, Wiley, CO 81092",Resident 1244,A-20244,2026/02/15,797844,gal,,R5,
M-1245,"1815 Oak St, Wiley, CO 81092",Resident 1245,A-20245,2026/02/15,164665,gal,,R6,
M-1246,"1822 Elm St, Wiley, CO 81092",Resident 1246,A-20246,2026/02/15,301444,gal,,R1,
M-1247,"1829 3rd Ave, Wiley, CO 81092",Resident 1247,A-20247,2026/02/15,361010,gal,,R2,
M-1248,"1836 5th St, Wiley, CO 81092",Resident 1248,A-20248,2026/02/15,346505,gal,,R3,
M-1249,"1843 Ranch Rd, Wiley, CO 81092",Resident 1249,A-20249,2026/02/15,525244,gal,,R4,
M-1250,"1850 Irrigation Ln, Wiley, CO 81092",Resident 1250,A-20250,2026/02/15,340191,gal,,R5,
M-1251,"1857 North Frontage, Wiley, CO 81092",Resident 1251,A-20251,2026/02/15,351673,gal,,R6,
M-1252,"1864 South Loop, Wiley, CO 81092",Resident 1252,A-20252,2026/02/15,339132,gal,,R1,
M-1253,"1871 Pioneer Rd, Wiley, CO 81092",Resident 1253,A-20253,2026/02/15,248240,gal,,R2,
M-1254,"1878 Cottonwood Dr, Wiley, CO 81092",Resident 1254,A-20254,2026/02/15,394090,gal,,R3,
M-1255,"1885 Sand Creek Rd, Wiley, CO 81092",Resident 1255,A-20255,2026/02/15,266292,gal,,R4,
M-1256,"1892 Prairie View, Wiley, CO 81092",Resident 1256,A-20256,2026/02/15,295231,gal,,R5,
M-1257,"1899 School House Rd, Wiley, CO 81092",Resident 1257,A-20257,2026/02/15,319778,gal,,R6,
M-1258,"1906 Cemetery Rd, Wiley, CO 81092",Resident 1258,A-20258,2026/02/15,474845,gal,,R1,
M-1259,"1913 Grain Elevator Rd, Wiley, CO 81092",Resident 1259,A-20259,2026/02/15,300532,gal,,R2,
M-1260,"1920 Main St, Wiley, CO 81092",Resident 1260,A-20260,2026/02/15,188762,gal,LOW_BATTERY,R3,
M-1261,"1927 County Rd 10, Wiley, CO 81092",Resident 1261,A-20261,2026/02/15,463290,gal,,R4,
M-1262,"1934 County Rd 14, Wiley, CO 81092",Resident 1262,A-20262,2026/02/15,402183,gal,,R5,
M-1263,"1941 Highway 287, Wiley, CO 81092",Resident 1263,A-20263,2026/02/15,323794,gal,,R6,
M-1264,"1948 Maple Ave, Wiley, CO 81092",Resident 1264,A-20264,2026/02/15,338981,gal,,R1,
M-1265,"1955 Oak St, Wiley, CO 81092",Resident 1265,A-20265,2026/02/15,420217,gal,,R2,
M-1266,"1962 Elm St, Wiley, CO 81092",Resident 1266,A-20266,2026/02/15,193599,gal,,R3,
M-1267,"1969 3rd Ave, Wiley, CO 81092",Resident 1267,A-20267,2026/02/15,321782,gal,,R4,
M-1268,"1976 5th St, Wiley, CO 81092",Resident 1268,A-20268,2026/02/15,276654,gal,,R5,
M-1269,"1983 Ranch Rd, Wiley, CO 81092",Resident 1269,A-20269,2026/02/15,288619,gal,,R6,
M-1270,"1990 Irrigation Ln, Wiley, CO 81092",Resident 1270,A-20270,2026/02/15,336417,gal,,R1,
M-1271,"1997 North Frontage, Wiley, CO 81092",Resident 1271,A-20271,2026/02/15,506503,gal,,R2,
M-1272,"2004 South Loop, Wiley, CO 81092",Resident 1272,A-20272,2026/02/15,497057,gal,,R3,
M-1273,"2011 Pioneer Rd, Wiley, CO 81092",Resident 1273,A-20273,2026/02/15,520240,gal,,R4,
M-1274,"2018 Cottonwood Dr, Wiley, CO 81092",Resident 1274,A-20274,2026/02/15,332037,gal,,R5,
M-1275,"2025 Sand Creek Rd, Wiley, CO 81092",Resident 1275,A-20275,2026/02/15,372840,gal,,R6,
M-1276,"2032 Prairie View, Wiley, CO 81092",Resident 1276,A-20276,2026/02/15,400667,gal,,R1,
M-1277,"2039 School House Rd, Wiley, CO 81092",Resident 1277,A-20277,2026/02/15,384813,gal,,R2,
M-1278,"2046 Cemetery Rd, Wiley, CO 81092",Resident 1278,A-20278,2026/02/15,232846,gal,,R3,
M-1279,"2053 Grain Elevator Rd, Wiley, CO 81092",Resident 1279,A-20279,2026/02/15,375084,gal,,R4,
M-1280,"2060 Main St, Wiley, CO 81092",Resident 1280,A-20280,2026/02/15,355064,gal,,R5,
M-1281,"2067 County Rd 10, Wiley, CO 81092",Resident 1281,A-20281,2026/02/15,283085,gal,,R6,
M-1282,"2074 County Rd 14, Wiley, CO 81092",Resident 1282,A-20282,2026/02/15,504779,gal,,R1,
M-1283,"2081 Highway 287, Wiley, CO 81092",Resident 1283,A-20283,2026/02/15,189678,gal,,R2,
M-1284,"2088 Maple Ave, Wiley, CO 81092",Resident 1284,A-20284,2026/02/15,305920,gal,,R3,
M-1285,"2095 Oak St, Wiley, CO 81092",Resident 1285,A-20285,2026/02/15,428295,gal,,R4,
M-1286,"2102 Elm St, Wiley, CO 81092",Resident 1286,A-20286,2026/02/15,509994,gal,,R5,
M-1287,"2109 3rd Ave, Wiley, CO 81092",Resident 1287,A-20287,2026/02/15,536049,gal,,R6,
M-1288,"2116 5th St, Wiley, CO 81092",Resident 1288,A-20288,2026/02/15,416217,gal,,R1,
M-1289,"2123 Ranch Rd, Wiley, CO 81092",Resident 1289,A-20289,2026/02/15,371142,gal,,R2,
M-1290,"2130 Irrigation Ln, Wiley, CO 81092",Resident 1290,A-20290,2026/02/15,236861,gal,,R3,
M-1291,"2137 North Frontage, Wiley, CO 81092",Resident 1291,A-20291,2026/02/15,316166,gal,,R4,
M-1292,"2144 South Loop, Wiley, CO 81092",Resident 1292,A-20292,2026/02/15,268550,gal,,R5,
M-1293,"2151 Pioneer Rd, Wiley, CO 81092",Resident 1293,A-20293,2026/02/15,218870,gal,,R6,
M-1294,"2158 Cottonwood Dr, Wiley, CO 81092",Resident 1294,A-20294,2026/02/15,258402,gal,,R1,
M-1295,"2165 Sand Creek Rd, Wiley, CO 81092",Resident 1295,A-20295,2026/02/15,282824,gal,,R2,
M-1296,"2172 Prairie View, Wiley, CO 81092",Resident 1296,A-20296,2026/02/15,156852,gal,,R3,
M-1297,"2179 School House Rd, Wiley, CO 81092",Resident 1297,A-20297,2026/02/15,133811,gal,,R4,
M-1298,"2186 Cemetery Rd, Wiley, CO 81092",Resident 1298,A-20298,2026/02/15,255794,gal,,R5,
M-1299,"2193 Grain Elevator Rd, Wiley, CO 81092",Resident 1299,A-20299,2026/02/15,367252,gal,,R6,
M-1300,"2200 Main St, Wiley, CO 81092",Resident 1300,A-20300,2026/02/15,442201,gal,,R1,
M-1001,"107 County Rd 10, Wiley, CO 81092",Resident 1001,A-20001,2026/03/16,474328,gal,,R2,
M-1002,"114 County Rd 14, Wiley, CO 81092",Resident 1002,A-20002,2026/03/16,348247,gal,,R3,
M-1003,"121 Highway 287, Wiley, CO 81092",Resident 1003,A-20003,2026/03/16,170609,gal,,R4,
M-1004,"128 Maple Ave, Wiley, CO 81092",Resident 1004,A-20004,2026/03/16,436487,gal,,R5,
M-1005,"135 Oak St, Wiley, CO 81092",Resident 1005,A-20005,2026/03/16,236216,gal,,R6,
M-1006,"142 Elm St, Wiley, CO 81092",Resident 1006,A-20006,2026/03/16,279190,gal,,R1,
M-1007,"149 3rd Ave, Wiley, CO 81092",Resident 1007,A-20007,2026/03/16,373930,gal,,R2,
M-1008,"156 5th St, Wiley, CO 81092",Resident 1008,A-20008,2026/03/16,246229,gal,,R3,
M-1009,"163 Ranch Rd, Wiley, CO 81092",Resident 1009,A-20009,2026/03/16,250120,gal,,R4,
M-1010,"170 Irrigation Ln, Wiley, CO 81092",Resident 1010,A-20010,2026/03/16,341957,gal,,R5,
M-1011,"177 North Frontage, Wiley, CO 81092",Resident 1011,A-20011,2026/03/16,487288,gal,,R6,
M-1012,"184 South Loop, Wiley, CO 81092",Resident 1012,A-20012,2026/03/16,259260,gal,,R1,
M-1013,"191 Pioneer Rd, Wiley, CO 81092",Resident 1013,A-20013,2026/03/16,204277,gal,,R2,
M-1014,"198 Cottonwood Dr, Wiley, CO 81092",Resident 1014,A-20014,2026/03/16,449733,gal,,R3,
M-1015,"205 Sand Creek Rd, Wiley, CO 81092",Resident 1015,A-20015,2026/03/16,475275,gal,,R4,
M-1016,"212 Prairie View, Wiley, CO 81092",Resident 1016,A-20016,2026/03/16,171080,gal,,R5,
M-1017,"219 School House Rd, Wiley, CO 81092",Resident 1017,A-20017,2026/03/16,146135,gal,,R6,
M-1018,"226 Cemetery Rd, Wiley, CO 81092",Resident 1018,A-20018,2026/03/16,223642,gal,,R1,
M-1019,"233 Grain Elevator Rd, Wiley, CO 81092",Resident 1019,A-20019,2026/03/16,195266,gal,,R2,
M-1020,"240 Main St, Wiley, CO 81092",Resident 1020,A-20020,2026/03/16,337883,gal,,R3,
M-1021,"247 County Rd 10, Wiley, CO 81092",Resident 1021,A-20021,2026/03/16,386304,gal,,R4,
M-1022,"254 County Rd 14, Wiley, CO 81092",Resident 1022,A-20022,2026/03/16,425459,gal,TAMPER,R5,
M-1023,"261 Highway 287, Wiley, CO 81092",Resident 1023,A-20023,2026/03/16,303000,gal,,R6,
M-1024,"268 Maple Ave, Wiley, CO 81092",Resident 1024,A-20024,2026/03/16,310423,gal,,R1,
M-1025,"275 Oak St, Wiley, CO 81092",Resident 1025,A-20025,2026/03/16,218202,gal,,R2,
M-1026,"282 Elm St, Wiley, CO 81092",Resident 1026,A-20026,2026/03/16,213469,gal,,R3,
M-1027,"289 3rd Ave, Wiley, CO 81092",Resident 1027,A-20027,2026/03/16,410018,gal,,R4,
M-1028,"296 5th St, Wiley, CO 81092",Resident 1028,A-20028,2026/03/16,198985,gal,,R5,
M-1029,"303 Ranch Rd, Wiley, CO 81092",Resident 1029,A-20029,2026/03/16,411857,gal,,R6,
M-1030,"310 Irrigation Ln, Wiley, CO 81092",Resident 1030,A-20030,2026/03/16,324123,gal,,R1,
M-1031,"317 North Frontage, Wiley, CO 81092",Resident 1031,A-20031,2026/03/16,401358,gal,,R2,
M-1032,"324 South Loop, Wiley, CO 81092",Resident 1032,A-20032,2026/03/16,278882,gal,,R3,
M-1033,"331 Pioneer Rd, Wiley, CO 81092",Resident 1033,A-20033,2026/03/16,767493,gal,,R4,
M-1034,"338 Cottonwood Dr, Wiley, CO 81092",Resident 1034,A-20034,2026/03/16,484233,gal,,R5,
M-1035,"345 Sand Creek Rd, Wiley, CO 81092",Resident 1035,A-20035,2026/03/16,485193,gal,,R6,
M-1036,"352 Prairie View, Wiley, CO 81092",Resident 1036,A-20036,2026/03/16,349342,gal,,R1,
M-1037,"359 School House Rd, Wiley, CO 81092",Resident 1037,A-20037,2026/03/16,299364,gal,,R2,
M-1038,"366 Cemetery Rd, Wiley, CO 81092",Resident 1038,A-20038,2026/03/16,219684,gal,,R3,
M-1039,"373 Grain Elevator Rd, Wiley, CO 81092",Resident 1039,A-20039,2026/03/16,360317,gal,,R4,
M-1040,"380 Main St, Wiley, CO 81092",Resident 1040,A-20040,2026/03/16,273868,gal,,R5,
M-1041,"387 County Rd 10, Wiley, CO 81092",Resident 1041,A-20041,2026/03/16,182134,gal,,R6,
M-1042,"394 County Rd 14, Wiley, CO 81092",Resident 1042,A-20042,2026/03/16,439953,gal,,R1,
M-1043,"401 Highway 287, Wiley, CO 81092",Resident 1043,A-20043,2026/03/16,401808,gal,,R2,
M-1044,"408 Maple Ave, Wiley, CO 81092",Resident 1044,A-20044,2026/03/16,159531,gal,,R3,
M-1045,"415 Oak St, Wiley, CO 81092",Resident 1045,A-20045,2026/03/16,386342,gal,,R4,
M-1046,"422 Elm St, Wiley, CO 81092",Resident 1046,A-20046,2026/03/16,175294,gal,,R5,
M-1047,"429 3rd Ave, Wiley, CO 81092",Resident 1047,A-20047,2026/03/16,133612,gal,,R6,
M-1048,"436 5th St, Wiley, CO 81092",Resident 1048,A-20048,2026/03/16,414647,gal,,R1,
M-1049,"443 Ranch Rd, Wiley, CO 81092",Resident 1049,A-20049,2026/03/16,404457,gal,,R2,
M-1050,"450 Irrigation Ln, Wiley, CO 81092",Resident 1050,A-20050,2026/03/16,372463,gal,,R3,
M-1051,"457 North Frontage, Wiley, CO 81092",Resident 1051,A-20051,2026/03/16,427546,gal,,R4,
M-1052,"464 South Loop, Wiley, CO 81092",Resident 1052,A-20052,2026/03/16,232407,gal,,R5,
M-1053,"471 Pioneer Rd, Wiley, CO 81092",Resident 1053,A-20053,2026/03/16,222021,gal,,R6,
M-1054,"478 Cottonwood Dr, Wiley, CO 81092",Resident 1054,A-20054,2026/03/16,403331,gal,,R1,
M-1055,"485 Sand Creek Rd, Wiley, CO 81092",Resident 1055,A-20055,2026/03/16,134500,gal,,R2,
M-1056,"492 Prairie View, Wiley, CO 81092",Resident 1056,A-20056,2026/03/16,307820,gal,,R3,
M-1057,"499 School House Rd, Wiley, CO 81092",Resident 1057,A-20057,2026/03/16,203239,gal,,R4,
M-1058,"506 Cemetery Rd, Wiley, CO 81092",Resident 1058,A-20058,2026/03/16,490852,gal,,R5,
M-1059,"513 Grain Elevator Rd, Wiley, CO 81092",Resident 1059,A-20059,2026/03/16,151227,gal,,R6,
M-1060,"520 Main St, Wiley, CO 81092",Resident 1060,A-20060,2026/03/16,279548,gal,,R1,
M-1061,"527 County Rd 10, Wiley, CO 81092",Resident 1061,A-20061,2026/03/16,318473,gal,,R2,
M-1062,"534 County Rd 14, Wiley, CO 81092",Resident 1062,A-20062,2026/03/16,243338,gal,,R3,
M-1063,"541 Highway 287, Wiley, CO 81092",Resident 1063,A-20063,2026/03/16,439444,gal,,R4,
M-1064,"548 Maple Ave, Wiley, CO 81092",Resident 1064,A-20064,2026/03/16,326304,gal,,R5,
M-1065,"555 Oak St, Wiley, CO 81092",Resident 1065,A-20065,2026/03/16,494488,gal,,R6,
M-1066,"562 Elm St, Wiley, CO 81092",Resident 1066,A-20066,2026/03/16,465901,gal,,R1,
M-1067,"569 3rd Ave, Wiley, CO 81092",Resident 1067,A-20067,2026/03/16,207551,gal,,R2,
M-1068,"576 5th St, Wiley, CO 81092",Resident 1068,A-20068,2026/03/16,447655,gal,,R3,
M-1069,"583 Ranch Rd, Wiley, CO 81092",Resident 1069,A-20069,2026/03/16,254078,gal,,R4,
M-1070,"590 Irrigation Ln, Wiley, CO 81092",Resident 1070,A-20070,2026/03/16,325200,gal,,R5,
M-1071,"597 North Frontage, Wiley, CO 81092",Resident 1071,A-20071,2026/03/16,445689,gal,,R6,
M-1072,"604 South Loop, Wiley, CO 81092",Resident 1072,A-20072,2026/03/16,511250,gal,,R1,
M-1073,"611 Pioneer Rd, Wiley, CO 81092",Resident 1073,A-20073,2026/03/16,427678,gal,,R2,
M-1074,"618 Cottonwood Dr, Wiley, CO 81092",Resident 1074,A-20074,2026/03/16,413848,gal,,R3,
M-1075,"625 Sand Creek Rd, Wiley, CO 81092",Resident 1075,A-20075,2026/03/16,272773,gal,,R4,
M-1076,"632 Prairie View, Wiley, CO 81092",New Occupant 1076,A-20076,2026/03/16,266830,gal,,R5,
M-1077,"639 School House Rd, Wiley, CO 81092",Resident 1077,A-20077,2026/03/16,217222,gal,,R6,
M-1078,"646 Cemetery Rd, Wiley, CO 81092",Resident 1078,A-20078,2026/03/16,324995,gal,,R1,
M-1079,"653 Grain Elevator Rd, Wiley, CO 81092",Resident 1079,A-20079,2026/03/16,266747,gal,,R2,
M-1080,"660 Main St, Wiley, CO 81092",Resident 1080,A-20080,2026/03/16,304287,gal,,R3,
M-1081,"667 County Rd 10, Wiley, CO 81092",Resident 1081,A-20081,2026/03/16,404774,gal,,R4,
M-1082,"674 County Rd 14, Wiley, CO 81092",Resident 1082,A-20082,2026/03/16,220643,gal,,R5,
M-1083,"681 Highway 287, Wiley, CO 81092",Resident 1083,A-20083,2026/03/16,458059,gal,,R6,
M-1084,"688 Maple Ave, Wiley, CO 81092",Resident 1084,A-20084,2026/03/16,310168,gal,,R1,
M-1085,"695 Oak St, Wiley, CO 81092",Resident 1085,A-20085,2026/03/16,389409,gal,,R2,
M-1086,"702 Elm St, Wiley, CO 81092",Resident 1086,A-20086,2026/03/16,295756,gal,,R3,
M-1087,"709 3rd Ave, Wiley, CO 81092",Resident 1087,A-20087,2026/03/16,238507,gal,,R4,
M-1088,"716 5th St, Wiley, CO 81092",Resident 1088,A-20088,2026/03/16,141659,gal,,R5,
M-1089,"723 Ranch Rd, Wiley, CO 81092",Resident 1089,A-20089,2026/03/16,664861,gal,,R6,
M-1090,"730 Irrigation Ln, Wiley, CO 81092",Resident 1090,A-20090,2026/03/16,513492,gal,,R1,
M-1091,"737 North Frontage, Wiley, CO 81092",Resident 1091,A-20091,2026/03/16,490057,gal,,R2,
M-1092,"744 South Loop, Wiley, CO 81092",Resident 1092,A-20092,2026/03/16,175452,gal,,R3,
M-1093,"751 Pioneer Rd, Wiley, CO 81092",Resident 1093,A-20093,2026/03/16,221017,gal,,R4,
M-1094,"758 Cottonwood Dr, Wiley, CO 81092",Resident 1094,A-20094,2026/03/16,492743,gal,,R5,
M-1095,"765 Sand Creek Rd, Wiley, CO 81092",Resident 1095,A-20095,2026/03/16,245988,gal,,R6,
M-1096,"772 Prairie View, Wiley, CO 81092",Resident 1096,A-20096,2026/03/16,386848,gal,,R1,
M-1097,"779 School House Rd, Wiley, CO 81092",Resident 1097,A-20097,2026/03/16,306525,gal,,R2,
M-1098,"786 Cemetery Rd, Wiley, CO 81092",Resident 1098,A-20098,2026/03/16,228118,gal,,R3,
M-1099,"793 Grain Elevator Rd, Wiley, CO 81092",Resident 1099,A-20099,2026/03/16,320587,gal,,R4,
M-1100,"800 Main St, Wiley, CO 81092",Resident 1100,A-20100,2026/03/16,227137,gal,,R5,
M-1101,"807 County Rd 10, Wiley, CO 81092",Resident 1101,A-20101,2026/03/16,324893,gal,,R6,
M-1102,"814 County Rd 14, Wiley, CO 81092",Resident 1102,A-20102,2026/03/16,380351,gal,,R1,
M-1103,"821 Highway 287, Wiley, CO 81092",Resident 1103,A-20103,2026/03/16,282939,gal,,R2,
M-1104,"828 Maple Ave, Wiley, CO 81092",Resident 1104,A-20104,2026/03/16,285294,gal,,R3,
M-1105,"835 Oak St, Wiley, CO 81092",Resident 1105,A-20105,2026/03/16,377862,gal,,R4,
M-1106,"842 Elm St, Wiley, CO 81092",Resident 1106,A-20106,2026/03/16,504119,gal,,R5,
M-1107,"849 3rd Ave, Wiley, CO 81092",Resident 1107,A-20107,2026/03/16,263104,gal,,R6,
M-1108,"856 5th St, Wiley, CO 81092",Resident 1108,A-20108,2026/03/16,451633,gal,,R1,
M-1109,"863 Ranch Rd, Wiley, CO 81092",Resident 1109,A-20109,2026/03/16,443728,gal,,R2,
M-1110,"870 Irrigation Ln, Wiley, CO 81092",Resident 1110,A-20110,2026/03/16,423806,gal,,R3,
M-1111,"877 North Frontage, Wiley, CO 81092",Resident 1111,A-20111,2026/03/16,163241,gal,,R4,
M-1112,"884 South Loop, Wiley, CO 81092",Resident 1112,A-20112,2026/03/16,423879,gal,,R5,
M-1113,"891 Pioneer Rd, Wiley, CO 81092",Resident 1113,A-20113,2026/03/16,261791,gal,,R6,
M-1114,"898 Cottonwood Dr, Wiley, CO 81092",Resident 1114,A-20114,2026/03/16,474664,gal,,R1,
M-1115,"905 Sand Creek Rd, Wiley, CO 81092",Resident 1115,A-20115,2026/03/16,240119,gal,,R2,
M-1116,"912 Prairie View, Wiley, CO 81092",Resident 1116,A-20116,2026/03/16,277037,gal,,R3,
M-1117,"919 School House Rd, Wiley, CO 81092",Resident 1117,A-20117,2026/03/16,284500,gal,,R4,
M-1118,"926 Cemetery Rd, Wiley, CO 81092",Resident 1118,A-20118,2026/03/16,186982,gal,,R5,
M-1119,"933 Grain Elevator Rd, Wiley, CO 81092",Resident 1119,A-20119,2026/03/16,255231,gal,,R6,
M-1120,"940 Main St, Wiley, CO 81092",Resident 1120,A-20120,2026/03/16,461467,gal,,R1,
M-1121,"947 County Rd 10, Wiley, CO 81092",Resident 1121,A-20121,2026/03/16,236125,gal,,R2,
M-1122,"954 County Rd 14, Wiley, CO 81092",Resident 1122,A-20122,2026/03/16,345585,gal,,R3,
M-1123,"961 Highway 287, Wiley, CO 81092",Resident 1123,A-20123,2026/03/16,318060,gal,,R4,
M-1124,"968 Maple Ave, Wiley, CO 81092",Resident 1124,A-20124,2026/03/16,434836,gal,,R5,
M-1125,"975 Oak St, Wiley, CO 81092",Resident 1125,A-20125,2026/03/16,246158,gal,,R6,
M-1126,"982 Elm St, Wiley, CO 81092",Resident 1126,A-20126,2026/03/16,296576,gal,,R1,
M-1127,"989 3rd Ave, Wiley, CO 81092",Resident 1127,A-20127,2026/03/16,241440,gal,,R2,
M-1128,"996 5th St, Wiley, CO 81092",Resident 1128,A-20128,2026/03/16,551749,gal,,R3,
M-1129,"1003 Ranch Rd, Wiley, CO 81092",Resident 1129,A-20129,2026/03/16,323754,gal,,R4,
M-1130,"1010 Irrigation Ln, Wiley, CO 81092",Resident 1130,A-20130,2026/03/16,449895,gal,,R5,
M-1131,"1017 North Frontage, Wiley, CO 81092",Resident 1131,A-20131,2026/03/16,391885,gal,,R6,
M-1132,"1024 South Loop, Wiley, CO 81092",Resident 1132,A-20132,2026/03/16,344995,gal,,R1,
M-1133,"1031 Pioneer Rd, Wiley, CO 81092",Resident 1133,A-20133,2026/03/16,209855,gal,,R2,
M-1134,"1038 Cottonwood Dr, Wiley, CO 81092",Resident 1134,A-20134,2026/03/16,209396,gal,,R3,
M-1135,"1045 Sand Creek Rd, Wiley, CO 81092",Resident 1135,A-20135,2026/03/16,518779,gal,,R4,
M-1136,"1052 Prairie View, Wiley, CO 81092",Resident 1136,A-20136,2026/03/16,383779,gal,,R5,
M-1137,"1059 School House Rd, Wiley, CO 81092",Resident 1137,A-20137,2026/03/16,298880,gal,,R6,
M-1138,"1066 Cemetery Rd, Wiley, CO 81092",Resident 1138,A-20138,2026/03/16,155267,gal,,R1,
M-1139,"1073 Grain Elevator Rd, Wiley, CO 81092",Resident 1139,A-20139,2026/03/16,117235,gal,,R2,
M-1140,"1080 Main St, Wiley, CO 81092",Resident 1140,A-20140,2026/03/16,348137,gal,TAMPER,R3,
M-1141,"1087 County Rd 10, Wiley, CO 81092",Resident 1141,A-20141,2026/03/16,242026,gal,,R4,
M-1142,"1094 County Rd 14, Wiley, CO 81092",Resident 1142,A-20142,2026/03/16,442778,gal,,R5,
M-1143,"1101 Highway 287, Wiley, CO 81092",Resident 1143,A-20143,2026/03/16,352198,gal,,R6,
M-1144,"1108 Maple Ave, Wiley, CO 81092",Resident 1144,A-20144,2026/03/16,185417,gal,,R1,
M-1145,"1115 Oak St, Wiley, CO 81092",Resident 1145,A-20145,2026/03/16,344540,gal,,R2,
M-1146,"1122 Elm St, Wiley, CO 81092",Resident 1146,A-20146,2026/03/16,407033,gal,,R3,
M-1147,"1129 3rd Ave, Wiley, CO 81092",Resident 1147,A-20147,2026/03/16,418507,gal,,R4,
M-1148,"1136 5th St, Wiley, CO 81092",Resident 1148,A-20148,2026/03/16,412656,gal,,R5,
M-1149,"1143 Ranch Rd, Wiley, CO 81092",Resident 1149,A-20149,2026/03/16,209920,gal,,R6,
M-1150,"1150 Irrigation Ln, Wiley, CO 81092",Resident 1150,A-20150,2026/03/16,223522,gal,,R1,
M-1151,"1157 North Frontage, Wiley, CO 81092",Resident 1151,A-20151,2026/03/16,231371,gal,,R2,
M-1152,"1164 South Loop, Wiley, CO 81092",Resident 1152,A-20152,2026/03/16,182528,gal,,R3,
M-1153,"1171 Pioneer Rd, Wiley, CO 81092",Resident 1153,A-20153,2026/03/16,445373,gal,,R4,
M-1154,"1178 Cottonwood Dr, Wiley, CO 81092",Resident 1154,A-20154,2026/03/16,178157,gal,,R5,
M-1155,"1185 Sand Creek Rd, Wiley, CO 81092",Resident 1155,A-20155,2026/03/16,383486,gal,,R6,
M-1156,"1192 Prairie View, Wiley, CO 81092",Resident 1156,A-20156,2026/03/16,863006,gal,,R1,
M-1157,"1199 School House Rd, Wiley, CO 81092",Resident 1157,A-20157,2026/03/16,468822,gal,,R2,
M-1158,"1206 Cemetery Rd, Wiley, CO 81092",Resident 1158,A-20158,2026/03/16,210671,gal,,R3,
M-1159,"1213 Grain Elevator Rd, Wiley, CO 81092",Resident 1159,A-20159,2026/03/16,408744,gal,,R4,
M-1160,"1220 Main St, Wiley, CO 81092",Resident 1160,A-20160,2026/03/16,162195,gal,,R5,
M-1161,"1227 County Rd 10, Wiley, CO 81092",Resident 1161,A-20161,2026/03/16,228114,gal,,R6,
M-1162,"1234 County Rd 14, Wiley, CO 81092",Resident 1162,A-20162,2026/03/16,374431,gal,,R1,
M-1163,"1241 Highway 287, Wiley, CO 81092",Resident 1163,A-20163,2026/03/16,304558,gal,,R2,
M-1164,"1248 Maple Ave, Wiley, CO 81092",Resident 1164,A-20164,2026/03/16,224501,gal,,R3,
M-1165,"1255 Oak St, Wiley, CO 81092",Resident 1165,A-20165,2026/03/16,368110,gal,,R4,
M-1166,"1262 Elm St, Wiley, CO 81092",Resident 1166,A-20166,2026/03/16,330852,gal,,R5,
M-1167,"1269 3rd Ave, Wiley, CO 81092",Resident 1167,A-20167,2026/03/16,266499,gal,,R6,
M-1168,"1276 5th St, Wiley, CO 81092",Resident 1168,A-20168,2026/03/16,566499,gal,,R1,
M-1169,"1283 Ranch Rd, Wiley, CO 81092",Resident 1169,A-20169,2026/03/16,249464,gal,,R2,
M-1170,"1290 Irrigation Ln, Wiley, CO 81092",Resident 1170,A-20170,2026/03/16,321335,gal,,R3,
M-1171,"1297 North Frontage, Wiley, CO 81092",Resident 1171,A-20171,2026/03/16,406961,gal,,R4,
M-1172,"1304 South Loop, Wiley, CO 81092",Resident 1172,A-20172,2026/03/16,350204,gal,,R5,
M-1173,"1311 Pioneer Rd, Wiley, CO 81092",Resident 1173,A-20173,2026/03/16,493019,gal,,R6,
M-1174,"1318 Cottonwood Dr, Wiley, CO 81092",Resident 1174,A-20174,2026/03/16,199936,gal,,R1,
M-1175,"1325 Sand Creek Rd, Wiley, CO 81092",Resident 1175,A-20175,2026/03/16,288563,gal,,R2,
M-1176,"1332 Prairie View, Wiley, CO 81092",Resident 1176,A-20176,2026/03/16,179983,gal,,R3,
M-1177,"1339 School House Rd, Wiley, CO 81092",Resident 1177,A-20177,2026/03/16,306553,gal,,R4,
M-1178,"1346 Cemetery Rd, Wiley, CO 81092",Resident 1178,A-20178,2026/03/16,434651,gal,,R5,
M-1179,"1353 Grain Elevator Rd, Wiley, CO 81092",Resident 1179,A-20179,2026/03/16,152632,gal,,R6,
M-1180,"1360 Main St, Wiley, CO 81092",Resident 1180,A-20180,2026/03/16,269211,gal,,R1,
M-1181,"1367 County Rd 10, Wiley, CO 81092",Resident 1181,A-20181,2026/03/16,389584,gal,,R2,
M-1182,"1374 County Rd 14, Wiley, CO 81092",Resident 1182,A-20182,2026/03/16,338225,gal,,R3,
M-1183,"1381 Highway 287, Wiley, CO 81092",Resident 1183,A-20183,2026/03/16,308807,gal,,R4,
M-1184,"1388 Maple Ave, Wiley, CO 81092",Resident 1184,A-20184,2026/03/16,250942,gal,,R5,
M-1185,"1395 Oak St, Wiley, CO 81092",Resident 1185,A-20185,2026/03/16,277305,gal,,R6,
M-1186,"1402 Elm St, Wiley, CO 81092",Resident 1186,A-20186,2026/03/16,200763,gal,,R1,
M-1187,"1409 3rd Ave, Wiley, CO 81092",Resident 1187,A-20187,2026/03/16,403094,gal,,R2,
M-1188,"1416 5th St, Wiley, CO 81092",Resident 1188,A-20188,2026/03/16,193375,gal,,R3,
M-1189,"1423 Ranch Rd, Wiley, CO 81092",Resident 1189,A-20189,2026/03/16,437697,gal,,R4,
M-1190,"1430 Irrigation Ln, Wiley, CO 81092",Resident 1190,A-20190,2026/03/16,242337,gal,,R5,
M-1191,"1437 North Frontage, Wiley, CO 81092",New Occupant 1191,A-20191,2026/03/16,221545,gal,,R6,
M-1192,"1444 South Loop, Wiley, CO 81092",Resident 1192,A-20192,2026/03/16,396954,gal,,R1,
M-1193,"1451 Pioneer Rd, Wiley, CO 81092",Resident 1193,A-20193,2026/03/16,398893,gal,,R2,
M-1194,"1458 Cottonwood Dr, Wiley, CO 81092",Resident 1194,A-20194,2026/03/16,282350,gal,,R3,
M-1195,"1465 Sand Creek Rd, Wiley, CO 81092",Resident 1195,A-20195,2026/03/16,302868,gal,,R4,
M-1196,"1472 Prairie View, Wiley, CO 81092",Resident 1196,A-20196,2026/03/16,300316,gal,,R5,
M-1197,"1479 School House Rd, Wiley, CO 81092",Resident 1197,A-20197,2026/03/16,106247,gal,,R6,
M-1198,"1486 Cemetery Rd, Wiley, CO 81092",Resident 1198,A-20198,2026/03/16,540097,gal,,R1,
M-1199,"1493 Grain Elevator Rd, Wiley, CO 81092",Resident 1199,A-20199,2026/03/16,249661,gal,,R2,
M-1200,"1500 Main St, Wiley, CO 81092",Resident 1200,A-20200,2026/03/16,380776,gal,,R3,
M-1201,"1507 County Rd 10, Wiley, CO 81092",Resident 1201,A-20201,2026/03/16,268546,gal,,R4,
M-1202,"1514 County Rd 14, Wiley, CO 81092",Resident 1202,A-20202,2026/03/16,257625,gal,,R5,
M-1203,"1521 Highway 287, Wiley, CO 81092",Resident 1203,A-20203,2026/03/16,183866,gal,,R6,
M-1204,"1528 Maple Ave, Wiley, CO 81092",Resident 1204,A-20204,2026/03/16,288109,gal,,R1,
M-1205,"1535 Oak St, Wiley, CO 81092",Resident 1205,A-20205,2026/03/16,317908,gal,,R2,
M-1206,"1542 Elm St, Wiley, CO 81092",Resident 1206,A-20206,2026/03/16,439118,gal,,R3,
M-1207,"1549 3rd Ave, Wiley, CO 81092",Resident 1207,A-20207,2026/03/16,403027,gal,,R4,
M-1208,"1556 5th St, Wiley, CO 81092",Resident 1208,A-20208,2026/03/16,393051,gal,,R5,
M-1209,"1563 Ranch Rd, Wiley, CO 81092",Resident 1209,A-20209,2026/03/16,385411,gal,,R6,
M-1210,"1570 Irrigation Ln, Wiley, CO 81092",Resident 1210,A-20210,2026/03/16,280937,gal,,R1,
M-1211,"1577 North Frontage, Wiley, CO 81092",Resident 1211,A-20211,2026/03/16,229775,gal,,R2,
M-1212,"1584 South Loop, Wiley, CO 81092",Resident 1212,A-20212,2026/03/16,234095,gal,,R3,
M-1213,"1591 Pioneer Rd, Wiley, CO 81092",Resident 1213,A-20213,2026/03/16,242100,gal,,R4,
M-1214,"1598 Cottonwood Dr, Wiley, CO 81092",Resident 1214,A-20214,2026/03/16,310268,gal,,R5,
M-1215,"1605 Sand Creek Rd, Wiley, CO 81092",Resident 1215,A-20215,2026/03/16,484597,gal,,R6,
M-1216,"1612 Prairie View, Wiley, CO 81092",Resident 1216,A-20216,2026/03/16,352947,gal,,R1,
M-1217,"1619 School House Rd, Wiley, CO 81092",Resident 1217,A-20217,2026/03/16,134664,gal,,R2,
M-1218,"1626 Cemetery Rd, Wiley, CO 81092",Resident 1218,A-20218,2026/03/16,168447,gal,,R3,
M-1219,"1633 Grain Elevator Rd, Wiley, CO 81092",Resident 1219,A-20219,2026/03/16,510046,gal,,R4,
M-1220,"1640 Main St, Wiley, CO 81092",Resident 1220,A-20220,2026/03/16,394759,gal,,R5,
M-1221,"1647 County Rd 10, Wiley, CO 81092",Resident 1221,A-20221,2026/03/16,362936,gal,,R6,
M-1222,"1654 County Rd 14, Wiley, CO 81092",Resident 1222,A-20222,2026/03/16,284983,gal,,R1,
M-1223,"1661 Highway 287, Wiley, CO 81092",Resident 1223,A-20223,2026/03/16,363148,gal,,R2,
M-1224,"1668 Maple Ave, Wiley, CO 81092",Resident 1224,A-20224,2026/03/16,497919,gal,,R3,
M-1225,"1675 Oak St, Wiley, CO 81092",Resident 1225,A-20225,2026/03/16,458520,gal,,R4,
M-1226,"1682 Elm St, Wiley, CO 81092",Resident 1226,A-20226,2026/03/16,220777,gal,,R5,
M-1227,"1689 3rd Ave, Wiley, CO 81092",Resident 1227,A-20227,2026/03/16,327559,gal,,R6,
M-1228,"1696 5th St, Wiley, CO 81092",Resident 1228,A-20228,2026/03/16,486176,gal,,R1,
M-1229,"1703 Ranch Rd, Wiley, CO 81092",Resident 1229,A-20229,2026/03/16,318368,gal,,R2,
M-1230,"1710 Irrigation Ln, Wiley, CO 81092",Resident 1230,A-20230,2026/03/16,349982,gal,,R3,
M-1231,"1717 North Frontage, Wiley, CO 81092",Resident 1231,A-20231,2026/03/16,229048,gal,,R4,
M-1232,"1724 South Loop, Wiley, CO 81092",Resident 1232,A-20232,2026/03/16,355819,gal,,R5,
M-1233,"1731 Pioneer Rd, Wiley, CO 81092",Resident 1233,A-20233,2026/03/16,209653,gal,,R6,
M-1234,"1738 Cottonwood Dr, Wiley, CO 81092",Resident 1234,A-20234,2026/03/16,416702,gal,,R1,
M-1235,"1745 Sand Creek Rd, Wiley, CO 81092",Resident 1235,A-20235,2026/03/16,444322,gal,,R2,
M-1236,"1752 Prairie View, Wiley, CO 81092",Resident 1236,A-20236,2026/03/16,306765,gal,,R3,
M-1237,"1759 School House Rd, Wiley, CO 81092",Resident 1237,A-20237,2026/03/16,394919,gal,,R4,
M-1238,"1766 Cemetery Rd, Wiley, CO 81092",Resident 1238,A-20238,2026/03/16,381518,gal,,R5,
M-1239,"1773 Grain Elevator Rd, Wiley, CO 81092",Resident 1239,A-20239,2026/03/16,200351,gal,,R6,
M-1240,"1780 Main St, Wiley, CO 81092",Resident 1240,A-20240,2026/03/16,529205,gal,,R1,
M-1241,"1787 County Rd 10, Wiley, CO 81092",Resident 1241,A-20241,2026/03/16,339795,gal,,R2,
M-1242,"1794 County Rd 14, Wiley, CO 81092",Resident 1242,A-20242,2026/03/16,440398,gal,,R3,
M-1243,"1801 Highway 287, Wiley, CO 81092",Resident 1243,A-20243,2026/03/16,298726,gal,,R4,
M-1244,"1808 Maple Ave, Wiley, CO 81092",Resident 1244,A-20244,2026/03/16,816632,gal,,R5,
M-1245,"1815 Oak St, Wiley, CO 81092",Resident 1245,A-20245,2026/03/16,167713,gal,,R6,
M-1246,"1822 Elm St, Wiley, CO 81092",Resident 1246,A-20246,2026/03/16,306135,gal,,R1,
M-1247,"1829 3rd Ave, Wiley, CO 81092",Resident 1247,A-20247,2026/03/16,363238,gal,,R2,
M-1248,"1836 5th St, Wiley, CO 81092",Resident 1248,A-20248,2026/03/16,352605,gal,,R3,
M-1249,"1843 Ranch Rd, Wiley, CO 81092",Resident 1249,A-20249,2026/03/16,532900,gal,,R4,
M-1250,"1850 Irrigation Ln, Wiley, CO 81092",Resident 1250,A-20250,2026/03/16,344762,gal,,R5,
M-1251,"1857 North Frontage, Wiley, CO 81092",Resident 1251,A-20251,2026/03/16,359054,gal,,R6,
M-1252,"1864 South Loop, Wiley, CO 81092",Resident 1252,A-20252,2026/03/16,343599,gal,,R1,
M-1253,"1871 Pioneer Rd, Wiley, CO 81092",Resident 1253,A-20253,2026/03/16,250428,gal,,R2,
M-1254,"1878 Cottonwood Dr, Wiley, CO 81092",Resident 1254,A-20254,2026/03/16,397154,gal,,R3,
M-1255,"1885 Sand Creek Rd, Wiley, CO 81092",Resident 1255,A-20255,2026/03/16,275112,gal,,R4,
M-1256,"1892 Prairie View, Wiley, CO 81092",Resident 1256,A-20256,2026/03/16,302016,gal,,R5,
M-1257,"1899 School House Rd, Wiley, CO 81092",Resident 1257,A-20257,2026/03/16,322517,gal,,R6,
M-1258,"1906 Cemetery Rd, Wiley, CO 81092",Resident 1258,A-20258,2026/03/16,478920,gal,,R1,
M-1259,"1913 Grain Elevator Rd, Wiley, CO 81092",Resident 1259,A-20259,2026/03/16,302970,gal,,R2,
M-1260,"1920 Main St, Wiley, CO 81092",Resident 1260,A-20260,2026/03/16,191340,gal,REVERSE_FLOW,R3,
M-1261,"1927 County Rd 10, Wiley, CO 81092",Resident 1261,A-20261,2026/03/16,468857,gal,,R4,
M-1262,"1934 County Rd 14, Wiley, CO 81092",Resident 1262,A-20262,2026/03/16,405322,gal,,R5,
M-1263,"1941 Highway 287, Wiley, CO 81092",Resident 1263,A-20263,2026/03/16,329727,gal,,R6,
M-1264,"1948 Maple Ave, Wiley, CO 81092",Resident 1264,A-20264,2026/03/16,343608,gal,,R1,
M-1265,"1955 Oak St, Wiley, CO 81092",Resident 1265,A-20265,2026/03/16,424345,gal,,R2,
M-1266,"1962 Elm St, Wiley, CO 81092",Resident 1266,A-20266,2026/03/16,200408,gal,,R3,
M-1267,"1969 3rd Ave, Wiley, CO 81092",Resident 1267,A-20267,2026/03/16,328526,gal,,R4,
M-1268,"1976 5th St, Wiley, CO 81092",Resident 1268,A-20268,2026/03/16,280406,gal,,R5,
M-1269,"1983 Ranch Rd, Wiley, CO 81092",Resident 1269,A-20269,2026/03/16,295403,gal,,R6,
M-1270,"1990 Irrigation Ln, Wiley, CO 81092",Resident 1270,A-20270,2026/03/16,339591,gal,,R1,
M-1271,"1997 North Frontage, Wiley, CO 81092",Resident 1271,A-20271,2026/03/16,506503,gal,,R2,
M-1272,"2004 South Loop, Wiley, CO 81092",Resident 1272,A-20272,2026/03/16,503389,gal,,R3,
M-1273,"2011 Pioneer Rd, Wiley, CO 81092",Resident 1273,A-20273,2026/03/16,526999,gal,,R4,
M-1274,"2018 Cottonwood Dr, Wiley, CO 81092",Resident 1274,A-20274,2026/03/16,337461,gal,,R5,
M-1275,"2025 Sand Creek Rd, Wiley, CO 81092",Resident 1275,A-20275,2026/03/16,376621,gal,,R6,
M-1276,"2032 Prairie View, Wiley, CO 81092",Resident 1276,A-20276,2026/03/16,407597,gal,,R1,
M-1277,"2039 School House Rd, Wiley, CO 81092",Resident 1277,A-20277,2026/03/16,390246,gal,,R2,
M-1278,"2046 Cemetery Rd, Wiley, CO 81092",Resident 1278,A-20278,2026/03/16,236327,gal,,R3,
M-1279,"2053 Grain Elevator Rd, Wiley, CO 81092",Resident 1279,A-20279,2026/03/16,378135,gal,,R4,
M-1280,"2060 Main St, Wiley, CO 81092",Resident 1280,A-20280,2026/03/16,358049,gal,,R5,
M-1281,"2067 County Rd 10, Wiley, CO 81092",Resident 1281,A-20281,2026/03/16,290397,gal,,R6,
M-1282,"2074 County Rd 14, Wiley, CO 81092",Resident 1282,A-20282,2026/03/16,511281,gal,,R1,
M-1283,"2081 Highway 287, Wiley, CO 81092",Resident 1283,A-20283,2026/03/16,194499,gal,,R2,
M-1284,"2088 Maple Ave, Wiley, CO 81092",Resident 1284,A-20284,2026/03/16,311459,gal,,R3,
M-1285,"2095 Oak St, Wiley, CO 81092",Resident 1285,A-20285,2026/03/16,434167,gal,,R4,
M-1286,"2102 Elm St, Wiley, CO 81092",Resident 1286,A-20286,2026/03/16,516856,gal,,R5,
M-1287,"2109 3rd Ave, Wiley, CO 81092",Resident 1287,A-20287,2026/03/16,545151,gal,,R6,
M-1288,"2116 5th St, Wiley, CO 81092",Resident 1288,A-20288,2026/03/16,419206,gal,,R1,
M-1289,"2123 Ranch Rd, Wiley, CO 81092",Resident 1289,A-20289,2026/03/16,378540,gal,,R2,
M-1290,"2130 Irrigation Ln, Wiley, CO 81092",Resident 1290,A-20290,2026/03/16,244902,gal,,R3,
M-1291,"2137 North Frontage, Wiley, CO 81092",Resident 1291,A-20291,2026/03/16,324381,gal,,R4,
M-1292,"2144 South Loop, Wiley, CO 81092",Resident 1292,A-20292,2026/03/16,271124,gal,,R5,
M-1293,"2151 Pioneer Rd, Wiley, CO 81092",Resident 1293,A-20293,2026/03/16,221943,gal,,R6,
M-1294,"2158 Cottonwood Dr, Wiley, CO 81092",Resident 1294,A-20294,2026/03/16,264074,gal,,R1,
M-1295,"2165 Sand Creek Rd, Wiley, CO 81092",Resident 1295,A-20295,2026/03/16,291825,gal,,R2,
M-1296,"2172 Prairie View, Wiley, CO 81092",Resident 1296,A-20296,2026/03/16,162073,gal,,R3,
M-1297,"2179 School House Rd, Wiley, CO 81092",Resident 1297,A-20297,2026/03/16,137315,gal,,R4,
M-1298,"2186 Cemetery Rd, Wiley, CO 81092",Resident 1298,A-20298,2026/03/16,260272,gal,,R5,
M-1299,"2193 Grain Elevator Rd, Wiley, CO 81092",Resident 1299,A-20299,2026/03/16,371347,gal,,R6,
M-1300,"2200 Main St, Wiley, CO 81092",Resident 1300,A-20300,2026/03/16,445665,gal,,R1,
M-1001,"107 County Rd 10, Wiley, CO 81092",Resident 1001,A-20001,2026/04/12,481883,gal,,R2,
M-1002,"114 County Rd 14, Wiley, CO 81092",Resident 1002,A-20002,2026/04/12,351180,gal,,R3,
M-1003,"121 Highway 287, Wiley, CO 81092",Resident 1003,A-20003,2026/04/12,173343,gal,,R4,
M-1004,"128 Maple Ave, Wiley, CO 81092",Resident 1004,A-20004,2026/04/12,444420,gal,,R5,
M-1005,"135 Oak St, Wiley, CO 81092",Resident 1005,A-20005,2026/04/12,241086,gal,,R6,
M-1006,"142 Elm St, Wiley, CO 81092",Resident 1006,A-20006,2026/04/12,282919,gal,,R1,
M-1007,"149 3rd Ave, Wiley, CO 81092",Resident 1007,A-20007,2026/04/12,378401,gal,,R2,
M-1008,"156 5th St, Wiley, CO 81092",Resident 1008,A-20008,2026/04/12,249930,gal,,R3,
M-1009,"163 Ranch Rd, Wiley, CO 81092",Resident 1009,A-20009,2026/04/12,258077,gal,,R4,
M-1010,"170 Irrigation Ln, Wiley, CO 81092",Resident 1010,A-20010,2026/04/12,345369,gal,,R5,
M-1011,"177 North Frontage, Wiley, CO 81092",Resident 1011,A-20011,2026/04/12,494782,gal,,R6,
M-1012,"184 South Loop, Wiley, CO 81092",Resident 1012,A-20012,2026/04/12,259260,gal,,R1,
M-1013,"191 Pioneer Rd, Wiley, CO 81092",Resident 1013,A-20013,2026/04/12,210455,gal,,R2,
M-1014,"198 Cottonwood Dr, Wiley, CO 81092",Resident 1014,A-20014,2026/04/12,452287,gal,,R3,
M-1015,"205 Sand Creek Rd, Wiley, CO 81092",Resident 1015,A-20015,2026/04/12,482993,gal,,R4,
M-1016,"212 Prairie View, Wiley, CO 81092",Resident 1016,A-20016,2026/04/12,176287,gal,,R5,
M-1017,"219 School House Rd, Wiley, CO 81092",Resident 1017,A-20017,2026/04/12,148381,gal,,R6,
M-1018,"226 Cemetery Rd, Wiley, CO 81092",Resident 1018,A-20018,2026/04/12,226372,gal,,R1,
M-1019,"233 Grain Elevator Rd, Wiley, CO 81092",Resident 1019,A-20019,2026/04/12,198603,gal,,R2,
M-1020,"240 Main St, Wiley, CO 81092",Resident 1020,A-20020,2026/04/12,342031,gal,,R3,
M-1021,"247 County Rd 10, Wiley, CO 81092",Resident 1021,A-20021,2026/04/12,390876,gal,,R4,
M-1022,"254 County Rd 14, Wiley, CO 81092",Resident 1022,A-20022,2026/04/12,432305,gal,TAMPER,R5,
M-1023,"261 Highway 287, Wiley, CO 81092",Resident 1023,A-20023,2026/04/12,310749,gal,,R6,
M-1024,"268 Maple Ave, Wiley, CO 81092",Resident 1024,A-20024,2026/04/12,312676,gal,,R1,
M-1025,"275 Oak St, Wiley, CO 81092",Resident 1025,A-20025,2026/04/12,224142,gal,,R2,
M-1026,"282 Elm St, Wiley, CO 81092",Resident 1026,A-20026,2026/04/12,217617,gal,,R3,
M-1027,"289 3rd Ave, Wiley, CO 81092",Resident 1027,A-20027,2026/04/12,418062,gal,,R4,
M-1028,"296 5th St, Wiley, CO 81092",Resident 1028,A-20028,2026/04/12,207042,gal,,R5,
M-1029,"303 Ranch Rd, Wiley, CO 81092",Resident 1029,A-20029,2026/04/12,420818,gal,,R6,
M-1030,"310 Irrigation Ln, Wiley, CO 81092",Resident 1030,A-20030,2026/04/12,330452,gal,,R1,
M-1031,"317 North Frontage, Wiley, CO 81092",Resident 1031,A-20031,2026/04/12,406862,gal,,R2,
M-1032,"324 South Loop, Wiley, CO 81092",Resident 1032,A-20032,2026/04/12,283389,gal,,R3,
M-1033,"331 Pioneer Rd, Wiley, CO 81092",Resident 1033,A-20033,2026/04/12,789811,gal,,R4,
M-1034,"338 Cottonwood Dr, Wiley, CO 81092",Resident 1034,A-20034,2026/04/12,490543,gal,,R5,
M-1035,"345 Sand Creek Rd, Wiley, CO 81092",Resident 1035,A-20035,2026/04/12,489349,gal,,R6,
M-1036,"352 Prairie View, Wiley, CO 81092",Resident 1036,A-20036,2026/04/12,351301,gal,,R1,
M-1037,"359 School House Rd, Wiley, CO 81092",Resident 1037,A-20037,2026/04/12,307580,gal,,R2,
M-1038,"366 Cemetery Rd, Wiley, CO 81092",Resident 1038,A-20038,2026/04/12,223432,gal,,R3,
M-1039,"373 Grain Elevator Rd, Wiley, CO 81092",Resident 1039,A-20039,2026/04/12,368349,gal,,R4,
M-1040,"380 Main St, Wiley, CO 81092",Resident 1040,A-20040,2026/04/12,279235,gal,,R5,
M-1041,"387 County Rd 10, Wiley, CO 81092",Resident 1041,A-20041,2026/04/12,187413,gal,,R6,
M-1042,"394 County Rd 14, Wiley, CO 81092",Resident 1042,A-20042,2026/04/12,444780,gal,,R1,
M-1043,"401 Highway 287, Wiley, CO 81092",Resident 1043,A-20043,2026/04/12,405428,gal,,R2,
M-1044,"408 Maple Ave, Wiley, CO 81092",Resident 1044,A-20044,2026/04/12,163117,gal,,R3,
M-1045,"415 Oak St, Wiley, CO 81092",Resident 1045,A-20045,2026/04/12,394652,gal,,R4,
M-1046,"422 Elm St, Wiley, CO 81092",Resident 1046,A-20046,2026/04/12,180460,gal,,R5,
M-1047,"429 3rd Ave, Wiley, CO 81092",Resident 1047,A-20047,2026/04/12,133612,gal,,R6,
M-1048,"436 5th St, Wiley, CO 81092",Resident 1048,A-20048,2026/04/12,417339,gal,,R1,
M-1049,"443 Ranch Rd, Wiley, CO 81092",Resident 1049,A-20049,2026/04/12,409459,gal,,R2,
M-1050,"450 Irrigation Ln, Wiley, CO 81092",Resident 1050,A-20050,2026/04/12,375523,gal,,R3,
M-1051,"457 North Frontage, Wiley, CO 81092",Resident 1051,A-20051,2026/04/12,432085,gal,,R4,
M-1052,"464 South Loop, Wiley, CO 81092",Resident 1052,A-20052,2026/04/12,237047,gal,,R5,
M-1053,"471 Pioneer Rd, Wiley, CO 81092",Resident 1053,A-20053,2026/04/12,229623,gal,,R6,
M-1054,"478 Cottonwood Dr, Wiley, CO 81092",Resident 1054,A-20054,2026/04/12,408047,gal,,R1,
M-1055,"485 Sand Creek Rd, Wiley, CO 81092",Resident 1055,A-20055,2026/04/12,137169,gal,,R2,
M-1056,"492 Prairie View, Wiley, CO 81092",Resident 1056,A-20056,2026/04/12,315089,gal,,R3,
M-1057,"499 School House Rd, Wiley, CO 81092",Resident 1057,A-20057,2026/04/12,209370,gal,,R4,
M-1058,"506 Cemetery Rd, Wiley, CO 81092",Resident 1058,A-20058,2026/04/12,497266,gal,,R5,
M-1059,"513 Grain Elevator Rd, Wiley, CO 81092",Resident 1059,A-20059,2026/04/12,154873,gal,,R6,
M-1060,"520 Main St, Wiley, CO 81092",Resident 1060,A-20060,2026/04/12,284770,gal,,R1,
M-1061,"527 County Rd 10, Wiley, CO 81092",Resident 1061,A-20061,2026/04/12,321636,gal,,R2,
M-1062,"534 County Rd 14, Wiley, CO 81092",Resident 1062,A-20062,2026/04/12,249320,gal,,R3,
M-1063,"541 Highway 287, Wiley, CO 81092",Resident 1063,A-20063,2026/04/12,443594,gal,,R4,
M-1064,"548 Maple Ave, Wiley, CO 81092",Resident 1064,A-20064,2026/04/12,333858,gal,,R5,
M-1065,"555 Oak St, Wiley, CO 81092",Resident 1065,A-20065,2026/04/12,501378,gal,,R6,
M-1066,"562 Elm St, Wiley, CO 81092",Resident 1066,A-20066,2026/04/12,470725,gal,,R1,
M-1067,"569 3rd Ave, Wiley, CO 81092",Resident 1067,A-20067,2026/04/12,213616,gal,,R2,
M-1068,"576 5th St, Wiley, CO 81092",Resident 1068,A-20068,2026/04/12,451280,gal,,R3,
M-1069,"583 Ranch Rd, Wiley, CO 81092",Resident 1069,A-20069,2026/04/12,261794,gal,,R4,
M-1070,"590 Irrigation Ln, Wiley, CO 81092",Resident 1070,A-20070,2026/04/12,327867,gal,,R5,
M-1071,"597 North Frontage, Wiley, CO 81092",Resident 1071,A-20071,2026/04/12,448522,gal,,R6,
M-1072,"604 South Loop, Wiley, CO 81092",Resident 1072,A-20072,2026/04/12,519027,gal,,R1,
M-1073,"611 Pioneer Rd, Wiley, CO 81092",Resident 1073,A-20073,2026/04/12,431159,gal,,R2,
M-1074,"618 Cottonwood Dr, Wiley, CO 81092",Resident 1074,A-20074,2026/04/12,417763,gal,,R3,
M-1075,"625 Sand Creek Rd, Wiley, CO 81092",Resident 1075,A-20075,2026/04/12,275676,gal,,R4,
M-1076,"632 Prairie View, Wiley, CO 81092",New Occupant 1076,A-20076,2026/04/12,271074,gal,,R5,
M-1077,"639 School House Rd, Wiley, CO 81092",Resident 1077,A-20077,2026/04/12,220002,gal,,R6,
M-1078,"646 Cemetery Rd, Wiley, CO 81092",Resident 1078,A-20078,2026/04/12,329652,gal,,R1,
M-1079,"653 Grain Elevator Rd, Wiley, CO 81092",Resident 1079,A-20079,2026/04/12,271173,gal,,R2,
M-1080,"660 Main St, Wiley, CO 81092",Resident 1080,A-20080,2026/04/12,309778,gal,,R3,
M-1081,"667 County Rd 10, Wiley, CO 81092",Resident 1081,A-20081,2026/04/12,412962,gal,,R4,
M-1082,"674 County Rd 14, Wiley, CO 81092",Resident 1082,A-20082,2026/04/12,225130,gal,,R5,
M-1083,"681 Highway 287, Wiley, CO 81092",Resident 1083,A-20083,2026/04/12,461716,gal,,R6,
M-1084,"688 Maple Ave, Wiley, CO 81092",Resident 1084,A-20084,2026/04/12,315557,gal,,R1,
M-1085,"695 Oak St, Wiley, CO 81092",Resident 1085,A-20085,2026/04/12,393981,gal,,R2,
M-1086,"702 Elm St, Wiley, CO 81092",Resident 1086,A-20086,2026/04/12,300210,gal,,R3,
M-1087,"709 3rd Ave, Wiley, CO 81092",Resident 1087,A-20087,2026/04/12,245435,gal,,R4,
M-1088,"716 5th St, Wiley, CO 81092",Resident 1088,A-20088,2026/04/12,146134,gal,,R5,
M-1089,"723 Ranch Rd, Wiley, CO 81092",Resident 1089,A-20089,2026/04/12,681235,gal,,R6,
M-1090,"730 Irrigation Ln, Wiley, CO 81092",Resident 1090,A-20090,2026/04/12,520737,gal,,R1,
M-1091,"737 North Frontage, Wiley, CO 81092",Resident 1091,A-20091,2026/04/12,498064,gal,,R2,
M-1092,"744 South Loop, Wiley, CO 81092",Resident 1092,A-20092,2026/04/12,179515,gal,,R3,
M-1093,"751 Pioneer Rd, Wiley, CO 81092",Resident 1093,A-20093,2026/04/12,228237,gal,,R4,
M-1094,"758 Cottonwood Dr, Wiley, CO 81092",Resident 1094,A-20094,2026/04/12,500901,gal,,R5,
M-1095,"765 Sand Creek Rd, Wiley, CO 81092",Resident 1095,A-20095,2026/04/12,249845,gal,,R6,
M-1096,"772 Prairie View, Wiley, CO 81092",Resident 1096,A-20096,2026/04/12,390070,gal,,R1,
M-1097,"779 School House Rd, Wiley, CO 81092",Resident 1097,A-20097,2026/04/12,313312,gal,,R2,
M-1098,"786 Cemetery Rd, Wiley, CO 81092",Resident 1098,A-20098,2026/04/12,233925,gal,,R3,
M-1099,"793 Grain Elevator Rd, Wiley, CO 81092",Resident 1099,A-20099,2026/04/12,324688,gal,,R4,
M-1100,"800 Main St, Wiley, CO 81092",Resident 1100,A-20100,2026/04/12,235129,gal,,R5,
M-1101,"807 County Rd 10, Wiley, CO 81092",Resident 1101,A-20101,2026/04/12,332452,gal,,R6,
M-1102,"814 County Rd 14, Wiley, CO 81092",Resident 1102,A-20102,2026/04/12,386973,gal,,R1,
M-1103,"821 Highway 287, Wiley, CO 81092",Resident 1103,A-20103,2026/04/12,286586,gal,,R2,
M-1104,"828 Maple Ave, Wiley, CO 81092",Resident 1104,A-20104,2026/04/12,292435,gal,,R3,
M-1105,"835 Oak St, Wiley, CO 81092",Resident 1105,A-20105,2026/04/12,383190,gal,,R4,
M-1106,"842 Elm St, Wiley, CO 81092",Resident 1106,A-20106,2026/04/12,513190,gal,,R5,
M-1107,"849 3rd Ave, Wiley, CO 81092",Resident 1107,A-20107,2026/04/12,265514,gal,,R6,
M-1108,"856 5th St, Wiley, CO 81092",Resident 1108,A-20108,2026/04/12,455318,gal,,R1,
M-1109,"863 Ranch Rd, Wiley, CO 81092",Resident 1109,A-20109,2026/04/12,446406,gal,,R2,
M-1110,"870 Irrigation Ln, Wiley, CO 81092",Resident 1110,A-20110,2026/04/12,427913,gal,,R3,
M-1111,"877 North Frontage, Wiley, CO 81092",Resident 1111,A-20111,2026/04/12,169510,gal,,R4,
M-1112,"884 South Loop, Wiley, CO 81092",Resident 1112,A-20112,2026/04/12,427923,gal,,R5,
M-1113,"891 Pioneer Rd, Wiley, CO 81092",Resident 1113,A-20113,2026/04/12,264492,gal,,R6,
M-1114,"898 Cottonwood Dr, Wiley, CO 81092",Resident 1114,A-20114,2026/04/12,478295,gal,,R1,
M-1115,"905 Sand Creek Rd, Wiley, CO 81092",Resident 1115,A-20115,2026/04/12,247135,gal,,R2,
M-1116,"912 Prairie View, Wiley, CO 81092",Resident 1116,A-20116,2026/04/12,285474,gal,,R3,
M-1117,"919 School House Rd, Wiley, CO 81092",Resident 1117,A-20117,2026/04/12,288683,gal,,R4,
M-1118,"926 Cemetery Rd, Wiley, CO 81092",Resident 1118,A-20118,2026/04/12,186982,gal,,R5,
M-1119,"933 Grain Elevator Rd, Wiley, CO 81092",Resident 1119,A-20119,2026/04/12,263643,gal,,R6,
M-1120,"940 Main St, Wiley, CO 81092",Resident 1120,A-20120,2026/04/12,468651,gal,,R1,
M-1121,"947 County Rd 10, Wiley, CO 81092",Resident 1121,A-20121,2026/04/12,241398,gal,,R2,
M-1122,"954 County Rd 14, Wiley, CO 81092",Resident 1122,A-20122,2026/04/12,352406,gal,,R3,
M-1123,"961 Highway 287, Wiley, CO 81092",Resident 1123,A-20123,2026/04/12,323809,gal,,R4,
M-1124,"968 Maple Ave, Wiley, CO 81092",Resident 1124,A-20124,2026/04/12,438128,gal,,R5,
M-1125,"975 Oak St, Wiley, CO 81092",Resident 1125,A-20125,2026/04/12,250654,gal,,R6,
M-1126,"982 Elm St, Wiley, CO 81092",Resident 1126,A-20126,2026/04/12,299490,gal,,R1,
M-1127,"989 3rd Ave, Wiley, CO 81092",Resident 1127,A-20127,2026/04/12,245732,gal,,R2,
M-1128,"996 5th St, Wiley, CO 81092",Resident 1128,A-20128,2026/04/12,558935,gal,,R3,
M-1129,"1003 Ranch Rd, Wiley, CO 81092",Resident 1129,A-20129,2026/04/12,331431,gal,,R4,
M-1130,"1010 Irrigation Ln, Wiley, CO 81092",Resident 1130,A-20130,2026/04/12,456452,gal,,R5,
M-1131,"1017 North Frontage, Wiley, CO 81092",Resident 1131,A-20131,2026/04/12,396046,gal,,R6,
M-1132,"1024 South Loop, Wiley, CO 81092",Resident 1132,A-20132,2026/04/12,353579,gal,,R1,
M-1133,"1031 Pioneer Rd, Wiley, CO 81092",Resident 1133,A-20133,2026/04/12,217201,gal,,R2,
M-1134,"1038 Cottonwood Dr, Wiley, CO 81092",Resident 1134,A-20134,2026/04/12,215622,gal,,R3,
M-1135,"1045 Sand Creek Rd, Wiley, CO 81092",Resident 1135,A-20135,2026/04/12,526197,gal,,R4,
M-1136,"1052 Prairie View, Wiley, CO 81092",Resident 1136,A-20136,2026/04/12,389758,gal,,R5,
M-1137,"1059 School House Rd, Wiley, CO 81092",Resident 1137,A-20137,2026/04/12,303278,gal,,R6,
M-1138,"1066 Cemetery Rd, Wiley, CO 81092",Resident 1138,A-20138,2026/04/12,159268,gal,,R1,
M-1139,"1073 Grain Elevator Rd, Wiley, CO 81092",Resident 1139,A-20139,2026/04/12,120448,gal,,R2,
M-1140,"1080 Main St, Wiley, CO 81092",Resident 1140,A-20140,2026/04/12,355424,gal,REVERSE_FLOW,R3,
M-1141,"1087 County Rd 10, Wiley, CO 81092",Resident 1141,A-20141,2026/04/12,248026,gal,,R4,
M-1142,"1094 County Rd 14, Wiley, CO 81092",Resident 1142,A-20142,2026/04/12,446135,gal,,R5,
M-1143,"1101 Highway 287, Wiley, CO 81092",Resident 1143,A-20143,2026/04/12,360738,gal,,R6,
M-1144,"1108 Maple Ave, Wiley, CO 81092",Resident 1144,A-20144,2026/04/12,188064,gal,,R1,
M-1145,"1115 Oak St, Wiley, CO 81092",Resident 1145,A-20145,2026/04/12,347415,gal,,R2,
M-1146,"1122 Elm St, Wiley, CO 81092",Resident 1146,A-20146,2026/04/12,410488,gal,,R3,
M-1147,"1129 3rd Ave, Wiley, CO 81092",Resident 1147,A-20147,2026/04/12,426794,gal,,R4,
M-1148,"1136 5th St, Wiley, CO 81092",Resident 1148,A-20148,2026/04/12,416563,gal,,R5,
M-1149,"1143 Ranch Rd, Wiley, CO 81092",Resident 1149,A-20149,2026/04/12,216835,gal,,R6,
M-1150,"1150 Irrigation Ln, Wiley, CO 81092",Resident 1150,A-20150,2026/04/12,228869,gal,,R1,
M-1151,"1157 North Frontage, Wiley, CO 81092",Resident 1151,A-20151,2026/04/12,238520,gal,,R2,
M-1152,"1164 South Loop, Wiley, CO 81092",Resident 1152,A-20152,2026/04/12,184955,gal,,R3,
M-1153,"1171 Pioneer Rd, Wiley, CO 81092",Resident 1153,A-20153,2026/04/12,450109,gal,,R4,
M-1154,"1178 Cottonwood Dr, Wiley, CO 81092",Resident 1154,A-20154,2026/04/12,182754,gal,,R5,
M-1155,"1185 Sand Creek Rd, Wiley, CO 81092",Resident 1155,A-20155,2026/04/12,389776,gal,,R6,
M-1156,"1192 Prairie View, Wiley, CO 81092",Resident 1156,A-20156,2026/04/12,891536,gal,,R1,
M-1157,"1199 School House Rd, Wiley, CO 81092",Resident 1157,A-20157,2026/04/12,476012,gal,,R2,
M-1158,"1206 Cemetery Rd, Wiley, CO 81092",Resident 1158,A-20158,2026/04/12,215246,gal,,R3,
M-1159,"1213 Grain Elevator Rd, Wiley, CO 81092",Resident 1159,A-20159,2026/04/12,416336,gal,,R4,
M-1160,"1220 Main St, Wiley, CO 81092",Resident 1160,A-20160,2026/04/12,164339,gal,,R5,
M-1161,"1227 County Rd 10, Wiley, CO 81092",Resident 1161,A-20161,2026/04/12,236764,gal,,R6,
M-1162,"1234 County Rd 14, Wiley, CO 81092",Resident 1162,A-20162,2026/04/12,382809,gal,,R1,
M-1163,"1241 Highway 287, Wiley, CO 81092",Resident 1163,A-20163,2026/04/12,307942,gal,,R2,
M-1164,"1248 Maple Ave, Wiley, CO 81092",Resident 1164,A-20164,2026/04/12,231733,gal,,R3,
M-1165,"1255 Oak St, Wiley, CO 81092",Resident 1165,A-20165,2026/04/12,374337,gal,,R4,
M-1166,"1262 Elm St, Wiley, CO 81092",Resident 1166,A-20166,2026/04/12,340186,gal,,R5,
M-1167,"1269 3rd Ave, Wiley, CO 81092",Resident 1167,A-20167,2026/04/12,270641,gal,,R6,
M-1168,"1276 5th St, Wiley, CO 81092",Resident 1168,A-20168,2026/04/12,576255,gal,,R1,
M-1169,"1283 Ranch Rd, Wiley, CO 81092",Resident 1169,A-20169,2026/04/12,257503,gal,,R2,
M-1170,"1290 Irrigation Ln, Wiley, CO 81092",Resident 1170,A-20170,2026/04/12,325799,gal,,R3,
M-1171,"1297 North Frontage, Wiley, CO 81092",Resident 1171,A-20171,2026/04/12,410403,gal,,R4,
M-1172,"1304 South Loop, Wiley, CO 81092",Resident 1172,A-20172,2026/04/12,355025,gal,,R5,
M-1173,"1311 Pioneer Rd, Wiley, CO 81092",Resident 1173,A-20173,2026/04/12,499295,gal,,R6,
M-1174,"1318 Cottonwood Dr, Wiley, CO 81092",Resident 1174,A-20174,2026/04/12,202962,gal,,R1,
M-1175,"1325 Sand Creek Rd, Wiley, CO 81092",Resident 1175,A-20175,2026/04/12,293855,gal,,R2,
M-1176,"1332 Prairie View, Wiley, CO 81092",Resident 1176,A-20176,2026/04/12,182028,gal,,R3,
M-1177,"1339 School House Rd, Wiley, CO 81092",Resident 1177,A-20177,2026/04/12,313538,gal,,R4,
M-1178,"1346 Cemetery Rd, Wiley, CO 81092",Resident 1178,A-20178,2026/04/12,442163,gal,,R5,
M-1179,"1353 Grain Elevator Rd, Wiley, CO 81092",Resident 1179,A-20179,2026/04/12,157258,gal,,R6,
M-1180,"1360 Main St, Wiley, CO 81092",Resident 1180,A-20180,2026/04/12,275390,gal,,R1,
M-1181,"1367 County Rd 10, Wiley, CO 81092",Resident 1181,A-20181,2026/04/12,399278,gal,,R2,
M-1182,"1374 County Rd 14, Wiley, CO 81092",Resident 1182,A-20182,2026/04/12,342357,gal,,R3,
M-1183,"1381 Highway 287, Wiley, CO 81092",Resident 1183,A-20183,2026/04/12,314289,gal,,R4,
M-1184,"1388 Maple Ave, Wiley, CO 81092",Resident 1184,A-20184,2026/04/12,253880,gal,,R5,
M-1185,"1395 Oak St, Wiley, CO 81092",Resident 1185,A-20185,2026/04/12,285086,gal,,R6,
M-1186,"1402 Elm St, Wiley, CO 81092",Resident 1186,A-20186,2026/04/12,205386,gal,,R1,
M-1187,"1409 3rd Ave, Wiley, CO 81092",Resident 1187,A-20187,2026/04/12,410512,gal,,R2,
M-1188,"1416 5th St, Wiley, CO 81092",Resident 1188,A-20188,2026/04/12,200392,gal,,R3,
M-1189,"1423 Ranch Rd, Wiley, CO 81092",Resident 1189,A-20189,2026/04/12,445676,gal,,R4,
M-1190,"1430 Irrigation Ln, Wiley, CO 81092",Resident 1190,A-20190,2026/04/12,245733,gal,,R5,
M-1191,"1437 North Frontage, Wiley, CO 81092",New Occupant 1191,A-20191,2026/04/12,224576,gal,,R6,
M-1192,"1444 South Loop, Wiley, CO 81092",Resident 1192,A-20192,2026/04/12,402798,gal,,R1,
M-1193,"1451 Pioneer Rd, Wiley, CO 81092",Resident 1193,A-20193,2026/04/12,406529,gal,,R2,
M-1194,"1458 Cottonwood Dr, Wiley, CO 81092",Resident 1194,A-20194,2026/04/12,285522,gal,,R3,
M-1195,"1465 Sand Creek Rd, Wiley, CO 81092",Resident 1195,A-20195,2026/04/12,309503,gal,,R4,
M-1196,"1472 Prairie View, Wiley, CO 81092",Resident 1196,A-20196,2026/04/12,306413,gal,,R5,
M-1197,"1479 School House Rd, Wiley, CO 81092",Resident 1197,A-20197,2026/04/12,108709,gal,,R6,
M-1198,"1486 Cemetery Rd, Wiley, CO 81092",Resident 1198,A-20198,2026/04/12,547385,gal,,R1,
M-1199,"1493 Grain Elevator Rd, Wiley, CO 81092",Resident 1199,A-20199,2026/04/12,254637,gal,,R2,
M-1200,"1500 Main St, Wiley, CO 81092",Resident 1200,A-20200,2026/04/12,387855,gal,,R3,
M-1201,"1507 County Rd 10, Wiley, CO 81092",Resident 1201,A-20201,2026/04/12,270923,gal,,R4,
M-1202,"1514 County Rd 14, Wiley, CO 81092",Resident 1202,A-20202,2026/04/12,260807,gal,,R5,
M-1203,"1521 Highway 287, Wiley, CO 81092",Resident 1203,A-20203,2026/04/12,183866,gal,,R6,
M-1204,"1528 Maple Ave, Wiley, CO 81092",Resident 1204,A-20204,2026/04/12,292228,gal,,R1,
M-1205,"1535 Oak St, Wiley, CO 81092",Resident 1205,A-20205,2026/04/12,322403,gal,,R2,
M-1206,"1542 Elm St, Wiley, CO 81092",Resident 1206,A-20206,2026/04/12,441933,gal,,R3,
M-1207,"1549 3rd Ave, Wiley, CO 81092",Resident 1207,A-20207,2026/04/12,407684,gal,,R4,
M-1208,"1556 5th St, Wiley, CO 81092",Resident 1208,A-20208,2026/04/12,398924,gal,,R5,
M-1209,"1563 Ranch Rd, Wiley, CO 81092",Resident 1209,A-20209,2026/04/12,388410,gal,,R6,
M-1210,"1570 Irrigation Ln, Wiley, CO 81092",Resident 1210,A-20210,2026/04/12,283995,gal,,R1,
M-1211,"1577 North Frontage, Wiley, CO 81092",Resident 1211,A-20211,2026/04/12,237709,gal,,R2,
M-1212,"1584 South Loop, Wiley, CO 81092",Resident 1212,A-20212,2026/04/12,240443,gal,,R3,
M-1213,"1591 Pioneer Rd, Wiley, CO 81092",Resident 1213,A-20213,2026/04/12,245240,gal,,R4,
M-1214,"1598 Cottonwood Dr, Wiley, CO 81092",Resident 1214,A-20214,2026/04/12,319550,gal,,R5,
M-1215,"1605 Sand Creek Rd, Wiley, CO 81092",Resident 1215,A-20215,2026/04/12,490478,gal,,R6,
M-1216,"1612 Prairie View, Wiley, CO 81092",Resident 1216,A-20216,2026/04/12,360355,gal,,R1,
M-1217,"1619 School House Rd, Wiley, CO 81092",Resident 1217,A-20217,2026/04/12,138214,gal,,R2,
M-1218,"1626 Cemetery Rd, Wiley, CO 81092",Resident 1218,A-20218,2026/04/12,171853,gal,,R3,
M-1219,"1633 Grain Elevator Rd, Wiley, CO 81092",Resident 1219,A-20219,2026/04/12,517545,gal,,R4,
M-1220,"1640 Main St, Wiley, CO 81092",Resident 1220,A-20220,2026/04/12,401684,gal,,R5,
M-1221,"1647 County Rd 10, Wiley, CO 81092",Resident 1221,A-20221,2026/04/12,369828,gal,,R6,
M-1222,"1654 County Rd 14, Wiley, CO 81092",Resident 1222,A-20222,2026/04/12,288008,gal,,R1,
M-1223,"1661 Highway 287, Wiley, CO 81092",Resident 1223,A-20223,2026/04/12,368135,gal,,R2,
M-1224,"1668 Maple Ave, Wiley, CO 81092",Resident 1224,A-20224,2026/04/12,504746,gal,,R3,
M-1225,"1675 Oak St, Wiley, CO 81092",Resident 1225,A-20225,2026/04/12,466658,gal,,R4,
M-1226,"1682 Elm St, Wiley, CO 81092",Resident 1226,A-20226,2026/04/12,226145,gal,,R5,
M-1227,"1689 3rd Ave, Wiley, CO 81092",Resident 1227,A-20227,2026/04/12,331767,gal,,R6,
M-1228,"1696 5th St, Wiley, CO 81092",Resident 1228,A-20228,2026/04/12,493258,gal,,R1,
M-1229,"1703 Ranch Rd, Wiley, CO 81092",Resident 1229,A-20229,2026/04/12,327905,gal,,R2,
M-1230,"1710 Irrigation Ln, Wiley, CO 81092",Resident 1230,A-20230,2026/04/12,358330,gal,,R3,
M-1231,"1717 North Frontage, Wiley, CO 81092",Resident 1231,A-20231,2026/04/12,236219,gal,,R4,
M-1232,"1724 South Loop, Wiley, CO 81092",Resident 1232,A-20232,2026/04/12,359145,gal,,R5,
M-1233,"1731 Pioneer Rd, Wiley, CO 81092",Resident 1233,A-20233,2026/04/12,218039,gal,,R6,
M-1234,"1738 Cottonwood Dr, Wiley, CO 81092",Resident 1234,A-20234,2026/04/12,421202,gal,,R1,
M-1235,"1745 Sand Creek Rd, Wiley, CO 81092",Resident 1235,A-20235,2026/04/12,449060,gal,,R2,
M-1236,"1752 Prairie View, Wiley, CO 81092",Resident 1236,A-20236,2026/04/12,313475,gal,,R3,
M-1237,"1759 School House Rd, Wiley, CO 81092",Resident 1237,A-20237,2026/04/12,403461,gal,,R4,
M-1238,"1766 Cemetery Rd, Wiley, CO 81092",Resident 1238,A-20238,2026/04/12,386589,gal,,R5,
M-1239,"1773 Grain Elevator Rd, Wiley, CO 81092",Resident 1239,A-20239,2026/04/12,205963,gal,,R6,
M-1240,"1780 Main St, Wiley, CO 81092",Resident 1240,A-20240,2026/04/12,535022,gal,,R1,
M-1241,"1787 County Rd 10, Wiley, CO 81092",Resident 1241,A-20241,2026/04/12,346515,gal,,R2,
M-1242,"1794 County Rd 14, Wiley, CO 81092",Resident 1242,A-20242,2026/04/12,443938,gal,,R3,
M-1243,"1801 Highway 287, Wiley, CO 81092",Resident 1243,A-20243,2026/04/12,302434,gal,,R4,
M-1244,"1808 Maple Ave, Wiley, CO 81092",Resident 1244,A-20244,2026/04/12,840604,gal,,R5,
M-1245,"1815 Oak St, Wiley, CO 81092",Resident 1245,A-20245,2026/04/12,170161,gal,,R6,
M-1246,"1822 Elm St, Wiley, CO 81092",Resident 1246,A-20246,2026/04/12,311520,gal,,R1,
M-1247,"1829 3rd Ave, Wiley, CO 81092",Resident 1247,A-20247,2026/04/12,365456,gal,,R2,
M-1248,"1836 5th St, Wiley, CO 81092",Resident 1248,A-20248,2026/04/12,360155,gal,,R3,
M-1249,"1843 Ranch Rd, Wiley, CO 81092",Resident 1249,A-20249,2026/04/12,539948,gal,,R4,
M-1250,"1850 Irrigation Ln, Wiley, CO 81092",Resident 1250,A-20250,2026/04/12,348382,gal,,R5,
M-1251,"1857 North Frontage, Wiley, CO 81092",Resident 1251,A-20251,2026/04/12,366054,gal,,R6,
M-1252,"1864 South Loop, Wiley, CO 81092",Resident 1252,A-20252,2026/04/12,347521,gal,,R1,
M-1253,"1871 Pioneer Rd, Wiley, CO 81092",Resident 1253,A-20253,2026/04/12,252893,gal,,R2,
M-1254,"1878 Cottonwood Dr, Wiley, CO 81092",Resident 1254,A-20254,2026/04/12,399776,gal,,R3,
M-1255,"1885 Sand Creek Rd, Wiley, CO 81092",Resident 1255,A-20255,2026/04/12,283553,gal,,R4,
M-1256,"1892 Prairie View, Wiley, CO 81092",Resident 1256,A-20256,2026/04/12,308569,gal,,R5,
M-1257,"1899 School House Rd, Wiley, CO 81092",Resident 1257,A-20257,2026/04/12,325332,gal,,R6,
M-1258,"1906 Cemetery Rd, Wiley, CO 81092",Resident 1258,A-20258,2026/04/12,483400,gal,,R1,
M-1259,"1913 Grain Elevator Rd, Wiley, CO 81092",Resident 1259,A-20259,2026/04/12,305732,gal,,R2,
M-1260,"1920 Main St, Wiley, CO 81092",Resident 1260,A-20260,2026/04/12,193789,gal,TAMPER,R3,
M-1261,"1927 County Rd 10, Wiley, CO 81092",Resident 1261,A-20261,2026/04/12,473728,gal,,R4,
M-1262,"1934 County Rd 14, Wiley, CO 81092",Resident 1262,A-20262,2026/04/12,408154,gal,,R5,
M-1263,"1941 Highway 287, Wiley, CO 81092",Resident 1263,A-20263,2026/04/12,335990,gal,,R6,
M-1264,"1948 Maple Ave, Wiley, CO 81092",Resident 1264,A-20264,2026/04/12,348076,gal,,R1,
M-1265,"1955 Oak St, Wiley, CO 81092",Resident 1265,A-20265,2026/04/12,429244,gal,,R2,
M-1266,"1962 Elm St, Wiley, CO 81092",Resident 1266,A-20266,2026/04/12,208350,gal,,R3,
M-1267,"1969 3rd Ave, Wiley, CO 81092",Resident 1267,A-20267,2026/04/12,334579,gal,,R4,
M-1268,"1976 5th St, Wiley, CO 81092",Resident 1268,A-20268,2026/04/12,284273,gal,,R5,
M-1269,"1983 Ranch Rd, Wiley, CO 81092",Resident 1269,A-20269,2026/04/12,301107,gal,,R6,
M-1270,"1990 Irrigation Ln, Wiley, CO 81092",Resident 1270,A-20270,2026/04/12,342718,gal,,R1,
M-1271,"1997 North Frontage, Wiley, CO 81092",Resident 1271,A-20271,2026/04/12,506503,gal,,R2,
M-1272,"2004 South Loop, Wiley, CO 81092",Resident 1272,A-20272,2026/04/12,509697,gal,,R3,
M-1273,"2011 Pioneer Rd, Wiley, CO 81092",Resident 1273,A-20273,2026/04/12,534305,gal,,R4,
M-1274,"2018 Cottonwood Dr, Wiley, CO 81092",Resident 1274,A-20274,2026/04/12,342904,gal,,R5,
M-1275,"2025 Sand Creek Rd, Wiley, CO 81092",Resident 1275,A-20275,2026/04/12,380805,gal,,R6,
M-1276,"2032 Prairie View, Wiley, CO 81092",Resident 1276,A-20276,2026/04/12,413907,gal,,R1,
M-1277,"2039 School House Rd, Wiley, CO 81092",Resident 1277,A-20277,2026/04/12,395820,gal,,R2,
M-1278,"2046 Cemetery Rd, Wiley, CO 81092",Resident 1278,A-20278,2026/04/12,239849,gal,,R3,
M-1279,"2053 Grain Elevator Rd, Wiley, CO 81092",Resident 1279,A-20279,2026/04/12,381051,gal,,R4,
M-1280,"2060 Main St, Wiley, CO 81092",Resident 1280,A-20280,2026/04/12,361408,gal,,R5,
M-1281,"2067 County Rd 10, Wiley, CO 81092",Resident 1281,A-20281,2026/04/12,297943,gal,,R6,
M-1282,"2074 County Rd 14, Wiley, CO 81092",Resident 1282,A-20282,2026/04/12,516407,gal,,R1,
M-1283,"2081 Highway 287, Wiley, CO 81092",Resident 1283,A-20283,2026/04/12,199031,gal,,R2,
M-1284,"2088 Maple Ave, Wiley, CO 81092",Resident 1284,A-20284,2026/04/12,317813,gal,,R3,
M-1285,"2095 Oak St, Wiley, CO 81092",Resident 1285,A-20285,2026/04/12,440304,gal,,R4,
M-1286,"2102 Elm St, Wiley, CO 81092",Resident 1286,A-20286,2026/04/12,522922,gal,,R5,
M-1287,"2109 3rd Ave, Wiley, CO 81092",Resident 1287,A-20287,2026/04/12,552821,gal,,R6,
M-1288,"2116 5th St, Wiley, CO 81092",Resident 1288,A-20288,2026/04/12,421490,gal,,R1,
M-1289,"2123 Ranch Rd, Wiley, CO 81092",Resident 1289,A-20289,2026/04/12,385275,gal,,R2,
M-1290,"2130 Irrigation Ln, Wiley, CO 81092",Resident 1290,A-20290,2026/04/12,251424,gal,,R3,
M-1291,"2137 North Frontage, Wiley, CO 81092",Resident 1291,A-20291,2026/04/12,330991,gal,,R4,
M-1292,"2144 South Loop, Wiley, CO 81092",Resident 1292,A-20292,2026/04/12,274062,gal,,R5,
M-1293,"2151 Pioneer Rd, Wiley, CO 81092",Resident 1293,A-20293,2026/04/12,224311,gal,,R6,
M-1294,"2158 Cottonwood Dr, Wiley, CO 81092",Resident 1294,A-20294,2026/04/12,269837,gal,,R1,
M-1295,"2165 Sand Creek Rd, Wiley, CO 81092",Resident 1295,A-20295,2026/04/12,300157,gal,,R2,
M-1296,"2172 Prairie View, Wiley, CO 81092",Resident 1296,A-20296,2026/04/12,166683,gal,,R3,
M-1297,"2179 School House Rd, Wiley, CO 81092",Resident 1297,A-20297,2026/04/12,140182,gal,,R4,
M-1298,"2186 Cemetery Rd, Wiley, CO 81092",Resident 1298,A-20298,2026/04/12,263976,gal,,R5,
M-1299,"2193 Grain Elevator Rd, Wiley, CO 81092",Resident 1299,A-20299,2026/04/12,375119,gal,,R6,
M-1300,"2200 Main St, Wiley, CO 81092",Resident 1300,A-20300,2026/04/12,448987,gal,,R1,
M-1001,"107 County Rd 10, Wiley, CO 81092",Resident 1001,A-20001,2026/05/13,490851,gal,,R2,
M-1002,"114 County Rd 14, Wiley, CO 81092",Resident 1002,A-20002,2026/05/13,354414,gal,,R3,
M-1003,"121 Highway 287, Wiley, CO 81092",Resident 1003,A-20003,2026/05/13,175844,gal,,R4,
M-1004,"128 Maple Ave, Wiley, CO 81092",Resident 1004,A-20004,2026/05/13,453629,gal,,R5,
M-1005,"135 Oak St, Wiley, CO 81092",Resident 1005,A-20005,2026/05/13,245566,gal,,R6,
M-1006,"142 Elm St, Wiley, CO 81092",Resident 1006,A-20006,2026/05/13,288302,gal,,R1,
M-1007,"149 3rd Ave, Wiley, CO 81092",Resident 1007,A-20007,2026/05/13,382751,gal,,R2,
M-1008,"156 5th St, Wiley, CO 81092",Resident 1008,A-20008,2026/05/13,253875,gal,,R3,
M-1009,"163 Ranch Rd, Wiley, CO 81092",Resident 1009,A-20009,2026/05/13,267417,gal,,R4,
M-1010,"170 Irrigation Ln, Wiley, CO 81092",Resident 1010,A-20010,2026/05/13,349042,gal,,R5,
M-1011,"177 North Frontage, Wiley, CO 81092",Resident 1011,A-20011,2026/05/13,504017,gal,,R6,
M-1012,"184 South Loop, Wiley, CO 81092",Resident 1012,A-20012,2026/05/13,259260,gal,,R1,
M-1013,"191 Pioneer Rd, Wiley, CO 81092",Resident 1013,A-20013,2026/05/13,219195,gal,,R2,
M-1014,"198 Cottonwood Dr, Wiley, CO 81092",Resident 1014,A-20014,2026/05/13,456008,gal,,R3,
M-1015,"205 Sand Creek Rd, Wiley, CO 81092",Resident 1015,A-20015,2026/05/13,490326,gal,,R4,
M-1016,"212 Prairie View, Wiley, CO 81092",Resident 1016,A-20016,2026/05/13,182176,gal,,R5,
M-1017,"219 School House Rd, Wiley, CO 81092",Resident 1017,A-20017,2026/05/13,151419,gal,,R6,
M-1018,"226 Cemetery Rd, Wiley, CO 81092",Resident 1018,A-20018,2026/05/13,229270,gal,,R1,
M-1019,"233 Grain Elevator Rd, Wiley, CO 81092",Resident 1019,A-20019,2026/05/13,202395,gal,,R2,
M-1020,"240 Main St, Wiley, CO 81092",Resident 1020,A-20020,2026/05/13,346078,gal,,R3,
M-1021,"247 County Rd 10, Wiley, CO 81092",Resident 1021,A-20021,2026/05/13,395645,gal,,R4,
M-1022,"254 County Rd 14, Wiley, CO 81092",Resident 1022,A-20022,2026/05/13,438514,gal,LOW_BATTERY,R5,
M-1023,"261 Highway 287, Wiley, CO 81092",Resident 1023,A-20023,2026/05/13,317752,gal,,R6,
M-1024,"268 Maple Ave, Wiley, CO 81092",Resident 1024,A-20024,2026/05/13,315585,gal,,R1,
M-1025,"275 Oak St, Wiley, CO 81092",Resident 1025,A-20025,2026/05/13,231865,gal,,R2,
M-1026,"282 Elm St, Wiley, CO 81092",Resident 1026,A-20026,2026/05/13,221893,gal,,R3,
M-1027,"289 3rd Ave, Wiley, CO 81092",Resident 1027,A-20027,2026/05/13,427775,gal,,R4,
M-1028,"296 5th St, Wiley, CO 81092",Resident 1028,A-20028,2026/05/13,216327,gal,,R5,
M-1029,"303 Ranch Rd, Wiley, CO 81092",Resident 1029,A-20029,2026/05/13,430573,gal,,R6,
M-1030,"310 Irrigation Ln, Wiley, CO 81092",Resident 1030,A-20030,2026/05/13,337662,gal,,R1,
M-1031,"317 North Frontage, Wiley, CO 81092",Resident 1031,A-20031,2026/05/13,413952,gal,,R2,
M-1032,"324 South Loop, Wiley, CO 81092",Resident 1032,A-20032,2026/05/13,288156,gal,,R3,
M-1033,"331 Pioneer Rd, Wiley, CO 81092",Resident 1033,A-20033,2026/05/13,820641,gal,,R4,
M-1034,"338 Cottonwood Dr, Wiley, CO 81092",Resident 1034,A-20034,2026/05/13,499746,gal,,R5,
M-1035,"345 Sand Creek Rd, Wiley, CO 81092",Resident 1035,A-20035,2026/05/13,494769,gal,,R6,
M-1036,"352 Prairie View, Wiley, CO 81092",Resident 1036,A-20036,2026/05/13,354128,gal,,R1,
M-1037,"359 School House Rd, Wiley, CO 81092",Resident 1037,A-20037,2026/05/13,316061,gal,,R2,
M-1038,"366 Cemetery Rd, Wiley, CO 81092",Resident 1038,A-20038,2026/05/13,227023,gal,,R3,
M-1039,"373 Grain Elevator Rd, Wiley, CO 81092",Resident 1039,A-20039,2026/05/13,376611,gal,,R4,
M-1040,"380 Main St, Wiley, CO 81092",Resident 1040,A-20040,2026/05/13,286363,gal,,R5,
M-1041,"387 County Rd 10, Wiley, CO 81092",Resident 1041,A-20041,2026/05/13,193485,gal,,R6,
M-1042,"394 County Rd 14, Wiley, CO 81092",Resident 1042,A-20042,2026/05/13,449445,gal,,R1,
M-1043,"401 Highway 287, Wiley, CO 81092",Resident 1043,A-20043,2026/05/13,408854,gal,,R2,
M-1044,"408 Maple Ave, Wiley, CO 81092",Resident 1044,A-20044,2026/05/13,167648,gal,,R3,
M-1045,"415 Oak St, Wiley, CO 81092",Resident 1045,A-20045,2026/05/13,403339,gal,,R4,
M-1046,"422 Elm St, Wiley, CO 81092",Resident 1046,A-20046,2026/05/13,185718,gal,,R5,
M-1047,"429 3rd Ave, Wiley, CO 81092",Resident 1047,A-20047,2026/05/13,133612,gal,,R6,
M-1048,"436 5th St, Wiley, CO 81092",Resident 1048,A-20048,2026/05/13,421107,gal,,R1,
M-1049,"443 Ranch Rd, Wiley, CO 81092",Resident 1049,A-20049,2026/05/13,415638,gal,,R2,
M-1050,"450 Irrigation Ln, Wiley, CO 81092",Resident 1050,A-20050,2026/05/13,378536,gal,,R3,
M-1051,"457 North Frontage, Wiley, CO 81092",Resident 1051,A-20051,2026/05/13,438474,gal,,R4,
M-1052,"464 South Loop, Wiley, CO 81092",Resident 1052,A-20052,2026/05/13,242207,gal,,R5,
M-1053,"471 Pioneer Rd, Wiley, CO 81092",Resident 1053,A-20053,2026/05/13,237647,gal,,R6,
M-1054,"478 Cottonwood Dr, Wiley, CO 81092",Resident 1054,A-20054,2026/05/13,412490,gal,,R1,
M-1055,"485 Sand Creek Rd, Wiley, CO 81092",Resident 1055,A-20055,2026/05/13,140461,gal,,R2,
M-1056,"492 Prairie View, Wiley, CO 81092",Resident 1056,A-20056,2026/05/13,325166,gal,,R3,
M-1057,"499 School House Rd, Wiley, CO 81092",Resident 1057,A-20057,2026/05/13,216114,gal,,R4,
M-1058,"506 Cemetery Rd, Wiley, CO 81092",Resident 1058,A-20058,2026/05/13,504812,gal,,R5,
M-1059,"513 Grain Elevator Rd, Wiley, CO 81092",Resident 1059,A-20059,2026/05/13,158044,gal,,R6,
M-1060,"520 Main St, Wiley, CO 81092",Resident 1060,A-20060,2026/05/13,290772,gal,,R1,
M-1061,"527 County Rd 10, Wiley, CO 81092",Resident 1061,A-20061,2026/05/13,324655,gal,,R2,
M-1062,"534 County Rd 14, Wiley, CO 81092",Resident 1062,A-20062,2026/05/13,256574,gal,,R3,
M-1063,"541 Highway 287, Wiley, CO 81092",Resident 1063,A-20063,2026/05/13,449408,gal,,R4,
M-1064,"548 Maple Ave, Wiley, CO 81092",Resident 1064,A-20064,2026/05/13,342034,gal,,R5,
M-1065,"555 Oak St, Wiley, CO 81092",Resident 1065,A-20065,2026/05/13,509317,gal,,R6,
M-1066,"562 Elm St, Wiley, CO 81092",Resident 1066,A-20066,2026/05/13,475953,gal,,R1,
M-1067,"569 3rd Ave, Wiley, CO 81092",Resident 1067,A-20067,2026/05/13,222415,gal,,R2,
M-1068,"576 5th St, Wiley, CO 81092",Resident 1068,A-20068,2026/05/13,455532,gal,,R3,
M-1069,"583 Ranch Rd, Wiley, CO 81092",Resident 1069,A-20069,2026/05/13,270728,gal,,R4,
M-1070,"590 Irrigation Ln, Wiley, CO 81092",Resident 1070,A-20070,2026/05/13,331047,gal,,R5,
M-1071,"597 North Frontage, Wiley, CO 81092",Resident 1071,A-20071,2026/05/13,451553,gal,,R6,
M-1072,"604 South Loop, Wiley, CO 81092",Resident 1072,A-20072,2026/05/13,528393,gal,,R1,
M-1073,"611 Pioneer Rd, Wiley, CO 81092",Resident 1073,A-20073,2026/05/13,436534,gal,,R2,
M-1074,"618 Cottonwood Dr, Wiley, CO 81092",Resident 1074,A-20074,2026/05/13,422288,gal,,R3,
M-1075,"625 Sand Creek Rd, Wiley, CO 81092",Resident 1075,A-20075,2026/05/13,278858,gal,,R4,
M-1076,"632 Prairie View, Wiley, CO 81092",New Occupant 1076,A-20076,2026/05/13,275815,gal,,R5,
M-1077,"639 School House Rd, Wiley, CO 81092",Resident 1077,A-20077,2026/05/13,223717,gal,,R6,
M-1078,"646 Cemetery Rd, Wiley, CO 81092",Resident 1078,A-20078,2026/05/13,336559,gal,,R1,
M-1079,"653 Grain Elevator Rd, Wiley, CO 81092",Resident 1079,A-20079,2026/05/13,276947,gal,,R2,
M-1080,"660 Main St, Wiley, CO 81092",Resident 1080,A-20080,2026/05/13,317329,gal,,R3,
M-1081,"667 County Rd 10, Wiley, CO 81092",Resident 1081,A-20081,2026/05/13,420794,gal,,R4,
M-1082,"674 County Rd 14, Wiley, CO 81092",Resident 1082,A-20082,2026/05/13,230309,gal,,R5,
M-1083,"681 Highway 287, Wiley, CO 81092",Resident 1083,A-20083,2026/05/13,465191,gal,,R6,
M-1084,"688 Maple Ave, Wiley, CO 81092",Resident 1084,A-20084,2026/05/13,321711,gal,,R1,
M-1085,"695 Oak St, Wiley, CO 81092",Resident 1085,A-20085,2026/05/13,399951,gal,,R2,
M-1086,"702 Elm St, Wiley, CO 81092",Resident 1086,A-20086,2026/05/13,304399,gal,,R3,
M-1087,"709 3rd Ave, Wiley, CO 81092",Resident 1087,A-20087,2026/05/13,254671,gal,,R4,
M-1088,"716 5th St, Wiley, CO 81092",Resident 1088,A-20088,2026/05/13,151768,gal,,R5,
M-1089,"723 Ranch Rd, Wiley, CO 81092",Resident 1089,A-20089,2026/05/13,700746,gal,,R6,
M-1090,"730 Irrigation Ln, Wiley, CO 81092",Resident 1090,A-20090,2026/05/13,529309,gal,,R1,
M-1091,"737 North Frontage, Wiley, CO 81092",Resident 1091,A-20091,2026/05/13,506948,gal,,R2,
M-1092,"744 South Loop, Wiley, CO 81092",Resident 1092,A-20092,2026/05/13,183591,gal,,R3,
M-1093,"751 Pioneer Rd, Wiley, CO 81092",Resident 1093,A-20093,2026/05/13,235653,gal,,R4,
M-1094,"758 Cottonwood Dr, Wiley, CO 81092",Resident 1094,A-20094,2026/05/13,509345,gal,,R5,
M-1095,"765 Sand Creek Rd, Wiley, CO 81092",Resident 1095,A-20095,2026/05/13,255008,gal,,R6,
M-1096,"772 Prairie View, Wiley, CO 81092",Resident 1096,A-20096,2026/05/13,394101,gal,,R1,
M-1097,"779 School House Rd, Wiley, CO 81092",Resident 1097,A-20097,2026/05/13,320068,gal,,R2,
M-1098,"786 Cemetery Rd, Wiley, CO 81092",Resident 1098,A-20098,2026/05/13,240043,gal,,R3,
M-1099,"793 Grain Elevator Rd, Wiley, CO 81092",Resident 1099,A-20099,2026/05/13,329894,gal,,R4,
M-1100,"800 Main St, Wiley, CO 81092",Resident 1100,A-20100,2026/05/13,244162,gal,,R5,
M-1101,"807 County Rd 10, Wiley, CO 81092",Resident 1101,A-20101,2026/05/13,342604,gal,,R6,
M-1102,"814 County Rd 14, Wiley, CO 81092",Resident 1102,A-20102,2026/05/13,395573,gal,,R1,
M-1103,"821 Highway 287, Wiley, CO 81092",Resident 1103,A-20103,2026/05/13,291481,gal,,R2,
M-1104,"828 Maple Ave, Wiley, CO 81092",Resident 1104,A-20104,2026/05/13,301329,gal,,R3,
M-1105,"835 Oak St, Wiley, CO 81092",Resident 1105,A-20105,2026/05/13,389416,gal,,R4,
M-1106,"842 Elm St, Wiley, CO 81092",Resident 1106,A-20106,2026/05/13,523611,gal,,R5,
M-1107,"849 3rd Ave, Wiley, CO 81092",Resident 1107,A-20107,2026/05/13,268470,gal,,R6,
M-1108,"856 5th St, Wiley, CO 81092",Resident 1108,A-20108,2026/05/13,459888,gal,,R1,
M-1109,"863 Ranch Rd, Wiley, CO 81092",Resident 1109,A-20109,2026/05/13,449612,gal,,R2,
M-1110,"870 Irrigation Ln, Wiley, CO 81092",Resident 1110,A-20110,2026/05/13,433666,gal,,R3,
M-1111,"877 North Frontage, Wiley, CO 81092",Resident 1111,A-20111,2026/05/13,175554,gal,,R4,
M-1112,"884 South Loop, Wiley, CO 81092",Resident 1112,A-20112,2026/05/13,432933,gal,,R5,
M-1113,"891 Pioneer Rd, Wiley, CO 81092",Resident 1113,A-20113,2026/05/13,268090,gal,,R6,
M-1114,"898 Cottonwood Dr, Wiley, CO 81092",Resident 1114,A-20114,2026/05/13,482354,gal,,R1,
M-1115,"905 Sand Creek Rd, Wiley, CO 81092",Resident 1115,A-20115,2026/05/13,254316,gal,,R2,
M-1116,"912 Prairie View, Wiley, CO 81092",Resident 1116,A-20116,2026/05/13,295298,gal,,R3,
M-1117,"919 School House Rd, Wiley, CO 81092",Resident 1117,A-20117,2026/05/13,293494,gal,,R4,
M-1118,"926 Cemetery Rd, Wiley, CO 81092",Resident 1118,A-20118,2026/05/13,186982,gal,,R5,
M-1119,"933 Grain Elevator Rd, Wiley, CO 81092",Resident 1119,A-20119,2026/05/13,271494,gal,,R6,
M-1120,"940 Main St, Wiley, CO 81092",Resident 1120,A-20120,2026/05/13,475137,gal,,R1,
M-1121,"947 County Rd 10, Wiley, CO 81092",Resident 1121,A-20121,2026/05/13,247640,gal,,R2,
M-1122,"954 County Rd 14, Wiley, CO 81092",Resident 1122,A-20122,2026/05/13,361747,gal,,R3,
M-1123,"961 Highway 287, Wiley, CO 81092",Resident 1123,A-20123,2026/05/13,331571,gal,,R4,
M-1124,"968 Maple Ave, Wiley, CO 81092",Resident 1124,A-20124,2026/05/13,441996,gal,,R5,
M-1125,"975 Oak St, Wiley, CO 81092",Resident 1125,A-20125,2026/05/13,255278,gal,,R6,
M-1126,"982 Elm St, Wiley, CO 81092",Resident 1126,A-20126,2026/05/13,303399,gal,,R1,
M-1127,"989 3rd Ave, Wiley, CO 81092",Resident 1127,A-20127,2026/05/13,251311,gal,,R2,
M-1128,"996 5th St, Wiley, CO 81092",Resident 1128,A-20128,2026/05/13,568077,gal,,R3,
M-1129,"1003 Ranch Rd, Wiley, CO 81092",Resident 1129,A-20129,2026/05/13,338687,gal,,R4,
M-1130,"1010 Irrigation Ln, Wiley, CO 81092",Resident 1130,A-20130,2026/05/13,464463,gal,,R5,
M-1131,"1017 North Frontage, Wiley, CO 81092",Resident 1131,A-20131,2026/05/13,400562,gal,,R6,
M-1132,"1024 South Loop, Wiley, CO 81092",Resident 1132,A-20132,2026/05/13,364177,gal,,R1,
M-1133,"1031 Pioneer Rd, Wiley, CO 81092",Resident 1133,A-20133,2026/05/13,225245,gal,,R2,
M-1134,"1038 Cottonwood Dr, Wiley, CO 81092",Resident 1134,A-20134,2026/05/13,222791,gal,,R3,
M-1135,"1045 Sand Creek Rd, Wiley, CO 81092",Resident 1135,A-20135,2026/05/13,533833,gal,,R4,
M-1136,"1052 Prairie View, Wiley, CO 81092",Resident 1136,A-20136,2026/05/13,395321,gal,,R5,
M-1137,"1059 School House Rd, Wiley, CO 81092",Resident 1137,A-20137,2026/05/13,308730,gal,,R6,
M-1138,"1066 Cemetery Rd, Wiley, CO 81092",Resident 1138,A-20138,2026/05/13,163948,gal,,R1,
M-1139,"1073 Grain Elevator Rd, Wiley, CO 81092",Resident 1139,A-20139,2026/05/13,124265,gal,,R2,
M-1140,"1080 Main St, Wiley, CO 81092",Resident 1140,A-20140,2026/05/13,363839,gal,TAMPER,R3,
M-1141,"1087 County Rd 10, Wiley, CO 81092",Resident 1141,A-20141,2026/05/13,255784,gal,,R4,
M-1142,"1094 County Rd 14, Wiley, CO 81092",Resident 1142,A-20142,2026/05/13,449794,gal,,R5,
M-1143,"1101 Highway 287, Wiley, CO 81092",Resident 1143,A-20143,2026/05/13,370552,gal,,R6,
M-1144,"1108 Maple Ave, Wiley, CO 81092",Resident 1144,A-20144,2026/05/13,191390,gal,,R1,
M-1145,"1115 Oak St, Wiley, CO 81092",Resident 1145,A-20145,2026/05/13,351355,gal,,R2,
M-1146,"1122 Elm St, Wiley, CO 81092",Resident 1146,A-20146,2026/05/13,414902,gal,,R3,
M-1147,"1129 3rd Ave, Wiley, CO 81092",Resident 1147,A-20147,2026/05/13,435499,gal,,R4,
M-1148,"1136 5th St, Wiley, CO 81092",Resident 1148,A-20148,2026/05/13,420120,gal,,R5,
M-1149,"1143 Ranch Rd, Wiley, CO 81092",Resident 1149,A-20149,2026/05/13,224569,gal,,R6,
M-1150,"1150 Irrigation Ln, Wiley, CO 81092",Resident 1150,A-20150,2026/05/13,236246,gal,,R1,
M-1151,"1157 North Frontage, Wiley, CO 81092",Resident 1151,A-20151,2026/05/13,247398,gal,,R2,
M-1152,"1164 South Loop, Wiley, CO 81092",Resident 1152,A-20152,2026/05/13,188517,gal,,R3,
M-1153,"1171 Pioneer Rd, Wiley, CO 81092",Resident 1153,A-20153,2026/05/13,456736,gal,,R4,
M-1154,"1178 Cottonwood Dr, Wiley, CO 81092",Resident 1154,A-20154,2026/05/13,189751,gal,,R5,
M-1155,"1185 Sand Creek Rd, Wiley, CO 81092",Resident 1155,A-20155,2026/05/13,398607,gal,,R6,
M-1156,"1192 Prairie View, Wiley, CO 81092",Resident 1156,A-20156,2026/05/13,922025,gal,,R1,
M-1157,"1199 School House Rd, Wiley, CO 81092",Resident 1157,A-20157,2026/05/13,484333,gal,,R2,
M-1158,"1206 Cemetery Rd, Wiley, CO 81092",Resident 1158,A-20158,2026/05/13,219558,gal,,R3,
M-1159,"1213 Grain Elevator Rd, Wiley, CO 81092",Resident 1159,A-20159,2026/05/13,424222,gal,,R4,
M-1160,"1220 Main St, Wiley, CO 81092",Resident 1160,A-20160,2026/05/13,166982,gal,,R5,
M-1161,"1227 County Rd 10, Wiley, CO 81092",Resident 1161,A-20161,2026/05/13,244809,gal,,R6,
M-1162,"1234 County Rd 14, Wiley, CO 81092",Resident 1162,A-20162,2026/05/13,391060,gal,,R1,
M-1163,"1241 Highway 287, Wiley, CO 81092",Resident 1163,A-20163,2026/05/13,311231,gal,,R2,
M-1164,"1248 Maple Ave, Wiley, CO 81092",Resident 1164,A-20164,2026/05/13,240313,gal,,R3,
M-1165,"1255 Oak St, Wiley, CO 81092",Resident 1165,A-20165,2026/05/13,382444,gal,,R4,
M-1166,"1262 Elm St, Wiley, CO 81092",Resident 1166,A-20166,2026/05/13,350389,gal,,R5,
M-1167,"1269 3rd Ave, Wiley, CO 81092",Resident 1167,A-20167,2026/05/13,276080,gal,,R6,
M-1168,"1276 5th St, Wiley, CO 81092",Resident 1168,A-20168,2026/05/13,586020,gal,,R1,
M-1169,"1283 Ranch Rd, Wiley, CO 81092",Resident 1169,A-20169,2026/05/13,267022,gal,,R2,
M-1170,"1290 Irrigation Ln, Wiley, CO 81092",Resident 1170,A-20170,2026/05/13,330938,gal,,R3,
M-1171,"1297 North Frontage, Wiley, CO 81092",Resident 1171,A-20171,2026/05/13,413836,gal,,R4,
M-1172,"1304 South Loop, Wiley, CO 81092",Resident 1172,A-20172,2026/05/13,360826,gal,,R5,
M-1173,"1311 Pioneer Rd, Wiley, CO 81092",Resident 1173,A-20173,2026/05/13,505170,gal,,R6,
M-1174,"1318 Cottonwood Dr, Wiley, CO 81092",Resident 1174,A-20174,2026/05/13,206621,gal,,R1,
M-1175,"1325 Sand Creek Rd, Wiley, CO 81092",Resident 1175,A-20175,2026/05/13,301616,gal,,R2,
M-1176,"1332 Prairie View, Wiley, CO 81092",Resident 1176,A-20176,2026/05/13,184794,gal,,R3,
M-1177,"1339 School House Rd, Wiley, CO 81092",Resident 1177,A-20177,2026/05/13,321488,gal,,R4,
M-1178,"1346 Cemetery Rd, Wiley, CO 81092",Resident 1178,A-20178,2026/05/13,452407,gal,,R5,
M-1179,"1353 Grain Elevator Rd, Wiley, CO 81092",Resident 1179,A-20179,2026/05/13,162228,gal,,R6,
M-1180,"1360 Main St, Wiley, CO 81092",Resident 1180,A-20180,2026/05/13,282171,gal,,R1,
M-1181,"1367 County Rd 10, Wiley, CO 81092",Resident 1181,A-20181,2026/05/13,408027,gal,,R2,
M-1182,"1374 County Rd 14, Wiley, CO 81092",Resident 1182,A-20182,2026/05/13,346273,gal,,R3,
M-1183,"1381 Highway 287, Wiley, CO 81092",Resident 1183,A-20183,2026/05/13,322072,gal,,R4,
M-1184,"1388 Maple Ave, Wiley, CO 81092",Resident 1184,A-20184,2026/05/13,257321,gal,,R5,
M-1185,"1395 Oak St, Wiley, CO 81092",Resident 1185,A-20185,2026/05/13,293833,gal,,R6,
M-1186,"1402 Elm St, Wiley, CO 81092",Resident 1186,A-20186,2026/05/13,210318,gal,,R1,
M-1187,"1409 3rd Ave, Wiley, CO 81092",Resident 1187,A-20187,2026/05/13,419710,gal,,R2,
M-1188,"1416 5th St, Wiley, CO 81092",Resident 1188,A-20188,2026/05/13,207768,gal,,R3,
M-1189,"1423 Ranch Rd, Wiley, CO 81092",Resident 1189,A-20189,2026/05/13,454654,gal,,R4,
M-1190,"1430 Irrigation Ln, Wiley, CO 81092",Resident 1190,A-20190,2026/05/13,249658,gal,,R5,
M-1191,"1437 North Frontage, Wiley, CO 81092",New Occupant 1191,A-20191,2026/05/13,228461,gal,,R6,
M-1192,"1444 South Loop, Wiley, CO 81092",Resident 1192,A-20192,2026/05/13,409609,gal,,R1,
M-1193,"1451 Pioneer Rd, Wiley, CO 81092",Resident 1193,A-20193,2026/05/13,417401,gal,,R2,
M-1194,"1458 Cottonwood Dr, Wiley, CO 81092",Resident 1194,A-20194,2026/05/13,290122,gal,,R3,
M-1195,"1465 Sand Creek Rd, Wiley, CO 81092",Resident 1195,A-20195,2026/05/13,317150,gal,,R4,
M-1196,"1472 Prairie View, Wiley, CO 81092",Resident 1196,A-20196,2026/05/13,314349,gal,,R5,
M-1197,"1479 School House Rd, Wiley, CO 81092",Resident 1197,A-20197,2026/05/13,111581,gal,,R6,
M-1198,"1486 Cemetery Rd, Wiley, CO 81092",Resident 1198,A-20198,2026/05/13,555416,gal,,R1,
M-1199,"1493 Grain Elevator Rd, Wiley, CO 81092",Resident 1199,A-20199,2026/05/13,260672,gal,,R2,
M-1200,"1500 Main St, Wiley, CO 81092",Resident 1200,A-20200,2026/05/13,395452,gal,,R3,
M-1201,"1507 County Rd 10, Wiley, CO 81092",Resident 1201,A-20201,2026/05/13,273649,gal,,R4,
M-1202,"1514 County Rd 14, Wiley, CO 81092",Resident 1202,A-20202,2026/05/13,263927,gal,,R5,
M-1203,"1521 Highway 287, Wiley, CO 81092",Resident 1203,A-20203,2026/05/13,183866,gal,,R6,
M-1204,"1528 Maple Ave, Wiley, CO 81092",Resident 1204,A-20204,2026/05/13,297494,gal,,R1,
M-1205,"1535 Oak St, Wiley, CO 81092",Resident 1205,A-20205,2026/05/13,327579,gal,,R2,
M-1206,"1542 Elm St, Wiley, CO 81092",Resident 1206,A-20206,2026/05/13,444947,gal,,R3,
M-1207,"1549 3rd Ave, Wiley, CO 81092",Resident 1207,A-20207,2026/05/13,412329,gal,,R4,
M-1208,"1556 5th St, Wiley, CO 81092",Resident 1208,A-20208,2026/05/13,405704,gal,,R5,
M-1209,"1563 Ranch Rd, Wiley, CO 81092",Resident 1209,A-20209,2026/05/13,392096,gal,,R6,
M-1210,"1570 Irrigation Ln, Wiley, CO 81092",Resident 1210,A-20210,2026/05/13,286981,gal,,R1,
M-1211,"1577 North Frontage, Wiley, CO 81092",Resident 1211,A-20211,2026/05/13,247344,gal,,R2,
M-1212,"1584 South Loop, Wiley, CO 81092",Resident 1212,A-20212,2026/05/13,248569,gal,,R3,
M-1213,"1591 Pioneer Rd, Wiley, CO 81092",Resident 1213,A-20213,2026/05/13,248878,gal,,R4,
M-1214,"1598 Cottonwood Dr, Wiley, CO 81092",Resident 1214,A-20214,2026/05/13,330114,gal,,R5,
M-1215,"1605 Sand Creek Rd, Wiley, CO 81092",Resident 1215,A-20215,2026/05/13,498876,gal,,R6,
M-1216,"1612 Prairie View, Wiley, CO 81092",Resident 1216,A-20216,2026/05/13,371480,gal,,R1,
M-1217,"1619 School House Rd, Wiley, CO 81092",Resident 1217,A-20217,2026/05/13,141838,gal,,R2,
M-1218,"1626 Cemetery Rd, Wiley, CO 81092",Resident 1218,A-20218,2026/05/13,176024,gal,,R3,
M-1219,"1633 Grain Elevator Rd, Wiley, CO 81092",Resident 1219,A-20219,2026/05/13,526816,gal,,R4,
M-1220,"1640 Main St, Wiley, CO 81092",Resident 1220,A-20220,2026/05/13,409476,gal,,R5,
M-1221,"1647 County Rd 10, Wiley, CO 81092",Resident 1221,A-20221,2026/05/13,378048,gal,,R6,
M-1222,"1654 County Rd 14, Wiley, CO 81092",Resident 1222,A-20222,2026/05/13,291864,gal,,R1,
M-1223,"1661 Highway 287, Wiley, CO 81092",Resident 1223,A-20223,2026/05/13,372926,gal,,R2,
M-1224,"1668 Maple Ave, Wiley, CO 81092",Resident 1224,A-20224,2026/05/13,512982,gal,,R3,
M-1225,"1675 Oak St, Wiley, CO 81092",Resident 1225,A-20225,2026/05/13,475892,gal,,R4,
M-1226,"1682 Elm St, Wiley, CO 81092",Resident 1226,A-20226,2026/05/13,232876,gal,,R5,
M-1227,"1689 3rd Ave, Wiley, CO 81092",Resident 1227,A-20227,2026/05/13,335812,gal,,R6,
M-1228,"1696 5th St, Wiley, CO 81092",Resident 1228,A-20228,2026/05/13,500648,gal,,R1,
M-1229,"1703 Ranch Rd, Wiley, CO 81092",Resident 1229,A-20229,2026/05/13,337966,gal,,R2,
M-1230,"1710 Irrigation Ln, Wiley, CO 81092",Resident 1230,A-20230,2026/05/13,368829,gal,,R3,
M-1231,"1717 North Frontage, Wiley, CO 81092",Resident 1231,A-20231,2026/05/13,245584,gal,,R4,
M-1232,"1724 South Loop, Wiley, CO 81092",Resident 1232,A-20232,2026/05/13,363725,gal,,R5,
M-1233,"1731 Pioneer Rd, Wiley, CO 81092",Resident 1233,A-20233,2026/05/13,227124,gal,,R6,
M-1234,"1738 Cottonwood Dr, Wiley, CO 81092",Resident 1234,A-20234,2026/05/13,426414,gal,,R1,
M-1235,"1745 Sand Creek Rd, Wiley, CO 81092",Resident 1235,A-20235,2026/05/13,455936,gal,,R2,
M-1236,"1752 Prairie View, Wiley, CO 81092",Resident 1236,A-20236,2026/05/13,322727,gal,,R3,
M-1237,"1759 School House Rd, Wiley, CO 81092",Resident 1237,A-20237,2026/05/13,412827,gal,,R4,
M-1238,"1766 Cemetery Rd, Wiley, CO 81092",Resident 1238,A-20238,2026/05/13,393328,gal,,R5,
M-1239,"1773 Grain Elevator Rd, Wiley, CO 81092",Resident 1239,A-20239,2026/05/13,211789,gal,,R6,
M-1240,"1780 Main St, Wiley, CO 81092",Resident 1240,A-20240,2026/05/13,542510,gal,,R1,
M-1241,"1787 County Rd 10, Wiley, CO 81092",Resident 1241,A-20241,2026/05/13,353073,gal,,R2,
M-1242,"1794 County Rd 14, Wiley, CO 81092",Resident 1242,A-20242,2026/05/13,447848,gal,,R3,
M-1243,"1801 Highway 287, Wiley, CO 81092",Resident 1243,A-20243,2026/05/13,307852,gal,,R4,
M-1244,"1808 Maple Ave, Wiley, CO 81092",Resident 1244,A-20244,2026/05/13,865690,gal,,R5,
M-1245,"1815 Oak St, Wiley, CO 81092",Resident 1245,A-20245,2026/05/13,173331,gal,,R6,
M-1246,"1822 Elm St, Wiley, CO 81092",Resident 1246,A-20246,2026/05/13,316743,gal,,R1,
M-1247,"1829 3rd Ave, Wiley, CO 81092",Resident 1247,A-20247,2026/05/13,368193,gal,,R2,
M-1248,"1836 5th St, Wiley, CO 81092",Resident 1248,A-20248,2026/05/13,367772,gal,,R3,
M-1249,"1843 Ranch Rd, Wiley, CO 81092",Resident 1249,A-20249,2026/05/13,547325,gal,,R4,
M-1250,"1850 Irrigation Ln, Wiley, CO 81092",Resident 1250,A-20250,2026/05/13,353270,gal,,R5,
M-1251,"1857 North Frontage, Wiley, CO 81092",Resident 1251,A-20251,2026/05/13,372972,gal,,R6,
M-1252,"1864 South Loop, Wiley, CO 81092",Resident 1252,A-20252,2026/05/13,352664,gal,,R1,
M-1253,"1871 Pioneer Rd, Wiley, CO 81092",Resident 1253,A-20253,2026/05/13,255520,gal,,R2,
M-1254,"1878 Cottonwood Dr, Wiley, CO 81092",Resident 1254,A-20254,2026/05/13,402742,gal,,R3,
M-1255,"1885 Sand Creek Rd, Wiley, CO 81092",Resident 1255,A-20255,2026/05/13,293667,gal,,R4,
M-1256,"1892 Prairie View, Wiley, CO 81092",Resident 1256,A-20256,2026/05/13,316544,gal,,R5,
M-1257,"1899 School House Rd, Wiley, CO 81092",Resident 1257,A-20257,2026/05/13,328344,gal,,R6,
M-1258,"1906 Cemetery Rd, Wiley, CO 81092",Resident 1258,A-20258,2026/05/13,488093,gal,,R1,
M-1259,"1913 Grain Elevator Rd, Wiley, CO 81092",Resident 1259,A-20259,2026/05/13,309117,gal,,R2,
M-1260,"1920 Main St, Wiley, CO 81092",Resident 1260,A-20260,2026/05/13,196904,gal,TAMPER,R3,
M-1261,"1927 County Rd 10, Wiley, CO 81092",Resident 1261,A-20261,2026/05/13,479584,gal,,R4,
M-1262,"1934 County Rd 14, Wiley, CO 81092",Resident 1262,A-20262,2026/05/13,411211,gal,,R5,
M-1263,"1941 Highway 287, Wiley, CO 81092",Resident 1263,A-20263,2026/05/13,342362,gal,,R6,
M-1264,"1948 Maple Ave, Wiley, CO 81092",Resident 1264,A-20264,2026/05/13,353063,gal,,R1,
M-1265,"1955 Oak St, Wiley, CO 81092",Resident 1265,A-20265,2026/05/13,433817,gal,,R2,
M-1266,"1962 Elm St, Wiley, CO 81092",Resident 1266,A-20266,2026/05/13,216646,gal,,R3,
M-1267,"1969 3rd Ave, Wiley, CO 81092",Resident 1267,A-20267,2026/05/13,342186,gal,,R4,
M-1268,"1976 5th St, Wiley, CO 81092",Resident 1268,A-20268,2026/05/13,288757,gal,,R5,
M-1269,"1983 Ranch Rd, Wiley, CO 81092",Resident 1269,A-20269,2026/05/13,309819,gal,,R6,
M-1270,"1990 Irrigation Ln, Wiley, CO 81092",Resident 1270,A-20270,2026/05/13,346839,gal,,R1,
M-1271,"1997 North Frontage, Wiley, CO 81092",Resident 1271,A-20271,2026/05/13,506503,gal,,R2,
M-1272,"2004 South Loop, Wiley, CO 81092",Resident 1272,A-20272,2026/05/13,517761,gal,,R3,
M-1273,"2011 Pioneer Rd, Wiley, CO 81092",Resident 1273,A-20273,2026/05/13,543204,gal,,R4,
M-1274,"2018 Cottonwood Dr, Wiley, CO 81092",Resident 1274,A-20274,2026/05/13,350154,gal,,R5,
M-1275,"2025 Sand Creek Rd, Wiley, CO 81092",Resident 1275,A-20275,2026/05/13,385671,gal,,R6,
M-1276,"2032 Prairie View, Wiley, CO 81092",Resident 1276,A-20276,2026/05/13,421092,gal,,R1,
M-1277,"2039 School House Rd, Wiley, CO 81092",Resident 1277,A-20277,2026/05/13,401898,gal,,R2,
M-1278,"2046 Cemetery Rd, Wiley, CO 81092",Resident 1278,A-20278,2026/05/13,243892,gal,,R3,
M-1279,"2053 Grain Elevator Rd, Wiley, CO 81092",Resident 1279,A-20279,2026/05/13,384760,gal,,R4,
M-1280,"2060 Main St, Wiley, CO 81092",Resident 1280,A-20280,2026/05/13,365073,gal,,R5,
M-1281,"2067 County Rd 10, Wiley, CO 81092",Resident 1281,A-20281,2026/05/13,307132,gal,,R6,
M-1282,"2074 County Rd 14, Wiley, CO 81092",Resident 1282,A-20282,2026/05/13,523421,gal,,R1,
M-1283,"2081 Highway 287, Wiley, CO 81092",Resident 1283,A-20283,2026/05/13,204932,gal,,R2,
M-1284,"2088 Maple Ave, Wiley, CO 81092",Resident 1284,A-20284,2026/05/13,323838,gal,,R3,
M-1285,"2095 Oak St, Wiley, CO 81092",Resident 1285,A-20285,2026/05/13,446375,gal,,R4,
M-1286,"2102 Elm St, Wiley, CO 81092",Resident 1286,A-20286,2026/05/13,530021,gal,,R5,
M-1287,"2109 3rd Ave, Wiley, CO 81092",Resident 1287,A-20287,2026/05/13,563129,gal,,R6,
M-1288,"2116 5th St, Wiley, CO 81092",Resident 1288,A-20288,2026/05/13,424402,gal,,R1,
M-1289,"2123 Ranch Rd, Wiley, CO 81092",Resident 1289,A-20289,2026/05/13,393078,gal,,R2,
M-1290,"2130 Irrigation Ln, Wiley, CO 81092",Resident 1290,A-20290,2026/05/13,260661,gal,,R3,
M-1291,"2137 North Frontage, Wiley, CO 81092",Resident 1291,A-20291,2026/05/13,340456,gal,,R4,
M-1292,"2144 South Loop, Wiley, CO 81092",Resident 1292,A-20292,2026/05/13,277085,gal,,R5,
M-1293,"2151 Pioneer Rd, Wiley, CO 81092",Resident 1293,A-20293,2026/05/13,227004,gal,,R6,
M-1294,"2158 Cottonwood Dr, Wiley, CO 81092",Resident 1294,A-20294,2026/05/13,276896,gal,,R1,
M-1295,"2165 Sand Creek Rd, Wiley, CO 81092",Resident 1295,A-20295,2026/05/13,309479,gal,,R2,
M-1296,"2172 Prairie View, Wiley, CO 81092",Resident 1296,A-20296,2026/05/13,172316,gal,,R3,
M-1297,"2179 School House Rd, Wiley, CO 81092",Resident 1297,A-20297,2026/05/13,143601,gal,,R4,
M-1298,"2186 Cemetery Rd, Wiley, CO 81092",Resident 1298,A-20298,2026/05/13,268885,gal,,R5,
M-1299,"2193 Grain Elevator Rd, Wiley, CO 81092",Resident 1299,A-20299,2026/05/13,379568,gal,,R6,
M-1300,"2200 Main St, Wiley, CO 81092",Resident 1300,A-20300,2026/05/13,453333,gal,,R1,
M-1001,"107 County Rd 10, Wiley, CO 81092",Resident 1001,A-20001,2026/06/14,500575,gal,,R2,
M-1002,"114 County Rd 14, Wiley, CO 81092",Resident 1002,A-20002,2026/06/14,358317,gal,,R3,
M-1003,"121 Highway 287, Wiley, CO 81092",Resident 1003,A-20003,2026/06/14,179088,gal,,R4,
M-1004,"128 Maple Ave, Wiley, CO 81092",Resident 1004,A-20004,2026/06/14,464542,gal,,R5,
M-1005,"135 Oak St, Wiley, CO 81092",Resident 1005,A-20005,2026/06/14,251469,gal,,R6,
M-1006,"142 Elm St, Wiley, CO 81092",Resident 1006,A-20006,2026/06/14,294714,gal,,R1,
M-1007,"149 3rd Ave, Wiley, CO 81092",Resident 1007,A-20007,2026/06/14,388171,gal,,R2,
M-1008,"156 5th St, Wiley, CO 81092",Resident 1008,A-20008,2026/06/14,259028,gal,,R3,
M-1009,"163 Ranch Rd, Wiley, CO 81092",Resident 1009,A-20009,2026/06/14,279611,gal,,R4,
M-1010,"170 Irrigation Ln, Wiley, CO 81092",Resident 1010,A-20010,2026/06/14,352706,gal,,R5,
M-1011,"177 North Frontage, Wiley, CO 81092",Resident 1011,A-20011,2026/06/14,513300,gal,,R6,
M-1012,"184 South Loop, Wiley, CO 81092",Resident 1012,A-20012,2026/06/14,259260,gal,,R1,
M-1013,"191 Pioneer Rd, Wiley, CO 81092",Resident 1013,A-20013,2026/06/14,227194,gal,,R2,
M-1014,"198 Cottonwood Dr, Wiley, CO 81092",Resident 1014,A-20014,2026/06/14,460180,gal,,R3,
M-1015,"205 Sand Creek Rd, Wiley, CO 81092",Resident 1015,A-20015,2026/06/14,500861,gal,,R4,
M-1016,"212 Prairie View, Wiley, CO 81092",Resident 1016,A-20016,2026/06/14,188936,gal,,R5,
M-1017,"219 School House Rd, Wiley, CO 81092",Resident 1017,A-20017,2026/06/14,154453,gal,,R6,
M-1018,"226 Cemetery Rd, Wiley, CO 81092",Resident 1018,A-20018,2026/06/14,232543,gal,,R1,
M-1019,"233 Grain Elevator Rd, Wiley, CO 81092",Resident 1019,A-20019,2026/06/14,206696,gal,,R2,
M-1020,"240 Main St, Wiley, CO 81092",Resident 1020,A-20020,2026/06/14,352183,gal,,R3,
M-1021,"247 County Rd 10, Wiley, CO 81092",Resident 1021,A-20021,2026/06/14,400969,gal,,R4,
M-1022,"254 County Rd 14, Wiley, CO 81092",Resident 1022,A-20022,2026/06/14,448231,gal,REVERSE_FLOW,R5,
M-1023,"261 Highway 287, Wiley, CO 81092",Resident 1023,A-20023,2026/06/14,328396,gal,,R6,
M-1024,"268 Maple Ave, Wiley, CO 81092",Resident 1024,A-20024,2026/06/14,318466,gal,,R1,
M-1025,"275 Oak St, Wiley, CO 81092",Resident 1025,A-20025,2026/06/14,240681,gal,,R2,
M-1026,"282 Elm St, Wiley, CO 81092",Resident 1026,A-20026,2026/06/14,226734,gal,,R3,
M-1027,"289 3rd Ave, Wiley, CO 81092",Resident 1027,A-20027,2026/06/14,438737,gal,,R4,
M-1028,"296 5th St, Wiley, CO 81092",Resident 1028,A-20028,2026/06/14,225318,gal,,R5,
M-1029,"303 Ranch Rd, Wiley, CO 81092",Resident 1029,A-20029,2026/06/14,440671,gal,,R6,
M-1030,"310 Irrigation Ln, Wiley, CO 81092",Resident 1030,A-20030,2026/06/14,346319,gal,,R1,
M-1031,"317 North Frontage, Wiley, CO 81092",Resident 1031,A-20031,2026/06/14,421090,gal,,R2,
M-1032,"324 South Loop, Wiley, CO 81092",Resident 1032,A-20032,2026/06/14,292797,gal,,R3,
M-1033,"331 Pioneer Rd, Wiley, CO 81092",Resident 1033,A-20033,2026/06/14,851207,gal,,R4,
M-1034,"338 Cottonwood Dr, Wiley, CO 81092",Resident 1034,A-20034,2026/06/14,510040,gal,,R5,
M-1035,"345 Sand Creek Rd, Wiley, CO 81092",Resident 1035,A-20035,2026/06/14,500672,gal,,R6,
M-1036,"352 Prairie View, Wiley, CO 81092",Resident 1036,A-20036,2026/06/14,357568,gal,,R1,
M-1037,"359 School House Rd, Wiley, CO 81092",Resident 1037,A-20037,2026/06/14,326758,gal,,R2,
M-1038,"366 Cemetery Rd, Wiley, CO 81092",Resident 1038,A-20038,2026/06/14,231449,gal,,R3,
M-1039,"373 Grain Elevator Rd, Wiley, CO 81092",Resident 1039,A-20039,2026/06/14,386285,gal,,R4,
M-1040,"380 Main St, Wiley, CO 81092",Resident 1040,A-20040,2026/06/14,294556,gal,,R5,
M-1041,"387 County Rd 10, Wiley, CO 81092",Resident 1041,A-20041,2026/06/14,199211,gal,,R6,
M-1042,"394 County Rd 14, Wiley, CO 81092",Resident 1042,A-20042,2026/06/14,455573,gal,,R1,
M-1043,"401 Highway 287, Wiley, CO 81092",Resident 1043,A-20043,2026/06/14,412934,gal,,R2,
M-1044,"408 Maple Ave, Wiley, CO 81092",Resident 1044,A-20044,2026/06/14,172267,gal,,R3,
M-1045,"415 Oak St, Wiley, CO 81092",Resident 1045,A-20045,2026/06/14,414687,gal,,R4,
M-1046,"422 Elm St, Wiley, CO 81092",Resident 1046,A-20046,2026/06/14,192027,gal,,R5,
M-1047,"429 3rd Ave, Wiley, CO 81092",Resident 1047,A-20047,2026/06/14,133612,gal,,R6,
M-1048,"436 5th St, Wiley, CO 81092",Resident 1048,A-20048,2026/06/14,424907,gal,,R1,
M-1049,"443 Ranch Rd, Wiley, CO 81092",Resident 1049,A-20049,2026/06/14,422545,gal,,R2,
M-1050,"450 Irrigation Ln, Wiley, CO 81092",Resident 1050,A-20050,2026/06/14,382980,gal,,R3,
M-1051,"457 North Frontage, Wiley, CO 81092",Resident 1051,A-20051,2026/06/14,446107,gal,,R4,
M-1052,"464 South Loop, Wiley, CO 81092",Resident 1052,A-20052,2026/06/14,248233,gal,,R5,
M-1053,"471 Pioneer Rd, Wiley, CO 81092",Resident 1053,A-20053,2026/06/14,246246,gal,,R6,
M-1054,"478 Cottonwood Dr, Wiley, CO 81092",Resident 1054,A-20054,2026/06/14,418625,gal,,R1,
M-1055,"485 Sand Creek Rd, Wiley, CO 81092",Resident 1055,A-20055,2026/06/14,144181,gal,,R2,
M-1056,"492 Prairie View, Wiley, CO 81092",Resident 1056,A-20056,2026/06/14,336758,gal,,R3,
M-1057,"499 School House Rd, Wiley, CO 81092",Resident 1057,A-20057,2026/06/14,223316,gal,,R4,
M-1058,"506 Cemetery Rd, Wiley, CO 81092",Resident 1058,A-20058,2026/06/14,514319,gal,,R5,
M-1059,"513 Grain Elevator Rd, Wiley, CO 81092",Resident 1059,A-20059,2026/06/14,161857,gal,,R6,
M-1060,"520 Main St, Wiley, CO 81092",Resident 1060,A-20060,2026/06/14,298194,gal,,R1,
M-1061,"527 County Rd 10, Wiley, CO 81092",Resident 1061,A-20061,2026/06/14,328638,gal,,R2,
M-1062,"534 County Rd 14, Wiley, CO 81092",Resident 1062,A-20062,2026/06/14,265341,gal,,R3,
M-1063,"541 Highway 287, Wiley, CO 81092",Resident 1063,A-20063,2026/06/14,456365,gal,,R4,
M-1064,"548 Maple Ave, Wiley, CO 81092",Resident 1064,A-20064,2026/06/14,351475,gal,,R5,
M-1065,"555 Oak St, Wiley, CO 81092",Resident 1065,A-20065,2026/06/14,517789,gal,,R6,
M-1066,"562 Elm St, Wiley, CO 81092",Resident 1066,A-20066,2026/06/14,483278,gal,,R1,
M-1067,"569 3rd Ave, Wiley, CO 81092",Resident 1067,A-20067,2026/06/14,231609,gal,,R2,
M-1068,"576 5th St, Wiley, CO 81092",Resident 1068,A-20068,2026/06/14,460287,gal,,R3,
M-1069,"583 Ranch Rd, Wiley, CO 81092",Resident 1069,A-20069,2026/06/14,280160,gal,,R4,
M-1070,"590 Irrigation Ln, Wiley, CO 81092",Resident 1070,A-20070,2026/06/14,334410,gal,,R5,
M-1071,"597 North Frontage, Wiley, CO 81092",Resident 1071,A-20071,2026/06/14,454533,gal,,R6,
M-1072,"604 South Loop, Wiley, CO 81092",Resident 1072,A-20072,2026/06/14,539077,gal,,R1,
M-1073,"611 Pioneer Rd, Wiley, CO 81092",Resident 1073,A-20073,2026/06/14,442470,gal,,R2,
M-1074,"618 Cottonwood Dr, Wiley, CO 81092",Resident 1074,A-20074,2026/06/14,428103,gal,,R3,
M-1075,"625 Sand Creek Rd, Wiley, CO 81092",Resident 1075,A-20075,2026/06/14,282877,gal,,R4,
M-1076,"632 Prairie View, Wiley, CO 81092",New Occupant 1076,A-20076,2026/06/14,281598,gal,,R5,
M-1077,"639 School House Rd, Wiley, CO 81092",Resident 1077,A-20077,2026/06/14,227294,gal,,R6,
M-1078,"646 Cemetery Rd, Wiley, CO 81092",Resident 1078,A-20078,2026/06/14,344710,gal,,R1,
M-1079,"653 Grain Elevator Rd, Wiley, CO 81092",Resident 1079,A-20079,2026/06/14,283066,gal,,R2,
M-1080,"660 Main St, Wiley, CO 81092",Resident 1080,A-20080,2026/06/14,325929,gal,,R3,
M-1081,"667 County Rd 10, Wiley, CO 81092",Resident 1081,A-20081,2026/06/14,432165,gal,,R4,
M-1082,"674 County Rd 14, Wiley, CO 81092",Resident 1082,A-20082,2026/06/14,237358,gal,,R5,
M-1083,"681 Highway 287, Wiley, CO 81092",Resident 1083,A-20083,2026/06/14,470317,gal,,R6,
M-1084,"688 Maple Ave, Wiley, CO 81092",Resident 1084,A-20084,2026/06/14,328779,gal,,R1,
M-1085,"695 Oak St, Wiley, CO 81092",Resident 1085,A-20085,2026/06/14,405853,gal,,R2,
M-1086,"702 Elm St, Wiley, CO 81092",Resident 1086,A-20086,2026/06/14,309936,gal,,R3,
M-1087,"709 3rd Ave, Wiley, CO 81092",Resident 1087,A-20087,2026/06/14,265151,gal,,R4,
M-1088,"716 5th St, Wiley, CO 81092",Resident 1088,A-20088,2026/06/14,158511,gal,,R5,
M-1089,"723 Ranch Rd, Wiley, CO 81092",Resident 1089,A-20089,2026/06/14,724877,gal,,R6,
M-1090,"730 Irrigation Ln, Wiley, CO 81092",Resident 1090,A-20090,2026/06/14,538158,gal,,R1,
M-1091,"737 North Frontage, Wiley, CO 81092",Resident 1091,A-20091,2026/06/14,517927,gal,,R2,
M-1092,"744 South Loop, Wiley, CO 81092",Resident 1092,A-20092,2026/06/14,188946,gal,,R3,
M-1093,"751 Pioneer Rd, Wiley, CO 81092",Resident 1093,A-20093,2026/06/14,244741,gal,,R4,
M-1094,"758 Cottonwood Dr, Wiley, CO 81092",Resident 1094,A-20094,2026/06/14,519003,gal,,R5,
M-1095,"765 Sand Creek Rd, Wiley, CO 81092",Resident 1095,A-20095,2026/06/14,260741,gal,,R6,
M-1096,"772 Prairie View, Wiley, CO 81092",Resident 1096,A-20096,2026/06/14,398619,gal,,R1,
M-1097,"779 School House Rd, Wiley, CO 81092",Resident 1097,A-20097,2026/06/14,328364,gal,,R2,
M-1098,"786 Cemetery Rd, Wiley, CO 81092",Resident 1098,A-20098,2026/06/14,247190,gal,,R3,
M-1099,"793 Grain Elevator Rd, Wiley, CO 81092",Resident 1099,A-20099,2026/06/14,336623,gal,,R4,
M-1100,"800 Main St, Wiley, CO 81092",Resident 1100,A-20100,2026/06/14,253726,gal,,R5,
M-1101,"807 County Rd 10, Wiley, CO 81092",Resident 1101,A-20101,2026/06/14,352169,gal,,R6,
M-1102,"814 County Rd 14, Wiley, CO 81092",Resident 1102,A-20102,2026/06/14,403398,gal,,R1,
M-1103,"821 Highway 287, Wiley, CO 81092",Resident 1103,A-20103,2026/06/14,296924,gal,,R2,
M-1104,"828 Maple Ave, Wiley, CO 81092",Resident 1104,A-20104,2026/06/14,311496,gal,,R3,
M-1105,"835 Oak St, Wiley, CO 81092",Resident 1105,A-20105,2026/06/14,395167,gal,,R4,
M-1106,"842 Elm St, Wiley, CO 81092",Resident 1106,A-20106,2026/06/14,536728,gal,,R5,
M-1107,"849 3rd Ave, Wiley, CO 81092",Resident 1107,A-20107,2026/06/14,272103,gal,,R6,
M-1108,"856 5th St, Wiley, CO 81092",Resident 1108,A-20108,2026/06/14,465036,gal,,R1,
M-1109,"863 Ranch Rd, Wiley, CO 81092",Resident 1109,A-20109,2026/06/14,452619,gal,,R2,
M-1110,"870 Irrigation Ln, Wiley, CO 81092",Resident 1110,A-20110,2026/06/14,440644,gal,,R3,
M-1111,"877 North Frontage, Wiley, CO 81092",Resident 1111,A-20111,2026/06/14,182191,gal,,R4,
M-1112,"884 South Loop, Wiley, CO 81092",Resident 1112,A-20112,2026/06/14,439668,gal,,R5,
M-1113,"891 Pioneer Rd, Wiley, CO 81092",Resident 1113,A-20113,2026/06/14,271990,gal,,R6,
M-1114,"898 Cottonwood Dr, Wiley, CO 81092",Resident 1114,A-20114,2026/06/14,486955,gal,,R1,
M-1115,"905 Sand Creek Rd, Wiley, CO 81092",Resident 1115,A-20115,2026/06/14,264836,gal,,R2,
M-1116,"912 Prairie View, Wiley, CO 81092",Resident 1116,A-20116,2026/06/14,305164,gal,,R3,
M-1117,"919 School House Rd, Wiley, CO 81092",Resident 1117,A-20117,2026/06/14,300355,gal,,R4,
M-1118,"926 Cemetery Rd, Wiley, CO 81092",Resident 1118,A-20118,2026/06/14,186982,gal,,R5,
M-1119,"933 Grain Elevator Rd, Wiley, CO 81092",Resident 1119,A-20119,2026/06/14,280482,gal,,R6,
M-1120,"940 Main St, Wiley, CO 81092",Resident 1120,A-20120,2026/06/14,482716,gal,,R1,
M-1121,"947 County Rd 10, Wiley, CO 81092",Resident 1121,A-20121,2026/06/14,255851,gal,,R2,
M-1122,"954 County Rd 14, Wiley, CO 81092",Resident 1122,A-20122,2026/06/14,371094,gal,,R3,
M-1123,"961 Highway 287, Wiley, CO 81092",Resident 1123,A-20123,2026/06/14,340679,gal,,R4,
M-1124,"968 Maple Ave, Wiley, CO 81092",Resident 1124,A-20124,2026/06/14,447090,gal,,R5,
M-1125,"975 Oak St, Wiley, CO 81092",Resident 1125,A-20125,2026/06/14,260383,gal,,R6,
M-1126,"982 Elm St, Wiley, CO 81092",Resident 1126,A-20126,2026/06/14,307559,gal,,R1,
M-1127,"989 3rd Ave, Wiley, CO 81092",Resident 1127,A-20127,2026/06/14,257173,gal,,R2,
M-1128,"996 5th St, Wiley, CO 81092",Resident 1128,A-20128,2026/06/14,578398,gal,,R3,
M-1129,"1003 Ranch Rd, Wiley, CO 81092",Resident 1129,A-20129,2026/06/14,347888,gal,,R4,
M-1130,"1010 Irrigation Ln, Wiley, CO 81092",Resident 1130,A-20130,2026/06/14,473405,gal,,R5,
M-1131,"1017 North Frontage, Wiley, CO 81092",Resident 1131,A-20131,2026/06/14,407229,gal,,R6,
M-1132,"1024 South Loop, Wiley, CO 81092",Resident 1132,A-20132,2026/06/14,374630,gal,,R1,
M-1133,"1031 Pioneer Rd, Wiley, CO 81092",Resident 1133,A-20133,2026/06/14,234164,gal,,R2,
M-1134,"1038 Cottonwood Dr, Wiley, CO 81092",Resident 1134,A-20134,2026/06/14,230620,gal,,R3,
M-1135,"1045 Sand Creek Rd, Wiley, CO 81092",Resident 1135,A-20135,2026/06/14,542027,gal,,R4,
M-1136,"1052 Prairie View, Wiley, CO 81092",Resident 1136,A-20136,2026/06/14,401663,gal,,R5,
M-1137,"1059 School House Rd, Wiley, CO 81092",Resident 1137,A-20137,2026/06/14,315982,gal,,R6,
M-1138,"1066 Cemetery Rd, Wiley, CO 81092",Resident 1138,A-20138,2026/06/14,170012,gal,,R1,
M-1139,"1073 Grain Elevator Rd, Wiley, CO 81092",Resident 1139,A-20139,2026/06/14,128114,gal,,R2,
M-1140,"1080 Main St, Wiley, CO 81092",Resident 1140,A-20140,2026/06/14,372583,gal,REVERSE_FLOW,R3,
M-1141,"1087 County Rd 10, Wiley, CO 81092",Resident 1141,A-20141,2026/06/14,264653,gal,,R4,
M-1142,"1094 County Rd 14, Wiley, CO 81092",Resident 1142,A-20142,2026/06/14,453465,gal,,R5,
M-1143,"1101 Highway 287, Wiley, CO 81092",Resident 1143,A-20143,2026/06/14,382065,gal,,R6,
M-1144,"1108 Maple Ave, Wiley, CO 81092",Resident 1144,A-20144,2026/06/14,195178,gal,,R1,
M-1145,"1115 Oak St, Wiley, CO 81092",Resident 1145,A-20145,2026/06/14,355292,gal,,R2,
M-1146,"1122 Elm St, Wiley, CO 81092",Resident 1146,A-20146,2026/06/14,419431,gal,,R3,
M-1147,"1129 3rd Ave, Wiley, CO 81092",Resident 1147,A-20147,2026/06/14,444171,gal,,R4,
M-1148,"1136 5th St, Wiley, CO 81092",Resident 1148,A-20148,2026/06/14,425051,gal,,R5,
M-1149,"1143 Ranch Rd, Wiley, CO 81092",Resident 1149,A-20149,2026/06/14,234130,gal,,R6,
M-1150,"1150 Irrigation Ln, Wiley, CO 81092",Resident 1150,A-20150,2026/06/14,244956,gal,,R1,
M-1151,"1157 North Frontage, Wiley, CO 81092",Resident 1151,A-20151,2026/06/14,256599,gal,,R2,
M-1152,"1164 South Loop, Wiley, CO 81092",Resident 1152,A-20152,2026/06/14,192723,gal,,R3,
M-1153,"1171 Pioneer Rd, Wiley, CO 81092",Resident 1153,A-20153,2026/06/14,464572,gal,,R4,
M-1154,"1178 Cottonwood Dr, Wiley, CO 81092",Resident 1154,A-20154,2026/06/14,197022,gal,,R5,
M-1155,"1185 Sand Creek Rd, Wiley, CO 81092",Resident 1155,A-20155,2026/06/14,407947,gal,,R6,
M-1156,"1192 Prairie View, Wiley, CO 81092",Resident 1156,A-20156,2026/06/14,960954,gal,,R1,
M-1157,"1199 School House Rd, Wiley, CO 81092",Resident 1157,A-20157,2026/06/14,493026,gal,,R2,
M-1158,"1206 Cemetery Rd, Wiley, CO 81092",Resident 1158,A-20158,2026/06/14,224446,gal,,R3,
M-1159,"1213 Grain Elevator Rd, Wiley, CO 81092",Resident 1159,A-20159,2026/06/14,433213,gal,,R4,
M-1160,"1220 Main St, Wiley, CO 81092",Resident 1160,A-20160,2026/06/14,170384,gal,,R5,
M-1161,"1227 County Rd 10, Wiley, CO 81092",Resident 1161,A-20161,2026/06/14,254637,gal,,R6,
M-1162,"1234 County Rd 14, Wiley, CO 81092",Resident 1162,A-20162,2026/06/14,403549,gal,,R1,
M-1163,"1241 Highway 287, Wiley, CO 81092",Resident 1163,A-20163,2026/06/14,314832,gal,,R2,
M-1164,"1248 Maple Ave, Wiley, CO 81092",Resident 1164,A-20164,2026/06/14,252188,gal,,R3,
M-1165,"1255 Oak St, Wiley, CO 81092",Resident 1165,A-20165,2026/06/14,391303,gal,,R4,
M-1166,"1262 Elm St, Wiley, CO 81092",Resident 1166,A-20166,2026/06/14,361993,gal,,R5,
M-1167,"1269 3rd Ave, Wiley, CO 81092",Resident 1167,A-20167,2026/06/14,282602,gal,,R6,
M-1168,"1276 5th St, Wiley, CO 81092",Resident 1168,A-20168,2026/06/14,597077,gal,,R1,
M-1169,"1283 Ranch Rd, Wiley, CO 81092",Resident 1169,A-20169,2026/06/14,276631,gal,,R2,
M-1170,"1290 Irrigation Ln, Wiley, CO 81092",Resident 1170,A-20170,2026/06/14,337936,gal,,R3,
M-1171,"1297 North Frontage, Wiley, CO 81092",Resident 1171,A-20171,2026/06/14,418145,gal,,R4,
M-1172,"1304 South Loop, Wiley, CO 81092",Resident 1172,A-20172,2026/06/14,367060,gal,,R5,
M-1173,"1311 Pioneer Rd, Wiley, CO 81092",Resident 1173,A-20173,2026/06/14,511886,gal,,R6,
M-1174,"1318 Cottonwood Dr, Wiley, CO 81092",Resident 1174,A-20174,2026/06/14,211677,gal,,R1,
M-1175,"1325 Sand Creek Rd, Wiley, CO 81092",Resident 1175,A-20175,2026/06/14,309753,gal,,R2,
M-1176,"1332 Prairie View, Wiley, CO 81092",Resident 1176,A-20176,2026/06/14,187619,gal,,R3,
M-1177,"1339 School House Rd, Wiley, CO 81092",Resident 1177,A-20177,2026/06/14,332099,gal,,R4,
M-1178,"1346 Cemetery Rd, Wiley, CO 81092",Resident 1178,A-20178,2026/06/14,462099,gal,,R5,
M-1179,"1353 Grain Elevator Rd, Wiley, CO 81092",Resident 1179,A-20179,2026/06/14,167474,gal,,R6,
M-1180,"1360 Main St, Wiley, CO 81092",Resident 1180,A-20180,2026/06/14,290820,gal,,R1,
M-1181,"1367 County Rd 10, Wiley, CO 81092",Resident 1181,A-20181,2026/06/14,418668,gal,,R2,
M-1182,"1374 County Rd 14, Wiley, CO 81092",Resident 1182,A-20182,2026/06/14,351117,gal,,R3,
M-1183,"1381 Highway 287, Wiley, CO 81092",Resident 1183,A-20183,2026/06/14,330939,gal,,R4,
M-1184,"1388 Maple Ave, Wiley, CO 81092",Resident 1184,A-20184,2026/06/14,262035,gal,,R5,
M-1185,"1395 Oak St, Wiley, CO 81092",Resident 1185,A-20185,2026/06/14,303178,gal,,R6,
M-1186,"1402 Elm St, Wiley, CO 81092",Resident 1186,A-20186,2026/06/14,216929,gal,,R1,
M-1187,"1409 3rd Ave, Wiley, CO 81092",Resident 1187,A-20187,2026/06/14,429272,gal,,R2,
M-1188,"1416 5th St, Wiley, CO 81092",Resident 1188,A-20188,2026/06/14,215736,gal,,R3,
M-1189,"1423 Ranch Rd, Wiley, CO 81092",Resident 1189,A-20189,2026/06/14,465093,gal,,R4,
M-1190,"1430 Irrigation Ln, Wiley, CO 81092",Resident 1190,A-20190,2026/06/14,254753,gal,,R5,
M-1191,"1437 North Frontage, Wiley, CO 81092",New Occupant 1191,A-20191,2026/06/14,232765,gal,,R6,
M-1192,"1444 South Loop, Wiley, CO 81092",Resident 1192,A-20192,2026/06/14,417743,gal,,R1,
M-1193,"1451 Pioneer Rd, Wiley, CO 81092",Resident 1193,A-20193,2026/06/14,428261,gal,,R2,
M-1194,"1458 Cottonwood Dr, Wiley, CO 81092",Resident 1194,A-20194,2026/06/14,294820,gal,,R3,
M-1195,"1465 Sand Creek Rd, Wiley, CO 81092",Resident 1195,A-20195,2026/06/14,326351,gal,,R4,
M-1196,"1472 Prairie View, Wiley, CO 81092",Resident 1196,A-20196,2026/06/14,321900,gal,,R5,
M-1197,"1479 School House Rd, Wiley, CO 81092",Resident 1197,A-20197,2026/06/14,114727,gal,,R6,
M-1198,"1486 Cemetery Rd, Wiley, CO 81092",Resident 1198,A-20198,2026/06/14,565430,gal,,R1,
M-1199,"1493 Grain Elevator Rd, Wiley, CO 81092",Resident 1199,A-20199,2026/06/14,266247,gal,,R2,
M-1200,"1500 Main St, Wiley, CO 81092",Resident 1200,A-20200,2026/06/14,403765,gal,,R3,
M-1201,"1507 County Rd 10, Wiley, CO 81092",Resident 1201,A-20201,2026/06/14,277217,gal,,R4,
M-1202,"1514 County Rd 14, Wiley, CO 81092",Resident 1202,A-20202,2026/06/14,268351,gal,,R5,
M-1203,"1521 Highway 287, Wiley, CO 81092",Resident 1203,A-20203,2026/06/14,183866,gal,,R6,
M-1204,"1528 Maple Ave, Wiley, CO 81092",Resident 1204,A-20204,2026/06/14,304620,gal,,R1,
M-1205,"1535 Oak St, Wiley, CO 81092",Resident 1205,A-20205,2026/06/14,333538,gal,,R2,
M-1206,"1542 Elm St, Wiley, CO 81092",Resident 1206,A-20206,2026/06/14,448841,gal,,R3,
M-1207,"1549 3rd Ave, Wiley, CO 81092",Resident 1207,A-20207,2026/06/14,418026,gal,,R4,
M-1208,"1556 5th St, Wiley, CO 81092",Resident 1208,A-20208,2026/06/14,415744,gal,,R5,
M-1209,"1563 Ranch Rd, Wiley, CO 81092",Resident 1209,A-20209,2026/06/14,396108,gal,,R6,
M-1210,"1570 Irrigation Ln, Wiley, CO 81092",Resident 1210,A-20210,2026/06/14,290400,gal,,R1,
M-1211,"1577 North Frontage, Wiley, CO 81092",Resident 1211,A-20211,2026/06/14,256850,gal,,R2,
M-1212,"1584 South Loop, Wiley, CO 81092",Resident 1212,A-20212,2026/06/14,257744,gal,,R3,
M-1213,"1591 Pioneer Rd, Wiley, CO 81092",Resident 1213,A-20213,2026/06/14,252804,gal,,R4,
M-1214,"1598 Cottonwood Dr, Wiley, CO 81092",Resident 1214,A-20214,2026/06/14,342082,gal,,R5,
M-1215,"1605 Sand Creek Rd, Wiley, CO 81092",Resident 1215,A-20215,2026/06/14,507345,gal,,R6,
M-1216,"1612 Prairie View, Wiley, CO 81092",Resident 1216,A-20216,2026/06/14,383991,gal,,R1,
M-1217,"1619 School House Rd, Wiley, CO 81092",Resident 1217,A-20217,2026/06/14,146626,gal,,R2,
M-1218,"1626 Cemetery Rd, Wiley, CO 81092",Resident 1218,A-20218,2026/06/14,180225,gal,,R3,
M-1219,"1633 Grain Elevator Rd, Wiley, CO 81092",Resident 1219,A-20219,2026/06/14,536087,gal,,R4,
M-1220,"1640 Main St, Wiley, CO 81092",Resident 1220,A-20220,2026/06/14,418362,gal,,R5,
M-1221,"1647 County Rd 10, Wiley, CO 81092",Resident 1221,A-20221,2026/06/14,387631,gal,,R6,
M-1222,"1654 County Rd 14, Wiley, CO 81092",Resident 1222,A-20222,2026/06/14,295952,gal,,R1,
M-1223,"1661 Highway 287, Wiley, CO 81092",Resident 1223,A-20223,2026/06/14,378760,gal,,R2,
M-1224,"1668 Maple Ave, Wiley, CO 81092",Resident 1224,A-20224,2026/06/14,522939,gal,,R3,
M-1225,"1675 Oak St, Wiley, CO 81092",Resident 1225,A-20225,2026/06/14,485409,gal,,R4,
M-1226,"1682 Elm St, Wiley, CO 81092",Resident 1226,A-20226,2026/06/14,239886,gal,,R5,
M-1227,"1689 3rd Ave, Wiley, CO 81092",Resident 1227,A-20227,2026/06/14,340358,gal,,R6,
M-1228,"1696 5th St, Wiley, CO 81092",Resident 1228,A-20228,2026/06/14,508994,gal,,R1,
M-1229,"1703 Ranch Rd, Wiley, CO 81092",Resident 1229,A-20229,2026/06/14,350719,gal,,R2,
M-1230,"1710 Irrigation Ln, Wiley, CO 81092",Resident 1230,A-20230,2026/06/14,379399,gal,,R3,
M-1231,"1717 North Frontage, Wiley, CO 81092",Resident 1231,A-20231,2026/06/14,254879,gal,,R4,
M-1232,"1724 South Loop, Wiley, CO 81092",Resident 1232,A-20232,2026/06/14,369095,gal,,R5,
M-1233,"1731 Pioneer Rd, Wiley, CO 81092",Resident 1233,A-20233,2026/06/14,237337,gal,,R6,
M-1234,"1738 Cottonwood Dr, Wiley, CO 81092",Resident 1234,A-20234,2026/06/14,433249,gal,,R1,
M-1235,"1745 Sand Creek Rd, Wiley, CO 81092",Resident 1235,A-20235,2026/06/14,462729,gal,,R2,
M-1236,"1752 Prairie View, Wiley, CO 81092",Resident 1236,A-20236,2026/06/14,333105,gal,,R3,
M-1237,"1759 School House Rd, Wiley, CO 81092",Resident 1237,A-20237,2026/06/14,422565,gal,,R4,
M-1238,"1766 Cemetery Rd, Wiley, CO 81092",Resident 1238,A-20238,2026/06/14,399960,gal,,R5,
M-1239,"1773 Grain Elevator Rd, Wiley, CO 81092",Resident 1239,A-20239,2026/06/14,220551,gal,,R6,
M-1240,"1780 Main St, Wiley, CO 81092",Resident 1240,A-20240,2026/06/14,551742,gal,,R1,
M-1241,"1787 County Rd 10, Wiley, CO 81092",Resident 1241,A-20241,2026/06/14,360340,gal,,R2,
M-1242,"1794 County Rd 14, Wiley, CO 81092",Resident 1242,A-20242,2026/06/14,451763,gal,,R3,
M-1243,"1801 Highway 287, Wiley, CO 81092",Resident 1243,A-20243,2026/06/14,314112,gal,,R4,
M-1244,"1808 Maple Ave, Wiley, CO 81092",Resident 1244,A-20244,2026/06/14,894046,gal,,R5,
M-1245,"1815 Oak St, Wiley, CO 81092",Resident 1245,A-20245,2026/06/14,177416,gal,,R6,
M-1246,"1822 Elm St, Wiley, CO 81092",Resident 1246,A-20246,2026/06/14,323590,gal,,R1,
M-1247,"1829 3rd Ave, Wiley, CO 81092",Resident 1247,A-20247,2026/06/14,371389,gal,,R2,
M-1248,"1836 5th St, Wiley, CO 81092",Resident 1248,A-20248,2026/06/14,377394,gal,,R3,
M-1249,"1843 Ranch Rd, Wiley, CO 81092",Resident 1249,A-20249,2026/06/14,556856,gal,,R4,
M-1250,"1850 Irrigation Ln, Wiley, CO 81092",Resident 1250,A-20250,2026/06/14,358893,gal,,R5,
M-1251,"1857 North Frontage, Wiley, CO 81092",Resident 1251,A-20251,2026/06/14,382967,gal,,R6,
M-1252,"1864 South Loop, Wiley, CO 81092",Resident 1252,A-20252,2026/06/14,358175,gal,,R1,
M-1253,"1871 Pioneer Rd, Wiley, CO 81092",Resident 1253,A-20253,2026/06/14,258170,gal,,R2,
M-1254,"1878 Cottonwood Dr, Wiley, CO 81092",Resident 1254,A-20254,2026/06/14,406077,gal,,R3,
M-1255,"1885 Sand Creek Rd, Wiley, CO 81092",Resident 1255,A-20255,2026/06/14,303055,gal,,R4,
M-1256,"1892 Prairie View, Wiley, CO 81092",Resident 1256,A-20256,2026/06/14,325774,gal,,R5,
M-1257,"1899 School House Rd, Wiley, CO 81092",Resident 1257,A-20257,2026/06/14,332040,gal,,R6,
M-1258,"1906 Cemetery Rd, Wiley, CO 81092",Resident 1258,A-20258,2026/06/14,493145,gal,,R1,
M-1259,"1913 Grain Elevator Rd, Wiley, CO 81092",Resident 1259,A-20259,2026/06/14,312857,gal,,R2,
M-1260,"1920 Main St, Wiley, CO 81092",Resident 1260,A-20260,2026/06/14,200501,gal,LOW_BATTERY,R3,
M-1261,"1927 County Rd 10, Wiley, CO 81092",Resident 1261,A-20261,2026/06/14,486897,gal,,R4,
M-1262,"1934 County Rd 14, Wiley, CO 81092",Resident 1262,A-20262,2026/06/14,414427,gal,,R5,
M-1263,"1941 Highway 287, Wiley, CO 81092",Resident 1263,A-20263,2026/06/14,352236,gal,,R6,
M-1264,"1948 Maple Ave, Wiley, CO 81092",Resident 1264,A-20264,2026/06/14,358962,gal,,R1,
M-1265,"1955 Oak St, Wiley, CO 81092",Resident 1265,A-20265,2026/06/14,440074,gal,,R2,
M-1266,"1962 Elm St, Wiley, CO 81092",Resident 1266,A-20266,2026/06/14,227575,gal,,R3,
M-1267,"1969 3rd Ave, Wiley, CO 81092",Resident 1267,A-20267,2026/06/14,351481,gal,,R4,
M-1268,"1976 5th St, Wiley, CO 81092",Resident 1268,A-20268,2026/06/14,293298,gal,,R5,
M-1269,"1983 Ranch Rd, Wiley, CO 81092",Resident 1269,A-20269,2026/06/14,318556,gal,,R6,
M-1270,"1990 Irrigation Ln, Wiley, CO 81092",Resident 1270,A-20270,2026/06/14,351501,gal,,R1,
M-1271,"1997 North Frontage, Wiley, CO 81092",Resident 1271,A-20271,2026/06/14,506503,gal,,R2,
M-1272,"2004 South Loop, Wiley, CO 81092",Resident 1272,A-20272,2026/06/14,528030,gal,,R3,
M-1273,"2011 Pioneer Rd, Wiley, CO 81092",Resident 1273,A-20273,2026/06/14,552049,gal,,R4,
M-1274,"2018 Cottonwood Dr, Wiley, CO 81092",Resident 1274,A-20274,2026/06/14,359197,gal,,R5,
M-1275,"2025 Sand Creek Rd, Wiley, CO 81092",Resident 1275,A-20275,2026/06/14,391169,gal,,R6,
M-1276,"2032 Prairie View, Wiley, CO 81092",Resident 1276,A-20276,2026/06/14,428361,gal,,R1,
M-1277,"2039 School House Rd, Wiley, CO 81092",Resident 1277,A-20277,2026/06/14,409409,gal,,R2,
M-1278,"2046 Cemetery Rd, Wiley, CO 81092",Resident 1278,A-20278,2026/06/14,248959,gal,,R3,
M-1279,"2053 Grain Elevator Rd, Wiley, CO 81092",Resident 1279,A-20279,2026/06/14,388792,gal,,R4,
M-1280,"2060 Main St, Wiley, CO 81092",Resident 1280,A-20280,2026/06/14,368561,gal,,R5,
M-1281,"2067 County Rd 10, Wiley, CO 81092",Resident 1281,A-20281,2026/06/14,318070,gal,,R6,
M-1282,"2074 County Rd 14, Wiley, CO 81092",Resident 1282,A-20282,2026/06/14,530106,gal,,R1,
M-1283,"2081 Highway 287, Wiley, CO 81092",Resident 1283,A-20283,2026/06/14,212684,gal,,R2,
M-1284,"2088 Maple Ave, Wiley, CO 81092",Resident 1284,A-20284,2026/06/14,331565,gal,,R3,
M-1285,"2095 Oak St, Wiley, CO 81092",Resident 1285,A-20285,2026/06/14,453476,gal,,R4,
M-1286,"2102 Elm St, Wiley, CO 81092",Resident 1286,A-20286,2026/06/14,537890,gal,,R5,
M-1287,"2109 3rd Ave, Wiley, CO 81092",Resident 1287,A-20287,2026/06/14,573614,gal,,R6,
M-1288,"2116 5th St, Wiley, CO 81092",Resident 1288,A-20288,2026/06/14,428376,gal,,R1,
M-1289,"2123 Ranch Rd, Wiley, CO 81092",Resident 1289,A-20289,2026/06/14,404456,gal,,R2,
M-1290,"2130 Irrigation Ln, Wiley, CO 81092",Resident 1290,A-20290,2026/06/14,272357,gal,,R3,
M-1291,"2137 North Frontage, Wiley, CO 81092",Resident 1291,A-20291,2026/06/14,349738,gal,,R4,
M-1292,"2144 South Loop, Wiley, CO 81092",Resident 1292,A-20292,2026/06/14,281373,gal,,R5,
M-1293,"2151 Pioneer Rd, Wiley, CO 81092",Resident 1293,A-20293,2026/06/14,231143,gal,,R6,
M-1294,"2158 Cottonwood Dr, Wiley, CO 81092",Resident 1294,A-20294,2026/06/14,285246,gal,,R1,
M-1295,"2165 Sand Creek Rd, Wiley, CO 81092",Resident 1295,A-20295,2026/06/14,319499,gal,,R2,
M-1296,"2172 Prairie View, Wiley, CO 81092",Resident 1296,A-20296,2026/06/14,178693,gal,,R3,
M-1297,"2179 School House Rd, Wiley, CO 81092",Resident 1297,A-20297,2026/06/14,147231,gal,,R4,
M-1298,"2186 Cemetery Rd, Wiley, CO 81092",Resident 1298,A-20298,2026/06/14,274818,gal,,R5,
M-1299,"2193 Grain Elevator Rd, Wiley, CO 81092",Resident 1299,A-20299,2026/06/14,383935,gal,,R6,
M-1300,"2200 Main St, Wiley, CO 81092",Resident 1300,A-20300,2026/06/14,458302,gal,,R1,
M-1001,"107 County Rd 10, Wiley, CO 81092",Resident 1001,A-20001,2026/07/15,509182,gal,,R2,
M-1002,"114 County Rd 14, Wiley, CO 81092",Resident 1002,A-20002,2026/07/15,362892,gal,,R3,
M-1003,"121 Highway 287, Wiley, CO 81092",Resident 1003,A-20003,2026/07/15,182756,gal,,R4,
M-1004,"128 Maple Ave, Wiley, CO 81092",Resident 1004,A-20004,2026/07/15,476852,gal,,R5,
M-1005,"135 Oak St, Wiley, CO 81092",Resident 1005,A-20005,2026/07/15,257024,gal,,R6,
M-1006,"142 Elm St, Wiley, CO 81092",Resident 1006,A-20006,2026/07/15,300347,gal,,R1,
M-1007,"149 3rd Ave, Wiley, CO 81092",Resident 1007,A-20007,2026/07/15,394357,gal,,R2,
M-1008,"156 5th St, Wiley, CO 81092",Resident 1008,A-20008,2026/07/15,263991,gal,,R3,
M-1009,"163 Ranch Rd, Wiley, CO 81092",Resident 1009,A-20009,2026/07/15,291797,gal,,R4,
M-1010,"170 Irrigation Ln, Wiley, CO 81092",Resident 1010,A-20010,2026/07/15,356832,gal,,R5,
M-1011,"177 North Frontage, Wiley, CO 81092",Resident 1011,A-20011,2026/07/15,522927,gal,,R6,
M-1012,"184 South Loop, Wiley, CO 81092",Resident 1012,A-20012,2026/07/15,259260,gal,,R1,
M-1013,"191 Pioneer Rd, Wiley, CO 81092",Resident 1013,A-20013,2026/07/15,236464,gal,,R2,
M-1014,"198 Cottonwood Dr, Wiley, CO 81092",Resident 1014,A-20014,2026/07/15,464038,gal,,R3,
M-1015,"205 Sand Creek Rd, Wiley, CO 81092",Resident 1015,A-20015,2026/07/15,509208,gal,,R4,
M-1016,"212 Prairie View, Wiley, CO 81092",Resident 1016,A-20016,2026/07/15,196448,gal,,R5,
M-1017,"219 School House Rd, Wiley, CO 81092",Resident 1017,A-20017,2026/07/15,157400,gal,,R6,
M-1018,"226 Cemetery Rd, Wiley, CO 81092",Resident 1018,A-20018,2026/07/15,236312,gal,,R1,
M-1019,"233 Grain Elevator Rd, Wiley, CO 81092",Resident 1019,A-20019,2026/07/15,211202,gal,,R2,
M-1020,"240 Main St, Wiley, CO 81092",Resident 1020,A-20020,2026/07/15,357372,gal,,R3,
M-1021,"247 County Rd 10, Wiley, CO 81092",Resident 1021,A-20021,2026/07/15,407159,gal,,R4,
M-1022,"254 County Rd 14, Wiley, CO 81092",Resident 1022,A-20022,2026/07/15,457285,gal,LOW_BATTERY,R5,
M-1023,"261 Highway 287, Wiley, CO 81092",Resident 1023,A-20023,2026/07/15,336757,gal,,R6,
M-1024,"268 Maple Ave, Wiley, CO 81092",Resident 1024,A-20024,2026/07/15,322024,gal,,R1,
M-1025,"275 Oak St, Wiley, CO 81092",Resident 1025,A-20025,2026/07/15,248631,gal,,R2,
M-1026,"282 Elm St, Wiley, CO 81092",Resident 1026,A-20026,2026/07/15,232073,gal,,R3,
M-1027,"289 3rd Ave, Wiley, CO 81092",Resident 1027,A-20027,2026/07/15,449402,gal,,R4,
M-1028,"296 5th St, Wiley, CO 81092",Resident 1028,A-20028,2026/07/15,234260,gal,,R5,
M-1029,"303 Ranch Rd, Wiley, CO 81092",Resident 1029,A-20029,2026/07/15,449967,gal,,R6,
M-1030,"310 Irrigation Ln, Wiley, CO 81092",Resident 1030,A-20030,2026/07/15,354106,gal,,R1,
M-1031,"317 North Frontage, Wiley, CO 81092",Resident 1031,A-20031,2026/07/15,429497,gal,,R2,
M-1032,"324 South Loop, Wiley, CO 81092",Resident 1032,A-20032,2026/07/15,298044,gal,,R3,
M-1033,"331 Pioneer Rd, Wiley, CO 81092",Resident 1033,A-20033,2026/07/15,886646,gal,,R4,
M-1034,"338 Cottonwood Dr, Wiley, CO 81092",Resident 1034,A-20034,2026/07/15,519273,gal,,R5,
M-1035,"345 Sand Creek Rd, Wiley, CO 81092",Resident 1035,A-20035,2026/07/15,507378,gal,,R6,
M-1036,"352 Prairie View, Wiley, CO 81092",Resident 1036,A-20036,2026/07/15,360871,gal,,R1,
M-1037,"359 School House Rd, Wiley, CO 81092",Resident 1037,A-20037,2026/07/15,338542,gal,,R2,
M-1038,"366 Cemetery Rd, Wiley, CO 81092",Resident 1038,A-20038,2026/07/15,236117,gal,,R3,
M-1039,"373 Grain Elevator Rd, Wiley, CO 81092",Resident 1039,A-20039,2026/07/15,396860,gal,,R4,
M-1040,"380 Main St, Wiley, CO 81092",Resident 1040,A-20040,2026/07/15,302034,gal,,R5,
M-1041,"387 County Rd 10, Wiley, CO 81092",Resident 1041,A-20041,2026/07/15,206186,gal,,R6,
M-1042,"394 County Rd 14, Wiley, CO 81092",Resident 1042,A-20042,2026/07/15,460892,gal,,R1,
M-1043,"401 Highway 287, Wiley, CO 81092",Resident 1043,A-20043,2026/07/15,417834,gal,,R2,
M-1044,"408 Maple Ave, Wiley, CO 81092",Resident 1044,A-20044,2026/07/15,177899,gal,,R3,
M-1045,"415 Oak St, Wiley, CO 81092",Resident 1045,A-20045,2026/07/15,424476,gal,,R4,
M-1046,"422 Elm St, Wiley, CO 81092",Resident 1046,A-20046,2026/07/15,198753,gal,,R5,
M-1047,"429 3rd Ave, Wiley, CO 81092",Resident 1047,A-20047,2026/07/15,133612,gal,,R6,
M-1048,"436 5th St, Wiley, CO 81092",Resident 1048,A-20048,2026/07/15,428431,gal,,R1,
M-1049,"443 Ranch Rd, Wiley, CO 81092",Resident 1049,A-20049,2026/07/15,428666,gal,,R2,
M-1050,"450 Irrigation Ln, Wiley, CO 81092",Resident 1050,A-20050,2026/07/15,387277,gal,,R3,
M-1051,"457 North Frontage, Wiley, CO 81092",Resident 1051,A-20051,2026/07/15,453239,gal,,R4,
M-1052,"464 South Loop, Wiley, CO 81092",Resident 1052,A-20052,2026/07/15,255698,gal,,R5,
M-1053,"471 Pioneer Rd, Wiley, CO 81092",Resident 1053,A-20053,2026/07/15,257061,gal,,R6,
M-1054,"478 Cottonwood Dr, Wiley, CO 81092",Resident 1054,A-20054,2026/07/15,423857,gal,,R1,
M-1055,"485 Sand Creek Rd, Wiley, CO 81092",Resident 1055,A-20055,2026/07/15,147639,gal,,R2,
M-1056,"492 Prairie View, Wiley, CO 81092",Resident 1056,A-20056,2026/07/15,347318,gal,,R3,
M-1057,"499 School House Rd, Wiley, CO 81092",Resident 1057,A-20057,2026/07/15,231321,gal,,R4,
M-1058,"506 Cemetery Rd, Wiley, CO 81092",Resident 1058,A-20058,2026/07/15,523540,gal,,R5,
M-1059,"513 Grain Elevator Rd, Wiley, CO 81092",Resident 1059,A-20059,2026/07/15,165796,gal,,R6,
M-1060,"520 Main St, Wiley, CO 81092",Resident 1060,A-20060,2026/07/15,304571,gal,,R1,
M-1061,"527 County Rd 10, Wiley, CO 81092",Resident 1061,A-20061,2026/07/15,331953,gal,,R2,
M-1062,"534 County Rd 14, Wiley, CO 81092",Resident 1062,A-20062,2026/07/15,273402,gal,,R3,
M-1063,"541 Highway 287, Wiley, CO 81092",Resident 1063,A-20063,2026/07/15,462733,gal,,R4,
M-1064,"548 Maple Ave, Wiley, CO 81092",Resident 1064,A-20064,2026/07/15,361435,gal,,R5,
M-1065,"555 Oak St, Wiley, CO 81092",Resident 1065,A-20065,2026/07/15,528044,gal,,R6,
M-1066,"562 Elm St, Wiley, CO 81092",Resident 1066,A-20066,2026/07/15,489949,gal,,R1,
M-1067,"569 3rd Ave, Wiley, CO 81092",Resident 1067,A-20067,2026/07/15,241197,gal,,R2,
M-1068,"576 5th St, Wiley, CO 81092",Resident 1068,A-20068,2026/07/15,465446,gal,,R3,
M-1069,"583 Ranch Rd, Wiley, CO 81092",Resident 1069,A-20069,2026/07/15,289776,gal,,R4,
M-1070,"590 Irrigation Ln, Wiley, CO 81092",Resident 1070,A-20070,2026/07/15,338113,gal,,R5,
M-1071,"597 North Frontage, Wiley, CO 81092",Resident 1071,A-20071,2026/07/15,458117,gal,,R6,
M-1072,"604 South Loop, Wiley, CO 81092",Resident 1072,A-20072,2026/07/15,548715,gal,,R1,
M-1073,"611 Pioneer Rd, Wiley, CO 81092",Resident 1073,A-20073,2026/07/15,448733,gal,,R2,
M-1074,"618 Cottonwood Dr, Wiley, CO 81092",Resident 1074,A-20074,2026/07/15,434305,gal,,R3,
M-1075,"625 Sand Creek Rd, Wiley, CO 81092",Resident 1075,A-20075,2026/07/15,286910,gal,,R4,
M-1076,"632 Prairie View, Wiley, CO 81092",New Occupant 1076,A-20076,2026/07/15,286551,gal,,R5,
M-1077,"639 School House Rd, Wiley, CO 81092",Resident 1077,A-20077,2026/07/15,231058,gal,,R6,
M-1078,"646 Cemetery Rd, Wiley, CO 81092",Resident 1078,A-20078,2026/07/15,352569,gal,,R1,
M-1079,"653 Grain Elevator Rd, Wiley, CO 81092",Resident 1079,A-20079,2026/07/15,289217,gal,,R2,
M-1080,"660 Main St, Wiley, CO 81092",Resident 1080,A-20080,2026/07/15,332846,gal,,R3,
M-1081,"667 County Rd 10, Wiley, CO 81092",Resident 1081,A-20081,2026/07/15,441695,gal,,R4,
M-1082,"674 County Rd 14, Wiley, CO 81092",Resident 1082,A-20082,2026/07/15,245363,gal,,R5,
M-1083,"681 Highway 287, Wiley, CO 81092",Resident 1083,A-20083,2026/07/15,475286,gal,,R6,
M-1084,"688 Maple Ave, Wiley, CO 81092",Resident 1084,A-20084,2026/07/15,335209,gal,,R1,
M-1085,"695 Oak St, Wiley, CO 81092",Resident 1085,A-20085,2026/07/15,411858,gal,,R2,
M-1086,"702 Elm St, Wiley, CO 81092",Resident 1086,A-20086,2026/07/15,314729,gal,,R3,
M-1087,"709 3rd Ave, Wiley, CO 81092",Resident 1087,A-20087,2026/07/15,275456,gal,,R4,
M-1088,"716 5th St, Wiley, CO 81092",Resident 1088,A-20088,2026/07/15,164774,gal,,R5,
M-1089,"723 Ranch Rd, Wiley, CO 81092",Resident 1089,A-20089,2026/07/15,750502,gal,,R6,
M-1090,"730 Irrigation Ln, Wiley, CO 81092",Resident 1090,A-20090,2026/07/15,548424,gal,,R1,
M-1091,"737 North Frontage, Wiley, CO 81092",Resident 1091,A-20091,2026/07/15,528973,gal,,R2,
M-1092,"744 South Loop, Wiley, CO 81092",Resident 1092,A-20092,2026/07/15,193903,gal,,R3,
M-1093,"751 Pioneer Rd, Wiley, CO 81092",Resident 1093,A-20093,2026/07/15,253179,gal,,R4,
M-1094,"758 Cottonwood Dr, Wiley, CO 81092",Resident 1094,A-20094,2026/07/15,529373,gal,,R5,
M-1095,"765 Sand Creek Rd, Wiley, CO 81092",Resident 1095,A-20095,2026/07/15,266125,gal,,R6,
M-1096,"772 Prairie View, Wiley, CO 81092",Resident 1096,A-20096,2026/07/15,402829,gal,,R1,
M-1097,"779 School House Rd, Wiley, CO 81092",Resident 1097,A-20097,2026/07/15,337356,gal,,R2,
M-1098,"786 Cemetery Rd, Wiley, CO 81092",Resident 1098,A-20098,2026/07/15,255238,gal,,R3,
M-1099,"793 Grain Elevator Rd, Wiley, CO 81092",Resident 1099,A-20099,2026/07/15,342570,gal,,R4,
M-1100,"800 Main St, Wiley, CO 81092",Resident 1100,A-20100,2026/07/15,265038,gal,,R5,
M-1101,"807 County Rd 10, Wiley, CO 81092",Resident 1101,A-20101,2026/07/15,363189,gal,,R6,
M-1102,"814 County Rd 14, Wiley, CO 81092",Resident 1102,A-20102,2026/07/15,413055,gal,,R1,
M-1103,"821 Highway 287, Wiley, CO 81092",Resident 1103,A-20103,2026/07/15,302268,gal,,R2,
M-1104,"828 Maple Ave, Wiley, CO 81092",Resident 1104,A-20104,2026/07/15,321129,gal,,R3,
M-1105,"835 Oak St, Wiley, CO 81092",Resident 1105,A-20105,2026/07/15,401684,gal,,R4,
M-1106,"842 Elm St, Wiley, CO 81092",Resident 1106,A-20106,2026/07/15,549118,gal,,R5,
M-1107,"849 3rd Ave, Wiley, CO 81092",Resident 1107,A-20107,2026/07/15,276030,gal,,R6,
M-1108,"856 5th St, Wiley, CO 81092",Resident 1108,A-20108,2026/07/15,471045,gal,,R1,
M-1109,"863 Ranch Rd, Wiley, CO 81092",Resident 1109,A-20109,2026/07/15,455818,gal,,R2,
M-1110,"870 Irrigation Ln, Wiley, CO 81092",Resident 1110,A-20110,2026/07/15,446909,gal,,R3,
M-1111,"877 North Frontage, Wiley, CO 81092",Resident 1111,A-20111,2026/07/15,190321,gal,,R4,
M-1112,"884 South Loop, Wiley, CO 81092",Resident 1112,A-20112,2026/07/15,444720,gal,,R5,
M-1113,"891 Pioneer Rd, Wiley, CO 81092",Resident 1113,A-20113,2026/07/15,275147,gal,,R6,
M-1114,"898 Cottonwood Dr, Wiley, CO 81092",Resident 1114,A-20114,2026/07/15,492031,gal,,R1,
M-1115,"905 Sand Creek Rd, Wiley, CO 81092",Resident 1115,A-20115,2026/07/15,274229,gal,,R2,
M-1116,"912 Prairie View, Wiley, CO 81092",Resident 1116,A-20116,2026/07/15,314903,gal,,R3,
M-1117,"919 School House Rd, Wiley, CO 81092",Resident 1117,A-20117,2026/07/15,306688,gal,,R4,
M-1118,"926 Cemetery Rd, Wiley, CO 81092",Resident 1118,A-20118,2026/07/15,186982,gal,,R5,
M-1119,"933 Grain Elevator Rd, Wiley, CO 81092",Resident 1119,A-20119,2026/07/15,291965,gal,,R6,
M-1120,"940 Main St, Wiley, CO 81092",Resident 1120,A-20120,2026/07/15,490849,gal,,R1,
M-1121,"947 County Rd 10, Wiley, CO 81092",Resident 1121,A-20121,2026/07/15,264243,gal,,R2,
M-1122,"954 County Rd 14, Wiley, CO 81092",Resident 1122,A-20122,2026/07/15,380263,gal,,R3,
M-1123,"961 Highway 287, Wiley, CO 81092",Resident 1123,A-20123,2026/07/15,348201,gal,,R4,
M-1124,"968 Maple Ave, Wiley, CO 81092",Resident 1124,A-20124,2026/07/15,451255,gal,,R5,
M-1125,"975 Oak St, Wiley, CO 81092",Resident 1125,A-20125,2026/07/15,265860,gal,,R6,
M-1126,"982 Elm St, Wiley, CO 81092",Resident 1126,A-20126,2026/07/15,311631,gal,,R1,
M-1127,"989 3rd Ave, Wiley, CO 81092",Resident 1127,A-20127,2026/07/15,263463,gal,,R2,
M-1128,"996 5th St, Wiley, CO 81092",Resident 1128,A-20128,2026/07/15,588751,gal,,R3,
M-1129,"1003 Ranch Rd, Wiley, CO 81092",Resident 1129,A-20129,2026/07/15,356228,gal,,R4,
M-1130,"1010 Irrigation Ln, Wiley, CO 81092",Resident 1130,A-20130,2026/07/15,481467,gal,,R5,
M-1131,"1017 North Frontage, Wiley, CO 81092",Resident 1131,A-20131,2026/07/15,412684,gal,,R6,
M-1132,"1024 South Loop, Wiley, CO 81092",Resident 1132,A-20132,2026/07/15,384516,gal,,R1,
M-1133,"1031 Pioneer Rd, Wiley, CO 81092",Resident 1133,A-20133,2026/07/15,244535,gal,,R2,
M-1134,"1038 Cottonwood Dr, Wiley, CO 81092",Resident 1134,A-20134,2026/07/15,237488,gal,,R3,
M-1135,"1045 Sand Creek Rd, Wiley, CO 81092",Resident 1135,A-20135,2026/07/15,551887,gal,,R4,
M-1136,"1052 Prairie View, Wiley, CO 81092",Resident 1136,A-20136,2026/07/15,409901,gal,,R5,
M-1137,"1059 School House Rd, Wiley, CO 81092",Resident 1137,A-20137,2026/07/15,322616,gal,,R6,
M-1138,"1066 Cemetery Rd, Wiley, CO 81092",Resident 1138,A-20138,2026/07/15,174937,gal,,R1,
M-1139,"1073 Grain Elevator Rd, Wiley, CO 81092",Resident 1139,A-20139,2026/07/15,132554,gal,,R2,
M-1140,"1080 Main St, Wiley, CO 81092",Resident 1140,A-20140,2026/07/15,380851,gal,TAMPER,R3,
M-1141,"1087 County Rd 10, Wiley, CO 81092",Resident 1141,A-20141,2026/07/15,273486,gal,,R4,
M-1142,"1094 County Rd 14, Wiley, CO 81092",Resident 1142,A-20142,2026/07/15,457965,gal,,R5,
M-1143,"1101 Highway 287, Wiley, CO 81092",Resident 1143,A-20143,2026/07/15,395014,gal,,R6,
M-1144,"1108 Maple Ave, Wiley, CO 81092",Resident 1144,A-20144,2026/07/15,199188,gal,,R1,
M-1145,"1115 Oak St, Wiley, CO 81092",Resident 1145,A-20145,2026/07/15,359953,gal,,R2,
M-1146,"1122 Elm St, Wiley, CO 81092",Resident 1146,A-20146,2026/07/15,424620,gal,,R3,
M-1147,"1129 3rd Ave, Wiley, CO 81092",Resident 1147,A-20147,2026/07/15,452787,gal,,R4,
M-1148,"1136 5th St, Wiley, CO 81092",Resident 1148,A-20148,2026/07/15,429284,gal,,R5,
M-1149,"1143 Ranch Rd, Wiley, CO 81092",Resident 1149,A-20149,2026/07/15,245960,gal,,R6,
M-1150,"1150 Irrigation Ln, Wiley, CO 81092",Resident 1150,A-20150,2026/07/15,253270,gal,,R1,
M-1151,"1157 North Frontage, Wiley, CO 81092",Resident 1151,A-20151,2026/07/15,265279,gal,,R2,
M-1152,"1164 South Loop, Wiley, CO 81092",Resident 1152,A-20152,2026/07/15,196260,gal,,R3,
M-1153,"1171 Pioneer Rd, Wiley, CO 81092",Resident 1153,A-20153,2026/07/15,471524,gal,,R4,
M-1154,"1178 Cottonwood Dr, Wiley, CO 81092",Resident 1154,A-20154,2026/07/15,204426,gal,,R5,
M-1155,"1185 Sand Creek Rd, Wiley, CO 81092",Resident 1155,A-20155,2026/07/15,418874,gal,,R6,
M-1156,"1192 Prairie View, Wiley, CO 81092",Resident 1156,A-20156,2026/07/15,992950,gal,,R1,
M-1157,"1199 School House Rd, Wiley, CO 81092",Resident 1157,A-20157,2026/07/15,500646,gal,,R2,
M-1158,"1206 Cemetery Rd, Wiley, CO 81092",Resident 1158,A-20158,2026/07/15,230395,gal,,R3,
M-1159,"1213 Grain Elevator Rd, Wiley, CO 81092",Resident 1159,A-20159,2026/07/15,441453,gal,,R4,
M-1160,"1220 Main St, Wiley, CO 81092",Resident 1160,A-20160,2026/07/15,173513,gal,,R5,
M-1161,"1227 County Rd 10, Wiley, CO 81092",Resident 1161,A-20161,2026/07/15,266040,gal,,R6,
M-1162,"1234 County Rd 14, Wiley, CO 81092",Resident 1162,A-20162,2026/07/15,413923,gal,,R1,
M-1163,"1241 Highway 287, Wiley, CO 81092",Resident 1163,A-20163,2026/07/15,318500,gal,,R2,
M-1164,"1248 Maple Ave, Wiley, CO 81092",Resident 1164,A-20164,2026/07/15,263628,gal,,R3,
M-1165,"1255 Oak St, Wiley, CO 81092",Resident 1165,A-20165,2026/07/15,401206,gal,,R4,
M-1166,"1262 Elm St, Wiley, CO 81092",Resident 1166,A-20166,2026/07/15,374455,gal,,R5,
M-1167,"1269 3rd Ave, Wiley, CO 81092",Resident 1167,A-20167,2026/07/15,289353,gal,,R6,
M-1168,"1276 5th St, Wiley, CO 81092",Resident 1168,A-20168,2026/07/15,609874,gal,,R1,
M-1169,"1283 Ranch Rd, Wiley, CO 81092",Resident 1169,A-20169,2026/07/15,285811,gal,,R2,
M-1170,"1290 Irrigation Ln, Wiley, CO 81092",Resident 1170,A-20170,2026/07/15,343821,gal,,R3,
M-1171,"1297 North Frontage, Wiley, CO 81092",Resident 1171,A-20171,2026/07/15,422310,gal,,R4,
M-1172,"1304 South Loop, Wiley, CO 81092",Resident 1172,A-20172,2026/07/15,373580,gal,,R5,
M-1173,"1311 Pioneer Rd, Wiley, CO 81092",Resident 1173,A-20173,2026/07/15,518648,gal,,R6,
M-1174,"1318 Cottonwood Dr, Wiley, CO 81092",Resident 1174,A-20174,2026/07/15,216407,gal,,R1,
M-1175,"1325 Sand Creek Rd, Wiley, CO 81092",Resident 1175,A-20175,2026/07/15,318341,gal,,R2,
M-1176,"1332 Prairie View, Wiley, CO 81092",Resident 1176,A-20176,2026/07/15,190754,gal,,R3,
M-1177,"1339 School House Rd, Wiley, CO 81092",Resident 1177,A-20177,2026/07/15,343084,gal,,R4,
M-1178,"1346 Cemetery Rd, Wiley, CO 81092",Resident 1178,A-20178,2026/07/15,473022,gal,,R5,
M-1179,"1353 Grain Elevator Rd, Wiley, CO 81092",Resident 1179,A-20179,2026/07/15,173292,gal,,R6,
M-1180,"1360 Main St, Wiley, CO 81092",Resident 1180,A-20180,2026/07/15,298870,gal,,R1,
M-1181,"1367 County Rd 10, Wiley, CO 81092",Resident 1181,A-20181,2026/07/15,429632,gal,,R2,
M-1182,"1374 County Rd 14, Wiley, CO 81092",Resident 1182,A-20182,2026/07/15,356350,gal,,R3,
M-1183,"1381 Highway 287, Wiley, CO 81092",Resident 1183,A-20183,2026/07/15,340077,gal,,R4,
M-1184,"1388 Maple Ave, Wiley, CO 81092",Resident 1184,A-20184,2026/07/15,266174,gal,,R5,
M-1185,"1395 Oak St, Wiley, CO 81092",Resident 1185,A-20185,2026/07/15,312375,gal,,R6,
M-1186,"1402 Elm St, Wiley, CO 81092",Resident 1186,A-20186,2026/07/15,223012,gal,,R1,
M-1187,"1409 3rd Ave, Wiley, CO 81092",Resident 1187,A-20187,2026/07/15,440575,gal,,R2,
M-1188,"1416 5th St, Wiley, CO 81092",Resident 1188,A-20188,2026/07/15,224535,gal,,R3,
M-1189,"1423 Ranch Rd, Wiley, CO 81092",Resident 1189,A-20189,2026/07/15,473447,gal,,R4,
M-1190,"1430 Irrigation Ln, Wiley, CO 81092",Resident 1190,A-20190,2026/07/15,259487,gal,,R5,
M-1191,"1437 North Frontage, Wiley, CO 81092",New Occupant 1191,A-20191,2026/07/15,237009,gal,,R6,
M-1192,"1444 South Loop, Wiley, CO 81092",Resident 1192,A-20192,2026/07/15,425622,gal,,R1,
M-1193,"1451 Pioneer Rd, Wiley, CO 81092",Resident 1193,A-20193,2026/07/15,439307,gal,,R2,
M-1194,"1458 Cottonwood Dr, Wiley, CO 81092",Resident 1194,A-20194,2026/07/15,299299,gal,,R3,
M-1195,"1465 Sand Creek Rd, Wiley, CO 81092",Resident 1195,A-20195,2026/07/15,336327,gal,,R4,
M-1196,"1472 Prairie View, Wiley, CO 81092",Resident 1196,A-20196,2026/07/15,330923,gal,,R5,
M-1197,"1479 School House Rd, Wiley, CO 81092",Resident 1197,A-20197,2026/07/15,118091,gal,,R6,
M-1198,"1486 Cemetery Rd, Wiley, CO 81092",Resident 1198,A-20198,2026/07/15,574660,gal,,R1,
M-1199,"1493 Grain Elevator Rd, Wiley, CO 81092",Resident 1199,A-20199,2026/07/15,272900,gal,,R2,
M-1200,"1500 Main St, Wiley, CO 81092",Resident 1200,A-20200,2026/07/15,411219,gal,,R3,
M-1201,"1507 County Rd 10, Wiley, CO 81092",Resident 1201,A-20201,2026/07/15,280004,gal,,R4,
M-1202,"1514 County Rd 14, Wiley, CO 81092",Resident 1202,A-20202,2026/07/15,272487,gal,,R5,
M-1203,"1521 Highway 287, Wiley, CO 81092",Resident 1203,A-20203,2026/07/15,183866,gal,,R6,
M-1204,"1528 Maple Ave, Wiley, CO 81092",Resident 1204,A-20204,2026/07/15,311151,gal,,R1,
M-1205,"1535 Oak St, Wiley, CO 81092",Resident 1205,A-20205,2026/07/15,339096,gal,,R2,
M-1206,"1542 Elm St, Wiley, CO 81092",Resident 1206,A-20206,2026/07/15,452582,gal,,R3,
M-1207,"1549 3rd Ave, Wiley, CO 81092",Resident 1207,A-20207,2026/07/15,423534,gal,,R4,
M-1208,"1556 5th St, Wiley, CO 81092",Resident 1208,A-20208,2026/07/15,424897,gal,,R5,
M-1209,"1563 Ranch Rd, Wiley, CO 81092",Resident 1209,A-20209,2026/07/15,399843,gal,,R6,
M-1210,"1570 Irrigation Ln, Wiley, CO 81092",Resident 1210,A-20210,2026/07/15,294674,gal,,R1,
M-1211,"1577 North Frontage, Wiley, CO 81092",Resident 1211,A-20211,2026/07/15,267305,gal,,R2,
M-1212,"1584 South Loop, Wiley, CO 81092",Resident 1212,A-20212,2026/07/15,265793,gal,,R3,
M-1213,"1591 Pioneer Rd, Wiley, CO 81092",Resident 1213,A-20213,2026/07/15,256179,gal,,R4,
M-1214,"1598 Cottonwood Dr, Wiley, CO 81092",Resident 1214,A-20214,2026/07/15,352553,gal,,R5,
M-1215,"1605 Sand Creek Rd, Wiley, CO 81092",Resident 1215,A-20215,2026/07/15,516591,gal,,R6,
M-1216,"1612 Prairie View, Wiley, CO 81092",Resident 1216,A-20216,2026/07/15,394946,gal,,R1,
M-1217,"1619 School House Rd, Wiley, CO 81092",Resident 1217,A-20217,2026/07/15,150440,gal,,R2,
M-1218,"1626 Cemetery Rd, Wiley, CO 81092",Resident 1218,A-20218,2026/07/15,185064,gal,,R3,
M-1219,"1633 Grain Elevator Rd, Wiley, CO 81092",Resident 1219,A-20219,2026/07/15,546391,gal,,R4,
M-1220,"1640 Main St, Wiley, CO 81092",Resident 1220,A-20220,2026/07/15,426942,gal,,R5,
M-1221,"1647 County Rd 10, Wiley, CO 81092",Resident 1221,A-20221,2026/07/15,397456,gal,,R6,
M-1222,"1654 County Rd 14, Wiley, CO 81092",Resident 1222,A-20222,2026/07/15,301360,gal,,R1,
M-1223,"1661 Highway 287, Wiley, CO 81092",Resident 1223,A-20223,2026/07/15,383949,gal,,R2,
M-1224,"1668 Maple Ave, Wiley, CO 81092",Resident 1224,A-20224,2026/07/15,530611,gal,,R3,
M-1225,"1675 Oak St, Wiley, CO 81092",Resident 1225,A-20225,2026/07/15,493746,gal,,R4,
M-1226,"1682 Elm St, Wiley, CO 81092",Resident 1226,A-20226,2026/07/15,246847,gal,,R5,
M-1227,"1689 3rd Ave, Wiley, CO 81092",Resident 1227,A-20227,2026/07/15,345186,gal,,R6,
M-1228,"1696 5th St, Wiley, CO 81092",Resident 1228,A-20228,2026/07/15,517469,gal,,R1,
M-1229,"1703 Ranch Rd, Wiley, CO 81092",Resident 1229,A-20229,2026/07/15,361371,gal,,R2,
M-1230,"1710 Irrigation Ln, Wiley, CO 81092",Resident 1230,A-20230,2026/07/15,391485,gal,,R3,
M-1231,"1717 North Frontage, Wiley, CO 81092",Resident 1231,A-20231,2026/07/15,266061,gal,,R4,
M-1232,"1724 South Loop, Wiley, CO 81092",Resident 1232,A-20232,2026/07/15,373937,gal,,R5,
M-1233,"1731 Pioneer Rd, Wiley, CO 81092",Resident 1233,A-20233,2026/07/15,248860,gal,,R6,
M-1234,"1738 Cottonwood Dr, Wiley, CO 81092",Resident 1234,A-20234,2026/07/15,440624,gal,,R1,
M-1235,"1745 Sand Creek Rd, Wiley, CO 81092",Resident 1235,A-20235,2026/07/15,471214,gal,,R2,
M-1236,"1752 Prairie View, Wiley, CO 81092",Resident 1236,A-20236,2026/07/15,344289,gal,,R3,
M-1237,"1759 School House Rd, Wiley, CO 81092",Resident 1237,A-20237,2026/07/15,433451,gal,,R4,
M-1238,"1766 Cemetery Rd, Wiley, CO 81092",Resident 1238,A-20238,2026/07/15,407937,gal,,R5,
M-1239,"1773 Grain Elevator Rd, Wiley, CO 81092",Resident 1239,A-20239,2026/07/15,227212,gal,,R6,
M-1240,"1780 Main St, Wiley, CO 81092",Resident 1240,A-20240,2026/07/15,559911,gal,,R1,
M-1241,"1787 County Rd 10, Wiley, CO 81092",Resident 1241,A-20241,2026/07/15,369072,gal,,R2,
M-1242,"1794 County Rd 14, Wiley, CO 81092",Resident 1242,A-20242,2026/07/15,456436,gal,,R3,
M-1243,"1801 Highway 287, Wiley, CO 81092",Resident 1243,A-20243,2026/07/15,319657,gal,,R4,
M-1244,"1808 Maple Ave, Wiley, CO 81092",Resident 1244,A-20244,2026/07/15,922487,gal,,R5,
M-1245,"1815 Oak St, Wiley, CO 81092",Resident 1245,A-20245,2026/07/15,181181,gal,,R6,
M-1246,"1822 Elm St, Wiley, CO 81092",Resident 1246,A-20246,2026/07/15,330610,gal,,R1,
M-1247,"1829 3rd Ave, Wiley, CO 81092",Resident 1247,A-20247,2026/07/15,374564,gal,,R2,
M-1248,"1836 5th St, Wiley, CO 81092",Resident 1248,A-20248,2026/07/15,386905,gal,,R3,
M-1249,"1843 Ranch Rd, Wiley, CO 81092",Resident 1249,A-20249,2026/07/15,566663,gal,,R4,
M-1250,"1850 Irrigation Ln, Wiley, CO 81092",Resident 1250,A-20250,2026/07/15,363827,gal,,R5,
M-1251,"1857 North Frontage, Wiley, CO 81092",Resident 1251,A-20251,2026/07/15,392152,gal,,R6,
M-1252,"1864 South Loop, Wiley, CO 81092",Resident 1252,A-20252,2026/07/15,363137,gal,,R1,
M-1253,"1871 Pioneer Rd, Wiley, CO 81092",Resident 1253,A-20253,2026/07/15,261446,gal,,R2,
M-1254,"1878 Cottonwood Dr, Wiley, CO 81092",Resident 1254,A-20254,2026/07/15,409802,gal,,R3,
M-1255,"1885 Sand Creek Rd, Wiley, CO 81092",Resident 1255,A-20255,2026/07/15,313903,gal,,R4,
M-1256,"1892 Prairie View, Wiley, CO 81092",Resident 1256,A-20256,2026/07/15,336575,gal,,R5,
M-1257,"1899 School House Rd, Wiley, CO 81092",Resident 1257,A-20257,2026/07/15,335940,gal,,R6,
M-1258,"1906 Cemetery Rd, Wiley, CO 81092",Resident 1258,A-20258,2026/07/15,499013,gal,,R1,
M-1259,"1913 Grain Elevator Rd, Wiley, CO 81092",Resident 1259,A-20259,2026/07/15,316529,gal,,R2,
M-1260,"1920 Main St, Wiley, CO 81092",Resident 1260,A-20260,2026/07/15,204108,gal,TAMPER,R3,
M-1261,"1927 County Rd 10, Wiley, CO 81092",Resident 1261,A-20261,2026/07/15,494207,gal,,R4,
M-1262,"1934 County Rd 14, Wiley, CO 81092",Resident 1262,A-20262,2026/07/15,418099,gal,,R5,
M-1263,"1941 Highway 287, Wiley, CO 81092",Resident 1263,A-20263,2026/07/15,362038,gal,,R6,
M-1264,"1948 Maple Ave, Wiley, CO 81092",Resident 1264,A-20264,2026/07/15,364424,gal,,R1,
M-1265,"1955 Oak St, Wiley, CO 81092",Resident 1265,A-20265,2026/07/15,446012,gal,,R2,
M-1266,"1962 Elm St, Wiley, CO 81092",Resident 1266,A-20266,2026/07/15,239040,gal,,R3,
M-1267,"1969 3rd Ave, Wiley, CO 81092",Resident 1267,A-20267,2026/07/15,358643,gal,,R4,
M-1268,"1976 5th St, Wiley, CO 81092",Resident 1268,A-20268,2026/07/15,298058,gal,,R5,
M-1269,"1983 Ranch Rd, Wiley, CO 81092",Resident 1269,A-20269,2026/07/15,328490,gal,,R6,
M-1270,"1990 Irrigation Ln, Wiley, CO 81092",Resident 1270,A-20270,2026/07/15,355674,gal,,R1,
M-1271,"1997 North Frontage, Wiley, CO 81092",Resident 1271,A-20271,2026/07/15,506503,gal,,R2,
M-1272,"2004 South Loop, Wiley, CO 81092",Resident 1272,A-20272,2026/07/15,537313,gal,,R3,
M-1273,"2011 Pioneer Rd, Wiley, CO 81092",Resident 1273,A-20273,2026/07/15,561836,gal,,R4,
M-1274,"2018 Cottonwood Dr, Wiley, CO 81092",Resident 1274,A-20274,2026/07/15,367036,gal,,R5,
M-1275,"2025 Sand Creek Rd, Wiley, CO 81092",Resident 1275,A-20275,2026/07/15,396359,gal,,R6,
M-1276,"2032 Prairie View, Wiley, CO 81092",Resident 1276,A-20276,2026/07/15,436378,gal,,R1,
M-1277,"2039 School House Rd, Wiley, CO 81092",Resident 1277,A-20277,2026/07/15,417446,gal,,R2,
M-1278,"2046 Cemetery Rd, Wiley, CO 81092",Resident 1278,A-20278,2026/07/15,254433,gal,,R3,
M-1279,"2053 Grain Elevator Rd, Wiley, CO 81092",Resident 1279,A-20279,2026/07/15,393033,gal,,R4,
M-1280,"2060 Main St, Wiley, CO 81092",Resident 1280,A-20280,2026/07/15,372359,gal,,R5,
M-1281,"2067 County Rd 10, Wiley, CO 81092",Resident 1281,A-20281,2026/07/15,328594,gal,,R6,
M-1282,"2074 County Rd 14, Wiley, CO 81092",Resident 1282,A-20282,2026/07/15,537999,gal,,R1,
M-1283,"2081 Highway 287, Wiley, CO 81092",Resident 1283,A-20283,2026/07/15,218605,gal,,R2,
M-1284,"2088 Maple Ave, Wiley, CO 81092",Resident 1284,A-20284,2026/07/15,338389,gal,,R3,
M-1285,"2095 Oak St, Wiley, CO 81092",Resident 1285,A-20285,2026/07/15,462067,gal,,R4,
M-1286,"2102 Elm St, Wiley, CO 81092",Resident 1286,A-20286,2026/07/15,547229,gal,,R5,
M-1287,"2109 3rd Ave, Wiley, CO 81092",Resident 1287,A-20287,2026/07/15,584871,gal,,R6,
M-1288,"2116 5th St, Wiley, CO 81092",Resident 1288,A-20288,2026/07/15,432264,gal,,R1,
M-1289,"2123 Ranch Rd, Wiley, CO 81092",Resident 1289,A-20289,2026/07/15,416165,gal,,R2,
M-1290,"2130 Irrigation Ln, Wiley, CO 81092",Resident 1290,A-20290,2026/07/15,282779,gal,,R3,
M-1291,"2137 North Frontage, Wiley, CO 81092",Resident 1291,A-20291,2026/07/15,359522,gal,,R4,
M-1292,"2144 South Loop, Wiley, CO 81092",Resident 1292,A-20292,2026/07/15,285286,gal,,R5,
M-1293,"2151 Pioneer Rd, Wiley, CO 81092",Resident 1293,A-20293,2026/07/15,235272,gal,,R6,
M-1294,"2158 Cottonwood Dr, Wiley, CO 81092",Resident 1294,A-20294,2026/07/15,291696,gal,,R1,
M-1295,"2165 Sand Creek Rd, Wiley, CO 81092",Resident 1295,A-20295,2026/07/15,330146,gal,,R2,
M-1296,"2172 Prairie View, Wiley, CO 81092",Resident 1296,A-20296,2026/07/15,185363,gal,,R3,
M-1297,"2179 School House Rd, Wiley, CO 81092",Resident 1297,A-20297,2026/07/15,151194,gal,,R4,
M-1298,"2186 Cemetery Rd, Wiley, CO 81092",Resident 1298,A-20298,2026/07/15,281329,gal,,R5,
M-1299,"2193 Grain Elevator Rd, Wiley, CO 81092",Resident 1299,A-20299,2026/07/15,389235,gal,,R6,
M-1300,"2200 Main St, Wiley, CO 81092",Resident 1300,A-20300,2026/07/15,463077,gal,,R1,
